{
  "resourceType": "ConceptMap",
  "id": "table-hl70127-to-v2-0127",
  "url": "http://hl7.org/fhir/uv/v2mappings/ConceptMap/table-hl70127-to-v2-0127",
  "title": "Table HL70127 to V2 0127 Map",
  "description": "This ConceptMap represents a mapping from the HL7 V2 Table HL70127 to the FHIR V2 0127 Value Set.",
  "name": "TableHL70127ToV20127",
  "sourceUri": "http://terminology.hl7.org/ValueSet/v2-0127",
  "targetUri": "http://terminology.hl7.org/ValueSet/v2-0127",
  "version": "1.0",
  "status": "active",
  "experimental": true,
  "publisher": "HL7 International, Inc",
  "contact": [
    {
      "telecom": [
        {
          "system": "email",
          "value": "v2-to-fhir@lists.hl7.org"
        }
      ]
    }
  ],
  "date": "2025-08-23",
  "copyright": "Copyright (c) 2025, HL7 International, Inc., All Rights Reserved.",
  "extension": [
    {
      "url": "http://hl7.org/fhir/uv/v2mappings/StructureDefinition/RelatedArtifact",
      "extension": [
        {
          "url": "type",
          "valueCode": "derived-from"
        },
        {
          "url": "label",
          "valueString": "Table HL70127 to V2 0127.fsh"
        },
        {
          "url": "url",
          "valueUri": "https://docs.google.com/spreadsheets/d/1MnZzLYKreOvD41o_OaOfZIhUFF3B-93cAmEcNs_Q9BY/edit#gid=0"
        }
      ]
    }
  ],
  "group": [
    {
      "source": "http://terminology.hl7.org/CodeSystem/v2-0127",
      "target": "http://terminology.hl7.org/CodeSystem/v2-0127",
      "element": [
        {
          "code": "DA",
          "display": "Drug allergy",
          "target": [
            {
              "equivalence": "equivalent",
              "code": "DA",
              "display": "Drug allergy"
            }
          ]
        },
        {
          "code": "FA",
          "display": "Food allergy",
          "target": [
            {
              "equivalence": "equivalent",
              "code": "FA",
              "display": "Food allergy"
            }
          ]
        },
        {
          "code": "MA",
          "display": "Miscellaneous allergy",
          "target": [
            {
              "equivalence": "equivalent",
              "code": "MA",
              "display": "Miscellaneous allergy"
            }
          ]
        },
        {
          "code": "MC",
          "display": "Miscellaneous contraindication",
          "target": [
            {
              "equivalence": "equivalent",
              "code": "MC",
              "display": "Miscellaneous contraindication"
            }
          ]
        },
        {
          "code": "EA",
          "display": "Environmental allergy",
          "target": [
            {
              "equivalence": "equivalent",
              "code": "EA",
              "display": "Environmental allergy"
            }
          ]
        },
        {
          "code": "AA",
          "display": "Animal allergy",
          "target": [
            {
              "equivalence": "equivalent",
              "code": "AA",
              "display": "Animal allergy"
            }
          ]
        },
        {
          "code": "PA",
          "display": "Plant allergy",
          "target": [
            {
              "equivalence": "equivalent",
              "code": "PA",
              "display": "Plant allergy"
            }
          ]
        },
        {
          "code": "LA",
          "display": "Pollen allergy",
          "target": [
            {
              "equivalence": "equivalent",
              "code": "LA",
              "display": "Pollen allergy"
            }
          ]
        }
      ]
    }
  ]
}
