{
  "resourceType": "ConceptMap",
  "id": "table-hl70315-to-v2-0315",
  "url": "http://hl7.org/fhir/uv/v2mappings/ConceptMap/table-hl70315-to-v2-0315",
  "title": "Table HL70315 to V2 0315 Map",
  "description": "This ConceptMap represents a mapping from the HL7 V2 Table HL70315 to the FHIR V2 0315 Value Set.",
  "name": "TableHL70315ToV20315",
  "sourceUri": "http://terminology.hl7.org/ValueSet/v2-0315",
  "targetUri": "http://terminology.hl7.org/ValueSet/v2-0315",
  "version": "1.0",
  "status": "active",
  "experimental": true,
  "publisher": "HL7 International, Inc",
  "contact": [
    {
      "telecom": [
        {
          "system": "email",
          "value": "v2-to-fhir@lists.hl7.org"
        }
      ]
    }
  ],
  "date": "2025-08-23",
  "copyright": "Copyright (c) 2025, HL7 International, Inc., All Rights Reserved.",
  "extension": [
    {
      "url": "http://hl7.org/fhir/uv/v2mappings/StructureDefinition/RelatedArtifact",
      "extension": [
        {
          "url": "type",
          "valueCode": "derived-from"
        },
        {
          "url": "label",
          "valueString": "Table HL70315 to V2 0315.fsh"
        },
        {
          "url": "url",
          "valueUri": "https://docs.google.com/spreadsheets/d/13BsPLL6w_cY2WpvpikQcwD1T4X5Vg7cm94BNNwLwp5Q/edit?gid=0#gid=0"
        }
      ]
    }
  ],
  "group": [
    {
      "source": "http://terminology.hl7.org/CodeSystem/v2-0315",
      "target": "http://terminology.hl7.org/CodeSystem/v2-0315",
      "element": [
        {
          "code": "Y",
          "display": "Yes, patient has a living will",
          "target": [
            {
              "equivalence": "equivalent",
              "code": "Y",
              "display": "Yes, patient has a living will"
            }
          ]
        },
        {
          "code": "F",
          "display": "Yes, patient has a living will but it is not on file",
          "target": [
            {
              "equivalence": "equivalent",
              "code": "F",
              "display": "Yes, patient has a living will but it is not on file"
            }
          ]
        },
        {
          "code": "N",
          "display": "No, patient does not have a living will and no information was provided",
          "target": [
            {
              "equivalence": "equivalent",
              "code": "N",
              "display": "No, patient does not have a living will and no information was provided"
            }
          ]
        },
        {
          "code": "I",
          "display": "No, patient does not have a living will but information was provided",
          "target": [
            {
              "equivalence": "equivalent",
              "code": "I",
              "display": "No, patient does not have a living will but information was provided"
            }
          ]
        },
        {
          "code": "U",
          "display": "Unknown",
          "target": [
            {
              "equivalence": "equivalent",
              "code": "U",
              "display": "Unknown"
            }
          ]
        }
      ]
    }
  ]
}
