{
  "resourceType": "ConceptMap",
  "id": "table-hl70364-to-v2-0364",
  "url": "http://hl7.org/fhir/uv/v2mappings/ConceptMap/table-hl70364-to-v2-0364",
  "title": "Table HL70364 to V2 0364 Map",
  "description": "This ConceptMap represents a mapping from the HL7 V2 Table HL70364 to the FHIR V2 0364 Value Set.",
  "name": "TableHL70364ToV20364",
  "sourceUri": "http://terminology.hl7.org/ValueSet/v2-0364",
  "targetUri": "http://terminology.hl7.org/ValueSet/v2-0364",
  "version": "1.0",
  "status": "active",
  "experimental": true,
  "publisher": "HL7 International, Inc",
  "contact": [
    {
      "telecom": [
        {
          "system": "email",
          "value": "v2-to-fhir@lists.hl7.org"
        }
      ]
    }
  ],
  "date": "2025-08-23",
  "copyright": "Copyright (c) 2025, HL7 International, Inc., All Rights Reserved.",
  "extension": [
    {
      "url": "http://hl7.org/fhir/uv/v2mappings/StructureDefinition/RelatedArtifact",
      "extension": [
        {
          "url": "type",
          "valueCode": "derived-from"
        },
        {
          "url": "label",
          "valueString": "Table HL70364 to V2 0364.fsh"
        },
        {
          "url": "url",
          "valueUri": "https://docs.google.com/spreadsheets/d/1kpfJ4WKuc_Gc6sSIUgnTMTpjiAvDRrtP_V4_ylfHxDQ/edit#gid=0"
        }
      ]
    }
  ],
  "group": [
    {
      "source": "http://terminology.hl7.org/CodeSystem/v2-0364",
      "target": "http://terminology.hl7.org/CodeSystem/v2-0364",
      "element": [
        {
          "code": "PI",
          "display": "Patient Instructions",
          "target": [
            {
              "equivalence": "equivalent",
              "code": "PI",
              "display": "Patient Instructions"
            }
          ]
        },
        {
          "code": "AI",
          "display": "Ancillary Instructions",
          "target": [
            {
              "equivalence": "equivalent",
              "code": "AI",
              "display": "Ancillary Instructions"
            }
          ]
        },
        {
          "code": "GI",
          "display": "General Instructions",
          "target": [
            {
              "equivalence": "equivalent",
              "code": "GI",
              "display": "General Instructions"
            }
          ]
        },
        {
          "code": "1R",
          "display": "Primary Reason",
          "target": [
            {
              "equivalence": "equivalent",
              "code": "1R",
              "display": "Primary Reason"
            }
          ]
        },
        {
          "code": "2R",
          "display": "Secondary Reason",
          "target": [
            {
              "equivalence": "equivalent",
              "code": "2R",
              "display": "Secondary Reason"
            }
          ]
        },
        {
          "code": "GR",
          "display": "General Reason",
          "target": [
            {
              "equivalence": "equivalent",
              "code": "GR",
              "display": "General Reason"
            }
          ]
        },
        {
          "code": "RE",
          "display": "Remark",
          "target": [
            {
              "equivalence": "equivalent",
              "code": "RE",
              "display": "Remark"
            }
          ]
        },
        {
          "code": "DR",
          "display": "Duplicate/Interaction Reason",
          "target": [
            {
              "equivalence": "equivalent",
              "code": "DR",
              "display": "Duplicate/Interaction Reason"
            }
          ]
        }
      ]
    }
  ]
}
