{
  "resourceType": "ConceptMap",
  "id": "segment-nte-to-documentreference",
  "url": "http://hl7.org/fhir/uv/v2mappings/ConceptMap/segment-nte-to-documentreference",
  "title": "Segment NTE to DocumentReference Map",
  "description": "This ConceptMap represents a mapping from the HL7 V2 Segment NTE to the FHIR DocumentReference Resource.",
  "name": "SegmentNTEToDocumentReference",
  "version": "1.0",
  "status": "active",
  "experimental": true,
  "publisher": "HL7 International, Inc",
  "contact": [
    {
      "telecom": [
        {
          "system": "email",
          "value": "v2-to-fhir@lists.hl7.org"
        }
      ]
    }
  ],
  "date": "2025-08-23",
  "copyright": "Copyright (c) 2025, HL7 International, Inc., All Rights Reserved.",
  "extension": [
    {
      "url": "http://hl7.org/fhir/uv/v2mappings/StructureDefinition/RelatedArtifact",
      "extension": [
        {
          "url": "type",
          "valueCode": "derived-from"
        },
        {
          "url": "label",
          "valueString": "Segment NTE to DocumentReference.fsh"
        },
        {
          "url": "url",
          "valueUri": "https://docs.google.com/spreadsheets/d/1MUqrAxKoauqgjVAtbRIFrKY3gCMALy7sTe0_LdX7JH4/edit#gid=0"
        }
      ]
    }
  ],
  "group": [
    {
      "element": [
        {
          "code": "NTE-3",
          "extension": [
            {
              "url": "http://hl7.org/fhir/uv/v2mappings/StructureDefinition/TypeInfo",
              "extension": [
                {
                  "url": "type",
                  "valueCode": "FT"
                },
                {
                  "url": "cardinalityMin",
                  "valueInteger": -1
                },
                {
                  "url": "cardinalityMax",
                  "valueInteger": -1
                }
              ]
            }
          ],
          "display": "Comment",
          "target": [
            {
              "equivalence": "equivalent",
              "code": "content[1].attachment.data",
              "extension": [
                {
                  "url": "http://hl7.org/fhir/uv/v2mappings/StructureDefinition/TypeInfo",
                  "extension": [
                    {
                      "url": "type",
                      "valueCode": "base64Binary"
                    },
                    {
                      "url": "cardinalityMin",
                      "valueInteger": 0
                    },
                    {
                      "url": "cardinalityMax",
                      "valueInteger": 1
                    }
                  ]
                }
              ],
              "display": "content[1].attachment.data"
            }
          ]
        },
        {
          "code": "NTE-3",
          "extension": [
            {
              "url": "http://hl7.org/fhir/uv/v2mappings/StructureDefinition/TypeInfo",
              "extension": [
                {
                  "url": "type",
                  "valueCode": "FT"
                },
                {
                  "url": "cardinalityMin",
                  "valueInteger": -1
                },
                {
                  "url": "cardinalityMax",
                  "valueInteger": -1
                }
              ]
            }
          ],
          "display": "Comment",
          "target": [
            {
              "equivalence": "equivalent",
              "code": "content[2].contentType",
              "extension": [
                {
                  "url": "http://hl7.org/fhir/uv/v2mappings/StructureDefinition/TypeInfo",
                  "extension": [
                    {
                      "url": "type",
                      "valueCode": "code"
                    },
                    {
                      "url": "cardinalityMin",
                      "valueInteger": 0
                    },
                    {
                      "url": "cardinalityMax",
                      "valueInteger": 1
                    },
                    {
                      "url": "assignment",
                      "valueString": "\"text/hl7v2\""
                    }
                  ]
                }
              ],
              "display": "content[2].contentType"
            }
          ]
        },
        {
          "code": "NTE-9",
          "extension": [
            {
              "url": "http://hl7.org/fhir/uv/v2mappings/StructureDefinition/TypeInfo",
              "extension": [
                {
                  "url": "type",
                  "valueCode": "CWE"
                },
                {
                  "url": "cardinalityMin",
                  "valueInteger": -1
                },
                {
                  "url": "cardinalityMax",
                  "valueInteger": -1
                }
              ]
            }
          ],
          "display": "Coded Comment",
          "target": [
            {
              "equivalence": "equivalent",
              "code": "content[2].attachment.data",
              "extension": [
                {
                  "url": "http://hl7.org/fhir/uv/v2mappings/StructureDefinition/TypeInfo",
                  "extension": [
                    {
                      "url": "type",
                      "valueCode": "base64Binary"
                    },
                    {
                      "url": "cardinalityMin",
                      "valueInteger": 0
                    },
                    {
                      "url": "cardinalityMax",
                      "valueInteger": 1
                    },
                    {
                      "url": "assignment",
                      "valueString": "NTE-9.9 [line feed] \nNTE-9.1 \"-\" NTE-9.2 \"-\" NTE-9.3\\"
                    }
                  ]
                }
              ],
              "display": "content[2].attachment.data",
              "comment": "If more values triplets are included, suggest to put in line feeds.  Additionally, if other components are of interest they can be included with the triplet it applies to."
            }
          ]
        }
      ]
    }
  ]
}
