{
  "resourceType": "ConceptMap",
  "id": "datatype-hd-to-organization",
  "url": "http://hl7.org/fhir/uv/v2mappings/ConceptMap/datatype-hd-to-organization",
  "title": "Datatype HD to Organization Map",
  "description": "This ConceptMap represents a mapping from the HL7 V2 Datatype HD to the FHIR Organization Resource.",
  "name": "DatatypeHDToOrganization",
  "version": "1.0",
  "status": "active",
  "experimental": true,
  "publisher": "HL7 International, Inc",
  "contact": [
    {
      "telecom": [
        {
          "system": "email",
          "value": "v2-to-fhir@lists.hl7.org"
        }
      ]
    }
  ],
  "date": "2025-08-23",
  "copyright": "Copyright (c) 2025, HL7 International, Inc., All Rights Reserved.",
  "extension": [
    {
      "url": "http://hl7.org/fhir/uv/v2mappings/StructureDefinition/RelatedArtifact",
      "extension": [
        {
          "url": "type",
          "valueCode": "derived-from"
        },
        {
          "url": "label",
          "valueString": "Datatype HD to Organization.fsh"
        },
        {
          "url": "url",
          "valueUri": "https://docs.google.com/spreadsheets/d/1zLANrSl_qRMGtJED5BnklU9EipB4xeU4rgmtr03hbIA/edit#gid=0"
        }
      ]
    }
  ],
  "group": [
    {
      "element": [
        {
          "code": "HD.1",
          "extension": [
            {
              "url": "http://hl7.org/fhir/uv/v2mappings/StructureDefinition/TypeInfo",
              "extension": [
                {
                  "url": "type",
                  "valueCode": "IS"
                },
                {
                  "url": "cardinalityMin",
                  "valueInteger": 0
                },
                {
                  "url": "cardinalityMax",
                  "valueInteger": 1
                }
              ]
            }
          ],
          "display": "Namespace ID",
          "target": [
            {
              "equivalence": "equivalent",
              "code": "identifier[1].value",
              "extension": [
                {
                  "url": "http://hl7.org/fhir/uv/v2mappings/StructureDefinition/TypeInfo",
                  "extension": [
                    {
                      "url": "type",
                      "valueCode": "string"
                    }
                  ]
                }
              ],
              "display": "identifier[1].value",
              "comment": "Need gForge (#20522) to change MessageHeader.destination.endpoint from 1..1 to 0..1.  Must be a reachable address."
            }
          ]
        },
        {
          "code": "HD.2",
          "extension": [
            {
              "url": "http://hl7.org/fhir/uv/v2mappings/StructureDefinition/TypeInfo",
              "extension": [
                {
                  "url": "type",
                  "valueCode": "ST"
                },
                {
                  "url": "cardinalityMin",
                  "valueInteger": 0
                },
                {
                  "url": "cardinalityMax",
                  "valueInteger": 1
                }
              ]
            }
          ],
          "display": "Universal ID",
          "target": [
            {
              "equivalence": "equivalent",
              "code": "identifier[2].value",
              "extension": [
                {
                  "url": "http://hl7.org/fhir/uv/v2mappings/StructureDefinition/TypeInfo",
                  "extension": [
                    {
                      "url": "type",
                      "valueCode": "string"
                    }
                  ]
                }
              ],
              "display": "identifier[2].value"
            }
          ]
        },
        {
          "code": "HD.3",
          "extension": [
            {
              "url": "http://hl7.org/fhir/uv/v2mappings/StructureDefinition/TypeInfo",
              "extension": [
                {
                  "url": "type",
                  "valueCode": "ID"
                },
                {
                  "url": "cardinalityMin",
                  "valueInteger": 0
                },
                {
                  "url": "cardinalityMax",
                  "valueInteger": 1
                }
              ]
            }
          ],
          "display": "Universal ID Type",
          "target": [
            {
              "equivalence": "equivalent",
              "code": "identifier[2].type",
              "extension": [
                {
                  "url": "http://hl7.org/fhir/uv/v2mappings/StructureDefinition/TypeInfo",
                  "extension": [
                    {
                      "url": "type",
                      "valueCode": "CodeableConcept"
                    },
                    {
                      "url": "mappedVia",
                      "valueUrl": "ConceptMap/table-hl70301-to-v2-0301"
                    }
                  ]
                }
              ],
              "display": "identifier[2].type",
              "comment": "Request that DNS, ISO, and UUID (and other Table 0301 values) are added to: http://hl7.org/fhir/valueset-identifier-type.html"
            }
          ]
        },
        {
          "code": "HD.3",
          "extension": [
            {
              "url": "http://hl7.org/fhir/uv/v2mappings/StructureDefinition/TypeInfo",
              "extension": [
                {
                  "url": "type",
                  "valueCode": "ID"
                },
                {
                  "url": "cardinalityMin",
                  "valueInteger": 0
                },
                {
                  "url": "cardinalityMax",
                  "valueInteger": 1
                }
              ]
            }
          ],
          "display": "Universal ID Type",
          "target": [
            {
              "equivalence": "equivalent",
              "code": "identifier[2].system",
              "extension": [
                {
                  "url": "http://hl7.org/fhir/uv/v2mappings/StructureDefinition/TypeInfo",
                  "extension": [
                    {
                      "url": "type",
                      "valueCode": "uri"
                    },
                    {
                      "url": "assignment",
                      "valueString": "\"urn:ietf:rfc:3986\""
                    }
                  ]
                }
              ],
              "display": "identifier[2].system",
              "dependsOn": [
                {
                  "property": "Computable-ANTLR",
                  "value": "IF HD.3 IN (\"ISO\", \"UUID\")"
                }
              ]
            }
          ]
        }
      ]
    }
  ]
}
