{
  "resourceType": "ConceptMap",
  "id": "segment-txa-to-provenance",
  "url": "http://hl7.org/fhir/uv/v2mappings/ConceptMap/segment-txa-to-provenance",
  "title": "Segment TXA to Provenance Map",
  "description": "This ConceptMap represents a mapping from the HL7 V2 Segment TXA to the FHIR Provenance Resource.",
  "name": "SegmentTXAToProvenance",
  "version": "1.0",
  "status": "active",
  "experimental": true,
  "publisher": "HL7 International, Inc",
  "contact": [
    {
      "telecom": [
        {
          "system": "email",
          "value": "v2-to-fhir@lists.hl7.org"
        }
      ]
    }
  ],
  "date": "2025-08-23",
  "copyright": "Copyright (c) 2025, HL7 International, Inc., All Rights Reserved.",
  "extension": [
    {
      "url": "http://hl7.org/fhir/uv/v2mappings/StructureDefinition/RelatedArtifact",
      "extension": [
        {
          "url": "type",
          "valueCode": "derived-from"
        },
        {
          "url": "label",
          "valueString": "Segment TXA to Provenance.fsh"
        },
        {
          "url": "url",
          "valueUri": "https://docs.google.com/spreadsheets/d/14WD1YPRWINIG4WQ4GuBI77_6xTSdFW17aH3IrbHUyvo/edit?gid=0#gid=0"
        }
      ]
    }
  ],
  "group": [
    {
      "element": [
        {
          "code": "TXA",
          "extension": [
            {
              "url": "http://hl7.org/fhir/uv/v2mappings/StructureDefinition/TypeInfo",
              "extension": [
                {
                  "url": "type",
                  "valueCode": "DTM"
                },
                {
                  "url": "cardinalityMin",
                  "valueInteger": -1
                },
                {
                  "url": "cardinalityMax",
                  "valueInteger": -1
                }
              ]
            }
          ],
          "display": "Edit Date/Time",
          "target": [
            {
              "equivalence": "equivalent",
              "code": "recorded",
              "extension": [
                {
                  "url": "http://hl7.org/fhir/uv/v2mappings/StructureDefinition/TypeInfo",
                  "extension": [
                    {
                      "url": "type",
                      "valueCode": "instant"
                    },
                    {
                      "url": "cardinalityMin",
                      "valueInteger": 1
                    },
                    {
                      "url": "cardinalityMax",
                      "valueInteger": 1
                    }
                  ]
                }
              ],
              "display": "recorded"
            }
          ]
        },
        {
          "code": "TXA",
          "extension": [
            {
              "url": "http://hl7.org/fhir/uv/v2mappings/StructureDefinition/TypeInfo",
              "extension": [
                {
                  "url": "type",
                  "valueCode": "XCN"
                },
                {
                  "url": "cardinalityMin",
                  "valueInteger": -1
                },
                {
                  "url": "cardinalityMax",
                  "valueInteger": -1
                }
              ]
            }
          ],
          "display": "Originator Code/Name",
          "target": [
            {
              "equivalence": "equivalent",
              "code": "agent[2].role[1].coding[1].code",
              "extension": [
                {
                  "url": "http://hl7.org/fhir/uv/v2mappings/StructureDefinition/TypeInfo",
                  "extension": [
                    {
                      "url": "type",
                      "valueCode": "code"
                    },
                    {
                      "url": "cardinalityMin",
                      "valueInteger": 0
                    },
                    {
                      "url": "cardinalityMax",
                      "valueInteger": 1
                    },
                    {
                      "url": "assignment",
                      "valueString": "\"IRCP\""
                    }
                  ]
                }
              ],
              "display": "agent[2].role[1].coding[1].code"
            }
          ]
        },
        {
          "code": "TXA",
          "extension": [
            {
              "url": "http://hl7.org/fhir/uv/v2mappings/StructureDefinition/TypeInfo",
              "extension": [
                {
                  "url": "type",
                  "valueCode": "XCN"
                },
                {
                  "url": "cardinalityMin",
                  "valueInteger": -1
                },
                {
                  "url": "cardinalityMax",
                  "valueInteger": -1
                }
              ]
            }
          ],
          "display": "Originator Code/Name",
          "target": [
            {
              "equivalence": "equivalent",
              "code": "agent[2].role[1].coding[1].system",
              "extension": [
                {
                  "url": "http://hl7.org/fhir/uv/v2mappings/StructureDefinition/TypeInfo",
                  "extension": [
                    {
                      "url": "type",
                      "valueCode": "uri"
                    },
                    {
                      "url": "cardinalityMin",
                      "valueInteger": 0
                    },
                    {
                      "url": "cardinalityMax",
                      "valueInteger": -1
                    },
                    {
                      "url": "assignment",
                      "valueString": "\"https://hl7.org/fhir/R4/v3/ParticipationType/cs.html\""
                    }
                  ]
                }
              ],
              "display": "agent[2].role[1].coding[1].system"
            }
          ]
        },
        {
          "code": "TXA",
          "extension": [
            {
              "url": "http://hl7.org/fhir/uv/v2mappings/StructureDefinition/TypeInfo",
              "extension": [
                {
                  "url": "type",
                  "valueCode": "XCN"
                },
                {
                  "url": "cardinalityMin",
                  "valueInteger": -1
                },
                {
                  "url": "cardinalityMax",
                  "valueInteger": -1
                }
              ]
            }
          ],
          "display": "Originator Code/Name",
          "target": [
            {
              "equivalence": "equivalent",
              "code": "agent[2].who(Practitioner)",
              "extension": [
                {
                  "url": "http://hl7.org/fhir/uv/v2mappings/StructureDefinition/TypeInfo",
                  "extension": [
                    {
                      "url": "type",
                      "valueCode": "Reference"
                    },
                    {
                      "url": "cardinalityMin",
                      "valueInteger": 1
                    },
                    {
                      "url": "cardinalityMax",
                      "valueInteger": 1
                    }
                  ]
                }
              ],
              "display": "agent[2].who(Practitioner)"
            }
          ]
        },
        {
          "code": "TXA",
          "extension": [
            {
              "url": "http://hl7.org/fhir/uv/v2mappings/StructureDefinition/TypeInfo",
              "extension": [
                {
                  "url": "type",
                  "valueCode": "ST"
                },
                {
                  "url": "cardinalityMin",
                  "valueInteger": 1
                },
                {
                  "url": "cardinalityMax",
                  "valueInteger": 1
                }
              ]
            }
          ],
          "display": "Document Change Reason",
          "target": [
            {
              "equivalence": "equivalent",
              "code": "reason.text",
              "extension": [
                {
                  "url": "http://hl7.org/fhir/uv/v2mappings/StructureDefinition/TypeInfo",
                  "extension": [
                    {
                      "url": "type",
                      "valueCode": "string"
                    },
                    {
                      "url": "cardinalityMin",
                      "valueInteger": 0
                    },
                    {
                      "url": "cardinalityMax",
                      "valueInteger": -1
                    }
                  ]
                }
              ],
              "display": "reason.text"
            }
          ]
        },
        {
          "code": "TXA",
          "extension": [
            {
              "url": "http://hl7.org/fhir/uv/v2mappings/StructureDefinition/TypeInfo",
              "extension": [
                {
                  "url": "type",
                  "valueCode": "XCN"
                },
                {
                  "url": "cardinalityMin",
                  "valueInteger": -1
                },
                {
                  "url": "cardinalityMax",
                  "valueInteger": -1
                }
              ]
            }
          ],
          "display": "Distributed Copies (Code and Name of Recipient(s) )",
          "target": [
            {
              "equivalence": "equivalent",
              "code": "agent[1].role[1].coding[1].code",
              "extension": [
                {
                  "url": "http://hl7.org/fhir/uv/v2mappings/StructureDefinition/TypeInfo",
                  "extension": [
                    {
                      "url": "type",
                      "valueCode": "code"
                    },
                    {
                      "url": "cardinalityMin",
                      "valueInteger": 0
                    },
                    {
                      "url": "cardinalityMax",
                      "valueInteger": 1
                    },
                    {
                      "url": "assignment",
                      "valueString": "\"IRCP\""
                    }
                  ]
                }
              ],
              "display": "agent[1].role[1].coding[1].code",
              "dependsOn": [
                {
                  "property": "Narrative-Condition",
                  "value": "If the distribution was updated after the initial message was sent."
                }
              ]
            }
          ]
        },
        {
          "code": "TXA",
          "extension": [
            {
              "url": "http://hl7.org/fhir/uv/v2mappings/StructureDefinition/TypeInfo",
              "extension": [
                {
                  "url": "type",
                  "valueCode": "XCN"
                },
                {
                  "url": "cardinalityMin",
                  "valueInteger": -1
                },
                {
                  "url": "cardinalityMax",
                  "valueInteger": -1
                }
              ]
            }
          ],
          "display": "Distributed Copies (Code and Name of Recipient(s) )",
          "target": [
            {
              "equivalence": "equivalent",
              "code": "agent[1].role[1].coding[1].system",
              "extension": [
                {
                  "url": "http://hl7.org/fhir/uv/v2mappings/StructureDefinition/TypeInfo",
                  "extension": [
                    {
                      "url": "type",
                      "valueCode": "uri"
                    },
                    {
                      "url": "cardinalityMin",
                      "valueInteger": 0
                    },
                    {
                      "url": "cardinalityMax",
                      "valueInteger": -1
                    },
                    {
                      "url": "assignment",
                      "valueString": "\"https://hl7.org/fhir/R4/v3/ParticipationType/cs.html\""
                    }
                  ]
                }
              ],
              "display": "agent[1].role[1].coding[1].system",
              "dependsOn": [
                {
                  "property": "Narrative-Condition",
                  "value": "If the distribution was updated after the initial message was sent."
                }
              ]
            }
          ]
        },
        {
          "code": "TXA",
          "extension": [
            {
              "url": "http://hl7.org/fhir/uv/v2mappings/StructureDefinition/TypeInfo",
              "extension": [
                {
                  "url": "type",
                  "valueCode": "XCN"
                },
                {
                  "url": "cardinalityMin",
                  "valueInteger": -1
                },
                {
                  "url": "cardinalityMax",
                  "valueInteger": -1
                }
              ]
            }
          ],
          "display": "Distributed Copies (Code and Name of Recipient(s) )",
          "target": [
            {
              "equivalence": "equivalent",
              "code": "agent[1].who(Practitioner)",
              "extension": [
                {
                  "url": "http://hl7.org/fhir/uv/v2mappings/StructureDefinition/TypeInfo",
                  "extension": [
                    {
                      "url": "type",
                      "valueCode": "Reference"
                    },
                    {
                      "url": "cardinalityMin",
                      "valueInteger": 1
                    },
                    {
                      "url": "cardinalityMax",
                      "valueInteger": 1
                    }
                  ]
                }
              ],
              "display": "agent[1].who(Practitioner)",
              "dependsOn": [
                {
                  "property": "Narrative-Condition",
                  "value": "If the distribution was updated after the initial message was sent."
                }
              ]
            }
          ]
        }
      ]
    }
  ]
}
