{
  "resourceType": "ConceptMap",
  "id": "segment-ais-to-servicerequest",
  "url": "http://hl7.org/fhir/uv/v2mappings/ConceptMap/segment-ais-to-servicerequest",
  "title": "Segment AIS to ServiceRequest Map",
  "description": "This ConceptMap represents a mapping from the HL7 V2 Segment AIS to the FHIR ServiceRequest Resource.",
  "name": "SegmentAISToServiceRequest",
  "version": "1.0",
  "status": "active",
  "experimental": true,
  "publisher": "HL7 International, Inc",
  "contact": [
    {
      "telecom": [
        {
          "system": "email",
          "value": "v2-to-fhir@lists.hl7.org"
        }
      ]
    }
  ],
  "date": "2025-08-23",
  "copyright": "Copyright (c) 2025, HL7 International, Inc., All Rights Reserved.",
  "extension": [
    {
      "url": "http://hl7.org/fhir/uv/v2mappings/StructureDefinition/RelatedArtifact",
      "extension": [
        {
          "url": "type",
          "valueCode": "derived-from"
        },
        {
          "url": "label",
          "valueString": "Segment AIS to ServiceRequest.fsh"
        },
        {
          "url": "url",
          "valueUri": "https://docs.google.com/spreadsheets/d/1qyCpHz_vYZsWIkM5VZH4i45zK7AEKd1G6HO2TUAwcaE/edit#gid=0"
        }
      ]
    }
  ],
  "group": [
    {
      "element": [
        {
          "code": "AIS-3",
          "extension": [
            {
              "url": "http://hl7.org/fhir/uv/v2mappings/StructureDefinition/TypeInfo",
              "extension": [
                {
                  "url": "type",
                  "valueCode": "CWE"
                },
                {
                  "url": "cardinalityMin",
                  "valueInteger": 1
                },
                {
                  "url": "cardinalityMax",
                  "valueInteger": 1
                }
              ]
            }
          ],
          "display": "Universal Service Identifier",
          "target": [
            {
              "equivalence": "equivalent",
              "code": "identifier[1]",
              "display": "identifier[1]"
            }
          ]
        },
        {
          "code": "AIS-4",
          "extension": [
            {
              "url": "http://hl7.org/fhir/uv/v2mappings/StructureDefinition/TypeInfo",
              "extension": [
                {
                  "url": "type",
                  "valueCode": "DTM"
                },
                {
                  "url": "cardinalityMin",
                  "valueInteger": 1
                },
                {
                  "url": "cardinalityMax",
                  "valueInteger": 1
                }
              ]
            }
          ],
          "display": "Start Date/Time",
          "target": [
            {
              "equivalence": "equivalent",
              "code": "occurrencePeriod.start",
              "extension": [
                {
                  "url": "http://hl7.org/fhir/uv/v2mappings/StructureDefinition/TypeInfo",
                  "extension": [
                    {
                      "url": "type",
                      "valueCode": "Period"
                    }
                  ]
                }
              ],
              "display": "occurrencePeriod.start"
            }
          ]
        },
        {
          "code": "AIS-5",
          "extension": [
            {
              "url": "http://hl7.org/fhir/uv/v2mappings/StructureDefinition/TypeInfo",
              "extension": [
                {
                  "url": "type",
                  "valueCode": "NM"
                },
                {
                  "url": "cardinalityMin",
                  "valueInteger": 1
                },
                {
                  "url": "cardinalityMax",
                  "valueInteger": 1
                }
              ]
            }
          ],
          "display": "Start Date/Time Offset",
          "target": [
            {
              "equivalence": "equivalent",
              "code": "occurrencePeriod.start",
              "extension": [
                {
                  "url": "http://hl7.org/fhir/uv/v2mappings/StructureDefinition/TypeInfo",
                  "extension": [
                    {
                      "url": "type",
                      "valueCode": "Period"
                    },
                    {
                      "url": "assignment",
                      "valueString": "/.start + AIS-5 according to AIS-6 units/"
                    }
                  ]
                }
              ],
              "display": "occurrencePeriod.start",
              "dependsOn": [
                {
                  "property": "Computable-ANTLR",
                  "value": "IF AIS-4 NOT VALUED"
                }
              ]
            }
          ]
        },
        {
          "code": "AIS-7",
          "extension": [
            {
              "url": "http://hl7.org/fhir/uv/v2mappings/StructureDefinition/TypeInfo",
              "extension": [
                {
                  "url": "type",
                  "valueCode": "NM"
                },
                {
                  "url": "cardinalityMin",
                  "valueInteger": 1
                },
                {
                  "url": "cardinalityMax",
                  "valueInteger": 1
                }
              ]
            }
          ],
          "display": "Duration",
          "target": [
            {
              "equivalence": "equivalent",
              "code": "occurrencePeriod.end",
              "extension": [
                {
                  "url": "http://hl7.org/fhir/uv/v2mappings/StructureDefinition/TypeInfo",
                  "extension": [
                    {
                      "url": "type",
                      "valueCode": "Period"
                    },
                    {
                      "url": "assignment",
                      "valueString": "ServiceRequest.occurrencePeriod.start+ AIS-7"
                    }
                  ]
                }
              ],
              "display": "occurrencePeriod.end",
              "dependsOn": [
                {
                  "property": "Computable-ANTLR",
                  "value": "IF AIS-4 IS VALUED"
                }
              ]
            }
          ]
        },
        {
          "code": "AIS-11",
          "extension": [
            {
              "url": "http://hl7.org/fhir/uv/v2mappings/StructureDefinition/TypeInfo",
              "extension": [
                {
                  "url": "type",
                  "valueCode": "CWE"
                },
                {
                  "url": "cardinalityMin",
                  "valueInteger": -1
                },
                {
                  "url": "cardinalityMax",
                  "valueInteger": -1
                }
              ]
            }
          ],
          "display": "Placer Supplemental Service Information",
          "target": [
            {
              "equivalence": "equivalent",
              "code": "identifier[2]",
              "display": "identifier[2]"
            }
          ]
        },
        {
          "code": "AIS-12",
          "extension": [
            {
              "url": "http://hl7.org/fhir/uv/v2mappings/StructureDefinition/TypeInfo",
              "extension": [
                {
                  "url": "type",
                  "valueCode": "CWE"
                },
                {
                  "url": "cardinalityMin",
                  "valueInteger": -1
                },
                {
                  "url": "cardinalityMax",
                  "valueInteger": -1
                }
              ]
            }
          ],
          "display": "Filler Supplemental Service Information",
          "target": [
            {
              "equivalence": "equivalent",
              "code": "identifier[3]",
              "display": "identifier[3]"
            }
          ]
        }
      ]
    }
  ]
}
