{
  "resourceType": "ConceptMap",
  "id": "datatype-tq-priority-to-task",
  "url": "http://hl7.org/fhir/uv/v2mappings/ConceptMap/datatype-tq-priority-to-task",
  "title": "Datatype TQ [Priority] to Task Map",
  "description": "This ConceptMap represents a mapping from the HL7 V2 Datatype TQ to the FHIR Task Resource.",
  "name": "DatatypeTQPriorityToTask",
  "version": "1.0",
  "status": "active",
  "experimental": true,
  "publisher": "HL7 International, Inc",
  "contact": [
    {
      "telecom": [
        {
          "system": "email",
          "value": "v2-to-fhir@lists.hl7.org"
        }
      ]
    }
  ],
  "date": "2025-08-23",
  "copyright": "Copyright (c) 2025, HL7 International, Inc., All Rights Reserved.",
  "extension": [
    {
      "url": "http://hl7.org/fhir/uv/v2mappings/StructureDefinition/RelatedArtifact",
      "extension": [
        {
          "url": "type",
          "valueCode": "derived-from"
        },
        {
          "url": "label",
          "valueString": "Datatype TQ[Priority] to Task.fsh"
        },
        {
          "url": "url",
          "valueUri": "https://docs.google.com/spreadsheets/d/1B_WY_ONY5EEt1t9X-1VZtWokiOOYTL2sgnXy7k8i9Js/edit#gid=0"
        }
      ]
    }
  ],
  "group": [
    {
      "element": [
        {
          "code": "TQ.6",
          "extension": [
            {
              "url": "http://hl7.org/fhir/uv/v2mappings/StructureDefinition/TypeInfo",
              "extension": [
                {
                  "url": "type",
                  "valueCode": "ST"
                },
                {
                  "url": "cardinalityMin",
                  "valueInteger": 0
                },
                {
                  "url": "cardinalityMax",
                  "valueInteger": 1
                }
              ]
            }
          ],
          "display": "Priority",
          "target": [
            {
              "equivalence": "equivalent",
              "code": "priority",
              "extension": [
                {
                  "url": "http://hl7.org/fhir/uv/v2mappings/StructureDefinition/TypeInfo",
                  "extension": [
                    {
                      "url": "type",
                      "valueCode": "code"
                    },
                    {
                      "url": "cardinalityMin",
                      "valueInteger": 1
                    },
                    {
                      "url": "cardinalityMax",
                      "valueInteger": 1
                    },
                    {
                      "url": "mappedVia",
                      "valueUrl": "ConceptMap/table-hl70485-to-request-priority"
                    }
                  ]
                }
              ],
              "display": "priority",
              "comment": "A translation from the text priority in the v2 message to a coded value in the request-priority value set will be required."
            }
          ]
        }
      ]
    }
  ]
}
