{
  "resourceType": "ConceptMap",
  "id": "datatype-ei-system-to-identifier",
  "url": "http://hl7.org/fhir/uv/v2mappings/ConceptMap/datatype-ei-system-to-identifier",
  "title": "Datatype EI [System] to Identifier Map",
  "description": "This ConceptMap represents a mapping from the HL7 V2 Datatype EI to the FHIR Identifier Data Type.",
  "name": "DatatypeEISystemToIdentifier",
  "version": "1.0",
  "status": "active",
  "experimental": true,
  "publisher": "HL7 International, Inc",
  "contact": [
    {
      "telecom": [
        {
          "system": "email",
          "value": "v2-to-fhir@lists.hl7.org"
        }
      ]
    }
  ],
  "date": "2025-08-23",
  "copyright": "Copyright (c) 2025, HL7 International, Inc., All Rights Reserved.",
  "extension": [
    {
      "url": "http://hl7.org/fhir/uv/v2mappings/StructureDefinition/RelatedArtifact",
      "extension": [
        {
          "url": "type",
          "valueCode": "derived-from"
        },
        {
          "url": "label",
          "valueString": "Datatype EI[System] to Identifier.fsh"
        },
        {
          "url": "url",
          "valueUri": "https://docs.google.com/spreadsheets/d/17jRe8mmxmN4n609AzQ5Q6j07KaTc0UMnVvLEfwxOHzY/edit#gid=0"
        }
      ]
    }
  ],
  "group": [
    {
      "element": [
        {
          "code": "EI.1",
          "extension": [
            {
              "url": "http://hl7.org/fhir/uv/v2mappings/StructureDefinition/TypeInfo",
              "extension": [
                {
                  "url": "type",
                  "valueCode": "ST"
                },
                {
                  "url": "cardinalityMin",
                  "valueInteger": 0
                },
                {
                  "url": "cardinalityMax",
                  "valueInteger": 1
                }
              ]
            }
          ],
          "display": "Entity Identifier",
          "target": [
            {
              "equivalence": "equivalent",
              "code": "$value",
              "extension": [
                {
                  "url": "http://hl7.org/fhir/uv/v2mappings/StructureDefinition/TypeInfo",
                  "extension": [
                    {
                      "url": "type",
                      "valueCode": "string"
                    }
                  ]
                }
              ],
              "display": "$value"
            }
          ]
        },
        {
          "code": "EI.2",
          "extension": [
            {
              "url": "http://hl7.org/fhir/uv/v2mappings/StructureDefinition/TypeInfo",
              "extension": [
                {
                  "url": "type",
                  "valueCode": "IS"
                },
                {
                  "url": "cardinalityMin",
                  "valueInteger": 0
                },
                {
                  "url": "cardinalityMax",
                  "valueInteger": 1
                }
              ]
            }
          ],
          "display": "Namespace ID",
          "target": [
            {
              "equivalence": "equivalent",
              "code": "system",
              "extension": [
                {
                  "url": "http://hl7.org/fhir/uv/v2mappings/StructureDefinition/TypeInfo",
                  "extension": [
                    {
                      "url": "type",
                      "valueCode": "url"
                    }
                  ]
                }
              ],
              "display": "system",
              "dependsOn": [
                {
                  "property": "Narrative-Condition",
                  "value": "Determine based on implementation context whether to map EI.2 to system or EI.3 to system"
                }
              ]
            }
          ]
        },
        {
          "code": "EI.3",
          "extension": [
            {
              "url": "http://hl7.org/fhir/uv/v2mappings/StructureDefinition/TypeInfo",
              "extension": [
                {
                  "url": "type",
                  "valueCode": "ST"
                },
                {
                  "url": "cardinalityMin",
                  "valueInteger": 0
                },
                {
                  "url": "cardinalityMax",
                  "valueInteger": 1
                }
              ]
            }
          ],
          "display": "Universal ID",
          "target": [
            {
              "equivalence": "equivalent",
              "code": "system",
              "extension": [
                {
                  "url": "http://hl7.org/fhir/uv/v2mappings/StructureDefinition/TypeInfo",
                  "extension": [
                    {
                      "url": "type",
                      "valueCode": "url"
                    }
                  ]
                }
              ],
              "display": "system",
              "dependsOn": [
                {
                  "property": "Narrative-Condition",
                  "value": "Determine based on implementation context whether to map EI.3 to system or EI.2 to system"
                }
              ]
            }
          ]
        },
        {
          "code": "EI.4",
          "extension": [
            {
              "url": "http://hl7.org/fhir/uv/v2mappings/StructureDefinition/TypeInfo",
              "extension": [
                {
                  "url": "type",
                  "valueCode": "ID"
                },
                {
                  "url": "cardinalityMin",
                  "valueInteger": 0
                },
                {
                  "url": "cardinalityMax",
                  "valueInteger": 1
                }
              ]
            }
          ],
          "display": "Universal ID Type",
          "target": [
            {
              "equivalence": "equivalent",
              "code": "type",
              "extension": [
                {
                  "url": "http://hl7.org/fhir/uv/v2mappings/StructureDefinition/TypeInfo",
                  "extension": [
                    {
                      "url": "type",
                      "valueCode": "CodeableConcept"
                    }
                  ]
                }
              ],
              "display": "type"
            }
          ]
        }
      ]
    }
  ]
}
