{
  "resourceType": "ConceptMap",
  "id": "table-hl70204-to-v2-0204",
  "url": "http://hl7.org/fhir/uv/v2mappings/ConceptMap/table-hl70204-to-v2-0204",
  "title": "Table HL70204 to V2 0204 Map",
  "description": "This ConceptMap represents a mapping from the HL7 V2 Table HL70204 to the FHIR V2 0204 Value Set.",
  "name": "TableHL70204ToV20204",
  "sourceUri": "http://terminology.hl7.org/ValueSet/v2-0204",
  "targetUri": "http://terminology.hl7.org/ValueSet/v2-0204",
  "version": "1.0",
  "status": "active",
  "experimental": true,
  "publisher": "HL7 International, Inc",
  "contact": [
    {
      "telecom": [
        {
          "system": "email",
          "value": "v2-to-fhir@lists.hl7.org"
        }
      ]
    }
  ],
  "date": "2025-08-23",
  "copyright": "Copyright (c) 2025, HL7 International, Inc., All Rights Reserved.",
  "extension": [
    {
      "url": "http://hl7.org/fhir/uv/v2mappings/StructureDefinition/RelatedArtifact",
      "extension": [
        {
          "url": "type",
          "valueCode": "derived-from"
        },
        {
          "url": "label",
          "valueString": "Table HL70204 to V2 0204.fsh"
        },
        {
          "url": "url",
          "valueUri": "https://docs.google.com/spreadsheets/d/16h7s6tlvAS0vjsbTxHUdAhojioKgK7Jmxxu1rFaDHDc/edit#gid=0"
        }
      ]
    }
  ],
  "group": [
    {
      "source": "http://terminology.hl7.org/CodeSystem/v2-0204",
      "target": "http://terminology.hl7.org/CodeSystem/v2-0204",
      "element": [
        {
          "code": "A",
          "display": "Alias name",
          "target": [
            {
              "equivalence": "equivalent",
              "code": "A",
              "display": "Alias name"
            }
          ]
        },
        {
          "code": "L",
          "display": "Legal name",
          "target": [
            {
              "equivalence": "equivalent",
              "code": "L",
              "display": "Legal name"
            }
          ]
        },
        {
          "code": "D",
          "display": "Display name",
          "target": [
            {
              "equivalence": "equivalent",
              "code": "D",
              "display": "Display name"
            }
          ]
        },
        {
          "code": "SL",
          "display": "Stock exchange listing name",
          "target": [
            {
              "equivalence": "equivalent",
              "code": "SL",
              "display": "Stock exchange listing name"
            }
          ]
        }
      ]
    }
  ]
}
