{
  "resourceType": "ConceptMap",
  "id": "table-hl70215-to-v2-0215",
  "url": "http://hl7.org/fhir/uv/v2mappings/ConceptMap/table-hl70215-to-v2-0215",
  "title": "Table HL70215 to V2 0215 Map",
  "description": "This ConceptMap represents a mapping from the HL7 V2 Table HL70215 to the FHIR V2 0215 Value Set.",
  "name": "TableHL70215ToV20215",
  "sourceUri": "http://terminology.hl7.org/ValueSet/v2-0215",
  "targetUri": "http://terminology.hl7.org/ValueSet/v2-0215",
  "version": "1.0",
  "status": "active",
  "experimental": true,
  "publisher": "HL7 International, Inc",
  "contact": [
    {
      "telecom": [
        {
          "system": "email",
          "value": "v2-to-fhir@lists.hl7.org"
        }
      ]
    }
  ],
  "date": "2025-08-23",
  "copyright": "Copyright (c) 2025, HL7 International, Inc., All Rights Reserved.",
  "extension": [
    {
      "url": "http://hl7.org/fhir/uv/v2mappings/StructureDefinition/RelatedArtifact",
      "extension": [
        {
          "url": "type",
          "valueCode": "derived-from"
        },
        {
          "url": "label",
          "valueString": "Table HL70215 to V2 0215.fsh"
        },
        {
          "url": "url",
          "valueUri": "https://docs.google.com/spreadsheets/d/1Ny3NtsgyW7xToVtjTMO_Zzng9ZZLghgPZdn7dYvcu2g/edit#gid=0"
        }
      ]
    }
  ],
  "group": [
    {
      "source": "http://terminology.hl7.org/CodeSystem/v2-0215",
      "target": "http://terminology.hl7.org/CodeSystem/v2-0215",
      "element": [
        {
          "code": "F",
          "display": "Family only",
          "target": [
            {
              "equivalence": "equivalent",
              "code": "F",
              "display": "Family only"
            }
          ]
        },
        {
          "code": "N",
          "display": "No Publicity",
          "target": [
            {
              "equivalence": "equivalent",
              "code": "N",
              "display": "No Publicity"
            }
          ]
        },
        {
          "code": "O",
          "display": "Other",
          "target": [
            {
              "equivalence": "equivalent",
              "code": "O",
              "display": "Other"
            }
          ]
        },
        {
          "code": "U",
          "display": "Unknown",
          "target": [
            {
              "equivalence": "equivalent",
              "code": "U",
              "display": "Unknown"
            }
          ]
        }
      ]
    }
  ]
}
