{
  "resourceType": "ConceptMap",
  "id": "segment-in3-to-careteam",
  "url": "http://hl7.org/fhir/uv/v2mappings/ConceptMap/segment-in3-to-careteam",
  "title": "Segment IN3 to CareTeam Map",
  "description": "This ConceptMap represents a mapping from the HL7 V2 Segment IN3 to the FHIR CareTeam Resource.",
  "name": "SegmentIN3ToCareTeam",
  "version": "1.0",
  "status": "active",
  "experimental": true,
  "publisher": "HL7 International, Inc",
  "contact": [
    {
      "telecom": [
        {
          "system": "email",
          "value": "v2-to-fhir@lists.hl7.org"
        }
      ]
    }
  ],
  "date": "2025-08-23",
  "copyright": "Copyright (c) 2025, HL7 International, Inc., All Rights Reserved.",
  "extension": [
    {
      "url": "http://hl7.org/fhir/uv/v2mappings/StructureDefinition/RelatedArtifact",
      "extension": [
        {
          "url": "type",
          "valueCode": "derived-from"
        },
        {
          "url": "label",
          "valueString": "Segment IN3 to CareTeam.fsh"
        },
        {
          "url": "url",
          "valueUri": "https://docs.google.com/spreadsheets/d/1kWvcYxTaofNaqq5k5qjsqBEQRsjGGKiwAyCoTc8ADhY/edit#gid=0"
        }
      ]
    }
  ],
  "group": [
    {
      "element": [
        {
          "code": "IN3-21",
          "extension": [
            {
              "url": "http://hl7.org/fhir/uv/v2mappings/StructureDefinition/TypeInfo",
              "extension": [
                {
                  "url": "type",
                  "valueCode": "ST"
                },
                {
                  "url": "cardinalityMin",
                  "valueInteger": 1
                },
                {
                  "url": "cardinalityMax",
                  "valueInteger": 1
                }
              ]
            }
          ],
          "display": "Case Manager",
          "target": [
            {
              "equivalence": "equivalent",
              "code": "participant.role.coding.value",
              "extension": [
                {
                  "url": "http://hl7.org/fhir/uv/v2mappings/StructureDefinition/TypeInfo",
                  "extension": [
                    {
                      "url": "type",
                      "valueCode": "string"
                    },
                    {
                      "url": "assignment",
                      "valueString": "\"768832004\""
                    }
                  ]
                }
              ],
              "display": "participant.role.coding.value"
            }
          ]
        },
        {
          "code": "IN3-21",
          "extension": [
            {
              "url": "http://hl7.org/fhir/uv/v2mappings/StructureDefinition/TypeInfo",
              "extension": [
                {
                  "url": "type",
                  "valueCode": "ST"
                },
                {
                  "url": "cardinalityMin",
                  "valueInteger": 1
                },
                {
                  "url": "cardinalityMax",
                  "valueInteger": 1
                }
              ]
            }
          ],
          "display": "Case Manager",
          "target": [
            {
              "equivalence": "equivalent",
              "code": "participant.role.coding.system",
              "extension": [
                {
                  "url": "http://hl7.org/fhir/uv/v2mappings/StructureDefinition/TypeInfo",
                  "extension": [
                    {
                      "url": "type",
                      "valueCode": "uri"
                    },
                    {
                      "url": "assignment",
                      "valueString": "\"http://snomed.info/sct\""
                    }
                  ]
                }
              ],
              "display": "participant.role.coding.system"
            }
          ]
        },
        {
          "code": "IN3-21",
          "extension": [
            {
              "url": "http://hl7.org/fhir/uv/v2mappings/StructureDefinition/TypeInfo",
              "extension": [
                {
                  "url": "type",
                  "valueCode": "ST"
                },
                {
                  "url": "cardinalityMin",
                  "valueInteger": 1
                },
                {
                  "url": "cardinalityMax",
                  "valueInteger": 1
                }
              ]
            }
          ],
          "display": "Case Manager",
          "target": [
            {
              "equivalence": "equivalent",
              "code": "participant.role.text",
              "extension": [
                {
                  "url": "http://hl7.org/fhir/uv/v2mappings/StructureDefinition/TypeInfo",
                  "extension": [
                    {
                      "url": "assignment",
                      "valueString": "\"case manager\""
                    }
                  ]
                }
              ],
              "display": "participant.role.text"
            }
          ]
        }
      ]
    }
  ]
}
