{
  "resourceType": "ConceptMap",
  "id": "table-hl70277-to-v2-0277",
  "url": "http://hl7.org/fhir/uv/v2mappings/ConceptMap/table-hl70277-to-v2-0277",
  "title": "Table HL70277 to V2 0277 Map",
  "description": "This ConceptMap represents a mapping from the HL7 V2 Table HL70277 to the FHIR V2 0277 Value Set.",
  "name": "TableHL70277ToV20277",
  "sourceUri": "http://terminology.hl7.org/ValueSet/v2-0277",
  "targetUri": "http://terminology.hl7.org/ValueSet/v2-0277",
  "version": "1.0",
  "status": "active",
  "experimental": true,
  "publisher": "HL7 International, Inc",
  "contact": [
    {
      "telecom": [
        {
          "system": "email",
          "value": "v2-to-fhir@lists.hl7.org"
        }
      ]
    }
  ],
  "date": "2025-08-23",
  "copyright": "Copyright (c) 2025, HL7 International, Inc., All Rights Reserved.",
  "extension": [
    {
      "url": "http://hl7.org/fhir/uv/v2mappings/StructureDefinition/RelatedArtifact",
      "extension": [
        {
          "url": "type",
          "valueCode": "derived-from"
        },
        {
          "url": "label",
          "valueString": "Table HL70277 to V2 0277.fsh"
        },
        {
          "url": "url",
          "valueUri": "https://docs.google.com/spreadsheets/d/1LctuGxG7IDDNuMCS_L4usmZhP49YpqTl6Lx59FmeIcA/edit#gid=0"
        }
      ]
    }
  ],
  "group": [
    {
      "source": "http://terminology.hl7.org/CodeSystem/v2-0277",
      "target": "http://terminology.hl7.org/CodeSystem/v2-0277",
      "element": [
        {
          "code": "Normal",
          "display": "Routine schedule request type – default if not valued",
          "target": [
            {
              "equivalence": "equivalent",
              "code": "Normal",
              "display": "Routine schedule request type – default if not valued"
            }
          ]
        },
        {
          "code": "Tentative",
          "display": "A request for a tentative (e.g., “penciled in”) appointment",
          "target": [
            {
              "equivalence": "equivalent",
              "code": "Tentative",
              "display": "A request for a tentative (e.g., “penciled in”) appointment"
            }
          ]
        },
        {
          "code": "Complete",
          "display": "A request to add a completed appointment, used to maintain records of completed appointments that did not appear in the schedule (e.g., STAT, walk-in, etc.)",
          "target": [
            {
              "equivalence": "equivalent",
              "code": "Complete",
              "display": "A request to add a completed appointment, used to maintain records of completed appointments that did not appear in the schedule (e.g., STAT, walk-in, etc.)"
            }
          ]
        }
      ]
    }
  ]
}
