{
  "resourceType": "ConceptMap",
  "id": "table-hl70444-to-v2-0444",
  "url": "http://hl7.org/fhir/uv/v2mappings/ConceptMap/table-hl70444-to-v2-0444",
  "title": "Table HL70444 to V2 0444 Map",
  "description": "This ConceptMap represents a mapping from the HL7 V2 Table HL70444 to the FHIR V2 0444 Value Set.",
  "name": "TableHL70444ToV20444",
  "sourceUri": "http://terminology.hl7.org/ValueSet/v2-0444",
  "targetUri": "http://terminology.hl7.org/ValueSet/v2-0444",
  "version": "1.0",
  "status": "active",
  "experimental": true,
  "publisher": "HL7 International, Inc",
  "contact": [
    {
      "telecom": [
        {
          "system": "email",
          "value": "v2-to-fhir@lists.hl7.org"
        }
      ]
    }
  ],
  "date": "2025-08-23",
  "copyright": "Copyright (c) 2025, HL7 International, Inc., All Rights Reserved.",
  "extension": [
    {
      "url": "http://hl7.org/fhir/uv/v2mappings/StructureDefinition/RelatedArtifact",
      "extension": [
        {
          "url": "type",
          "valueCode": "derived-from"
        },
        {
          "url": "label",
          "valueString": "Table HL70444 to V2 0444.fsh"
        },
        {
          "url": "url",
          "valueUri": "https://docs.google.com/spreadsheets/d/1d1PTZpzWZPTQ6Ke3fJeirYxfuQu9t1BetnUHq26UDgA/edit#gid=0"
        }
      ]
    }
  ],
  "group": [
    {
      "source": "http://terminology.hl7.org/CodeSystem/v2-0444",
      "target": "http://terminology.hl7.org/CodeSystem/v2-0444",
      "element": [
        {
          "code": "G",
          "display": "Prefix Given Middle Family Suffix",
          "target": [
            {
              "equivalence": "equivalent",
              "code": "G",
              "display": "Prefix Given Middle Family Suffix"
            }
          ]
        },
        {
          "code": "F",
          "display": "Prefix Family Middle Given Suffix",
          "target": [
            {
              "equivalence": "equivalent",
              "code": "F",
              "display": "Prefix Family Middle Given Suffix"
            }
          ]
        }
      ]
    }
  ]
}
