{
  "resourceType": "ConceptMap",
  "id": "table-hl70272-to-v2-0272",
  "url": "http://hl7.org/fhir/uv/v2mappings/ConceptMap/table-hl70272-to-v2-0272",
  "title": "Table HL70272 to V2 0272 Map",
  "description": "This ConceptMap represents a mapping from the HL7 V2 Table HL70272 to the FHIR V2 0272 Value Set.",
  "name": "TableHL70272ToV20272",
  "sourceUri": "http://terminology.hl7.org/ValueSet/v2-0272",
  "version": "1.0",
  "status": "active",
  "experimental": true,
  "publisher": "HL7 International, Inc",
  "contact": [
    {
      "telecom": [
        {
          "system": "email",
          "value": "v2-to-fhir@lists.hl7.org"
        }
      ]
    }
  ],
  "date": "2025-08-23",
  "copyright": "Copyright (c) 2025, HL7 International, Inc., All Rights Reserved.",
  "extension": [
    {
      "url": "http://hl7.org/fhir/uv/v2mappings/StructureDefinition/RelatedArtifact",
      "extension": [
        {
          "url": "type",
          "valueCode": "derived-from"
        },
        {
          "url": "label",
          "valueString": "Table HL70272 to V2 0272.fsh"
        },
        {
          "url": "url",
          "valueUri": "https://docs.google.com/spreadsheets/d/1LEipBvIrNoy3egcbV1zpqj3-OH2-eZoOnAfUGrootIY/edit?gid=0#gid=0"
        }
      ]
    }
  ],
  "group": [
    {
      "source": "http://terminology.hl7.org/CodeSystem/v2-0272",
      "target": "http://terminology.hl7.org/CodeSystem/v2-0272",
      "element": [
        {
          "code": "V",
          "display": "Very restricted",
          "target": [
            {
              "equivalence": "equivalent",
              "code": "V",
              "display": "Very restricted"
            }
          ]
        },
        {
          "code": "U",
          "display": "Usual control",
          "target": [
            {
              "equivalence": "equivalent",
              "code": "U",
              "display": "Usual control"
            }
          ]
        }
      ]
    },
    {
      "source": "http://terminology.hl7.org/CodeSystem/v2-0272",
      "target": "http://terminology.hl7.org/CodeSystem/v3-ActCode",
      "element": [
        {
          "code": "R",
          "display": "Restricted",
          "target": [
            {
              "equivalence": "equivalent",
              "code": "R",
              "display": "restricted"
            }
          ]
        }
      ]
    }
  ]
}
