{
  "resourceType": "ConceptMap",
  "id": "datatype-msg-to-coding",
  "url": "http://hl7.org/fhir/uv/v2mappings/ConceptMap/datatype-msg-to-coding",
  "title": "Datatype MSG to Coding Map",
  "description": "This ConceptMap represents a mapping from the HL7 V2 Datatype MSG to the FHIR Coding Data Type.",
  "name": "DatatypeMSGToCoding",
  "version": "1.0",
  "status": "active",
  "experimental": true,
  "publisher": "HL7 International, Inc",
  "contact": [
    {
      "telecom": [
        {
          "system": "email",
          "value": "v2-to-fhir@lists.hl7.org"
        }
      ]
    }
  ],
  "date": "2025-08-23",
  "copyright": "Copyright (c) 2025, HL7 International, Inc., All Rights Reserved.",
  "extension": [
    {
      "url": "http://hl7.org/fhir/uv/v2mappings/StructureDefinition/RelatedArtifact",
      "extension": [
        {
          "url": "type",
          "valueCode": "derived-from"
        },
        {
          "url": "label",
          "valueString": "Datatype MSG to Coding.fsh"
        },
        {
          "url": "url",
          "valueUri": "https://docs.google.com/spreadsheets/d/1_JTzM3A-qTbPJfspjEO-VB0Bmx3zoxQz_E2mKUAB4lM/edit#gid=0"
        }
      ]
    }
  ],
  "group": [
    {
      "element": [
        {
          "code": "MSG",
          "target": [
            {
              "equivalence": "equivalent",
              "code": "display",
              "extension": [
                {
                  "url": "http://hl7.org/fhir/uv/v2mappings/StructureDefinition/TypeInfo",
                  "extension": [
                    {
                      "url": "assignment",
                      "valueString": "MSG.1+\"^\"+MSG.2+\"^\"+MSG.3"
                    }
                  ]
                }
              ],
              "display": "display"
            }
          ]
        },
        {
          "code": "MSG.2",
          "extension": [
            {
              "url": "http://hl7.org/fhir/uv/v2mappings/StructureDefinition/TypeInfo",
              "extension": [
                {
                  "url": "type",
                  "valueCode": "ID"
                },
                {
                  "url": "cardinalityMin",
                  "valueInteger": 1
                },
                {
                  "url": "cardinalityMax",
                  "valueInteger": 1
                }
              ]
            }
          ],
          "display": "Trigger Event",
          "target": [
            {
              "equivalence": "equivalent",
              "code": "code",
              "display": "code"
            }
          ]
        },
        {
          "code": "MSG.2",
          "extension": [
            {
              "url": "http://hl7.org/fhir/uv/v2mappings/StructureDefinition/TypeInfo",
              "extension": [
                {
                  "url": "type",
                  "valueCode": "ID"
                },
                {
                  "url": "cardinalityMin",
                  "valueInteger": 1
                },
                {
                  "url": "cardinalityMax",
                  "valueInteger": 1
                }
              ]
            }
          ],
          "display": "Trigger Event",
          "target": [
            {
              "equivalence": "equivalent",
              "code": "system",
              "extension": [
                {
                  "url": "http://hl7.org/fhir/uv/v2mappings/StructureDefinition/TypeInfo",
                  "extension": [
                    {
                      "url": "assignment",
                      "valueString": "\"http://terminology.hl7.org/CodeSystem/v2-0003\""
                    }
                  ]
                }
              ],
              "display": "system"
            }
          ]
        }
      ]
    }
  ]
}
