{
  "resourceType": "ConceptMap",
  "id": "table-hl70006-to-v3-religiousaffiliation",
  "url": "http://hl7.org/fhir/uv/v2mappings/ConceptMap/table-hl70006-to-v3-religiousaffiliation",
  "title": "Table HL70006 to V3 ReligiousAffiliation Map",
  "description": "This ConceptMap represents a mapping from the HL7 V2 Table HL70006 to the FHIR V3 ReligiousAffiliation Value Set.",
  "name": "TableHL70006ToV3ReligiousAffiliation",
  "sourceUri": "http://terminology.hl7.org/ValueSet/v2-0006",
  "version": "1.0",
  "status": "active",
  "experimental": true,
  "publisher": "HL7 International, Inc",
  "contact": [
    {
      "telecom": [
        {
          "system": "email",
          "value": "v2-to-fhir@lists.hl7.org"
        }
      ]
    }
  ],
  "date": "2025-08-23",
  "copyright": "Copyright (c) 2025, HL7 International, Inc., All Rights Reserved.",
  "extension": [
    {
      "url": "http://hl7.org/fhir/uv/v2mappings/StructureDefinition/RelatedArtifact",
      "extension": [
        {
          "url": "type",
          "valueCode": "derived-from"
        },
        {
          "url": "label",
          "valueString": "Table HL70006 to V3 ReligiousAffiliation.fsh"
        },
        {
          "url": "url",
          "valueUri": "https://docs.google.com/spreadsheets/d/1y4Y1YDT48qL5Rqdob7hoyghJx70ks0qp68-hcOrdgcs/edit#gid=0"
        }
      ]
    }
  ],
  "group": [
    {
      "source": "http://terminology.hl7.org/CodeSystem/v2-0006",
      "target": "http://terminology.hl7.org/CodeSystem/v3-ReligiousAffiliation",
      "element": [
        {
          "code": "A",
          "display": "Atheist",
          "target": [
            {
              "equivalence": "equivalent",
              "code": "1007",
              "display": "Atheism"
            }
          ]
        },
        {
          "code": "B",
          "display": "Baptist",
          "target": [
            {
              "equivalence": "equivalent",
              "code": "1009",
              "display": "Baptist"
            }
          ]
        },
        {
          "code": "E",
          "display": "Episcopalian",
          "target": [
            {
              "equivalence": "equivalent",
              "code": "1069",
              "display": "Episcopalian"
            }
          ]
        },
        {
          "code": "J",
          "display": "Judaism",
          "target": [
            {
              "equivalence": "equivalent",
              "code": "1026",
              "display": "Judaism"
            }
          ]
        },
        {
          "code": "L",
          "display": "Lutheran",
          "target": [
            {
              "equivalence": "equivalent",
              "code": "1028",
              "display": "Lutheran"
            }
          ]
        },
        {
          "code": "M",
          "display": "Church of Latter Day Saints (Mormon)",
          "target": [
            {
              "equivalence": "equivalent",
              "code": "1027",
              "display": "Latter Day Saints"
            }
          ]
        },
        {
          "code": "N",
          "display": "Hindu",
          "target": [
            {
              "equivalence": "equivalent",
              "code": "1020",
              "display": "Hinduism"
            }
          ]
        },
        {
          "code": "P",
          "display": "Protestant",
          "target": [
            {
              "equivalence": "equivalent",
              "code": "1077",
              "display": "Protestant"
            }
          ]
        },
        {
          "code": "AGN",
          "display": "Agnostic",
          "target": [
            {
              "equivalence": "equivalent",
              "code": "1004",
              "display": "Agnosticism"
            }
          ]
        },
        {
          "code": "ATH",
          "display": "Atheist",
          "target": [
            {
              "equivalence": "equivalent",
              "code": "1007",
              "display": "Atheism"
            }
          ]
        },
        {
          "code": "BAH",
          "display": "Baha'i",
          "target": [
            {
              "equivalence": "equivalent",
              "code": "1008",
              "display": "Babi & Baha'I faiths"
            }
          ]
        },
        {
          "code": "BRE",
          "display": "Brethren",
          "target": [
            {
              "equivalence": "equivalent",
              "code": "1062",
              "display": "Brethren"
            }
          ]
        },
        {
          "code": "BMA",
          "display": "Buddhist: Mahayana",
          "target": [
            {
              "equivalence": "equivalent",
              "code": "1029",
              "display": "Mahayana"
            }
          ]
        },
        {
          "code": "BTH",
          "display": "Buddhist: Theravada",
          "target": [
            {
              "equivalence": "equivalent",
              "code": "1051",
              "display": "Theravada"
            }
          ]
        },
        {
          "code": "CHR",
          "display": "Christian",
          "target": [
            {
              "equivalence": "equivalent",
              "code": "1013",
              "display": "Christian (non-Catholic, non-specific)"
            }
          ]
        },
        {
          "code": "ANG",
          "display": "Christian: Anglican",
          "target": [
            {
              "equivalence": "equivalent",
              "code": "1005",
              "display": "Anglican"
            }
          ]
        },
        {
          "code": "AOG",
          "display": "Christian: Assembly of God",
          "target": [
            {
              "equivalence": "equivalent",
              "code": "1061",
              "display": "Assembly of God"
            }
          ]
        },
        {
          "code": "BAP",
          "display": "Christian: Baptist",
          "target": [
            {
              "equivalence": "equivalent",
              "code": "1009",
              "display": "Baptist"
            }
          ]
        },
        {
          "code": "CRR",
          "display": "Christian: Christian Reformed",
          "target": [
            {
              "equivalence": "equivalent",
              "code": "1079",
              "display": "Reformed"
            }
          ]
        },
        {
          "code": "CHS",
          "display": "Christian: Christian Science",
          "target": [
            {
              "equivalence": "equivalent",
              "code": "1063",
              "display": "Christian Scientist"
            }
          ]
        },
        {
          "code": "COC",
          "display": "Christian: Church of Christ",
          "target": [
            {
              "equivalence": "equivalent",
              "code": "1064",
              "display": "Church of Christ"
            }
          ]
        },
        {
          "code": "COG",
          "display": "Christian: Church of God",
          "target": [
            {
              "equivalence": "equivalent",
              "code": "1065",
              "display": "Church of God"
            }
          ]
        },
        {
          "code": "COL",
          "display": "Christian: Congregational",
          "target": [
            {
              "equivalence": "equivalent",
              "code": "1066",
              "display": "Congregational"
            }
          ]
        },
        {
          "code": "EOT",
          "display": "Christian: Eastern Orthodox",
          "target": [
            {
              "equivalence": "equivalent",
              "code": "1068",
              "display": "Eastern Orthodox"
            }
          ]
        },
        {
          "code": "EPI",
          "display": "Christian: Episcopalian",
          "target": [
            {
              "equivalence": "equivalent",
              "code": "1069",
              "display": "Episcopalian"
            }
          ]
        },
        {
          "code": "FRQ",
          "display": "Christian: Friends",
          "target": [
            {
              "equivalence": "equivalent",
              "code": "1071",
              "display": "Friends"
            }
          ]
        },
        {
          "code": "FUL",
          "display": "Christian: Full Gospel",
          "target": [
            {
              "equivalence": "equivalent",
              "code": "1072",
              "display": "Full Gospel"
            }
          ]
        },
        {
          "code": "JWN",
          "display": "Christian: Jehovah's Witness",
          "target": [
            {
              "equivalence": "equivalent",
              "code": "1025",
              "display": "Jehovah's Witnesses"
            }
          ]
        },
        {
          "code": "MOM",
          "display": "Christian: Latter-day Saints",
          "target": [
            {
              "equivalence": "equivalent",
              "code": "1027",
              "display": "Latter Day Saints"
            }
          ]
        },
        {
          "code": "LUT",
          "display": "Christian: Lutheran",
          "target": [
            {
              "equivalence": "equivalent",
              "code": "1028",
              "display": "Lutheran"
            }
          ]
        },
        {
          "code": "MET",
          "display": "Christian: Methodist",
          "target": [
            {
              "equivalence": "equivalent",
              "code": "1073",
              "display": "Methodist"
            }
          ]
        },
        {
          "code": "NAZ",
          "display": "Christian: Church of the Nazarene",
          "target": [
            {
              "equivalence": "equivalent",
              "code": "1075",
              "display": "Nazarene"
            }
          ]
        },
        {
          "code": "ORT",
          "display": "Christian: Orthodox",
          "target": [
            {
              "equivalence": "equivalent",
              "code": "1036",
              "display": "Orthodox"
            }
          ]
        },
        {
          "code": "PEN",
          "display": "Christian: Pentecostal",
          "target": [
            {
              "equivalence": "equivalent",
              "code": "1038",
              "display": "Pentecostal"
            }
          ]
        },
        {
          "code": "PRE",
          "display": "Christian: Presbyterian",
          "target": [
            {
              "equivalence": "equivalent",
              "code": "1076",
              "display": "Presbyterian"
            }
          ]
        },
        {
          "code": "PRO",
          "display": "Christian: Protestant",
          "target": [
            {
              "equivalence": "equivalent",
              "code": "1077",
              "display": "Protestant"
            }
          ]
        },
        {
          "code": "PRC",
          "display": "Christian: Other Protestant",
          "target": [
            {
              "equivalence": "equivalent",
              "code": "1078",
              "display": "Protestant, No Denomination"
            }
          ]
        },
        {
          "code": "QUA",
          "display": "Christian: Friends",
          "target": [
            {
              "equivalence": "equivalent",
              "code": "1071",
              "display": "Friends"
            }
          ]
        },
        {
          "code": "REC",
          "display": "Christian: Reformed Church",
          "target": [
            {
              "equivalence": "equivalent",
              "code": "1079",
              "display": "Reformed"
            }
          ]
        },
        {
          "code": "CAT",
          "display": "Christian: Roman Catholic",
          "target": [
            {
              "equivalence": "equivalent",
              "code": "1041",
              "display": "Roman Catholic Church"
            }
          ]
        },
        {
          "code": "SAA",
          "display": "Christian: Salvation Army",
          "target": [
            {
              "equivalence": "equivalent",
              "code": "1080",
              "display": "Salvation Army"
            }
          ]
        },
        {
          "code": "SEV",
          "display": "Christian: Seventh Day Adventist",
          "target": [
            {
              "equivalence": "equivalent",
              "code": "1001",
              "display": "Adventist"
            }
          ]
        },
        {
          "code": "UCC",
          "display": "Christian: United Church of Christ",
          "target": [
            {
              "equivalence": "equivalent",
              "code": "1082",
              "display": "United Church of Christ"
            }
          ]
        },
        {
          "code": "UNI",
          "display": "Christian: Unitarian",
          "target": [
            {
              "equivalence": "equivalent",
              "code": "1052",
              "display": "Unitarian-Universalism"
            }
          ]
        },
        {
          "code": "UNU",
          "display": "Christian: Unitarian Universalist",
          "target": [
            {
              "equivalence": "equivalent",
              "code": "1081",
              "display": "Unitarian Universalist"
            }
          ]
        },
        {
          "code": "CNF",
          "display": "Confucian",
          "target": [
            {
              "equivalence": "equivalent",
              "code": "1014",
              "display": "Confucianism"
            }
          ]
        },
        {
          "code": "DOC",
          "display": "Disciples of Christ",
          "target": [
            {
              "equivalence": "equivalent",
              "code": "1067",
              "display": "Disciples of Christ"
            }
          ]
        },
        {
          "code": "HSH",
          "display": "Hindu: Shaivites",
          "target": [
            {
              "equivalence": "equivalent",
              "code": "1020",
              "display": "Hinduism"
            }
          ]
        },
        {
          "code": "HVA",
          "display": "Hindu: Vaishnavites",
          "target": [
            {
              "equivalence": "equivalent",
              "code": "1020",
              "display": "Hinduism"
            }
          ]
        },
        {
          "code": "HOT",
          "display": "Hindu: Other",
          "target": [
            {
              "equivalence": "equivalent",
              "code": "1020",
              "display": "Hinduism"
            }
          ]
        },
        {
          "code": "JAI",
          "display": "Jain",
          "target": [
            {
              "equivalence": "equivalent",
              "code": "1024",
              "display": "Jainism"
            }
          ]
        },
        {
          "code": "MOS",
          "display": "Muslim",
          "target": [
            {
              "equivalence": "equivalent",
              "code": "1023",
              "display": "Islam"
            }
          ]
        },
        {
          "code": "MSH",
          "display": "Muslim: Shiite",
          "target": [
            {
              "equivalence": "equivalent",
              "code": "1045",
              "display": "Shiite (Islam)"
            }
          ]
        },
        {
          "code": "MSU",
          "display": "Muslim: Sunni",
          "target": [
            {
              "equivalence": "equivalent",
              "code": "1049",
              "display": "Sunni (Islam)"
            }
          ]
        },
        {
          "code": "NAM",
          "display": "Native American",
          "target": [
            {
              "equivalence": "equivalent",
              "code": "1074",
              "display": "Native American"
            }
          ]
        },
        {
          "code": "SHN",
          "display": "Shintoist",
          "target": [
            {
              "equivalence": "equivalent",
              "code": "1046",
              "display": "Shinto"
            }
          ]
        },
        {
          "code": "SIK",
          "display": "Sikh",
          "target": [
            {
              "equivalence": "equivalent",
              "code": "1047",
              "display": "Sikism"
            }
          ]
        },
        {
          "code": "SPI",
          "display": "Spiritist",
          "target": [
            {
              "equivalence": "equivalent",
              "code": "1048",
              "display": "Spiritualism"
            }
          ]
        }
      ]
    },
    {
      "source": "http://terminology.hl7.org/CodeSystem/v2-0006",
      "element": [
        {
          "code": "C",
          "display": "Catholic",
          "target": [
            {
              "equivalence": "unmatched"
            }
          ]
        },
        {
          "code": "BUD",
          "display": "Buddhist",
          "target": [
            {
              "equivalence": "unmatched"
            }
          ]
        },
        {
          "code": "BTA",
          "display": "Buddhist: Tantrayana",
          "target": [
            {
              "equivalence": "unmatched"
            }
          ]
        },
        {
          "code": "BOT",
          "display": "Buddhist: Other",
          "target": [
            {
              "equivalence": "unmatched"
            }
          ]
        },
        {
          "code": "CFR",
          "display": "Chinese Folk Religionist",
          "target": [
            {
              "equivalence": "unmatched"
            }
          ]
        },
        {
          "code": "ABC",
          "display": "Christian: American Baptist Church",
          "target": [
            {
              "equivalence": "unmatched"
            }
          ]
        },
        {
          "code": "AMT",
          "display": "Christian: African Methodist Episcopal",
          "target": [
            {
              "equivalence": "unmatched"
            }
          ]
        },
        {
          "code": "AME",
          "display": "Christian: African Methodist Episcopal Zion",
          "target": [
            {
              "equivalence": "unmatched"
            }
          ]
        },
        {
          "code": "CMA",
          "display": "Christian: Christian Missionary Alliance",
          "target": [
            {
              "equivalence": "unmatched"
            }
          ]
        },
        {
          "code": "COI",
          "display": "Christian: Church of God in Christ",
          "target": [
            {
              "equivalence": "unmatched"
            }
          ]
        },
        {
          "code": "COM",
          "display": "Christian: Community",
          "target": [
            {
              "equivalence": "unmatched"
            }
          ]
        },
        {
          "code": "EVC",
          "display": "Christian: Evangelical Church",
          "target": [
            {
              "equivalence": "unmatched"
            }
          ]
        },
        {
          "code": "FWB",
          "display": "Christian: Free Will Baptist",
          "target": [
            {
              "equivalence": "unmatched"
            }
          ]
        },
        {
          "code": "GRE",
          "display": "Christian: Greek Orthodox",
          "target": [
            {
              "equivalence": "unmatched"
            }
          ]
        },
        {
          "code": "LMS",
          "display": "Christian: Lutheran Missouri Synod",
          "target": [
            {
              "equivalence": "unmatched"
            }
          ]
        },
        {
          "code": "MEN",
          "display": "Christian: Mennonite",
          "target": [
            {
              "equivalence": "unmatched"
            }
          ]
        },
        {
          "code": "COP",
          "display": "Christian: Other Pentecostal",
          "target": [
            {
              "equivalence": "unmatched"
            }
          ]
        },
        {
          "code": "REO",
          "display": "Christian: Reorganized Church of Jesus Christ-LDS",
          "target": [
            {
              "equivalence": "unmatched"
            }
          ]
        },
        {
          "code": "SOU",
          "display": "Christian: Southern Baptist",
          "target": [
            {
              "equivalence": "unmatched"
            }
          ]
        },
        {
          "code": "UMD",
          "display": "Christian: United Methodist",
          "target": [
            {
              "equivalence": "unmatched"
            }
          ]
        },
        {
          "code": "WES",
          "display": "Christian: Wesleyan",
          "target": [
            {
              "equivalence": "unmatched"
            }
          ]
        },
        {
          "code": "WMC",
          "display": "Christian: Wesleyan Methodist",
          "target": [
            {
              "equivalence": "unmatched"
            }
          ]
        },
        {
          "code": "COT",
          "display": "Christian: Other",
          "target": [
            {
              "equivalence": "unmatched"
            }
          ]
        },
        {
          "code": "ERL",
          "display": "Ethnic Religionist",
          "target": [
            {
              "equivalence": "unmatched"
            }
          ]
        },
        {
          "code": "HIN",
          "display": "Hindu",
          "target": [
            {
              "equivalence": "unmatched"
            }
          ]
        },
        {
          "code": "JEW",
          "display": "Jewish",
          "target": [
            {
              "equivalence": "unmatched"
            }
          ]
        },
        {
          "code": "JCO",
          "display": "Jewish: Conservative",
          "target": [
            {
              "equivalence": "unmatched"
            }
          ]
        },
        {
          "code": "JOR",
          "display": "Jewish: Orthodox",
          "target": [
            {
              "equivalence": "unmatched"
            }
          ]
        },
        {
          "code": "JRC",
          "display": "Jewish: Reconstructionist",
          "target": [
            {
              "equivalence": "unmatched"
            }
          ]
        },
        {
          "code": "JRF",
          "display": "Jewish: Reform",
          "target": [
            {
              "equivalence": "unmatched"
            }
          ]
        },
        {
          "code": "JRN",
          "display": "Jewish: Renewal",
          "target": [
            {
              "equivalence": "unmatched"
            }
          ]
        },
        {
          "code": "JOT",
          "display": "Jewish: Other",
          "target": [
            {
              "equivalence": "unmatched"
            }
          ]
        },
        {
          "code": "MOT",
          "display": "Muslim: Other",
          "target": [
            {
              "equivalence": "unmatched"
            }
          ]
        },
        {
          "code": "NRL",
          "display": "New Religionist",
          "target": [
            {
              "equivalence": "unmatched"
            }
          ]
        },
        {
          "code": "NOE",
          "display": "Nonreligious",
          "target": [
            {
              "equivalence": "unmatched"
            }
          ]
        },
        {
          "code": "OTH",
          "display": "Other",
          "target": [
            {
              "equivalence": "unmatched"
            }
          ]
        },
        {
          "code": "VAR",
          "display": "Unknown",
          "target": [
            {
              "equivalence": "unmatched"
            }
          ]
        }
      ]
    }
  ]
}
