{
  "resourceType": "ConceptMap",
  "id": "table-hl70007-to-v2-0007",
  "url": "http://hl7.org/fhir/uv/v2mappings/ConceptMap/table-hl70007-to-v2-0007",
  "title": "Table HL70007 to V2 0007 Map",
  "description": "This ConceptMap represents a mapping from the HL7 V2 Table HL70007 to the FHIR V2 0007 Value Set.",
  "name": "TableHL70007ToV20007",
  "sourceUri": "http://terminology.hl7.org/ValueSet/v2-0007",
  "targetUri": "http://terminology.hl7.org/ValueSet/v2-0007",
  "version": "1.0",
  "status": "active",
  "experimental": true,
  "publisher": "HL7 International, Inc",
  "contact": [
    {
      "telecom": [
        {
          "system": "email",
          "value": "v2-to-fhir@lists.hl7.org"
        }
      ]
    }
  ],
  "date": "2025-08-23",
  "copyright": "Copyright (c) 2025, HL7 International, Inc., All Rights Reserved.",
  "extension": [
    {
      "url": "http://hl7.org/fhir/uv/v2mappings/StructureDefinition/RelatedArtifact",
      "extension": [
        {
          "url": "type",
          "valueCode": "derived-from"
        },
        {
          "url": "label",
          "valueString": "Table HL70007 to V2 0007.fsh"
        },
        {
          "url": "url",
          "valueUri": "https://docs.google.com/spreadsheets/d/1KJsdOBI-L2BD2DpItURTDZ7o-rGNEYIZZMBNEoiqhrI/edit#gid=0"
        }
      ]
    }
  ],
  "group": [
    {
      "source": "http://terminology.hl7.org/CodeSystem/v2-0007",
      "target": "http://terminology.hl7.org/CodeSystem/v2-0007",
      "element": [
        {
          "code": "A",
          "display": "Accident",
          "target": [
            {
              "equivalence": "equivalent",
              "code": "A",
              "display": "Accident"
            }
          ]
        },
        {
          "code": "E",
          "display": "Emergency",
          "target": [
            {
              "equivalence": "equivalent",
              "code": "E",
              "display": "Emergency"
            }
          ]
        },
        {
          "code": "L",
          "display": "Labor and Delivery",
          "target": [
            {
              "equivalence": "equivalent",
              "code": "L",
              "display": "Labor and Delivery"
            }
          ]
        },
        {
          "code": "R",
          "display": "Routine",
          "target": [
            {
              "equivalence": "equivalent",
              "code": "R",
              "display": "Routine"
            }
          ]
        },
        {
          "code": "N",
          "display": "Newborn (Birth in healthcare facility)",
          "target": [
            {
              "equivalence": "equivalent",
              "code": "N",
              "display": "Newborn (Birth in healthcare facility)"
            }
          ]
        },
        {
          "code": "U",
          "display": "Urgent",
          "target": [
            {
              "equivalence": "equivalent",
              "code": "U",
              "display": "Urgent"
            }
          ]
        },
        {
          "code": "C",
          "display": "Elective",
          "target": [
            {
              "equivalence": "equivalent",
              "code": "C",
              "display": "Elective"
            }
          ]
        }
      ]
    }
  ]
}
