{
  "resourceType": "ConceptMap",
  "id": "table-hl70200-to-name-use",
  "url": "http://hl7.org/fhir/uv/v2mappings/ConceptMap/table-hl70200-to-name-use",
  "title": "Table HL70200 to Name Use Map",
  "description": "This ConceptMap represents a mapping from the HL7 V2 Table HL70200 to the FHIR Name Use Value Set.",
  "name": "TableHL70200ToNameUse",
  "sourceUri": "http://terminology.hl7.org/ValueSet/v2-0200",
  "version": "1.0",
  "status": "active",
  "experimental": true,
  "publisher": "HL7 International, Inc",
  "contact": [
    {
      "telecom": [
        {
          "system": "email",
          "value": "v2-to-fhir@lists.hl7.org"
        }
      ]
    }
  ],
  "date": "2025-08-23",
  "copyright": "Copyright (c) 2025, HL7 International, Inc., All Rights Reserved.",
  "extension": [
    {
      "url": "http://hl7.org/fhir/uv/v2mappings/StructureDefinition/RelatedArtifact",
      "extension": [
        {
          "url": "type",
          "valueCode": "derived-from"
        },
        {
          "url": "label",
          "valueString": "Table HL70200 to Name Use.fsh"
        },
        {
          "url": "url",
          "valueUri": "https://docs.google.com/spreadsheets/d/1pK0Uutb8ppFiPxR_Mnwh5-N5WINCwTyWtgbwLBgZfGg/edit#gid=0"
        }
      ]
    }
  ],
  "group": [
    {
      "source": "http://terminology.hl7.org/CodeSystem/v2-0200",
      "target": "http://hl7.org/fhir/name-use",
      "element": [
        {
          "code": "BAD",
          "display": "Bad Name",
          "target": [
            {
              "equivalence": "equivalent",
              "code": "old",
              "display": "Old"
            }
          ]
        },
        {
          "code": "D",
          "display": "Customary Name",
          "target": [
            {
              "equivalence": "equivalent",
              "code": "usual",
              "display": "Usual"
            }
          ]
        },
        {
          "code": "L",
          "display": "Official Registry Name",
          "target": [
            {
              "equivalence": "equivalent",
              "code": "official",
              "display": "Official"
            }
          ]
        },
        {
          "code": "M",
          "display": "Maiden Name",
          "target": [
            {
              "equivalence": "equivalent",
              "code": "maiden",
              "display": "Name changed for Marriage"
            }
          ]
        },
        {
          "code": "MSK",
          "display": "Masked",
          "target": [
            {
              "equivalence": "equivalent",
              "code": "anonymous",
              "display": "Anonymous"
            }
          ]
        },
        {
          "code": "N",
          "display": "Nickname",
          "target": [
            {
              "equivalence": "equivalent",
              "code": "nickname",
              "display": "Nickname"
            }
          ]
        },
        {
          "code": "NAV",
          "display": "Temporarily Unavailable",
          "target": [
            {
              "equivalence": "equivalent",
              "code": "temp",
              "display": "temp"
            }
          ]
        },
        {
          "code": "R",
          "display": "Registered Name",
          "target": [
            {
              "equivalence": "equivalent",
              "code": "official",
              "display": "Official"
            }
          ]
        },
        {
          "code": "TEMP",
          "display": "Temporary Name",
          "target": [
            {
              "equivalence": "equivalent",
              "code": "temp",
              "display": "Temp"
            }
          ]
        }
      ]
    },
    {
      "source": "http://terminology.hl7.org/CodeSystem/v2-0200",
      "element": [
        {
          "code": "A",
          "display": "Assigned",
          "target": [
            {
              "equivalence": "unmatched"
            }
          ]
        },
        {
          "code": "B",
          "display": "Birth name",
          "target": [
            {
              "equivalence": "unmatched"
            }
          ]
        },
        {
          "code": "C",
          "display": "Adopted Name",
          "target": [
            {
              "equivalence": "unmatched"
            }
          ]
        },
        {
          "code": "F",
          "display": "Fathers Name",
          "target": [
            {
              "equivalence": "unmatched"
            }
          ]
        },
        {
          "code": "I",
          "display": "Licensing Name",
          "target": [
            {
              "equivalence": "unmatched"
            }
          ]
        },
        {
          "code": "K",
          "display": "Business name",
          "target": [
            {
              "equivalence": "unmatched"
            }
          ]
        },
        {
          "code": "NB",
          "display": "Newborn Name",
          "target": [
            {
              "equivalence": "unmatched"
            }
          ]
        },
        {
          "code": "NOUSE",
          "display": "No Longer To Be Used",
          "target": [
            {
              "equivalence": "unmatched"
            }
          ]
        },
        {
          "code": "P",
          "display": "Name of Partner/Spouse",
          "target": [
            {
              "equivalence": "unmatched"
            }
          ]
        },
        {
          "code": "REL",
          "display": "Religious",
          "target": [
            {
              "equivalence": "unmatched"
            }
          ]
        },
        {
          "code": "S",
          "display": "Pseudonym",
          "target": [
            {
              "equivalence": "unmatched"
            }
          ]
        },
        {
          "code": "T",
          "display": "Indigenous/Tribal",
          "target": [
            {
              "equivalence": "unmatched"
            }
          ]
        },
        {
          "code": "U",
          "display": "Unknown",
          "target": [
            {
              "equivalence": "unmatched"
            }
          ]
        }
      ]
    }
  ]
}
