{
  "resourceType": "ConceptMap",
  "id": "table-hl70912-to-practitioner-role",
  "url": "http://hl7.org/fhir/uv/v2mappings/ConceptMap/table-hl70912-to-practitioner-role",
  "title": "Table HL70912 to Practitioner Role Map",
  "description": "This ConceptMap represents a mapping from the HL7 V2 Table HL70912 to the FHIR Practitioner Role Value Set.",
  "name": "TableHL70912ToPractitionerRole",
  "sourceUri": "http://terminology.hl7.org/ValueSet/v2-0912",
  "version": "1.0",
  "status": "active",
  "experimental": true,
  "publisher": "HL7 International, Inc",
  "contact": [
    {
      "telecom": [
        {
          "system": "email",
          "value": "v2-to-fhir@lists.hl7.org"
        }
      ]
    }
  ],
  "date": "2025-08-23",
  "copyright": "Copyright (c) 2025, HL7 International, Inc., All Rights Reserved.",
  "extension": [
    {
      "url": "http://hl7.org/fhir/uv/v2mappings/StructureDefinition/RelatedArtifact",
      "extension": [
        {
          "url": "type",
          "valueCode": "derived-from"
        },
        {
          "url": "label",
          "valueString": "Table HL70912 to Practitioner Role.fsh"
        },
        {
          "url": "url",
          "valueUri": "https://docs.google.com/spreadsheets/d/1rbjK6-XxY2BoCpVRWy_Mrvkl9PTk_8zw0GIeng8zz-4/edit#gid=0"
        }
      ]
    }
  ],
  "group": [
    {
      "source": "http://terminology.hl7.org/CodeSystem/v2-0912",
      "target": "http://terminology.hl7.org/CodeSystem/practitioner-role",
      "element": [
        {
          "code": "PH",
          "display": "Pharmacist",
          "target": [
            {
              "equivalence": "equivalent",
              "code": "pharmacist",
              "display": "Pharmacist"
            }
          ]
        }
      ]
    },
    {
      "source": "http://terminology.hl7.org/CodeSystem/v2-0912",
      "element": [
        {
          "code": "AAP",
          "display": "Alert Acknowledging Provider",
          "target": [
            {
              "equivalence": "unmatched"
            }
          ]
        },
        {
          "code": "AC",
          "display": "Administration Cosigner",
          "target": [
            {
              "equivalence": "unmatched"
            }
          ]
        },
        {
          "code": "AD",
          "display": "Admitting Provider",
          "target": [
            {
              "equivalence": "unmatched"
            }
          ]
        },
        {
          "code": "AI",
          "display": "Assistant/Alternate Interpreter",
          "target": [
            {
              "equivalence": "unmatched"
            }
          ]
        },
        {
          "code": "AP",
          "display": "Administering Provider",
          "target": [
            {
              "equivalence": "unmatched"
            }
          ]
        },
        {
          "code": "ARI",
          "display": "Assistant Result Interpreter",
          "target": [
            {
              "equivalence": "unmatched"
            }
          ]
        },
        {
          "code": "AT",
          "display": "Attending Provider",
          "target": [
            {
              "equivalence": "unmatched"
            }
          ]
        },
        {
          "code": "AUT",
          "display": "Author/Event Initiator",
          "target": [
            {
              "equivalence": "unmatched"
            }
          ]
        },
        {
          "code": "CP",
          "display": "Consulting Provider",
          "target": [
            {
              "equivalence": "unmatched"
            }
          ]
        },
        {
          "code": "DP",
          "display": "Dispensing Provider",
          "target": [
            {
              "equivalence": "unmatched"
            }
          ]
        },
        {
          "code": "EP",
          "display": "Entering Person",
          "target": [
            {
              "equivalence": "unmatched"
            }
          ]
        },
        {
          "code": "EQUIP",
          "display": "Equipment",
          "target": [
            {
              "equivalence": "unmatched"
            }
          ]
        },
        {
          "code": "FHCP",
          "display": "Family Health Care Professional",
          "target": [
            {
              "equivalence": "unmatched"
            }
          ]
        },
        {
          "code": "MDIR",
          "display": "Medical Director",
          "target": [
            {
              "equivalence": "unmatched"
            }
          ]
        },
        {
          "code": "OP",
          "display": "Ordering Provider",
          "target": [
            {
              "equivalence": "unmatched"
            }
          ]
        },
        {
          "code": "OS",
          "display": "Outside Site(s) Where Observation May Be Performed",
          "target": [
            {
              "equivalence": "unmatched"
            }
          ]
        },
        {
          "code": "PB",
          "display": "Packed by",
          "target": [
            {
              "equivalence": "unmatched"
            }
          ]
        },
        {
          "code": "PI",
          "display": "Primary Interpreter",
          "target": [
            {
              "equivalence": "unmatched"
            }
          ]
        },
        {
          "code": "PO",
          "display": "Performing Organization",
          "target": [
            {
              "equivalence": "unmatched"
            }
          ]
        },
        {
          "code": "POMD",
          "display": "Performing Organization Medical Director",
          "target": [
            {
              "equivalence": "unmatched"
            }
          ]
        },
        {
          "code": "PP",
          "display": "Primary Care Provider",
          "target": [
            {
              "equivalence": "unmatched"
            }
          ]
        },
        {
          "code": "PRI",
          "display": "Principal Result Interpreter",
          "target": [
            {
              "equivalence": "unmatched"
            }
          ]
        },
        {
          "code": "RCT",
          "display": "Results Copies To",
          "target": [
            {
              "equivalence": "unmatched"
            }
          ]
        },
        {
          "code": "RO",
          "display": "Responsible Observer",
          "target": [
            {
              "equivalence": "unmatched"
            }
          ]
        },
        {
          "code": "RP",
          "display": "Referring Provider",
          "target": [
            {
              "equivalence": "unmatched"
            }
          ]
        },
        {
          "code": "RT",
          "display": "Referred to Provider",
          "target": [
            {
              "equivalence": "unmatched"
            }
          ]
        },
        {
          "code": "SB",
          "display": "Send by",
          "target": [
            {
              "equivalence": "unmatched"
            }
          ]
        },
        {
          "code": "SC",
          "display": "Specimen Collector",
          "target": [
            {
              "equivalence": "unmatched"
            }
          ]
        },
        {
          "code": "TN",
          "display": "Technician",
          "target": [
            {
              "equivalence": "unmatched"
            }
          ]
        },
        {
          "code": "TR",
          "display": "Transcriptionist",
          "target": [
            {
              "equivalence": "unmatched"
            }
          ]
        },
        {
          "code": "VP",
          "display": "Verifier (Verifying Person)",
          "target": [
            {
              "equivalence": "unmatched"
            }
          ]
        },
        {
          "code": "VPS",
          "display": "Verifying Pharmaceutical Supplier (not sure how to dissect Pharmacist/Treatment Supplier's Verifier ID)",
          "target": [
            {
              "equivalence": "unmatched"
            }
          ]
        },
        {
          "code": "VTS",
          "display": "Verifying Treatment Supplier",
          "target": [
            {
              "equivalence": "unmatched"
            }
          ]
        },
        {
          "code": "WAY",
          "display": "Waypoint",
          "target": [
            {
              "equivalence": "unmatched"
            }
          ]
        },
        {
          "code": "WAYR",
          "display": "Waypoint Recipient",
          "target": [
            {
              "equivalence": "unmatched"
            }
          ]
        }
      ]
    }
  ]
}
