{
  "resourceType": "ConceptMap",
  "id": "table-hl70001-to-administrative-gender",
  "url": "http://hl7.org/fhir/uv/v2mappings/ConceptMap/table-hl70001-to-administrative-gender",
  "title": "Table HL70001 to Administrative Gender Map",
  "description": "This ConceptMap represents a mapping from the HL7 V2 Table HL70001 to the FHIR Administrative Gender Value Set.",
  "name": "TableHL70001ToAdministrativeGender",
  "sourceUri": "http://terminology.hl7.org/ValueSet/v2-0001",
  "targetUri": "http://hl7.org/fhir/ValueSet/administrative-gender",
  "version": "1.0",
  "status": "active",
  "experimental": true,
  "publisher": "HL7 International, Inc",
  "contact": [
    {
      "telecom": [
        {
          "system": "email",
          "value": "v2-to-fhir@lists.hl7.org"
        }
      ]
    }
  ],
  "date": "2025-08-23",
  "copyright": "Copyright (c) 2025, HL7 International, Inc., All Rights Reserved.",
  "extension": [
    {
      "url": "http://hl7.org/fhir/uv/v2mappings/StructureDefinition/RelatedArtifact",
      "extension": [
        {
          "url": "type",
          "valueCode": "derived-from"
        },
        {
          "url": "label",
          "valueString": "Table HL70001 to Administrative Gender.fsh"
        },
        {
          "url": "url",
          "valueUri": "https://docs.google.com/spreadsheets/d/1VxG2IpKlMJE_aC4hDB-PXKM6q2vC_E950WO2Nbctr5U/edit#gid=0"
        }
      ]
    }
  ],
  "group": [
    {
      "source": "http://terminology.hl7.org/CodeSystem/v2-0001",
      "target": "http://hl7.org/fhir/administrative-gender",
      "element": [
        {
          "code": "F",
          "display": "Female",
          "target": [
            {
              "equivalence": "equivalent",
              "code": "female",
              "display": "Female"
            }
          ]
        },
        {
          "code": "M",
          "display": "Male",
          "target": [
            {
              "equivalence": "equivalent",
              "code": "male",
              "display": "Male"
            }
          ]
        },
        {
          "code": "O",
          "display": "Other",
          "target": [
            {
              "equivalence": "equivalent",
              "code": "other",
              "display": "Other"
            }
          ]
        },
        {
          "code": "U",
          "display": "Unknown",
          "target": [
            {
              "equivalence": "equivalent",
              "code": "unknown",
              "display": "Unknown"
            }
          ]
        },
        {
          "code": "A",
          "display": "Ambiguous",
          "target": [
            {
              "equivalence": "equivalent",
              "code": "other",
              "display": "Other"
            }
          ]
        },
        {
          "code": "N",
          "display": "Not applicable",
          "target": [
            {
              "equivalence": "equivalent",
              "code": "other",
              "display": "Other"
            }
          ]
        }
      ]
    }
  ]
}
