{
  "resourceType": "ConceptMap",
  "id": "message-siu-s12-to-bundle",
  "url": "http://hl7.org/fhir/uv/v2mappings/ConceptMap/message-siu-s12-to-bundle",
  "title": "Message SIU_S12 to Bundle Map",
  "description": "This ConceptMap represents a mapping from the HL7 V2 Message SIU_S12 to the FHIR Message Bundle.",
  "name": "MessageSIU_S12ToBundle",
  "version": "1.0",
  "status": "active",
  "experimental": true,
  "publisher": "HL7 International, Inc",
  "contact": [
    {
      "telecom": [
        {
          "system": "email",
          "value": "v2-to-fhir@lists.hl7.org"
        }
      ]
    }
  ],
  "date": "2025-08-23",
  "copyright": "Copyright (c) 2025, HL7 International, Inc., All Rights Reserved.",
  "extension": [
    {
      "url": "http://hl7.org/fhir/uv/v2mappings/StructureDefinition/RelatedArtifact",
      "extension": [
        {
          "url": "type",
          "valueCode": "derived-from"
        },
        {
          "url": "label",
          "valueString": "Message SIU:S12 to Bundle.fsh"
        },
        {
          "url": "url",
          "valueUri": "https://docs.google.com/spreadsheets/d/1kbcOetUxBZWvGNxHAmJgjZFMoDVNHvJufAEs8-p4y24/edit#gid=0"
        }
      ]
    }
  ],
  "group": [
    {
      "element": [
        {
          "code": "SIU_S12.MSH",
          "extension": [
            {
              "url": "http://hl7.org/fhir/uv/v2mappings/StructureDefinition/TypeInfo",
              "extension": [
                {
                  "url": "cardinalityMin",
                  "valueInteger": 1
                },
                {
                  "url": "cardinalityMax",
                  "valueInteger": 1
                }
              ]
            }
          ],
          "display": "Message Header",
          "target": [
            {
              "equivalence": "equivalent",
              "code": "Bundle",
              "display": "Bundle"
            }
          ]
        },
        {
          "code": "SIU_S12.MSH",
          "extension": [
            {
              "url": "http://hl7.org/fhir/uv/v2mappings/StructureDefinition/TypeInfo",
              "extension": [
                {
                  "url": "cardinalityMin",
                  "valueInteger": 1
                },
                {
                  "url": "cardinalityMax",
                  "valueInteger": 1
                }
              ]
            }
          ],
          "display": "Message Header",
          "target": [
            {
              "equivalence": "equivalent",
              "code": "MessageHeader[1]",
              "display": "MessageHeader[1]",
              "comment": "Processing of the MSH segment results in the creation of a new MessageHeader resource"
            }
          ]
        },
        {
          "code": "SIU_S12.MSH",
          "extension": [
            {
              "url": "http://hl7.org/fhir/uv/v2mappings/StructureDefinition/TypeInfo",
              "extension": [
                {
                  "url": "cardinalityMin",
                  "valueInteger": 1
                },
                {
                  "url": "cardinalityMax",
                  "valueInteger": 1
                }
              ]
            }
          ],
          "display": "Message Header",
          "target": [
            {
              "equivalence": "equivalent",
              "code": "Provenance[1]",
              "display": "Provenance[1]",
              "comment": "."
            }
          ]
        },
        {
          "code": "SIU_S12.MSH",
          "extension": [
            {
              "url": "http://hl7.org/fhir/uv/v2mappings/StructureDefinition/TypeInfo",
              "extension": [
                {
                  "url": "cardinalityMin",
                  "valueInteger": 1
                },
                {
                  "url": "cardinalityMax",
                  "valueInteger": 1
                }
              ]
            }
          ],
          "display": "Message Header",
          "target": [
            {
              "equivalence": "equivalent",
              "code": "Provenance[2]",
              "display": "Provenance[2]"
            }
          ]
        },
        {
          "code": "SIU_S12.SCH",
          "extension": [
            {
              "url": "http://hl7.org/fhir/uv/v2mappings/StructureDefinition/TypeInfo",
              "extension": [
                {
                  "url": "cardinalityMin",
                  "valueInteger": 1
                },
                {
                  "url": "cardinalityMax",
                  "valueInteger": 1
                }
              ]
            }
          ],
          "display": "Schedule Activity Information",
          "target": [
            {
              "equivalence": "equivalent",
              "code": "Appointment[1]",
              "display": "Appointment[1]"
            }
          ]
        },
        {
          "code": "SIU_S12.SCH",
          "extension": [
            {
              "url": "http://hl7.org/fhir/uv/v2mappings/StructureDefinition/TypeInfo",
              "extension": [
                {
                  "url": "cardinalityMin",
                  "valueInteger": 1
                },
                {
                  "url": "cardinalityMax",
                  "valueInteger": 1
                }
              ]
            }
          ],
          "display": "Schedule Activity Information",
          "target": [
            {
              "equivalence": "equivalent",
              "code": "ServiceRequest[1..n]",
              "display": "ServiceRequest[1..n]",
              "dependsOn": [
                {
                  "property": "Computable-ANTLR",
                  "value": "IF SCH-26 or SCH-27 VALUED"
                }
              ]
            }
          ]
        },
        {
          "code": "SIU_S12.SCH",
          "extension": [
            {
              "url": "http://hl7.org/fhir/uv/v2mappings/StructureDefinition/TypeInfo",
              "extension": [
                {
                  "url": "cardinalityMin",
                  "valueInteger": 1
                },
                {
                  "url": "cardinalityMax",
                  "valueInteger": 1
                }
              ]
            }
          ],
          "display": "Schedule Activity Information",
          "target": [
            {
              "equivalence": "equivalent",
              "code": "Provenance[3]",
              "display": "Provenance[3]"
            }
          ]
        },
        {
          "code": "SIU_S12.NTE",
          "extension": [
            {
              "url": "http://hl7.org/fhir/uv/v2mappings/StructureDefinition/TypeInfo",
              "extension": [
                {
                  "url": "cardinalityMin",
                  "valueInteger": 0
                },
                {
                  "url": "cardinalityMax",
                  "valueInteger": -1
                }
              ]
            }
          ],
          "display": "Notes and Comments",
          "target": [
            {
              "equivalence": "equivalent",
              "code": "Appointment[1]",
              "display": "Appointment[1]",
              "comment": "Because multiple NTE segments in a message all need to map to a single Appointment.comment element, the content of the NTEs will need to be concatenated together in R4"
            }
          ]
        },
        {
          "code": "SIU_S12.PATIENT.PID",
          "extension": [
            {
              "url": "http://hl7.org/fhir/uv/v2mappings/StructureDefinition/TypeInfo",
              "extension": [
                {
                  "url": "cardinalityMin",
                  "valueInteger": 1
                },
                {
                  "url": "cardinalityMax",
                  "valueInteger": 1
                }
              ]
            }
          ],
          "display": "Patient Identification",
          "target": [
            {
              "equivalence": "equivalent",
              "code": "Patient[1]",
              "display": "Patient[1]",
              "comment": "Processing of the PID segment results in the creation of a new Patient resource"
            }
          ]
        },
        {
          "code": "SIU_S12.PATIENT.PID",
          "extension": [
            {
              "url": "http://hl7.org/fhir/uv/v2mappings/StructureDefinition/TypeInfo",
              "extension": [
                {
                  "url": "cardinalityMin",
                  "valueInteger": 1
                },
                {
                  "url": "cardinalityMax",
                  "valueInteger": 1
                }
              ]
            }
          ],
          "display": "Patient Identification",
          "target": [
            {
              "equivalence": "equivalent",
              "code": "Appointment[1]",
              "display": "Appointment[1]"
            }
          ]
        },
        {
          "code": "SIU_S12.PATIENT.PID",
          "extension": [
            {
              "url": "http://hl7.org/fhir/uv/v2mappings/StructureDefinition/TypeInfo",
              "extension": [
                {
                  "url": "cardinalityMin",
                  "valueInteger": 1
                },
                {
                  "url": "cardinalityMax",
                  "valueInteger": 1
                }
              ]
            }
          ],
          "display": "Patient Identification",
          "target": [
            {
              "equivalence": "equivalent",
              "code": "Provenance[4]",
              "display": "Provenance[4]",
              "dependsOn": [
                {
                  "property": "Computable-ANTLR",
                  "value": "IF PID-33 AND PID-34 VALUED"
                },
                {
                  "property": "Narrative-Condition",
                  "value": "One  may drop PID-33 from the condition if PID-34 Last Update Facility is still sufficient without a date."
                }
              ]
            }
          ]
        },
        {
          "code": "SIU_S12.PATIENT.PV1",
          "extension": [
            {
              "url": "http://hl7.org/fhir/uv/v2mappings/StructureDefinition/TypeInfo",
              "extension": [
                {
                  "url": "cardinalityMin",
                  "valueInteger": 0
                },
                {
                  "url": "cardinalityMax",
                  "valueInteger": 1
                }
              ]
            }
          ],
          "display": "Patient Visit",
          "target": [
            {
              "equivalence": "equivalent",
              "code": "Encounter[1]",
              "display": "Encounter[1]",
              "comment": "Processing of the PV1 segment results in the creation of a new Encounter resource"
            }
          ]
        },
        {
          "code": "SIU_S12.PATIENT.PV1",
          "extension": [
            {
              "url": "http://hl7.org/fhir/uv/v2mappings/StructureDefinition/TypeInfo",
              "extension": [
                {
                  "url": "cardinalityMin",
                  "valueInteger": 0
                },
                {
                  "url": "cardinalityMax",
                  "valueInteger": 1
                }
              ]
            }
          ],
          "display": "Patient Visit",
          "target": [
            {
              "equivalence": "equivalent",
              "code": "Basic",
              "display": "Basic",
              "dependsOn": [
                {
                  "property": "Computable-ANTLR",
                  "value": "IF PV1-43 VALUED"
                }
              ]
            }
          ]
        },
        {
          "code": "SIU_S12.PATIENT.PV1",
          "extension": [
            {
              "url": "http://hl7.org/fhir/uv/v2mappings/StructureDefinition/TypeInfo",
              "extension": [
                {
                  "url": "cardinalityMin",
                  "valueInteger": 0
                },
                {
                  "url": "cardinalityMax",
                  "valueInteger": 1
                }
              ]
            }
          ],
          "display": "Patient Visit",
          "target": [
            {
              "equivalence": "equivalent",
              "code": "Patient[1]",
              "display": "Patient[1]"
            }
          ]
        },
        {
          "code": "SIU_S12.PATIENT.PV1",
          "extension": [
            {
              "url": "http://hl7.org/fhir/uv/v2mappings/StructureDefinition/TypeInfo",
              "extension": [
                {
                  "url": "cardinalityMin",
                  "valueInteger": 0
                },
                {
                  "url": "cardinalityMax",
                  "valueInteger": 1
                }
              ]
            }
          ],
          "display": "Patient Visit",
          "target": [
            {
              "equivalence": "equivalent",
              "code": "Coverage[1]",
              "display": "Coverage[1]",
              "dependsOn": [
                {
                  "property": "Computable-ANTLR",
                  "value": "IF PV1-20 VALUE"
                }
              ]
            }
          ]
        },
        {
          "code": "SIU_S12.PATIENT.PV2",
          "extension": [
            {
              "url": "http://hl7.org/fhir/uv/v2mappings/StructureDefinition/TypeInfo",
              "extension": [
                {
                  "url": "cardinalityMin",
                  "valueInteger": 0
                },
                {
                  "url": "cardinalityMax",
                  "valueInteger": 1
                }
              ]
            }
          ],
          "display": "Patient Visit - Additional Info",
          "target": [
            {
              "equivalence": "equivalent",
              "code": "Encounter[1]",
              "display": "Encounter[1]",
              "comment": "Incorporate PV2 content into the Encounter created from the PV1 segment."
            }
          ]
        },
        {
          "code": "SIU_S12.PATIENT.OBX",
          "extension": [
            {
              "url": "http://hl7.org/fhir/uv/v2mappings/StructureDefinition/TypeInfo",
              "extension": [
                {
                  "url": "cardinalityMin",
                  "valueInteger": 0
                },
                {
                  "url": "cardinalityMax",
                  "valueInteger": -1
                }
              ]
            }
          ],
          "display": "Observation/Result",
          "target": [
            {
              "equivalence": "equivalent",
              "code": "Observation[1]",
              "display": "Observation[1]",
              "dependsOn": [
                {
                  "property": "Computable-ANTLR",
                  "value": "IF OBX-5 LST.count LESS THAN OR EQUALS 1 OR OBX-2 IS \"NA\""
                }
              ]
            }
          ]
        },
        {
          "code": "SIU_S12.PATIENT.OBX",
          "extension": [
            {
              "url": "http://hl7.org/fhir/uv/v2mappings/StructureDefinition/TypeInfo",
              "extension": [
                {
                  "url": "cardinalityMin",
                  "valueInteger": 0
                },
                {
                  "url": "cardinalityMax",
                  "valueInteger": -1
                }
              ]
            }
          ],
          "display": "Observation/Result",
          "target": [
            {
              "equivalence": "equivalent",
              "code": "Observation[1]",
              "display": "Observation[1]",
              "comment": "Note that when OBX-5 repeats, the standard mapping is to use Observation.component (see OBX[Observation-Component] map) rather than creating separate Observation instances.  However, we are aware that some profiles and implementation guides do separate the OBX into multiple observations depending on the OBX-2 value.  This is an example of a non-standard interpretation as the OBX should have been separated into multiple OBX segments to start.  Please consider the local profiles and implementation guides on how to manage these variants.",
              "dependsOn": [
                {
                  "property": "Computable-ANTLR",
                  "value": "IF  OBX-5 LST.count GREATER THAN 1 AND OBX-2 IS NOT \"NA\""
                }
              ]
            }
          ]
        },
        {
          "code": "SIU_S12.PATIENT.DG1",
          "extension": [
            {
              "url": "http://hl7.org/fhir/uv/v2mappings/StructureDefinition/TypeInfo",
              "extension": [
                {
                  "url": "cardinalityMin",
                  "valueInteger": 0
                },
                {
                  "url": "cardinalityMax",
                  "valueInteger": -1
                }
              ]
            }
          ],
          "display": "Diagnosis",
          "target": [
            {
              "equivalence": "equivalent",
              "code": "Condition[1]",
              "display": "Condition[1]",
              "comment": "Processing of the DG1 segment results in the creation of a new Condition resource",
              "dependsOn": [
                {
                  "property": "Narrative-Condition",
                  "value": "If in context of the patient"
                }
              ]
            }
          ]
        },
        {
          "code": "SIU_S12.RESOURCES.SERVICE.AIS",
          "extension": [
            {
              "url": "http://hl7.org/fhir/uv/v2mappings/StructureDefinition/TypeInfo",
              "extension": [
                {
                  "url": "cardinalityMin",
                  "valueInteger": 1
                },
                {
                  "url": "cardinalityMax",
                  "valueInteger": 1
                }
              ]
            }
          ],
          "display": "Appointment Information - Service",
          "target": [
            {
              "equivalence": "equivalent",
              "code": "Appointment[1]",
              "display": "Appointment[1]",
              "dependsOn": [
                {
                  "property": "Narrative-Condition",
                  "value": "Determine which AIS populates Appointment if there is more than one AIS."
                }
              ]
            }
          ]
        },
        {
          "code": "SIU_S12.RESOURCES.SERVICE.AIS",
          "extension": [
            {
              "url": "http://hl7.org/fhir/uv/v2mappings/StructureDefinition/TypeInfo",
              "extension": [
                {
                  "url": "cardinalityMin",
                  "valueInteger": 1
                },
                {
                  "url": "cardinalityMax",
                  "valueInteger": 1
                }
              ]
            }
          ],
          "display": "Appointment Information - Service",
          "target": [
            {
              "equivalence": "equivalent",
              "code": "ServiceRequest[n]",
              "display": "ServiceRequest[n]",
              "comment": "Note that each ServiceRequest being created includes data from SCH segment.\nIf SCH-26 and SCH-27 repeat, then the implementer needs to determine how to align this with potentially repeating AIS segments.\\",
              "dependsOn": [
                {
                  "property": "Computable-ANTLR",
                  "value": "IF SCH-26 IS VALUED OR SCH-27 IS VALUED"
                }
              ]
            }
          ]
        },
        {
          "code": "SIU_S12.RESOURCES.SERVICE.NTE",
          "extension": [
            {
              "url": "http://hl7.org/fhir/uv/v2mappings/StructureDefinition/TypeInfo",
              "extension": [
                {
                  "url": "cardinalityMin",
                  "valueInteger": 0
                },
                {
                  "url": "cardinalityMax",
                  "valueInteger": -1
                }
              ]
            }
          ],
          "display": "Notes and Comments",
          "target": [
            {
              "equivalence": "equivalent",
              "code": "Appointment[1]",
              "display": "Appointment[1]",
              "comment": "Because multiple NTE segments in a message all need to map to a single Appointment.comment element, the content of the NTEs will need to be concatenated together in R4",
              "dependsOn": [
                {
                  "property": "Narrative-Condition",
                  "value": "Determine which AIS populates Appointment if there is more than one AIS."
                }
              ]
            }
          ]
        },
        {
          "code": "SIU_S12.RESOURCES.GENERAL_RESOURCE.AIG",
          "extension": [
            {
              "url": "http://hl7.org/fhir/uv/v2mappings/StructureDefinition/TypeInfo",
              "extension": [
                {
                  "url": "cardinalityMin",
                  "valueInteger": 1
                },
                {
                  "url": "cardinalityMax",
                  "valueInteger": 1
                }
              ]
            }
          ],
          "display": "Appointment Information - General Resource",
          "target": [
            {
              "equivalence": "equivalent",
              "code": "Appointment[1]",
              "display": "Appointment[1]",
              "dependsOn": [
                {
                  "property": "Narrative-Condition",
                  "value": "Determine which AIG populates Appointment if there is more than one AIG."
                }
              ]
            }
          ]
        },
        {
          "code": "SIU_S12.RESOURCES.LOCATION_RESOURCE.AIL",
          "extension": [
            {
              "url": "http://hl7.org/fhir/uv/v2mappings/StructureDefinition/TypeInfo",
              "extension": [
                {
                  "url": "cardinalityMin",
                  "valueInteger": 1
                },
                {
                  "url": "cardinalityMax",
                  "valueInteger": -1
                }
              ]
            }
          ],
          "display": "Appointment Information - Location Resource",
          "target": [
            {
              "equivalence": "equivalent",
              "code": "Appointment[1]",
              "display": "Appointment[1]",
              "dependsOn": [
                {
                  "property": "Narrative-Condition",
                  "value": "Determine which AIL populates Appointment if there is more than one AIL."
                }
              ]
            }
          ]
        },
        {
          "code": "SIU_S12.RESOURCES.PERSONNEL_RESOURCE.AIP",
          "extension": [
            {
              "url": "http://hl7.org/fhir/uv/v2mappings/StructureDefinition/TypeInfo",
              "extension": [
                {
                  "url": "cardinalityMin",
                  "valueInteger": 1
                },
                {
                  "url": "cardinalityMax",
                  "valueInteger": -1
                }
              ]
            }
          ],
          "display": "Appointment Information - Personnel Resource",
          "target": [
            {
              "equivalence": "equivalent",
              "code": "Appointment[1]",
              "display": "Appointment[1]"
            }
          ]
        }
      ]
    }
  ]
}
