{
  "resourceType": "ConceptMap",
  "id": "segment-pv1-to-encounter",
  "url": "http://hl7.org/fhir/uv/v2mappings/ConceptMap/segment-pv1-to-encounter",
  "title": "Segment PV1 to Encounter Map",
  "description": "This ConceptMap represents a mapping from the HL7 V2 Segment PV1 to the FHIR Encounter Resource.",
  "name": "SegmentPV1ToEncounter",
  "version": "1.0",
  "status": "active",
  "experimental": true,
  "publisher": "HL7 International, Inc",
  "contact": [
    {
      "telecom": [
        {
          "system": "email",
          "value": "v2-to-fhir@lists.hl7.org"
        }
      ]
    }
  ],
  "date": "2025-08-23",
  "copyright": "Copyright (c) 2025, HL7 International, Inc., All Rights Reserved.",
  "extension": [
    {
      "url": "http://hl7.org/fhir/uv/v2mappings/StructureDefinition/RelatedArtifact",
      "extension": [
        {
          "url": "type",
          "valueCode": "derived-from"
        },
        {
          "url": "label",
          "valueString": "Segment PV1 to Encounter.fsh"
        },
        {
          "url": "url",
          "valueUri": "https://docs.google.com/spreadsheets/d/1Sqt8f_LpBVMIdJxcAlB4emDOBqXV8rhy60V2_yaDp7c/edit#gid=0"
        }
      ]
    }
  ],
  "group": [
    {
      "element": [
        {
          "code": "PV1-2",
          "extension": [
            {
              "url": "http://hl7.org/fhir/uv/v2mappings/StructureDefinition/TypeInfo",
              "extension": [
                {
                  "url": "type",
                  "valueCode": "CWE"
                },
                {
                  "url": "cardinalityMin",
                  "valueInteger": 1
                },
                {
                  "url": "cardinalityMax",
                  "valueInteger": 1
                }
              ]
            }
          ],
          "display": "Patient Class",
          "target": [
            {
              "equivalence": "equivalent",
              "code": "class",
              "extension": [
                {
                  "url": "http://hl7.org/fhir/uv/v2mappings/StructureDefinition/TypeInfo",
                  "extension": [
                    {
                      "url": "type",
                      "valueCode": "Coding"
                    },
                    {
                      "url": "cardinalityMin",
                      "valueInteger": 1
                    },
                    {
                      "url": "cardinalityMax",
                      "valueInteger": 1
                    },
                    {
                      "url": "mappedVia",
                      "valueUrl": "ConceptMap/table-hl70004-to-v3-actcode"
                    }
                  ]
                }
              ],
              "display": "class"
            }
          ]
        },
        {
          "code": "PV1-2",
          "extension": [
            {
              "url": "http://hl7.org/fhir/uv/v2mappings/StructureDefinition/TypeInfo",
              "extension": [
                {
                  "url": "type",
                  "valueCode": "CWE"
                },
                {
                  "url": "cardinalityMin",
                  "valueInteger": 1
                },
                {
                  "url": "cardinalityMax",
                  "valueInteger": 1
                }
              ]
            }
          ],
          "display": "Patient Class",
          "target": [
            {
              "equivalence": "equivalent",
              "code": "status",
              "extension": [
                {
                  "url": "http://hl7.org/fhir/uv/v2mappings/StructureDefinition/TypeInfo",
                  "extension": [
                    {
                      "url": "type",
                      "valueCode": "code"
                    },
                    {
                      "url": "cardinalityMin",
                      "valueInteger": 1
                    },
                    {
                      "url": "cardinalityMax",
                      "valueInteger": 1
                    },
                    {
                      "url": "mappedVia",
                      "valueUrl": "ConceptMap/table-hl70004-to-encounter-status"
                    }
                  ]
                }
              ],
              "display": "status",
              "dependsOn": [
                {
                  "property": "Computable-ANTLR",
                  "value": "IF PV1-45 NOT VALUED"
                }
              ]
            }
          ]
        },
        {
          "code": "PV1-3",
          "extension": [
            {
              "url": "http://hl7.org/fhir/uv/v2mappings/StructureDefinition/TypeInfo",
              "extension": [
                {
                  "url": "type",
                  "valueCode": "PL"
                },
                {
                  "url": "cardinalityMin",
                  "valueInteger": 1
                },
                {
                  "url": "cardinalityMax",
                  "valueInteger": 1
                }
              ]
            }
          ],
          "display": "Assigned Patient Location",
          "target": [
            {
              "equivalence": "equivalent",
              "code": "location[1].location(Location)",
              "extension": [
                {
                  "url": "http://hl7.org/fhir/uv/v2mappings/StructureDefinition/TypeInfo",
                  "extension": [
                    {
                      "url": "type",
                      "valueCode": "Reference(Location)"
                    },
                    {
                      "url": "cardinalityMin",
                      "valueInteger": 1
                    },
                    {
                      "url": "cardinalityMax",
                      "valueInteger": 1
                    }
                  ]
                }
              ],
              "display": "location[1].location(Location)",
              "comment": "Recommended is to put the most granular location from the v2 segment in Encounter.location(Location) and then chain the less granular back to the most granular using Location.partOf.  The additional Location instance do then not need to be linked directly in Encounter.location to avoid confusion on purpose and relationships."
            }
          ]
        },
        {
          "code": "PV1-3",
          "extension": [
            {
              "url": "http://hl7.org/fhir/uv/v2mappings/StructureDefinition/TypeInfo",
              "extension": [
                {
                  "url": "type",
                  "valueCode": "PL"
                },
                {
                  "url": "cardinalityMin",
                  "valueInteger": 1
                },
                {
                  "url": "cardinalityMax",
                  "valueInteger": 1
                }
              ]
            }
          ],
          "display": "Assigned Patient Location",
          "target": [
            {
              "equivalence": "equivalent",
              "code": "location[1].status",
              "extension": [
                {
                  "url": "http://hl7.org/fhir/uv/v2mappings/StructureDefinition/TypeInfo",
                  "extension": [
                    {
                      "url": "type",
                      "valueCode": "code"
                    },
                    {
                      "url": "cardinalityMin",
                      "valueInteger": 0
                    },
                    {
                      "url": "cardinalityMax",
                      "valueInteger": 1
                    },
                    {
                      "url": "assignment",
                      "valueString": "\"active\""
                    }
                  ]
                }
              ],
              "display": "location[1].status",
              "dependsOn": [
                {
                  "property": "Computable-ANTLR",
                  "value": "IF PV1-2.1 NOT EQUALS \"P\""
                }
              ]
            }
          ]
        },
        {
          "code": "PV1-3",
          "extension": [
            {
              "url": "http://hl7.org/fhir/uv/v2mappings/StructureDefinition/TypeInfo",
              "extension": [
                {
                  "url": "type",
                  "valueCode": "PL"
                },
                {
                  "url": "cardinalityMin",
                  "valueInteger": 1
                },
                {
                  "url": "cardinalityMax",
                  "valueInteger": 1
                }
              ]
            }
          ],
          "display": "Assigned Patient Location",
          "target": [
            {
              "equivalence": "equivalent",
              "code": "location[1].status",
              "extension": [
                {
                  "url": "http://hl7.org/fhir/uv/v2mappings/StructureDefinition/TypeInfo",
                  "extension": [
                    {
                      "url": "type",
                      "valueCode": "code"
                    },
                    {
                      "url": "cardinalityMin",
                      "valueInteger": 0
                    },
                    {
                      "url": "cardinalityMax",
                      "valueInteger": 1
                    },
                    {
                      "url": "assignment",
                      "valueString": "\"planned\""
                    }
                  ]
                }
              ],
              "display": "location[1].status",
              "dependsOn": [
                {
                  "property": "Computable-ANTLR",
                  "value": "IF PV1-2.1 EQUALS \"P\""
                }
              ]
            }
          ]
        },
        {
          "code": "PV1-4",
          "extension": [
            {
              "url": "http://hl7.org/fhir/uv/v2mappings/StructureDefinition/TypeInfo",
              "extension": [
                {
                  "url": "type",
                  "valueCode": "CWE"
                },
                {
                  "url": "cardinalityMin",
                  "valueInteger": 1
                },
                {
                  "url": "cardinalityMax",
                  "valueInteger": 1
                }
              ]
            }
          ],
          "display": "Admission Type",
          "target": [
            {
              "equivalence": "equivalent",
              "code": "type",
              "extension": [
                {
                  "url": "http://hl7.org/fhir/uv/v2mappings/StructureDefinition/TypeInfo",
                  "extension": [
                    {
                      "url": "type",
                      "valueCode": "CodeableConcept"
                    },
                    {
                      "url": "cardinalityMin",
                      "valueInteger": 0
                    },
                    {
                      "url": "cardinalityMax",
                      "valueInteger": -1
                    },
                    {
                      "url": "mappedVia",
                      "valueUrl": "ConceptMap/table-hl70007-to-v2-0007"
                    }
                  ]
                }
              ],
              "display": "type"
            }
          ]
        },
        {
          "code": "PV1-5",
          "extension": [
            {
              "url": "http://hl7.org/fhir/uv/v2mappings/StructureDefinition/TypeInfo",
              "extension": [
                {
                  "url": "type",
                  "valueCode": "CX"
                },
                {
                  "url": "cardinalityMin",
                  "valueInteger": 1
                },
                {
                  "url": "cardinalityMax",
                  "valueInteger": 1
                }
              ]
            }
          ],
          "display": "Preadmit Number",
          "target": [
            {
              "equivalence": "equivalent",
              "code": "hospitalization.preAdmissionIdentifier",
              "extension": [
                {
                  "url": "http://hl7.org/fhir/uv/v2mappings/StructureDefinition/TypeInfo",
                  "extension": [
                    {
                      "url": "type",
                      "valueCode": "Identifier"
                    },
                    {
                      "url": "cardinalityMin",
                      "valueInteger": 0
                    },
                    {
                      "url": "cardinalityMax",
                      "valueInteger": 1
                    }
                  ]
                }
              ],
              "display": "hospitalization.preAdmissionIdentifier"
            }
          ]
        },
        {
          "code": "PV1-6",
          "extension": [
            {
              "url": "http://hl7.org/fhir/uv/v2mappings/StructureDefinition/TypeInfo",
              "extension": [
                {
                  "url": "type",
                  "valueCode": "PL"
                },
                {
                  "url": "cardinalityMin",
                  "valueInteger": 1
                },
                {
                  "url": "cardinalityMax",
                  "valueInteger": 1
                }
              ]
            }
          ],
          "display": "Prior Patient Location",
          "target": [
            {
              "equivalence": "equivalent",
              "code": "location[2].location(Location)",
              "extension": [
                {
                  "url": "http://hl7.org/fhir/uv/v2mappings/StructureDefinition/TypeInfo",
                  "extension": [
                    {
                      "url": "type",
                      "valueCode": "Reference(Location)"
                    },
                    {
                      "url": "cardinalityMin",
                      "valueInteger": 1
                    },
                    {
                      "url": "cardinalityMax",
                      "valueInteger": 1
                    }
                  ]
                }
              ],
              "display": "location[2].location(Location)"
            }
          ]
        },
        {
          "code": "PV1-6",
          "extension": [
            {
              "url": "http://hl7.org/fhir/uv/v2mappings/StructureDefinition/TypeInfo",
              "extension": [
                {
                  "url": "type",
                  "valueCode": "PL"
                },
                {
                  "url": "cardinalityMin",
                  "valueInteger": 1
                },
                {
                  "url": "cardinalityMax",
                  "valueInteger": 1
                }
              ]
            }
          ],
          "display": "Prior Patient Location",
          "target": [
            {
              "equivalence": "equivalent",
              "code": "location[2].status",
              "extension": [
                {
                  "url": "http://hl7.org/fhir/uv/v2mappings/StructureDefinition/TypeInfo",
                  "extension": [
                    {
                      "url": "type",
                      "valueCode": "code"
                    },
                    {
                      "url": "cardinalityMin",
                      "valueInteger": 0
                    },
                    {
                      "url": "cardinalityMax",
                      "valueInteger": 1
                    },
                    {
                      "url": "assignment",
                      "valueString": "\"completed\""
                    }
                  ]
                }
              ],
              "display": "location[2].status"
            }
          ]
        },
        {
          "code": "PV1-7",
          "extension": [
            {
              "url": "http://hl7.org/fhir/uv/v2mappings/StructureDefinition/TypeInfo",
              "extension": [
                {
                  "url": "type",
                  "valueCode": "XCN"
                },
                {
                  "url": "cardinalityMin",
                  "valueInteger": -1
                },
                {
                  "url": "cardinalityMax",
                  "valueInteger": -1
                }
              ]
            }
          ],
          "display": "Attending Doctor",
          "target": [
            {
              "equivalence": "equivalent",
              "code": "participant[1].individual(Practitioner)",
              "extension": [
                {
                  "url": "http://hl7.org/fhir/uv/v2mappings/StructureDefinition/TypeInfo",
                  "extension": [
                    {
                      "url": "type",
                      "valueCode": "Reference(Practitioner)"
                    },
                    {
                      "url": "cardinalityMin",
                      "valueInteger": 0
                    },
                    {
                      "url": "cardinalityMax",
                      "valueInteger": 1
                    }
                  ]
                }
              ],
              "display": "participant[1].individual(Practitioner)"
            }
          ]
        },
        {
          "code": "PV1-7",
          "extension": [
            {
              "url": "http://hl7.org/fhir/uv/v2mappings/StructureDefinition/TypeInfo",
              "extension": [
                {
                  "url": "type",
                  "valueCode": "XCN"
                },
                {
                  "url": "cardinalityMin",
                  "valueInteger": -1
                },
                {
                  "url": "cardinalityMax",
                  "valueInteger": -1
                }
              ]
            }
          ],
          "display": "Attending Doctor",
          "target": [
            {
              "equivalence": "equivalent",
              "code": "participant[1].type.coding.code",
              "extension": [
                {
                  "url": "http://hl7.org/fhir/uv/v2mappings/StructureDefinition/TypeInfo",
                  "extension": [
                    {
                      "url": "type",
                      "valueCode": "code"
                    },
                    {
                      "url": "cardinalityMin",
                      "valueInteger": 0
                    },
                    {
                      "url": "cardinalityMax",
                      "valueInteger": 1
                    },
                    {
                      "url": "assignment",
                      "valueString": "\"ATND\""
                    }
                  ]
                }
              ],
              "display": "participant[1].type.coding.code"
            }
          ]
        },
        {
          "code": "PV1-7",
          "extension": [
            {
              "url": "http://hl7.org/fhir/uv/v2mappings/StructureDefinition/TypeInfo",
              "extension": [
                {
                  "url": "type",
                  "valueCode": "XCN"
                },
                {
                  "url": "cardinalityMin",
                  "valueInteger": -1
                },
                {
                  "url": "cardinalityMax",
                  "valueInteger": -1
                }
              ]
            }
          ],
          "display": "Attending Doctor",
          "target": [
            {
              "equivalence": "equivalent",
              "code": "participant[1].type.coding.system",
              "extension": [
                {
                  "url": "http://hl7.org/fhir/uv/v2mappings/StructureDefinition/TypeInfo",
                  "extension": [
                    {
                      "url": "type",
                      "valueCode": "uri"
                    },
                    {
                      "url": "cardinalityMin",
                      "valueInteger": 0
                    },
                    {
                      "url": "cardinalityMax",
                      "valueInteger": 1
                    },
                    {
                      "url": "assignment",
                      "valueString": "\"http://terminology.hl7.org/CodeSystem/v3-ParticipationType\""
                    }
                  ]
                }
              ],
              "display": "participant[1].type.coding.system"
            }
          ]
        },
        {
          "code": "PV1-7",
          "extension": [
            {
              "url": "http://hl7.org/fhir/uv/v2mappings/StructureDefinition/TypeInfo",
              "extension": [
                {
                  "url": "type",
                  "valueCode": "XCN"
                },
                {
                  "url": "cardinalityMin",
                  "valueInteger": -1
                },
                {
                  "url": "cardinalityMax",
                  "valueInteger": -1
                }
              ]
            }
          ],
          "display": "Attending Doctor",
          "target": [
            {
              "equivalence": "equivalent",
              "code": "participant[1].type.coding.display",
              "extension": [
                {
                  "url": "http://hl7.org/fhir/uv/v2mappings/StructureDefinition/TypeInfo",
                  "extension": [
                    {
                      "url": "type",
                      "valueCode": "string"
                    },
                    {
                      "url": "cardinalityMin",
                      "valueInteger": 0
                    },
                    {
                      "url": "cardinalityMax",
                      "valueInteger": 1
                    },
                    {
                      "url": "assignment",
                      "valueString": "\"attender\""
                    }
                  ]
                }
              ],
              "display": "participant[1].type.coding.display"
            }
          ]
        },
        {
          "code": "PV1-8",
          "extension": [
            {
              "url": "http://hl7.org/fhir/uv/v2mappings/StructureDefinition/TypeInfo",
              "extension": [
                {
                  "url": "type",
                  "valueCode": "XCN"
                },
                {
                  "url": "cardinalityMin",
                  "valueInteger": -1
                },
                {
                  "url": "cardinalityMax",
                  "valueInteger": -1
                }
              ]
            }
          ],
          "display": "Referring Doctor",
          "target": [
            {
              "equivalence": "equivalent",
              "code": "participant[2].individual(Practitioner)",
              "extension": [
                {
                  "url": "http://hl7.org/fhir/uv/v2mappings/StructureDefinition/TypeInfo",
                  "extension": [
                    {
                      "url": "type",
                      "valueCode": "Reference(Practitioner)"
                    },
                    {
                      "url": "cardinalityMin",
                      "valueInteger": 0
                    },
                    {
                      "url": "cardinalityMax",
                      "valueInteger": 1
                    },
                    {
                      "url": "assignment",
                      "valueString": "\"http://terminology.hl7.org/CodeSystem/v3-ParticipationType\""
                    }
                  ]
                }
              ],
              "display": "participant[2].individual(Practitioner)"
            }
          ]
        },
        {
          "code": "PV1-8",
          "extension": [
            {
              "url": "http://hl7.org/fhir/uv/v2mappings/StructureDefinition/TypeInfo",
              "extension": [
                {
                  "url": "type",
                  "valueCode": "XCN"
                },
                {
                  "url": "cardinalityMin",
                  "valueInteger": -1
                },
                {
                  "url": "cardinalityMax",
                  "valueInteger": -1
                }
              ]
            }
          ],
          "display": "Referring Doctor",
          "target": [
            {
              "equivalence": "equivalent",
              "code": "participant[2].type.coding.code",
              "extension": [
                {
                  "url": "http://hl7.org/fhir/uv/v2mappings/StructureDefinition/TypeInfo",
                  "extension": [
                    {
                      "url": "type",
                      "valueCode": "code"
                    },
                    {
                      "url": "cardinalityMin",
                      "valueInteger": 0
                    },
                    {
                      "url": "cardinalityMax",
                      "valueInteger": 1
                    },
                    {
                      "url": "assignment",
                      "valueString": "\"REF\""
                    }
                  ]
                }
              ],
              "display": "participant[2].type.coding.code"
            }
          ]
        },
        {
          "code": "PV1-8",
          "extension": [
            {
              "url": "http://hl7.org/fhir/uv/v2mappings/StructureDefinition/TypeInfo",
              "extension": [
                {
                  "url": "type",
                  "valueCode": "XCN"
                },
                {
                  "url": "cardinalityMin",
                  "valueInteger": -1
                },
                {
                  "url": "cardinalityMax",
                  "valueInteger": -1
                }
              ]
            }
          ],
          "display": "Referring Doctor",
          "target": [
            {
              "equivalence": "equivalent",
              "code": "participant[2].type.coding.system",
              "extension": [
                {
                  "url": "http://hl7.org/fhir/uv/v2mappings/StructureDefinition/TypeInfo",
                  "extension": [
                    {
                      "url": "type",
                      "valueCode": "uri"
                    },
                    {
                      "url": "cardinalityMin",
                      "valueInteger": 0
                    },
                    {
                      "url": "cardinalityMax",
                      "valueInteger": 1
                    },
                    {
                      "url": "assignment",
                      "valueString": "\"http://terminology.hl7.org/CodeSystem/v3-ParticipationType\""
                    }
                  ]
                }
              ],
              "display": "participant[2].type.coding.system"
            }
          ]
        },
        {
          "code": "PV1-8",
          "extension": [
            {
              "url": "http://hl7.org/fhir/uv/v2mappings/StructureDefinition/TypeInfo",
              "extension": [
                {
                  "url": "type",
                  "valueCode": "XCN"
                },
                {
                  "url": "cardinalityMin",
                  "valueInteger": -1
                },
                {
                  "url": "cardinalityMax",
                  "valueInteger": -1
                }
              ]
            }
          ],
          "display": "Referring Doctor",
          "target": [
            {
              "equivalence": "equivalent",
              "code": "participant[2].type.text",
              "extension": [
                {
                  "url": "http://hl7.org/fhir/uv/v2mappings/StructureDefinition/TypeInfo",
                  "extension": [
                    {
                      "url": "type",
                      "valueCode": "string"
                    },
                    {
                      "url": "cardinalityMin",
                      "valueInteger": 0
                    },
                    {
                      "url": "cardinalityMax",
                      "valueInteger": 1
                    },
                    {
                      "url": "assignment",
                      "valueString": "\"referrer\""
                    }
                  ]
                }
              ],
              "display": "participant[2].type.text"
            }
          ]
        },
        {
          "code": "PV1-9",
          "extension": [
            {
              "url": "http://hl7.org/fhir/uv/v2mappings/StructureDefinition/TypeInfo",
              "extension": [
                {
                  "url": "type",
                  "valueCode": "XCN"
                },
                {
                  "url": "cardinalityMin",
                  "valueInteger": -1
                },
                {
                  "url": "cardinalityMax",
                  "valueInteger": -1
                }
              ]
            }
          ],
          "display": "Consulting Doctor",
          "target": [
            {
              "equivalence": "equivalent",
              "code": "participant[3].individual(Practitioner)",
              "extension": [
                {
                  "url": "http://hl7.org/fhir/uv/v2mappings/StructureDefinition/TypeInfo",
                  "extension": [
                    {
                      "url": "type",
                      "valueCode": "Reference(Practitioner)"
                    },
                    {
                      "url": "cardinalityMin",
                      "valueInteger": 0
                    },
                    {
                      "url": "cardinalityMax",
                      "valueInteger": 1
                    }
                  ]
                }
              ],
              "display": "participant[3].individual(Practitioner)"
            }
          ]
        },
        {
          "code": "PV1-9",
          "extension": [
            {
              "url": "http://hl7.org/fhir/uv/v2mappings/StructureDefinition/TypeInfo",
              "extension": [
                {
                  "url": "type",
                  "valueCode": "XCN"
                },
                {
                  "url": "cardinalityMin",
                  "valueInteger": -1
                },
                {
                  "url": "cardinalityMax",
                  "valueInteger": -1
                }
              ]
            }
          ],
          "display": "Consulting Doctor",
          "target": [
            {
              "equivalence": "equivalent",
              "code": "participant[3].type.coding.code",
              "extension": [
                {
                  "url": "http://hl7.org/fhir/uv/v2mappings/StructureDefinition/TypeInfo",
                  "extension": [
                    {
                      "url": "type",
                      "valueCode": "code"
                    },
                    {
                      "url": "cardinalityMin",
                      "valueInteger": 0
                    },
                    {
                      "url": "cardinalityMax",
                      "valueInteger": 1
                    },
                    {
                      "url": "assignment",
                      "valueString": "\"CON\""
                    }
                  ]
                }
              ],
              "display": "participant[3].type.coding.code"
            }
          ]
        },
        {
          "code": "PV1-9",
          "extension": [
            {
              "url": "http://hl7.org/fhir/uv/v2mappings/StructureDefinition/TypeInfo",
              "extension": [
                {
                  "url": "type",
                  "valueCode": "XCN"
                },
                {
                  "url": "cardinalityMin",
                  "valueInteger": -1
                },
                {
                  "url": "cardinalityMax",
                  "valueInteger": -1
                }
              ]
            }
          ],
          "display": "Consulting Doctor",
          "target": [
            {
              "equivalence": "equivalent",
              "code": "participant[3].type.coding.system",
              "extension": [
                {
                  "url": "http://hl7.org/fhir/uv/v2mappings/StructureDefinition/TypeInfo",
                  "extension": [
                    {
                      "url": "type",
                      "valueCode": "uri"
                    },
                    {
                      "url": "cardinalityMin",
                      "valueInteger": 0
                    },
                    {
                      "url": "cardinalityMax",
                      "valueInteger": 1
                    },
                    {
                      "url": "assignment",
                      "valueString": "\"http://terminology.hl7.org/CodeSystem/v3-ParticipationType\""
                    }
                  ]
                }
              ],
              "display": "participant[3].type.coding.system"
            }
          ]
        },
        {
          "code": "PV1-9",
          "extension": [
            {
              "url": "http://hl7.org/fhir/uv/v2mappings/StructureDefinition/TypeInfo",
              "extension": [
                {
                  "url": "type",
                  "valueCode": "XCN"
                },
                {
                  "url": "cardinalityMin",
                  "valueInteger": -1
                },
                {
                  "url": "cardinalityMax",
                  "valueInteger": -1
                }
              ]
            }
          ],
          "display": "Consulting Doctor",
          "target": [
            {
              "equivalence": "equivalent",
              "code": "participant[3].type.text",
              "extension": [
                {
                  "url": "http://hl7.org/fhir/uv/v2mappings/StructureDefinition/TypeInfo",
                  "extension": [
                    {
                      "url": "type",
                      "valueCode": "string"
                    },
                    {
                      "url": "cardinalityMin",
                      "valueInteger": 0
                    },
                    {
                      "url": "cardinalityMax",
                      "valueInteger": 1
                    },
                    {
                      "url": "assignment",
                      "valueString": "\"consultant\""
                    }
                  ]
                }
              ],
              "display": "participant[3].type.text"
            }
          ]
        },
        {
          "code": "PV1-10",
          "extension": [
            {
              "url": "http://hl7.org/fhir/uv/v2mappings/StructureDefinition/TypeInfo",
              "extension": [
                {
                  "url": "type",
                  "valueCode": "CWE"
                },
                {
                  "url": "cardinalityMin",
                  "valueInteger": 1
                },
                {
                  "url": "cardinalityMax",
                  "valueInteger": 1
                }
              ]
            }
          ],
          "display": "Hospital Service",
          "target": [
            {
              "equivalence": "equivalent",
              "code": "serviceType",
              "extension": [
                {
                  "url": "http://hl7.org/fhir/uv/v2mappings/StructureDefinition/TypeInfo",
                  "extension": [
                    {
                      "url": "type",
                      "valueCode": "CodeableConcept"
                    },
                    {
                      "url": "cardinalityMin",
                      "valueInteger": 0
                    },
                    {
                      "url": "cardinalityMax",
                      "valueInteger": 1
                    },
                    {
                      "url": "mappedVia",
                      "valueUrl": "ConceptMap/table-hl70069-to-service-type"
                    }
                  ]
                }
              ],
              "display": "serviceType"
            }
          ]
        },
        {
          "code": "PV1-11",
          "extension": [
            {
              "url": "http://hl7.org/fhir/uv/v2mappings/StructureDefinition/TypeInfo",
              "extension": [
                {
                  "url": "type",
                  "valueCode": "PL"
                },
                {
                  "url": "cardinalityMin",
                  "valueInteger": 1
                },
                {
                  "url": "cardinalityMax",
                  "valueInteger": 1
                }
              ]
            }
          ],
          "display": "Temporary Location",
          "target": [
            {
              "equivalence": "equivalent",
              "code": "location[3].location(Location)",
              "extension": [
                {
                  "url": "http://hl7.org/fhir/uv/v2mappings/StructureDefinition/TypeInfo",
                  "extension": [
                    {
                      "url": "type",
                      "valueCode": "Reference(Location)"
                    },
                    {
                      "url": "cardinalityMin",
                      "valueInteger": 1
                    },
                    {
                      "url": "cardinalityMax",
                      "valueInteger": 1
                    }
                  ]
                }
              ],
              "display": "location[3].location(Location)"
            }
          ]
        },
        {
          "code": "PV1-11",
          "extension": [
            {
              "url": "http://hl7.org/fhir/uv/v2mappings/StructureDefinition/TypeInfo",
              "extension": [
                {
                  "url": "type",
                  "valueCode": "PL"
                },
                {
                  "url": "cardinalityMin",
                  "valueInteger": 1
                },
                {
                  "url": "cardinalityMax",
                  "valueInteger": 1
                }
              ]
            }
          ],
          "display": "Temporary Location",
          "target": [
            {
              "equivalence": "equivalent",
              "code": "location[3].status",
              "extension": [
                {
                  "url": "http://hl7.org/fhir/uv/v2mappings/StructureDefinition/TypeInfo",
                  "extension": [
                    {
                      "url": "type",
                      "valueCode": "code"
                    },
                    {
                      "url": "cardinalityMin",
                      "valueInteger": 0
                    },
                    {
                      "url": "cardinalityMax",
                      "valueInteger": 1
                    },
                    {
                      "url": "assignment",
                      "valueString": "\"active\""
                    }
                  ]
                }
              ],
              "display": "location[3].status"
            }
          ]
        },
        {
          "code": "PV1-11",
          "extension": [
            {
              "url": "http://hl7.org/fhir/uv/v2mappings/StructureDefinition/TypeInfo",
              "extension": [
                {
                  "url": "type",
                  "valueCode": "PL"
                },
                {
                  "url": "cardinalityMin",
                  "valueInteger": 1
                },
                {
                  "url": "cardinalityMax",
                  "valueInteger": 1
                }
              ]
            }
          ],
          "display": "Temporary Location",
          "target": [
            {
              "equivalence": "equivalent",
              "code": "location[3].extension.url",
              "extension": [
                {
                  "url": "http://hl7.org/fhir/uv/v2mappings/StructureDefinition/TypeInfo",
                  "extension": [
                    {
                      "url": "type",
                      "valueCode": "uri"
                    },
                    {
                      "url": "assignment",
                      "valueString": "\"http://hl7.org/fhir/StructureDefinition/subject-locationClassification\""
                    }
                  ]
                }
              ],
              "display": "location[3].extension.url"
            }
          ]
        },
        {
          "code": "PV1-11",
          "extension": [
            {
              "url": "http://hl7.org/fhir/uv/v2mappings/StructureDefinition/TypeInfo",
              "extension": [
                {
                  "url": "type",
                  "valueCode": "PL"
                },
                {
                  "url": "cardinalityMin",
                  "valueInteger": 1
                },
                {
                  "url": "cardinalityMax",
                  "valueInteger": 1
                }
              ]
            }
          ],
          "display": "Temporary Location",
          "target": [
            {
              "equivalence": "equivalent",
              "code": "location[3].extension.valueCodeableConcept.coding.code",
              "extension": [
                {
                  "url": "http://hl7.org/fhir/uv/v2mappings/StructureDefinition/TypeInfo",
                  "extension": [
                    {
                      "url": "type",
                      "valueCode": "code"
                    },
                    {
                      "url": "assignment",
                      "valueString": "\"temporary\""
                    }
                  ]
                }
              ],
              "display": "location[3].extension.valueCodeableConcept.coding.code"
            }
          ]
        },
        {
          "code": "PV1-11",
          "extension": [
            {
              "url": "http://hl7.org/fhir/uv/v2mappings/StructureDefinition/TypeInfo",
              "extension": [
                {
                  "url": "type",
                  "valueCode": "PL"
                },
                {
                  "url": "cardinalityMin",
                  "valueInteger": 1
                },
                {
                  "url": "cardinalityMax",
                  "valueInteger": 1
                }
              ]
            }
          ],
          "display": "Temporary Location",
          "target": [
            {
              "equivalence": "equivalent",
              "code": "location[3].extension.valueCodeableConcept.coding.system",
              "extension": [
                {
                  "url": "http://hl7.org/fhir/uv/v2mappings/StructureDefinition/TypeInfo",
                  "extension": [
                    {
                      "url": "type",
                      "valueCode": "uri"
                    },
                    {
                      "url": "assignment",
                      "valueString": "\" http://hl7.org/fhir/ValueSet/subject-location\""
                    }
                  ]
                }
              ],
              "display": "location[3].extension.valueCodeableConcept.coding.system"
            }
          ]
        },
        {
          "code": "PV1-13",
          "extension": [
            {
              "url": "http://hl7.org/fhir/uv/v2mappings/StructureDefinition/TypeInfo",
              "extension": [
                {
                  "url": "type",
                  "valueCode": "CWE"
                },
                {
                  "url": "cardinalityMin",
                  "valueInteger": 1
                },
                {
                  "url": "cardinalityMax",
                  "valueInteger": 1
                }
              ]
            }
          ],
          "display": "Re-admission Indicator",
          "target": [
            {
              "equivalence": "equivalent",
              "code": "hospitalization.reAdmission",
              "extension": [
                {
                  "url": "http://hl7.org/fhir/uv/v2mappings/StructureDefinition/TypeInfo",
                  "extension": [
                    {
                      "url": "type",
                      "valueCode": "CodeableConcept"
                    },
                    {
                      "url": "cardinalityMin",
                      "valueInteger": 0
                    },
                    {
                      "url": "cardinalityMax",
                      "valueInteger": 1
                    },
                    {
                      "url": "mappedVia",
                      "valueUrl": "ConceptMap/table-hl70092-to-v2-0092"
                    }
                  ]
                }
              ],
              "display": "hospitalization.reAdmission"
            }
          ]
        },
        {
          "code": "PV1-14",
          "extension": [
            {
              "url": "http://hl7.org/fhir/uv/v2mappings/StructureDefinition/TypeInfo",
              "extension": [
                {
                  "url": "type",
                  "valueCode": "CWE"
                },
                {
                  "url": "cardinalityMin",
                  "valueInteger": 1
                },
                {
                  "url": "cardinalityMax",
                  "valueInteger": 1
                }
              ]
            }
          ],
          "display": "Admit Source",
          "target": [
            {
              "equivalence": "equivalent",
              "code": "hospitalization.admitSource",
              "extension": [
                {
                  "url": "http://hl7.org/fhir/uv/v2mappings/StructureDefinition/TypeInfo",
                  "extension": [
                    {
                      "url": "type",
                      "valueCode": "CodeableConcept"
                    },
                    {
                      "url": "cardinalityMin",
                      "valueInteger": 0
                    },
                    {
                      "url": "cardinalityMax",
                      "valueInteger": 1
                    }
                  ]
                }
              ],
              "display": "hospitalization.admitSource",
              "comment": "Table 0023 doesn't have any suggested values, therefore there is no vocabulary mapping"
            }
          ]
        },
        {
          "code": "PV1-15",
          "extension": [
            {
              "url": "http://hl7.org/fhir/uv/v2mappings/StructureDefinition/TypeInfo",
              "extension": [
                {
                  "url": "type",
                  "valueCode": "CWE"
                },
                {
                  "url": "cardinalityMin",
                  "valueInteger": -1
                },
                {
                  "url": "cardinalityMax",
                  "valueInteger": -1
                }
              ]
            }
          ],
          "display": "Ambulatory Status",
          "target": [
            {
              "equivalence": "equivalent",
              "code": "hospitalization.specialArrangement",
              "extension": [
                {
                  "url": "http://hl7.org/fhir/uv/v2mappings/StructureDefinition/TypeInfo",
                  "extension": [
                    {
                      "url": "type",
                      "valueCode": "CodeableConcept"
                    },
                    {
                      "url": "cardinalityMin",
                      "valueInteger": 0
                    },
                    {
                      "url": "cardinalityMax",
                      "valueInteger": -1
                    },
                    {
                      "url": "mappedVia",
                      "valueUrl": "unspecified_mapping"
                    }
                  ]
                }
              ],
              "display": "hospitalization.specialArrangement"
            }
          ]
        },
        {
          "code": "PV1-16",
          "extension": [
            {
              "url": "http://hl7.org/fhir/uv/v2mappings/StructureDefinition/TypeInfo",
              "extension": [
                {
                  "url": "type",
                  "valueCode": "CWE"
                },
                {
                  "url": "cardinalityMin",
                  "valueInteger": 1
                },
                {
                  "url": "cardinalityMax",
                  "valueInteger": 1
                }
              ]
            }
          ],
          "display": "VIP Indicator",
          "target": [
            {
              "equivalence": "equivalent",
              "code": "hospitalization.specialCourtesy",
              "extension": [
                {
                  "url": "http://hl7.org/fhir/uv/v2mappings/StructureDefinition/TypeInfo",
                  "extension": [
                    {
                      "url": "type",
                      "valueCode": "CodeableConcept"
                    },
                    {
                      "url": "cardinalityMin",
                      "valueInteger": 0
                    },
                    {
                      "url": "cardinalityMax",
                      "valueInteger": 1
                    },
                    {
                      "url": "mappedVia",
                      "valueUrl": "unspecified_mapping"
                    }
                  ]
                }
              ],
              "display": "hospitalization.specialCourtesy",
              "comment": "Depending on the vocabulary used in PV1-16, this may require additional mapping."
            }
          ]
        },
        {
          "code": "PV1-17",
          "extension": [
            {
              "url": "http://hl7.org/fhir/uv/v2mappings/StructureDefinition/TypeInfo",
              "extension": [
                {
                  "url": "type",
                  "valueCode": "XCN"
                },
                {
                  "url": "cardinalityMin",
                  "valueInteger": -1
                },
                {
                  "url": "cardinalityMax",
                  "valueInteger": -1
                }
              ]
            }
          ],
          "display": "Admitting Doctor",
          "target": [
            {
              "equivalence": "equivalent",
              "code": "participant[4].individual(Practitioner)",
              "extension": [
                {
                  "url": "http://hl7.org/fhir/uv/v2mappings/StructureDefinition/TypeInfo",
                  "extension": [
                    {
                      "url": "type",
                      "valueCode": "Reference(Practitioner)"
                    },
                    {
                      "url": "cardinalityMin",
                      "valueInteger": 0
                    },
                    {
                      "url": "cardinalityMax",
                      "valueInteger": 1
                    }
                  ]
                }
              ],
              "display": "participant[4].individual(Practitioner)"
            }
          ]
        },
        {
          "code": "PV1-17",
          "extension": [
            {
              "url": "http://hl7.org/fhir/uv/v2mappings/StructureDefinition/TypeInfo",
              "extension": [
                {
                  "url": "type",
                  "valueCode": "XCN"
                },
                {
                  "url": "cardinalityMin",
                  "valueInteger": -1
                },
                {
                  "url": "cardinalityMax",
                  "valueInteger": -1
                }
              ]
            }
          ],
          "display": "Admitting Doctor",
          "target": [
            {
              "equivalence": "equivalent",
              "code": "participant[4].type.coding.code",
              "extension": [
                {
                  "url": "http://hl7.org/fhir/uv/v2mappings/StructureDefinition/TypeInfo",
                  "extension": [
                    {
                      "url": "type",
                      "valueCode": "code"
                    },
                    {
                      "url": "cardinalityMin",
                      "valueInteger": 0
                    },
                    {
                      "url": "cardinalityMax",
                      "valueInteger": 1
                    },
                    {
                      "url": "assignment",
                      "valueString": "\"ADM\""
                    }
                  ]
                }
              ],
              "display": "participant[4].type.coding.code"
            }
          ]
        },
        {
          "code": "PV1-17",
          "extension": [
            {
              "url": "http://hl7.org/fhir/uv/v2mappings/StructureDefinition/TypeInfo",
              "extension": [
                {
                  "url": "type",
                  "valueCode": "XCN"
                },
                {
                  "url": "cardinalityMin",
                  "valueInteger": -1
                },
                {
                  "url": "cardinalityMax",
                  "valueInteger": -1
                }
              ]
            }
          ],
          "display": "Admitting Doctor",
          "target": [
            {
              "equivalence": "equivalent",
              "code": "participant[4].type.coding.system",
              "extension": [
                {
                  "url": "http://hl7.org/fhir/uv/v2mappings/StructureDefinition/TypeInfo",
                  "extension": [
                    {
                      "url": "type",
                      "valueCode": "uri"
                    },
                    {
                      "url": "cardinalityMin",
                      "valueInteger": 0
                    },
                    {
                      "url": "cardinalityMax",
                      "valueInteger": 1
                    },
                    {
                      "url": "assignment",
                      "valueString": "\"http://terminology.hl7.org/CodeSystem/v3-ParticipationType\""
                    }
                  ]
                }
              ],
              "display": "participant[4].type.coding.system"
            }
          ]
        },
        {
          "code": "PV1-17",
          "extension": [
            {
              "url": "http://hl7.org/fhir/uv/v2mappings/StructureDefinition/TypeInfo",
              "extension": [
                {
                  "url": "type",
                  "valueCode": "XCN"
                },
                {
                  "url": "cardinalityMin",
                  "valueInteger": -1
                },
                {
                  "url": "cardinalityMax",
                  "valueInteger": -1
                }
              ]
            }
          ],
          "display": "Admitting Doctor",
          "target": [
            {
              "equivalence": "equivalent",
              "code": "participant[4].type.text",
              "extension": [
                {
                  "url": "http://hl7.org/fhir/uv/v2mappings/StructureDefinition/TypeInfo",
                  "extension": [
                    {
                      "url": "type",
                      "valueCode": "string"
                    },
                    {
                      "url": "cardinalityMin",
                      "valueInteger": 0
                    },
                    {
                      "url": "cardinalityMax",
                      "valueInteger": 1
                    },
                    {
                      "url": "assignment",
                      "valueString": "\"admitter\""
                    }
                  ]
                }
              ],
              "display": "participant[4].type.text"
            }
          ]
        },
        {
          "code": "PV1-19",
          "extension": [
            {
              "url": "http://hl7.org/fhir/uv/v2mappings/StructureDefinition/TypeInfo",
              "extension": [
                {
                  "url": "type",
                  "valueCode": "CX"
                },
                {
                  "url": "cardinalityMin",
                  "valueInteger": 1
                },
                {
                  "url": "cardinalityMax",
                  "valueInteger": 1
                }
              ]
            }
          ],
          "display": "Visit Number",
          "target": [
            {
              "equivalence": "equivalent",
              "code": "identifier[1]",
              "extension": [
                {
                  "url": "http://hl7.org/fhir/uv/v2mappings/StructureDefinition/TypeInfo",
                  "extension": [
                    {
                      "url": "type",
                      "valueCode": "Identifier"
                    },
                    {
                      "url": "cardinalityMin",
                      "valueInteger": 0
                    },
                    {
                      "url": "cardinalityMax",
                      "valueInteger": -1
                    }
                  ]
                }
              ],
              "display": "identifier[1]"
            }
          ]
        },
        {
          "code": "PV1-19",
          "extension": [
            {
              "url": "http://hl7.org/fhir/uv/v2mappings/StructureDefinition/TypeInfo",
              "extension": [
                {
                  "url": "type",
                  "valueCode": "CX"
                },
                {
                  "url": "cardinalityMin",
                  "valueInteger": 1
                },
                {
                  "url": "cardinalityMax",
                  "valueInteger": 1
                }
              ]
            }
          ],
          "display": "Visit Number",
          "target": [
            {
              "equivalence": "equivalent",
              "code": "identifier[1].type.coding.code",
              "extension": [
                {
                  "url": "http://hl7.org/fhir/uv/v2mappings/StructureDefinition/TypeInfo",
                  "extension": [
                    {
                      "url": "type",
                      "valueCode": "code"
                    },
                    {
                      "url": "assignment",
                      "valueString": "\"VN\""
                    }
                  ]
                }
              ],
              "display": "identifier[1].type.coding.code"
            }
          ]
        },
        {
          "code": "PV1-19",
          "extension": [
            {
              "url": "http://hl7.org/fhir/uv/v2mappings/StructureDefinition/TypeInfo",
              "extension": [
                {
                  "url": "type",
                  "valueCode": "CX"
                },
                {
                  "url": "cardinalityMin",
                  "valueInteger": 1
                },
                {
                  "url": "cardinalityMax",
                  "valueInteger": 1
                }
              ]
            }
          ],
          "display": "Visit Number",
          "target": [
            {
              "equivalence": "equivalent",
              "code": "identifier[1].type.coding.system",
              "extension": [
                {
                  "url": "http://hl7.org/fhir/uv/v2mappings/StructureDefinition/TypeInfo",
                  "extension": [
                    {
                      "url": "type",
                      "valueCode": "uri"
                    },
                    {
                      "url": "assignment",
                      "valueString": "\"http://terminology.hl7.org/CodeSystem/v2-0203\""
                    }
                  ]
                }
              ],
              "display": "identifier[1].type.coding.system"
            }
          ]
        },
        {
          "code": "PV1-19",
          "extension": [
            {
              "url": "http://hl7.org/fhir/uv/v2mappings/StructureDefinition/TypeInfo",
              "extension": [
                {
                  "url": "type",
                  "valueCode": "CX"
                },
                {
                  "url": "cardinalityMin",
                  "valueInteger": 1
                },
                {
                  "url": "cardinalityMax",
                  "valueInteger": 1
                }
              ]
            }
          ],
          "display": "Visit Number",
          "target": [
            {
              "equivalence": "equivalent",
              "code": "identifier[1].type.text",
              "extension": [
                {
                  "url": "http://hl7.org/fhir/uv/v2mappings/StructureDefinition/TypeInfo",
                  "extension": [
                    {
                      "url": "type",
                      "valueCode": "string"
                    },
                    {
                      "url": "assignment",
                      "valueString": "\"visit number\""
                    }
                  ]
                }
              ],
              "display": "identifier[1].type.text"
            }
          ]
        },
        {
          "code": "PV1-36",
          "extension": [
            {
              "url": "http://hl7.org/fhir/uv/v2mappings/StructureDefinition/TypeInfo",
              "extension": [
                {
                  "url": "type",
                  "valueCode": "CWE"
                },
                {
                  "url": "cardinalityMin",
                  "valueInteger": 1
                },
                {
                  "url": "cardinalityMax",
                  "valueInteger": 1
                }
              ]
            }
          ],
          "display": "Discharge Disposition",
          "target": [
            {
              "equivalence": "equivalent",
              "code": "hospitalization.dischargeDisposition",
              "extension": [
                {
                  "url": "http://hl7.org/fhir/uv/v2mappings/StructureDefinition/TypeInfo",
                  "extension": [
                    {
                      "url": "type",
                      "valueCode": "CodeableConcept"
                    },
                    {
                      "url": "cardinalityMin",
                      "valueInteger": 0
                    },
                    {
                      "url": "cardinalityMax",
                      "valueInteger": 1
                    },
                    {
                      "url": "mappedVia",
                      "valueUrl": "unspecified_mapping"
                    }
                  ]
                }
              ],
              "display": "hospitalization.dischargeDisposition"
            }
          ]
        },
        {
          "code": "PV1-37",
          "extension": [
            {
              "url": "http://hl7.org/fhir/uv/v2mappings/StructureDefinition/TypeInfo",
              "extension": [
                {
                  "url": "type",
                  "valueCode": "DLD"
                },
                {
                  "url": "cardinalityMin",
                  "valueInteger": 1
                },
                {
                  "url": "cardinalityMax",
                  "valueInteger": 1
                }
              ]
            }
          ],
          "display": "Discharged to Location",
          "target": [
            {
              "equivalence": "equivalent",
              "code": "hospitalization.destination(Location)",
              "extension": [
                {
                  "url": "http://hl7.org/fhir/uv/v2mappings/StructureDefinition/TypeInfo",
                  "extension": [
                    {
                      "url": "type",
                      "valueCode": "Reference(Location)"
                    },
                    {
                      "url": "cardinalityMin",
                      "valueInteger": 0
                    },
                    {
                      "url": "cardinalityMax",
                      "valueInteger": 1
                    },
                    {
                      "url": "assignment",
                      "valueString": "/Encounter.hospitalization.destination.reference=Location[n].id/"
                    }
                  ]
                }
              ],
              "display": "hospitalization.destination(Location)",
              "comment": "This location should be a new location resources instance."
            }
          ]
        },
        {
          "code": "PV1-38",
          "extension": [
            {
              "url": "http://hl7.org/fhir/uv/v2mappings/StructureDefinition/TypeInfo",
              "extension": [
                {
                  "url": "type",
                  "valueCode": "CWE"
                },
                {
                  "url": "cardinalityMin",
                  "valueInteger": 1
                },
                {
                  "url": "cardinalityMax",
                  "valueInteger": 1
                }
              ]
            }
          ],
          "display": "Diet Type",
          "target": [
            {
              "equivalence": "equivalent",
              "code": "hospitalization.dietPreference",
              "extension": [
                {
                  "url": "http://hl7.org/fhir/uv/v2mappings/StructureDefinition/TypeInfo",
                  "extension": [
                    {
                      "url": "type",
                      "valueCode": "CodeableConcept"
                    },
                    {
                      "url": "cardinalityMin",
                      "valueInteger": 0
                    },
                    {
                      "url": "cardinalityMax",
                      "valueInteger": -1
                    },
                    {
                      "url": "mappedVia",
                      "valueUrl": "unspecified_mapping"
                    }
                  ]
                }
              ],
              "display": "hospitalization.dietPreference"
            }
          ]
        },
        {
          "code": "PV1-40",
          "extension": [
            {
              "url": "http://hl7.org/fhir/uv/v2mappings/StructureDefinition/TypeInfo",
              "extension": [
                {
                  "url": "type",
                  "valueCode": "IS"
                },
                {
                  "url": "cardinalityMin",
                  "valueInteger": 1
                },
                {
                  "url": "cardinalityMax",
                  "valueInteger": 1
                }
              ]
            }
          ],
          "display": "Bed Status",
          "target": [
            {
              "equivalence": "equivalent",
              "code": "location[1].location(Location.operationalStatus)",
              "extension": [
                {
                  "url": "http://hl7.org/fhir/uv/v2mappings/StructureDefinition/TypeInfo",
                  "extension": [
                    {
                      "url": "type",
                      "valueCode": "code"
                    },
                    {
                      "url": "cardinalityMin",
                      "valueInteger": 0
                    },
                    {
                      "url": "cardinalityMax",
                      "valueInteger": 1
                    },
                    {
                      "url": "mappedVia",
                      "valueUrl": "ConceptMap/table-hl70116-to-v2-0116"
                    }
                  ]
                }
              ],
              "display": "location[1].location(Location.operationalStatus)",
              "comment": "The operational status is on the Location resource where the implementer must determine which of the Encounter.location(Location) instances reflect the Bed or Room and apply it to the most granular available.",
              "dependsOn": [
                {
                  "property": "Computable-ANTLR",
                  "value": "IF PV1-3.2 OR PV1-3.3 VALUED"
                }
              ]
            }
          ]
        },
        {
          "code": "PV1-42",
          "extension": [
            {
              "url": "http://hl7.org/fhir/uv/v2mappings/StructureDefinition/TypeInfo",
              "extension": [
                {
                  "url": "type",
                  "valueCode": "PL"
                },
                {
                  "url": "cardinalityMin",
                  "valueInteger": 1
                },
                {
                  "url": "cardinalityMax",
                  "valueInteger": 1
                }
              ]
            }
          ],
          "display": "Pending Location",
          "target": [
            {
              "equivalence": "equivalent",
              "code": "location[4].location(Location)",
              "extension": [
                {
                  "url": "http://hl7.org/fhir/uv/v2mappings/StructureDefinition/TypeInfo",
                  "extension": [
                    {
                      "url": "type",
                      "valueCode": "Reference(Location)"
                    },
                    {
                      "url": "cardinalityMin",
                      "valueInteger": 1
                    },
                    {
                      "url": "cardinalityMax",
                      "valueInteger": 1
                    },
                    {
                      "url": "assignment",
                      "valueString": "\"reserved\""
                    }
                  ]
                }
              ],
              "display": "location[4].location(Location)"
            }
          ]
        },
        {
          "code": "PV1-42",
          "extension": [
            {
              "url": "http://hl7.org/fhir/uv/v2mappings/StructureDefinition/TypeInfo",
              "extension": [
                {
                  "url": "type",
                  "valueCode": "PL"
                },
                {
                  "url": "cardinalityMin",
                  "valueInteger": 1
                },
                {
                  "url": "cardinalityMax",
                  "valueInteger": 1
                }
              ]
            }
          ],
          "display": "Pending Location",
          "target": [
            {
              "equivalence": "equivalent",
              "code": "location[4].status",
              "extension": [
                {
                  "url": "http://hl7.org/fhir/uv/v2mappings/StructureDefinition/TypeInfo",
                  "extension": [
                    {
                      "url": "type",
                      "valueCode": "code"
                    },
                    {
                      "url": "cardinalityMin",
                      "valueInteger": 0
                    },
                    {
                      "url": "cardinalityMax",
                      "valueInteger": 1
                    }
                  ]
                }
              ],
              "display": "location[4].status",
              "comment": "\"reserved\""
            }
          ]
        },
        {
          "code": "PV1-44",
          "extension": [
            {
              "url": "http://hl7.org/fhir/uv/v2mappings/StructureDefinition/TypeInfo",
              "extension": [
                {
                  "url": "type",
                  "valueCode": "DTM"
                },
                {
                  "url": "cardinalityMin",
                  "valueInteger": 1
                },
                {
                  "url": "cardinalityMax",
                  "valueInteger": 1
                }
              ]
            }
          ],
          "display": "Admit Date/Time",
          "target": [
            {
              "equivalence": "equivalent",
              "code": "period.start",
              "extension": [
                {
                  "url": "http://hl7.org/fhir/uv/v2mappings/StructureDefinition/TypeInfo",
                  "extension": [
                    {
                      "url": "type",
                      "valueCode": "dateTime"
                    },
                    {
                      "url": "cardinalityMin",
                      "valueInteger": 0
                    },
                    {
                      "url": "cardinalityMax",
                      "valueInteger": 1
                    }
                  ]
                }
              ],
              "display": "period.start"
            }
          ]
        },
        {
          "code": "PV1-45",
          "extension": [
            {
              "url": "http://hl7.org/fhir/uv/v2mappings/StructureDefinition/TypeInfo",
              "extension": [
                {
                  "url": "type",
                  "valueCode": "DTM"
                },
                {
                  "url": "cardinalityMin",
                  "valueInteger": 1
                },
                {
                  "url": "cardinalityMax",
                  "valueInteger": 1
                }
              ]
            }
          ],
          "display": "Discharge Date/Time",
          "target": [
            {
              "equivalence": "equivalent",
              "code": "period.end",
              "extension": [
                {
                  "url": "http://hl7.org/fhir/uv/v2mappings/StructureDefinition/TypeInfo",
                  "extension": [
                    {
                      "url": "type",
                      "valueCode": "dateTime"
                    },
                    {
                      "url": "cardinalityMin",
                      "valueInteger": 0
                    },
                    {
                      "url": "cardinalityMax",
                      "valueInteger": 1
                    }
                  ]
                }
              ],
              "display": "period.end"
            }
          ]
        },
        {
          "code": "PV1-45",
          "extension": [
            {
              "url": "http://hl7.org/fhir/uv/v2mappings/StructureDefinition/TypeInfo",
              "extension": [
                {
                  "url": "type",
                  "valueCode": "DTM"
                },
                {
                  "url": "cardinalityMin",
                  "valueInteger": 1
                },
                {
                  "url": "cardinalityMax",
                  "valueInteger": 1
                }
              ]
            }
          ],
          "display": "Discharge Date/Time",
          "target": [
            {
              "equivalence": "equivalent",
              "code": "status",
              "extension": [
                {
                  "url": "http://hl7.org/fhir/uv/v2mappings/StructureDefinition/TypeInfo",
                  "extension": [
                    {
                      "url": "type",
                      "valueCode": "code"
                    },
                    {
                      "url": "cardinalityMin",
                      "valueInteger": 1
                    },
                    {
                      "url": "cardinalityMax",
                      "valueInteger": 1
                    }
                  ]
                }
              ],
              "display": "= \"finished\"",
              "dependsOn": [
                {
                  "property": "Computable-ANTLR",
                  "value": "IF PV1-45 VALUED"
                }
              ]
            }
          ]
        },
        {
          "code": "PV1-50",
          "extension": [
            {
              "url": "http://hl7.org/fhir/uv/v2mappings/StructureDefinition/TypeInfo",
              "extension": [
                {
                  "url": "type",
                  "valueCode": "CX"
                },
                {
                  "url": "cardinalityMin",
                  "valueInteger": -1
                },
                {
                  "url": "cardinalityMax",
                  "valueInteger": -1
                }
              ]
            }
          ],
          "display": "Alternate Visit ID",
          "target": [
            {
              "equivalence": "equivalent",
              "code": "identifier[2]",
              "extension": [
                {
                  "url": "http://hl7.org/fhir/uv/v2mappings/StructureDefinition/TypeInfo",
                  "extension": [
                    {
                      "url": "type",
                      "valueCode": "Identifier"
                    },
                    {
                      "url": "cardinalityMin",
                      "valueInteger": 0
                    },
                    {
                      "url": "cardinalityMax",
                      "valueInteger": -1
                    }
                  ]
                }
              ],
              "display": "identifier[2]"
            }
          ]
        },
        {
          "code": "PV1-52",
          "extension": [
            {
              "url": "http://hl7.org/fhir/uv/v2mappings/StructureDefinition/TypeInfo",
              "extension": [
                {
                  "url": "type",
                  "valueCode": "XCN"
                },
                {
                  "url": "cardinalityMin",
                  "valueInteger": -1
                },
                {
                  "url": "cardinalityMax",
                  "valueInteger": -1
                }
              ]
            }
          ],
          "display": "Other Healthcare Provider",
          "target": [
            {
              "equivalence": "equivalent",
              "code": "participant[5].individual(Practitioner)",
              "extension": [
                {
                  "url": "http://hl7.org/fhir/uv/v2mappings/StructureDefinition/TypeInfo",
                  "extension": [
                    {
                      "url": "type",
                      "valueCode": "Reference(Practitioner)"
                    },
                    {
                      "url": "cardinalityMin",
                      "valueInteger": 0
                    },
                    {
                      "url": "cardinalityMax",
                      "valueInteger": 1
                    }
                  ]
                }
              ],
              "display": "participant[5].individual(Practitioner)"
            }
          ]
        },
        {
          "code": "PV1-52",
          "extension": [
            {
              "url": "http://hl7.org/fhir/uv/v2mappings/StructureDefinition/TypeInfo",
              "extension": [
                {
                  "url": "type",
                  "valueCode": "XCN"
                },
                {
                  "url": "cardinalityMin",
                  "valueInteger": -1
                },
                {
                  "url": "cardinalityMax",
                  "valueInteger": -1
                }
              ]
            }
          ],
          "display": "Other Healthcare Provider",
          "target": [
            {
              "equivalence": "equivalent",
              "code": "participant[5].type.coding.code",
              "extension": [
                {
                  "url": "http://hl7.org/fhir/uv/v2mappings/StructureDefinition/TypeInfo",
                  "extension": [
                    {
                      "url": "type",
                      "valueCode": "code"
                    },
                    {
                      "url": "cardinalityMin",
                      "valueInteger": 0
                    },
                    {
                      "url": "cardinalityMax",
                      "valueInteger": 1
                    },
                    {
                      "url": "assignment",
                      "valueString": "\"PART\""
                    }
                  ]
                }
              ],
              "display": "= \"PART\""
            }
          ]
        },
        {
          "code": "PV1-52",
          "extension": [
            {
              "url": "http://hl7.org/fhir/uv/v2mappings/StructureDefinition/TypeInfo",
              "extension": [
                {
                  "url": "type",
                  "valueCode": "XCN"
                },
                {
                  "url": "cardinalityMin",
                  "valueInteger": -1
                },
                {
                  "url": "cardinalityMax",
                  "valueInteger": -1
                }
              ]
            }
          ],
          "display": "Other Healthcare Provider",
          "target": [
            {
              "equivalence": "equivalent",
              "code": "participant[5].type.coding.system",
              "extension": [
                {
                  "url": "http://hl7.org/fhir/uv/v2mappings/StructureDefinition/TypeInfo",
                  "extension": [
                    {
                      "url": "type",
                      "valueCode": "uri"
                    },
                    {
                      "url": "cardinalityMin",
                      "valueInteger": 0
                    },
                    {
                      "url": "cardinalityMax",
                      "valueInteger": 1
                    },
                    {
                      "url": "assignment",
                      "valueString": "\"http://terminology.hl7.org/CodeSystem/v3-ParticipationType\""
                    }
                  ]
                }
              ],
              "display": "participant[5].type.coding.system"
            }
          ]
        },
        {
          "code": "PV1-52",
          "extension": [
            {
              "url": "http://hl7.org/fhir/uv/v2mappings/StructureDefinition/TypeInfo",
              "extension": [
                {
                  "url": "type",
                  "valueCode": "XCN"
                },
                {
                  "url": "cardinalityMin",
                  "valueInteger": -1
                },
                {
                  "url": "cardinalityMax",
                  "valueInteger": -1
                }
              ]
            }
          ],
          "display": "Other Healthcare Provider",
          "target": [
            {
              "equivalence": "equivalent",
              "code": "participant[5].type.text",
              "extension": [
                {
                  "url": "http://hl7.org/fhir/uv/v2mappings/StructureDefinition/TypeInfo",
                  "extension": [
                    {
                      "url": "type",
                      "valueCode": "string"
                    },
                    {
                      "url": "cardinalityMin",
                      "valueInteger": 0
                    },
                    {
                      "url": "cardinalityMax",
                      "valueInteger": 1
                    },
                    {
                      "url": "assignment",
                      "valueString": "\"Participation\""
                    }
                  ]
                }
              ],
              "display": "= \"Participation\""
            }
          ]
        },
        {
          "code": "PV1-53",
          "extension": [
            {
              "url": "http://hl7.org/fhir/uv/v2mappings/StructureDefinition/TypeInfo",
              "extension": [
                {
                  "url": "type",
                  "valueCode": "ST"
                },
                {
                  "url": "cardinalityMin",
                  "valueInteger": 1
                },
                {
                  "url": "cardinalityMax",
                  "valueInteger": 1
                }
              ]
            }
          ],
          "display": "Service Episode Description",
          "target": [
            {
              "equivalence": "equivalent",
              "code": "episodeOfCare(EpisodeOfCare[1].extension.url)",
              "extension": [
                {
                  "url": "http://hl7.org/fhir/uv/v2mappings/StructureDefinition/TypeInfo",
                  "extension": [
                    {
                      "url": "type",
                      "valueCode": "uri"
                    },
                    {
                      "url": "cardinalityMin",
                      "valueInteger": 0
                    },
                    {
                      "url": "cardinalityMax",
                      "valueInteger": 1
                    },
                    {
                      "url": "assignment",
                      "valueString": "\"http://hl7.org/fhir/StructureDefinition/resource-instance-description\""
                    }
                  ]
                }
              ],
              "display": "episodeOfCare(EpisodeOfCare[1].extension.url)"
            }
          ]
        },
        {
          "code": "PV1-53",
          "extension": [
            {
              "url": "http://hl7.org/fhir/uv/v2mappings/StructureDefinition/TypeInfo",
              "extension": [
                {
                  "url": "type",
                  "valueCode": "ST"
                },
                {
                  "url": "cardinalityMin",
                  "valueInteger": 1
                },
                {
                  "url": "cardinalityMax",
                  "valueInteger": 1
                }
              ]
            }
          ],
          "display": "Service Episode Description",
          "target": [
            {
              "equivalence": "equivalent",
              "code": "episodeOfCare(EpisodeOfCare[1].extension.valueString)",
              "extension": [
                {
                  "url": "http://hl7.org/fhir/uv/v2mappings/StructureDefinition/TypeInfo",
                  "extension": [
                    {
                      "url": "type",
                      "valueCode": "string"
                    },
                    {
                      "url": "cardinalityMin",
                      "valueInteger": 0
                    },
                    {
                      "url": "cardinalityMax",
                      "valueInteger": 1
                    }
                  ]
                }
              ],
              "display": "episodeOfCare(EpisodeOfCare[1].extension.valueString)"
            }
          ]
        },
        {
          "code": "PV1-54",
          "extension": [
            {
              "url": "http://hl7.org/fhir/uv/v2mappings/StructureDefinition/TypeInfo",
              "extension": [
                {
                  "url": "type",
                  "valueCode": "CX"
                },
                {
                  "url": "cardinalityMin",
                  "valueInteger": 1
                },
                {
                  "url": "cardinalityMax",
                  "valueInteger": 1
                }
              ]
            }
          ],
          "display": "Service Episode Identifier",
          "target": [
            {
              "equivalence": "equivalent",
              "code": "episodeOfCare(EpisodeOfCare[1].identifier)",
              "extension": [
                {
                  "url": "http://hl7.org/fhir/uv/v2mappings/StructureDefinition/TypeInfo",
                  "extension": [
                    {
                      "url": "type",
                      "valueCode": "Identifier"
                    },
                    {
                      "url": "cardinalityMin",
                      "valueInteger": 0
                    },
                    {
                      "url": "cardinalityMax",
                      "valueInteger": -1
                    }
                  ]
                }
              ],
              "display": "episodeOfCare(EpisodeOfCare[1].identifier)"
            }
          ]
        }
      ]
    }
  ]
}
