{
  "resourceType": "ConceptMap",
  "id": "table-hl70185-to-v2-0185",
  "url": "http://hl7.org/fhir/uv/v2mappings/ConceptMap/table-hl70185-to-v2-0185",
  "title": "Table HL70185 to V2 0185 Map",
  "description": "This ConceptMap represents a mapping from the HL7 V2 Table HL70185 to the FHIR V2 0185 Value Set.",
  "name": "TableHL70185ToV20185",
  "sourceUri": "http://terminology.hl7.org/ValueSet/v2-0185",
  "targetUri": "http://terminology.hl7.org/ValueSet/v2-0185",
  "version": "1.0",
  "status": "active",
  "experimental": true,
  "publisher": "HL7 International, Inc",
  "contact": [
    {
      "telecom": [
        {
          "system": "email",
          "value": "v2-to-fhir@lists.hl7.org"
        }
      ]
    }
  ],
  "date": "2025-08-23",
  "copyright": "Copyright (c) 2025, HL7 International, Inc., All Rights Reserved.",
  "extension": [
    {
      "url": "http://hl7.org/fhir/uv/v2mappings/StructureDefinition/RelatedArtifact",
      "extension": [
        {
          "url": "type",
          "valueCode": "derived-from"
        },
        {
          "url": "label",
          "valueString": "Table HL70185 to V2 0185.fsh"
        },
        {
          "url": "url",
          "valueUri": "https://docs.google.com/spreadsheets/d/1L_AfyPgHtp2gKwuLLUtqYwT7FZPpqtfQaxaJAkLqj04/edit#gid=0"
        }
      ]
    }
  ],
  "group": [
    {
      "source": "http://terminology.hl7.org/CodeSystem/v2-0185",
      "target": "http://terminology.hl7.org/CodeSystem/v2-0185",
      "element": [
        {
          "code": "B",
          "display": "Beeper Number",
          "target": [
            {
              "equivalence": "equivalent",
              "code": "B",
              "display": "Beeper Number"
            }
          ]
        },
        {
          "code": "C",
          "display": "Cellular Phone Number",
          "target": [
            {
              "equivalence": "equivalent",
              "code": "C",
              "display": "Cellular Phone Number"
            }
          ]
        },
        {
          "code": "E",
          "display": "E-Mail Address (for backward compatibility)",
          "target": [
            {
              "equivalence": "equivalent",
              "code": "E",
              "display": "E-Mail Address (for backward compatibility)"
            }
          ]
        },
        {
          "code": "F",
          "display": "FAX Number",
          "target": [
            {
              "equivalence": "equivalent",
              "code": "F",
              "display": "FAX Number"
            }
          ]
        },
        {
          "code": "H",
          "display": "Home Phone Number",
          "target": [
            {
              "equivalence": "equivalent",
              "code": "H",
              "display": "Home Phone Number"
            }
          ]
        },
        {
          "code": "O",
          "display": "Office Phone Number",
          "target": [
            {
              "equivalence": "equivalent",
              "code": "O",
              "display": "Office Phone Number"
            }
          ]
        }
      ]
    }
  ]
}
