{
  "resourceType": "ConceptMap",
  "id": "table-hl70371-to-v2-0371",
  "url": "http://hl7.org/fhir/uv/v2mappings/ConceptMap/table-hl70371-to-v2-0371",
  "title": "Table HL70371 to V2 0371 Map",
  "description": "This ConceptMap represents a mapping from the HL7 V2 Table HL70371 to the FHIR V2 0371 Value Set.",
  "name": "TableHL70371ToV20371",
  "sourceUri": "http://terminology.hl7.org/ValueSet/v2-0371",
  "targetUri": "http://terminology.hl7.org/ValueSet/v2-0371",
  "version": "1.0",
  "status": "active",
  "experimental": true,
  "publisher": "HL7 International, Inc",
  "contact": [
    {
      "telecom": [
        {
          "system": "email",
          "value": "v2-to-fhir@lists.hl7.org"
        }
      ]
    }
  ],
  "date": "2025-08-23",
  "copyright": "Copyright (c) 2025, HL7 International, Inc., All Rights Reserved.",
  "extension": [
    {
      "url": "http://hl7.org/fhir/uv/v2mappings/StructureDefinition/RelatedArtifact",
      "extension": [
        {
          "url": "type",
          "valueCode": "derived-from"
        },
        {
          "url": "label",
          "valueString": "Table HL70371 to V2 0371.fsh"
        },
        {
          "url": "url",
          "valueUri": "https://docs.google.com/spreadsheets/d/1u8m8K-QMGTs7IT0nbw1jh4lGUH58XXmleONGkuxgOR0/edit#gid=0"
        }
      ]
    }
  ],
  "group": [
    {
      "source": "http://terminology.hl7.org/CodeSystem/v2-0371",
      "target": "http://terminology.hl7.org/CodeSystem/v2-0371",
      "element": [
        {
          "code": "F10",
          "display": "10% Formalin",
          "target": [
            {
              "equivalence": "equivalent",
              "code": "F10",
              "display": "10% Formalin"
            }
          ]
        },
        {
          "code": "C32",
          "display": "3.2% Citrate",
          "target": [
            {
              "equivalence": "equivalent",
              "code": "C32",
              "display": "3.2% Citrate"
            }
          ]
        },
        {
          "code": "C38",
          "display": "3.8% Citrate",
          "target": [
            {
              "equivalence": "equivalent",
              "code": "C38",
              "display": "3.8% Citrate"
            }
          ]
        },
        {
          "code": "HCL6",
          "display": "6N HCL",
          "target": [
            {
              "equivalence": "equivalent",
              "code": "HCL6",
              "display": "6N HCL"
            }
          ]
        },
        {
          "code": "ACDA",
          "display": "ACD Solution A",
          "target": [
            {
              "equivalence": "equivalent",
              "code": "ACDA",
              "display": "ACD Solution A"
            }
          ]
        },
        {
          "code": "ACDB",
          "display": "ACD Solution B",
          "target": [
            {
              "equivalence": "equivalent",
              "code": "ACDB",
              "display": "ACD Solution B"
            }
          ]
        },
        {
          "code": "ACET",
          "display": "Acetic Acid",
          "target": [
            {
              "equivalence": "equivalent",
              "code": "ACET",
              "display": "Acetic Acid"
            }
          ]
        },
        {
          "code": "AMIES",
          "display": "Amies transport medium",
          "target": [
            {
              "equivalence": "equivalent",
              "code": "AMIES",
              "display": "Amies transport medium"
            }
          ]
        },
        {
          "code": "HEPA",
          "display": "Ammonium heparin",
          "target": [
            {
              "equivalence": "equivalent",
              "code": "HEPA",
              "display": "Ammonium heparin"
            }
          ]
        },
        {
          "code": "BACTM",
          "display": "Bacterial Transport medium",
          "target": [
            {
              "equivalence": "equivalent",
              "code": "BACTM",
              "display": "Bacterial Transport medium"
            }
          ]
        },
        {
          "code": "BOR",
          "display": "Borate Boric Acid",
          "target": [
            {
              "equivalence": "equivalent",
              "code": "BOR",
              "display": "Borate Boric Acid"
            }
          ]
        },
        {
          "code": "BOUIN",
          "display": "Bouin's solution",
          "target": [
            {
              "equivalence": "equivalent",
              "code": "BOUIN",
              "display": "Bouin's solution"
            }
          ]
        },
        {
          "code": "BF10",
          "display": "Buffered 10% formalin",
          "target": [
            {
              "equivalence": "equivalent",
              "code": "BF10",
              "display": "Buffered 10% formalin"
            }
          ]
        },
        {
          "code": "WEST",
          "display": "Buffered Citrate (Westergren Sedimentation Rate)",
          "target": [
            {
              "equivalence": "equivalent",
              "code": "WEST",
              "display": "Buffered Citrate (Westergren Sedimentation Rate)"
            }
          ]
        },
        {
          "code": "BSKM",
          "display": "Buffered skim milk",
          "target": [
            {
              "equivalence": "equivalent",
              "code": "BSKM",
              "display": "Buffered skim milk"
            }
          ]
        },
        {
          "code": "CARS",
          "display": "Carson's Modified 10% formalin",
          "target": [
            {
              "equivalence": "equivalent",
              "code": "CARS",
              "display": "Carson's Modified 10% formalin"
            }
          ]
        },
        {
          "code": "CARY",
          "display": "Cary Blair Medium",
          "target": [
            {
              "equivalence": "equivalent",
              "code": "CARY",
              "display": "Cary Blair Medium"
            }
          ]
        },
        {
          "code": "CHLTM",
          "display": "Chlamydia transport medium",
          "target": [
            {
              "equivalence": "equivalent",
              "code": "CHLTM",
              "display": "Chlamydia transport medium"
            }
          ]
        },
        {
          "code": "CTAD",
          "display": "CTAD (this should be spelled out if not universally understood)",
          "target": [
            {
              "equivalence": "equivalent",
              "code": "CTAD",
              "display": "CTAD (this should be spelled out if not universally understood)"
            }
          ]
        },
        {
          "code": "ENT",
          "display": "Enteric bacteria transport medium",
          "target": [
            {
              "equivalence": "equivalent",
              "code": "ENT",
              "display": "Enteric bacteria transport medium"
            }
          ]
        },
        {
          "code": "ENT+",
          "display": "Enteric plus",
          "target": [
            {
              "equivalence": "equivalent",
              "code": "ENT+",
              "display": "Enteric plus"
            }
          ]
        },
        {
          "code": "JKM",
          "display": "Jones Kendrick Medium",
          "target": [
            {
              "equivalence": "equivalent",
              "code": "JKM",
              "display": "Jones Kendrick Medium"
            }
          ]
        },
        {
          "code": "KARN",
          "display": "Karnovsky's fixative",
          "target": [
            {
              "equivalence": "equivalent",
              "code": "KARN",
              "display": "Karnovsky's fixative"
            }
          ]
        },
        {
          "code": "LIA",
          "display": "Lithium iodoacetate",
          "target": [
            {
              "equivalence": "equivalent",
              "code": "LIA",
              "display": "Lithium iodoacetate"
            }
          ]
        },
        {
          "code": "HEPL",
          "display": "Lithium/Li Heparin",
          "target": [
            {
              "equivalence": "equivalent",
              "code": "HEPL",
              "display": "Lithium/Li Heparin"
            }
          ]
        },
        {
          "code": "M4",
          "display": "M4",
          "target": [
            {
              "equivalence": "equivalent",
              "code": "M4",
              "display": "M4"
            }
          ]
        },
        {
          "code": "M4RT",
          "display": "M4-RT",
          "target": [
            {
              "equivalence": "equivalent",
              "code": "M4RT",
              "display": "M4-RT"
            }
          ]
        },
        {
          "code": "M5",
          "display": "M5",
          "target": [
            {
              "equivalence": "equivalent",
              "code": "M5",
              "display": "M5"
            }
          ]
        },
        {
          "code": "MICHTM",
          "display": "Michel's transport medium",
          "target": [
            {
              "equivalence": "equivalent",
              "code": "MICHTM",
              "display": "Michel's transport medium"
            }
          ]
        },
        {
          "code": "MMDTM",
          "display": "MMD transport medium",
          "target": [
            {
              "equivalence": "equivalent",
              "code": "MMDTM",
              "display": "MMD transport medium"
            }
          ]
        },
        {
          "code": "HNO3",
          "display": "Nitric Acid",
          "target": [
            {
              "equivalence": "equivalent",
              "code": "HNO3",
              "display": "Nitric Acid"
            }
          ]
        },
        {
          "code": "NONE",
          "display": "None",
          "target": [
            {
              "equivalence": "equivalent",
              "code": "NONE",
              "display": "None"
            }
          ]
        },
        {
          "code": "PAGE",
          "display": "Pages's Saline",
          "target": [
            {
              "equivalence": "equivalent",
              "code": "PAGE",
              "display": "Pages's Saline"
            }
          ]
        },
        {
          "code": "PHENOL",
          "display": "Phenol",
          "target": [
            {
              "equivalence": "equivalent",
              "code": "PHENOL",
              "display": "Phenol"
            }
          ]
        },
        {
          "code": "KOX",
          "display": "Potassium Oxalate",
          "target": [
            {
              "equivalence": "equivalent",
              "code": "KOX",
              "display": "Potassium Oxalate"
            }
          ]
        },
        {
          "code": "EDTK",
          "display": "Potassium/K EDTA",
          "target": [
            {
              "equivalence": "equivalent",
              "code": "EDTK",
              "display": "Potassium/K EDTA"
            }
          ]
        },
        {
          "code": "EDTK15",
          "display": "Potassium/K EDTA 15%",
          "target": [
            {
              "equivalence": "equivalent",
              "code": "EDTK15",
              "display": "Potassium/K EDTA 15%"
            }
          ]
        },
        {
          "code": "EDTK75",
          "display": "Potassium/K EDTA 7.5%",
          "target": [
            {
              "equivalence": "equivalent",
              "code": "EDTK75",
              "display": "Potassium/K EDTA 7.5%"
            }
          ]
        },
        {
          "code": "PVA",
          "display": "PVA (polyvinylalcohol)",
          "target": [
            {
              "equivalence": "equivalent",
              "code": "PVA",
              "display": "PVA (polyvinylalcohol)"
            }
          ]
        },
        {
          "code": "RLM",
          "display": "Reagan Lowe Medium",
          "target": [
            {
              "equivalence": "equivalent",
              "code": "RLM",
              "display": "Reagan Lowe Medium"
            }
          ]
        },
        {
          "code": "SST",
          "display": "Serum Separator Tube (Polymer Gel)",
          "target": [
            {
              "equivalence": "equivalent",
              "code": "SST",
              "display": "Serum Separator Tube (Polymer Gel)"
            }
          ]
        },
        {
          "code": "SILICA",
          "display": "Siliceous earth, 12 mg",
          "target": [
            {
              "equivalence": "equivalent",
              "code": "SILICA",
              "display": "Siliceous earth, 12 mg"
            }
          ]
        },
        {
          "code": "NAF",
          "display": "Sodium Fluoride",
          "target": [
            {
              "equivalence": "equivalent",
              "code": "NAF",
              "display": "Sodium Fluoride"
            }
          ]
        },
        {
          "code": "FL100",
          "display": "Sodium Fluoride, 100mg",
          "target": [
            {
              "equivalence": "equivalent",
              "code": "FL100",
              "display": "Sodium Fluoride, 100mg"
            }
          ]
        },
        {
          "code": "FL10",
          "display": "Sodium Fluoride, 10mg",
          "target": [
            {
              "equivalence": "equivalent",
              "code": "FL10",
              "display": "Sodium Fluoride, 10mg"
            }
          ]
        },
        {
          "code": "NAPS",
          "display": "Sodium polyanethol sulfonate 0.35% in 0.85% sodium chloride",
          "target": [
            {
              "equivalence": "equivalent",
              "code": "NAPS",
              "display": "Sodium polyanethol sulfonate 0.35% in 0.85% sodium chloride"
            }
          ]
        },
        {
          "code": "HEPN",
          "display": "Sodium/Na Heparin",
          "target": [
            {
              "equivalence": "equivalent",
              "code": "HEPN",
              "display": "Sodium/Na Heparin"
            }
          ]
        },
        {
          "code": "EDTN",
          "display": "Sodium/Na EDTA",
          "target": [
            {
              "equivalence": "equivalent",
              "code": "EDTN",
              "display": "Sodium/Na EDTA"
            }
          ]
        },
        {
          "code": "SPS",
          "display": "SPS(this should be spelled out if not universally understood)",
          "target": [
            {
              "equivalence": "equivalent",
              "code": "SPS",
              "display": "SPS(this should be spelled out if not universally understood)"
            }
          ]
        },
        {
          "code": "STUTM",
          "display": "Stuart transport medium",
          "target": [
            {
              "equivalence": "equivalent",
              "code": "STUTM",
              "display": "Stuart transport medium"
            }
          ]
        },
        {
          "code": "THROM",
          "display": "Thrombin",
          "target": [
            {
              "equivalence": "equivalent",
              "code": "THROM",
              "display": "Thrombin"
            }
          ]
        },
        {
          "code": "FDP",
          "display": "Thrombin NIH; soybean trypsin inhibitor (Fibrin Degradation Products)",
          "target": [
            {
              "equivalence": "equivalent",
              "code": "FDP",
              "display": "Thrombin NIH; soybean trypsin inhibitor (Fibrin Degradation Products)"
            }
          ]
        },
        {
          "code": "THYMOL",
          "display": "Thymol",
          "target": [
            {
              "equivalence": "equivalent",
              "code": "THYMOL",
              "display": "Thymol"
            }
          ]
        },
        {
          "code": "THYO",
          "display": "Thyoglycollate broth",
          "target": [
            {
              "equivalence": "equivalent",
              "code": "THYO",
              "display": "Thyoglycollate broth"
            }
          ]
        },
        {
          "code": "TOLU",
          "display": "Toluene",
          "target": [
            {
              "equivalence": "equivalent",
              "code": "TOLU",
              "display": "Toluene"
            }
          ]
        },
        {
          "code": "URETM",
          "display": "Ureaplasma transport medium",
          "target": [
            {
              "equivalence": "equivalent",
              "code": "URETM",
              "display": "Ureaplasma transport medium"
            }
          ]
        },
        {
          "code": "VIRTM",
          "display": "Viral Transport medium",
          "target": [
            {
              "equivalence": "equivalent",
              "code": "VIRTM",
              "display": "Viral Transport medium"
            }
          ]
        }
      ]
    }
  ]
}
