{
  "resourceType": "ConceptMap",
  "id": "table-hl70131-to-v2-0131",
  "url": "http://hl7.org/fhir/uv/v2mappings/ConceptMap/table-hl70131-to-v2-0131",
  "title": "Table HL70131 to V2 0131 Map",
  "description": "This ConceptMap represents a mapping from the HL7 V2 Table HL70131 to the FHIR V2 0131 Value Set.",
  "name": "TableHL70131ToV20131",
  "sourceUri": "http://terminology.hl7.org/ValueSet/v2-0131",
  "targetUri": "http://terminology.hl7.org/ValueSet/v2-0131",
  "version": "1.0",
  "status": "active",
  "experimental": true,
  "publisher": "HL7 International, Inc",
  "contact": [
    {
      "telecom": [
        {
          "system": "email",
          "value": "v2-to-fhir@lists.hl7.org"
        }
      ]
    }
  ],
  "date": "2025-08-23",
  "copyright": "Copyright (c) 2025, HL7 International, Inc., All Rights Reserved.",
  "extension": [
    {
      "url": "http://hl7.org/fhir/uv/v2mappings/StructureDefinition/RelatedArtifact",
      "extension": [
        {
          "url": "type",
          "valueCode": "derived-from"
        },
        {
          "url": "label",
          "valueString": "Table HL70131 to V2 0131.fsh"
        },
        {
          "url": "url",
          "valueUri": "https://docs.google.com/spreadsheets/d/1IKIju2kedkokH5NGLWUlR1_Xsbdcplfb3wInd-W2lFE/edit#gid=0"
        }
      ]
    }
  ],
  "group": [
    {
      "source": "http://terminology.hl7.org/CodeSystem/v2-0131",
      "target": "http://terminology.hl7.org/CodeSystem/v2-0131",
      "element": [
        {
          "code": "E",
          "display": "Employer",
          "target": [
            {
              "equivalence": "equivalent",
              "code": "E",
              "display": "Employer"
            }
          ]
        },
        {
          "code": "C",
          "display": "Emergency Contact",
          "target": [
            {
              "equivalence": "equivalent",
              "code": "C",
              "display": "Emergency Contact"
            }
          ]
        },
        {
          "code": "F",
          "display": "Federal Agency",
          "target": [
            {
              "equivalence": "equivalent",
              "code": "F",
              "display": "Federal Agency"
            }
          ]
        },
        {
          "code": "I",
          "display": "Insurance Company",
          "target": [
            {
              "equivalence": "equivalent",
              "code": "I",
              "display": "Insurance Company"
            }
          ]
        },
        {
          "code": "N",
          "display": "Next-of-Kin",
          "target": [
            {
              "equivalence": "equivalent",
              "code": "N",
              "display": "Next-of-Kin"
            }
          ]
        },
        {
          "code": "S",
          "display": "State Agency",
          "target": [
            {
              "equivalence": "equivalent",
              "code": "S",
              "display": "State Agency"
            }
          ]
        },
        {
          "code": "O",
          "display": "Other",
          "target": [
            {
              "equivalence": "equivalent",
              "code": "O",
              "display": "Other"
            }
          ]
        },
        {
          "code": "U",
          "display": "Unknown",
          "target": [
            {
              "equivalence": "equivalent",
              "code": "U",
              "display": "Unknown"
            }
          ]
        }
      ]
    }
  ]
}
