{
  "resourceType": "ConceptMap",
  "id": "table-hl70123-queries-to-diagnostic-report-status",
  "url": "http://hl7.org/fhir/uv/v2mappings/ConceptMap/table-hl70123-queries-to-diagnostic-report-status",
  "title": "Table HL70123 [Queries] to Diagnostic Report Status Map",
  "description": "This ConceptMap represents a mapping from the HL7 V2 Table HL70123 to the FHIR Diagnostic Report Status Value Set.",
  "name": "TableHL70123QueriesToDiagnosticReportStatus",
  "sourceUri": "http://terminology.hl7.org/ValueSet/v2-0123",
  "version": "1.0",
  "status": "active",
  "experimental": true,
  "publisher": "HL7 International, Inc",
  "contact": [
    {
      "telecom": [
        {
          "system": "email",
          "value": "v2-to-fhir@lists.hl7.org"
        }
      ]
    }
  ],
  "date": "2025-08-23",
  "copyright": "Copyright (c) 2025, HL7 International, Inc., All Rights Reserved.",
  "extension": [
    {
      "url": "http://hl7.org/fhir/uv/v2mappings/StructureDefinition/RelatedArtifact",
      "extension": [
        {
          "url": "type",
          "valueCode": "derived-from"
        },
        {
          "url": "label",
          "valueString": "Table HL70123[Queries] to Diagnostic Report Status.fsh"
        },
        {
          "url": "url",
          "valueUri": "https://docs.google.com/spreadsheets/d/1PZzztfsx_yRfvrl3i9on8Tc-yXZCzbK1wnVgts-SxSQ/edit#gid=0"
        }
      ]
    }
  ],
  "group": [
    {
      "source": "http://terminology.hl7.org/CodeSystem/v2-0123",
      "target": "http://hl7.org/fhir/diagnostic-report-status",
      "element": [
        {
          "code": "O",
          "display": "Order received; specimen not yet received",
          "target": [
            {
              "equivalence": "equivalent",
              "code": "registered",
              "display": "Registered"
            }
          ]
        },
        {
          "code": "I",
          "display": "No results available; specimen received, procedure incomplete",
          "target": [
            {
              "equivalence": "equivalent",
              "code": "registered",
              "display": "Registered"
            }
          ]
        },
        {
          "code": "S",
          "display": "No results available; procedure scheduled, but not done",
          "target": [
            {
              "equivalence": "equivalent",
              "code": "registered",
              "display": "Registered"
            }
          ]
        },
        {
          "code": "P",
          "display": "Preliminary",
          "target": [
            {
              "equivalence": "equivalent",
              "code": "preliminary",
              "display": "Preliminary"
            }
          ]
        },
        {
          "code": "C",
          "display": "Corrected, final",
          "target": [
            {
              "equivalence": "equivalent",
              "code": "corrected",
              "display": "Corrected"
            }
          ]
        },
        {
          "code": "R",
          "display": "Results stored; not yet verified",
          "target": [
            {
              "equivalence": "equivalent",
              "code": "partial",
              "display": "Partial"
            }
          ]
        },
        {
          "code": "F",
          "display": "Final results",
          "target": [
            {
              "equivalence": "equivalent",
              "code": "final",
              "display": "Final"
            }
          ]
        },
        {
          "code": "X",
          "display": "No results available; Order canceled",
          "target": [
            {
              "equivalence": "equivalent",
              "code": "cancelled",
              "display": "Cancelled"
            }
          ]
        }
      ]
    },
    {
      "source": "http://terminology.hl7.org/CodeSystem/v2-0123",
      "element": [
        {
          "code": "A",
          "display": "Some, but not all, results available",
          "target": [
            {
              "equivalence": "unmatched"
            }
          ]
        },
        {
          "code": "Y",
          "display": "No order on record for this test",
          "target": [
            {
              "equivalence": "unmatched"
            }
          ]
        },
        {
          "code": "Z",
          "display": "No record of this patient",
          "target": [
            {
              "equivalence": "unmatched"
            }
          ]
        },
        {
          "code": "M",
          "display": "Corrected, not final",
          "target": [
            {
              "equivalence": "unmatched"
            }
          ]
        },
        {
          "code": "N",
          "display": "Procedure completed, results pending",
          "target": [
            {
              "equivalence": "unmatched"
            }
          ]
        }
      ]
    }
  ]
}
