{
  "resourceType": "ConceptMap",
  "id": "table-hl70002-to-v3-maritalstatus",
  "url": "http://hl7.org/fhir/uv/v2mappings/ConceptMap/table-hl70002-to-v3-maritalstatus",
  "title": "Table HL70002 to V3 MaritalStatus Map",
  "description": "This ConceptMap represents a mapping from the HL7 V2 Table HL70002 to the FHIR V3 MaritalStatus Value Set.",
  "name": "TableHL70002ToV3MaritalStatus",
  "sourceUri": "http://terminology.hl7.org/ValueSet/v2-0002",
  "version": "1.0",
  "status": "active",
  "experimental": true,
  "publisher": "HL7 International, Inc",
  "contact": [
    {
      "telecom": [
        {
          "system": "email",
          "value": "v2-to-fhir@lists.hl7.org"
        }
      ]
    }
  ],
  "date": "2025-08-23",
  "copyright": "Copyright (c) 2025, HL7 International, Inc., All Rights Reserved.",
  "extension": [
    {
      "url": "http://hl7.org/fhir/uv/v2mappings/StructureDefinition/RelatedArtifact",
      "extension": [
        {
          "url": "type",
          "valueCode": "derived-from"
        },
        {
          "url": "label",
          "valueString": "Table HL70002 to V3 MaritalStatus.fsh"
        },
        {
          "url": "url",
          "valueUri": "https://docs.google.com/spreadsheets/d/1HfYIHuf_CVC28fRhy3wgGSRZ5XtWKSERNNrcR45wSkA/edit#gid=0"
        }
      ]
    }
  ],
  "group": [
    {
      "source": "http://terminology.hl7.org/CodeSystem/v2-0002",
      "target": "http://terminology.hl7.org/CodeSystem/v3-MaritalStatus",
      "element": [
        {
          "code": "A",
          "display": "Separated",
          "target": [
            {
              "equivalence": "equivalent",
              "code": "L",
              "display": "Legally Separated"
            }
          ]
        },
        {
          "code": "D",
          "display": "Divorced",
          "target": [
            {
              "equivalence": "equivalent",
              "code": "D",
              "display": "Divorced"
            }
          ]
        },
        {
          "code": "M",
          "display": "Married",
          "target": [
            {
              "equivalence": "equivalent",
              "code": "M",
              "display": "Married"
            }
          ]
        },
        {
          "code": "S",
          "display": "Single",
          "target": [
            {
              "equivalence": "equivalent",
              "code": "S",
              "display": "Never Married"
            }
          ]
        },
        {
          "code": "W",
          "display": "Widowed",
          "target": [
            {
              "equivalence": "equivalent",
              "code": "W",
              "display": "Widowed"
            }
          ]
        },
        {
          "code": "C",
          "display": "Common law",
          "target": [
            {
              "equivalence": "equivalent",
              "code": "C",
              "display": "Common Law"
            }
          ]
        },
        {
          "code": "G",
          "display": "Living together",
          "target": [
            {
              "equivalence": "equivalent",
              "code": "T",
              "display": "Domestic partner"
            }
          ]
        },
        {
          "code": "P",
          "display": "Domestic partner",
          "target": [
            {
              "equivalence": "equivalent",
              "code": "T",
              "display": "Domestic partner"
            }
          ]
        },
        {
          "code": "R",
          "display": "Registered domestic partner",
          "target": [
            {
              "equivalence": "equivalent",
              "code": "T",
              "display": "Domestic partner"
            }
          ]
        },
        {
          "code": "E",
          "display": "Legally Separated",
          "target": [
            {
              "equivalence": "equivalent",
              "code": "L",
              "display": "Legally Separated"
            }
          ]
        },
        {
          "code": "N",
          "display": "Annulled",
          "target": [
            {
              "equivalence": "equivalent",
              "code": "A",
              "display": "Annulled"
            }
          ]
        },
        {
          "code": "I",
          "display": "Interlocutory",
          "target": [
            {
              "equivalence": "equivalent",
              "code": "I",
              "display": "Interlocutory"
            }
          ]
        },
        {
          "code": "B",
          "display": "Unmarried",
          "target": [
            {
              "equivalence": "equivalent",
              "code": "U",
              "display": "unmarried"
            }
          ]
        }
      ]
    },
    {
      "source": "http://terminology.hl7.org/CodeSystem/v2-0002",
      "target": "http://terminology.hl7.org/CodeSystem/v3-NullFlavor",
      "element": [
        {
          "code": "U",
          "display": "Unknown",
          "target": [
            {
              "equivalence": "equivalent",
              "code": "UNK",
              "display": "Unknown"
            }
          ]
        },
        {
          "code": "O",
          "display": "Other",
          "target": [
            {
              "equivalence": "equivalent",
              "code": "OTH",
              "display": "Other"
            }
          ]
        },
        {
          "code": "T",
          "display": "Unreported",
          "target": [
            {
              "equivalence": "equivalent",
              "code": "NAVU",
              "display": "Not available"
            }
          ]
        }
      ]
    }
  ]
}
