{
  "resourceType": "ConceptMap",
  "id": "datatype-hd-endpoint-to-messageheader-source",
  "url": "http://hl7.org/fhir/uv/v2mappings/ConceptMap/datatype-hd-endpoint-to-messageheader-source",
  "title": "Datatype HD [endpoint] to MessageHeader.source Map",
  "description": "This ConceptMap represents a mapping from the HL7 V2 Datatype HD to the FHIR MessageHeader.source Data Type.",
  "name": "DatatypeHDEndpointToMessageHeaderSource",
  "version": "1.0",
  "status": "active",
  "experimental": true,
  "publisher": "HL7 International, Inc",
  "contact": [
    {
      "telecom": [
        {
          "system": "email",
          "value": "v2-to-fhir@lists.hl7.org"
        }
      ]
    }
  ],
  "date": "2025-08-23",
  "copyright": "Copyright (c) 2025, HL7 International, Inc., All Rights Reserved.",
  "extension": [
    {
      "url": "http://hl7.org/fhir/uv/v2mappings/StructureDefinition/RelatedArtifact",
      "extension": [
        {
          "url": "type",
          "valueCode": "derived-from"
        },
        {
          "url": "label",
          "valueString": "Datatype HD[endpoint] to MessageHeader.source.fsh"
        },
        {
          "url": "url",
          "valueUri": "https://docs.google.com/spreadsheets/d/18o2QLSHQPkRr1S0vax7G4tuuXQnhE9wJl0n1kjupS7U/edit#gid=0"
        }
      ]
    }
  ],
  "group": [
    {
      "element": [
        {
          "code": "HD.1",
          "extension": [
            {
              "url": "http://hl7.org/fhir/uv/v2mappings/StructureDefinition/TypeInfo",
              "extension": [
                {
                  "url": "type",
                  "valueCode": "IS"
                },
                {
                  "url": "cardinalityMin",
                  "valueInteger": 0
                },
                {
                  "url": "cardinalityMax",
                  "valueInteger": 1
                }
              ]
            }
          ],
          "display": "Namespace ID",
          "target": [
            {
              "equivalence": "equivalent",
              "code": "name",
              "extension": [
                {
                  "url": "http://hl7.org/fhir/uv/v2mappings/StructureDefinition/TypeInfo",
                  "extension": [
                    {
                      "url": "type",
                      "valueCode": "string"
                    }
                  ]
                }
              ],
              "display": "name",
              "dependsOn": [
                {
                  "property": "Computable-ANTLR",
                  "value": "IF HD.2 NOT VALUED AND (HD-3 NOT IN (\"ISO\", \"UUID\", \"DNS\", \"URI\"))"
                }
              ]
            }
          ]
        },
        {
          "code": "HD.2",
          "extension": [
            {
              "url": "http://hl7.org/fhir/uv/v2mappings/StructureDefinition/TypeInfo",
              "extension": [
                {
                  "url": "type",
                  "valueCode": "ST"
                },
                {
                  "url": "cardinalityMin",
                  "valueInteger": 0
                },
                {
                  "url": "cardinalityMax",
                  "valueInteger": 1
                }
              ]
            }
          ],
          "display": "Universal ID",
          "target": [
            {
              "equivalence": "equivalent",
              "code": "endpoint",
              "extension": [
                {
                  "url": "http://hl7.org/fhir/uv/v2mappings/StructureDefinition/TypeInfo",
                  "extension": [
                    {
                      "url": "type",
                      "valueCode": "uri"
                    },
                    {
                      "url": "cardinalityMin",
                      "valueInteger": 1
                    },
                    {
                      "url": "cardinalityMax",
                      "valueInteger": 1
                    },
                    {
                      "url": "assignment",
                      "valueString": "\"urn:oid:\"+HD.2"
                    }
                  ]
                }
              ],
              "display": "endpoint",
              "dependsOn": [
                {
                  "property": "Computable-ANTLR",
                  "value": "IF HD-3 = \"ISO\""
                }
              ]
            }
          ]
        },
        {
          "code": "HD.2",
          "extension": [
            {
              "url": "http://hl7.org/fhir/uv/v2mappings/StructureDefinition/TypeInfo",
              "extension": [
                {
                  "url": "type",
                  "valueCode": "ST"
                },
                {
                  "url": "cardinalityMin",
                  "valueInteger": 0
                },
                {
                  "url": "cardinalityMax",
                  "valueInteger": 1
                }
              ]
            }
          ],
          "display": "Universal ID",
          "target": [
            {
              "equivalence": "equivalent",
              "code": "endpoint",
              "extension": [
                {
                  "url": "http://hl7.org/fhir/uv/v2mappings/StructureDefinition/TypeInfo",
                  "extension": [
                    {
                      "url": "type",
                      "valueCode": "uri"
                    },
                    {
                      "url": "cardinalityMin",
                      "valueInteger": 1
                    },
                    {
                      "url": "cardinalityMax",
                      "valueInteger": 1
                    },
                    {
                      "url": "assignment",
                      "valueString": "\"urn:uuid:\"+HD.2"
                    }
                  ]
                }
              ],
              "display": "endpoint",
              "dependsOn": [
                {
                  "property": "Computable-ANTLR",
                  "value": "IF HD-3 = \"UUID\""
                }
              ]
            }
          ]
        },
        {
          "code": "HD.2",
          "extension": [
            {
              "url": "http://hl7.org/fhir/uv/v2mappings/StructureDefinition/TypeInfo",
              "extension": [
                {
                  "url": "type",
                  "valueCode": "ST"
                },
                {
                  "url": "cardinalityMin",
                  "valueInteger": 0
                },
                {
                  "url": "cardinalityMax",
                  "valueInteger": 1
                }
              ]
            }
          ],
          "display": "Universal ID",
          "target": [
            {
              "equivalence": "equivalent",
              "code": "endpoint",
              "extension": [
                {
                  "url": "http://hl7.org/fhir/uv/v2mappings/StructureDefinition/TypeInfo",
                  "extension": [
                    {
                      "url": "type",
                      "valueCode": "uri"
                    },
                    {
                      "url": "cardinalityMin",
                      "valueInteger": 1
                    },
                    {
                      "url": "cardinalityMax",
                      "valueInteger": 1
                    },
                    {
                      "url": "assignment",
                      "valueString": "\"urn:dns:\"+HD.2"
                    }
                  ]
                }
              ],
              "display": "endpoint",
              "dependsOn": [
                {
                  "property": "Computable-ANTLR",
                  "value": "IF HD-3 = \"DNS\""
                }
              ]
            }
          ]
        },
        {
          "code": "HD.2",
          "extension": [
            {
              "url": "http://hl7.org/fhir/uv/v2mappings/StructureDefinition/TypeInfo",
              "extension": [
                {
                  "url": "type",
                  "valueCode": "ST"
                },
                {
                  "url": "cardinalityMin",
                  "valueInteger": 0
                },
                {
                  "url": "cardinalityMax",
                  "valueInteger": 1
                }
              ]
            }
          ],
          "display": "Universal ID",
          "target": [
            {
              "equivalence": "equivalent",
              "code": "endpoint",
              "extension": [
                {
                  "url": "http://hl7.org/fhir/uv/v2mappings/StructureDefinition/TypeInfo",
                  "extension": [
                    {
                      "url": "type",
                      "valueCode": "uri"
                    },
                    {
                      "url": "cardinalityMin",
                      "valueInteger": 1
                    },
                    {
                      "url": "cardinalityMax",
                      "valueInteger": 1
                    },
                    {
                      "url": "assignment",
                      "valueString": "\"urn:uri:\"+HD.2"
                    }
                  ]
                }
              ],
              "display": "endpoint",
              "dependsOn": [
                {
                  "property": "Computable-ANTLR",
                  "value": "IF HD-3 = \"URI\""
                }
              ]
            }
          ]
        },
        {
          "code": "HD.2",
          "extension": [
            {
              "url": "http://hl7.org/fhir/uv/v2mappings/StructureDefinition/TypeInfo",
              "extension": [
                {
                  "url": "type",
                  "valueCode": "ST"
                },
                {
                  "url": "cardinalityMin",
                  "valueInteger": 0
                },
                {
                  "url": "cardinalityMax",
                  "valueInteger": 1
                }
              ]
            }
          ],
          "display": "Universal ID",
          "target": [
            {
              "equivalence": "equivalent",
              "code": "name",
              "extension": [
                {
                  "url": "http://hl7.org/fhir/uv/v2mappings/StructureDefinition/TypeInfo",
                  "extension": [
                    {
                      "url": "assignment",
                      "valueString": "HD.1+\" - \"+HD.3+\":\"+HD.2"
                    }
                  ]
                }
              ],
              "display": "name",
              "dependsOn": [
                {
                  "property": "Computable-ANTLR",
                  "value": "IF HD-3 NOT IN (\"ISO\", \"UUID\", \"DNS\", \"URI\")"
                }
              ]
            }
          ]
        },
        {
          "code": "HD.3",
          "extension": [
            {
              "url": "http://hl7.org/fhir/uv/v2mappings/StructureDefinition/TypeInfo",
              "extension": [
                {
                  "url": "type",
                  "valueCode": "ST"
                },
                {
                  "url": "cardinalityMin",
                  "valueInteger": 0
                },
                {
                  "url": "cardinalityMax",
                  "valueInteger": 1
                }
              ]
            }
          ],
          "display": "Univeral ID Type",
          "target": [
            {
              "equivalence": "equivalent",
              "code": "endpoint.extension[1].url",
              "extension": [
                {
                  "url": "http://hl7.org/fhir/uv/v2mappings/StructureDefinition/TypeInfo",
                  "extension": [
                    {
                      "url": "assignment",
                      "valueString": "\"http://hl7.org/fhir/R4/extension-data-absent-reason.html\""
                    }
                  ]
                }
              ],
              "display": "endpoint.extension[1].url",
              "dependsOn": [
                {
                  "property": "Computable-ANTLR",
                  "value": "IF NOT VALUED OR NOT IN (\"ISO\", \"UUID\", \"DNS\", \"URI\")"
                }
              ]
            }
          ]
        },
        {
          "code": "HD.3",
          "extension": [
            {
              "url": "http://hl7.org/fhir/uv/v2mappings/StructureDefinition/TypeInfo",
              "extension": [
                {
                  "url": "type",
                  "valueCode": "ST"
                },
                {
                  "url": "cardinalityMin",
                  "valueInteger": 0
                },
                {
                  "url": "cardinalityMax",
                  "valueInteger": 1
                }
              ]
            }
          ],
          "display": "Univeral ID Type",
          "target": [
            {
              "equivalence": "equivalent",
              "code": "endpoint.extension[1].valueCode",
              "extension": [
                {
                  "url": "http://hl7.org/fhir/uv/v2mappings/StructureDefinition/TypeInfo",
                  "extension": [
                    {
                      "url": "assignment",
                      "valueString": "\"unknown\""
                    }
                  ]
                }
              ],
              "display": "endpoint.extension[1].valueCode",
              "dependsOn": [
                {
                  "property": "Computable-ANTLR",
                  "value": "IF NOT VALUED OR NOT IN (\"ISO\", \"UUID\", \"DNS\", \"URI\")"
                }
              ]
            }
          ]
        }
      ]
    }
  ]
}
