{
  "resourceType": "ConceptMap",
  "id": "table-hl70493-to-v2-0493",
  "url": "http://hl7.org/fhir/uv/v2mappings/ConceptMap/table-hl70493-to-v2-0493",
  "title": "Table HL70493 to V2 0493 Map",
  "description": "This ConceptMap represents a mapping from the HL7 V2 Table HL70493 to the FHIR V2 0493 Value Set.",
  "name": "TableHL70493ToV20493",
  "sourceUri": "http://terminology.hl7.org/ValueSet/v2-0493",
  "targetUri": "http://terminology.hl7.org/ValueSet/v2-0493",
  "version": "1.0",
  "status": "active",
  "experimental": true,
  "publisher": "HL7 International, Inc",
  "contact": [
    {
      "telecom": [
        {
          "system": "email",
          "value": "v2-to-fhir@lists.hl7.org"
        }
      ]
    }
  ],
  "date": "2025-08-23",
  "copyright": "Copyright (c) 2025, HL7 International, Inc., All Rights Reserved.",
  "extension": [
    {
      "url": "http://hl7.org/fhir/uv/v2mappings/StructureDefinition/RelatedArtifact",
      "extension": [
        {
          "url": "type",
          "valueCode": "derived-from"
        },
        {
          "url": "label",
          "valueString": "Table HL70493 to V2 0493.fsh"
        },
        {
          "url": "url",
          "valueUri": "https://docs.google.com/spreadsheets/d/1U7r8bjIN7VdzCVTnWOpxSSTbiCkuwSOqdlUuM6yrMk4/edit?gid=0#gid=0"
        }
      ]
    }
  ],
  "group": [
    {
      "source": "http://terminology.hl7.org/CodeSystem/v2-0493",
      "target": "http://terminology.hl7.org/CodeSystem/v2-0493",
      "element": [
        {
          "code": "AUT",
          "display": "Autolyzed",
          "target": [
            {
              "equivalence": "equivalent",
              "code": "AUT",
              "display": "Autolyzed"
            }
          ]
        },
        {
          "code": "CLOT",
          "display": "Clotted",
          "target": [
            {
              "equivalence": "equivalent",
              "code": "CLOT",
              "display": "Clotted"
            }
          ]
        },
        {
          "code": "CON",
          "display": "Contaminated",
          "target": [
            {
              "equivalence": "equivalent",
              "code": "CON",
              "display": "Contaminated"
            }
          ]
        },
        {
          "code": "COOL",
          "display": "Cool",
          "target": [
            {
              "equivalence": "equivalent",
              "code": "COOL",
              "display": "Cool"
            }
          ]
        },
        {
          "code": "FROZ",
          "display": "Frozen",
          "target": [
            {
              "equivalence": "equivalent",
              "code": "FROZ",
              "display": "Frozen"
            }
          ]
        },
        {
          "code": "HEM",
          "display": "Hemolyzed",
          "target": [
            {
              "equivalence": "equivalent",
              "code": "HEM",
              "display": "Hemolyzed"
            }
          ]
        },
        {
          "code": "LIVE",
          "display": "Live",
          "target": [
            {
              "equivalence": "equivalent",
              "code": "LIVE",
              "display": "Live"
            }
          ]
        },
        {
          "code": "ROOM",
          "display": "Room temperature",
          "target": [
            {
              "equivalence": "equivalent",
              "code": "ROOM",
              "display": "Room temperature"
            }
          ]
        },
        {
          "code": "SNR",
          "display": "Sample not received",
          "target": [
            {
              "equivalence": "equivalent",
              "code": "SNR",
              "display": "Sample not received"
            }
          ]
        },
        {
          "code": "CFU",
          "display": "Centrifuged",
          "target": [
            {
              "equivalence": "equivalent",
              "code": "CFU",
              "display": "Centrifuged"
            }
          ]
        }
      ]
    }
  ]
}
