{
  "resourceType": "ConceptMap",
  "id": "segment-msh-source-to-provenance",
  "url": "http://hl7.org/fhir/uv/v2mappings/ConceptMap/segment-msh-source-to-provenance",
  "title": "Segment MSH [Source] to Provenance Map",
  "description": "This ConceptMap represents a mapping from the HL7 V2 Segment MSH to the FHIR Provenance Resource.",
  "name": "SegmentMSHSourceToProvenance",
  "version": "1.0",
  "status": "active",
  "experimental": true,
  "publisher": "HL7 International, Inc",
  "contact": [
    {
      "telecom": [
        {
          "system": "email",
          "value": "v2-to-fhir@lists.hl7.org"
        }
      ]
    }
  ],
  "date": "2025-08-23",
  "copyright": "Copyright (c) 2025, HL7 International, Inc., All Rights Reserved.",
  "extension": [
    {
      "url": "http://hl7.org/fhir/uv/v2mappings/StructureDefinition/RelatedArtifact",
      "extension": [
        {
          "url": "type",
          "valueCode": "derived-from"
        },
        {
          "url": "label",
          "valueString": "Segment MSH[Source] to Provenance.fsh"
        },
        {
          "url": "url",
          "valueUri": "https://docs.google.com/spreadsheets/d/1F5aYk6tFCYTQd_qEaEc5G85ZcCm98R5B-sq2JGqUagk/edit#gid=0"
        }
      ]
    }
  ],
  "group": [
    {
      "element": [
        {
          "code": "MSH",
          "target": [
            {
              "equivalence": "equivalent",
              "code": "entity[1].what(DocumentReference.content.attachment.url)",
              "display": "entity[1].what(DocumentReference.content.attachment.url)",
              "comment": "If there is an interest in holding to the original message by the recipient",
              "dependsOn": [
                {
                  "property": "Narrative-Condition",
                  "value": "when you hold on to/persist the v2 message in a data store"
                }
              ]
            }
          ]
        },
        {
          "code": "MSH",
          "target": [
            {
              "equivalence": "equivalent",
              "code": "entity[1].what(DocumentReference.content.attachment.data)",
              "extension": [
                {
                  "url": "http://hl7.org/fhir/uv/v2mappings/StructureDefinition/TypeInfo",
                  "extension": [
                    {
                      "url": "assignment",
                      "valueString": "/v2.txt or v2.xml into base 64/"
                    }
                  ]
                }
              ],
              "display": "entity[1].what(DocumentReference.content.attachment.data)",
              "comment": "If there is an interest in holding to the original message by the recipient",
              "dependsOn": [
                {
                  "property": "Narrative-Condition",
                  "value": "when you do not hold on to/persist the v2 message in a data store"
                }
              ]
            }
          ]
        },
        {
          "code": "MSH",
          "target": [
            {
              "equivalence": "equivalent",
              "code": "entity[1].what(DocumentReference.status)",
              "extension": [
                {
                  "url": "http://hl7.org/fhir/uv/v2mappings/StructureDefinition/TypeInfo",
                  "extension": [
                    {
                      "url": "assignment",
                      "valueString": "\"current\""
                    }
                  ]
                }
              ],
              "display": "entity[1].what(DocumentReference.status)",
              "comment": "If there is an interest in holding to the original message by the recipient",
              "dependsOn": [
                {
                  "property": "Narrative-Condition",
                  "value": "when you do not hold on to/persist the v2 message in a data store"
                }
              ]
            }
          ]
        },
        {
          "code": "MSH",
          "target": [
            {
              "equivalence": "equivalent",
              "code": "entity[1].role",
              "extension": [
                {
                  "url": "http://hl7.org/fhir/uv/v2mappings/StructureDefinition/TypeInfo",
                  "extension": [
                    {
                      "url": "assignment",
                      "valueString": "\"source\""
                    }
                  ]
                }
              ],
              "display": "entity[1].role"
            }
          ]
        },
        {
          "code": "MSH-3",
          "extension": [
            {
              "url": "http://hl7.org/fhir/uv/v2mappings/StructureDefinition/TypeInfo",
              "extension": [
                {
                  "url": "type",
                  "valueCode": "HD"
                },
                {
                  "url": "cardinalityMin",
                  "valueInteger": 1
                },
                {
                  "url": "cardinalityMax",
                  "valueInteger": 1
                }
              ]
            }
          ],
          "display": "Sending Application",
          "target": [
            {
              "equivalence": "equivalent",
              "code": "entity[2].what(Device.identifier)",
              "extension": [
                {
                  "url": "http://hl7.org/fhir/uv/v2mappings/StructureDefinition/TypeInfo",
                  "extension": [
                    {
                      "url": "type",
                      "valueCode": "Reference(Device)"
                    }
                  ]
                }
              ],
              "display": "entity[2].what(Device.identifier)",
              "dependsOn": [
                {
                  "property": "Computable-ANTLR",
                  "value": "IF MSH-3 AND MSH-24 VALUED"
                }
              ]
            }
          ]
        },
        {
          "code": "MSH-3",
          "extension": [
            {
              "url": "http://hl7.org/fhir/uv/v2mappings/StructureDefinition/TypeInfo",
              "extension": [
                {
                  "url": "type",
                  "valueCode": "HD"
                },
                {
                  "url": "cardinalityMin",
                  "valueInteger": 1
                },
                {
                  "url": "cardinalityMax",
                  "valueInteger": 1
                }
              ]
            }
          ],
          "display": "Sending Application",
          "target": [
            {
              "equivalence": "equivalent",
              "code": "entity[2].role",
              "extension": [
                {
                  "url": "http://hl7.org/fhir/uv/v2mappings/StructureDefinition/TypeInfo",
                  "extension": [
                    {
                      "url": "type",
                      "valueCode": "code"
                    },
                    {
                      "url": "assignment",
                      "valueString": "\"source\""
                    }
                  ]
                }
              ],
              "display": "entity[2].role",
              "dependsOn": [
                {
                  "property": "Computable-ANTLR",
                  "value": "IF MSH-3 AND MSH-24 VALUED"
                }
              ]
            }
          ]
        },
        {
          "code": "MSH-4",
          "extension": [
            {
              "url": "http://hl7.org/fhir/uv/v2mappings/StructureDefinition/TypeInfo",
              "extension": [
                {
                  "url": "type",
                  "valueCode": "HD"
                },
                {
                  "url": "cardinalityMin",
                  "valueInteger": 1
                },
                {
                  "url": "cardinalityMax",
                  "valueInteger": 1
                }
              ]
            }
          ],
          "display": "Sending Facility",
          "target": [
            {
              "equivalence": "equivalent",
              "code": "agent[1].who(Organization)",
              "extension": [
                {
                  "url": "http://hl7.org/fhir/uv/v2mappings/StructureDefinition/TypeInfo",
                  "extension": [
                    {
                      "url": "type",
                      "valueCode": "Reference(Organization)"
                    },
                    {
                      "url": "cardinalityMin",
                      "valueInteger": 1
                    },
                    {
                      "url": "cardinalityMax",
                      "valueInteger": 1
                    }
                  ]
                }
              ],
              "display": "agent[1].who(Organization)",
              "dependsOn": [
                {
                  "property": "Computable-ANTLR",
                  "value": "IF MSH-22 NOT VALUED"
                }
              ]
            }
          ]
        },
        {
          "code": "MSH-4",
          "extension": [
            {
              "url": "http://hl7.org/fhir/uv/v2mappings/StructureDefinition/TypeInfo",
              "extension": [
                {
                  "url": "type",
                  "valueCode": "HD"
                },
                {
                  "url": "cardinalityMin",
                  "valueInteger": 1
                },
                {
                  "url": "cardinalityMax",
                  "valueInteger": 1
                }
              ]
            }
          ],
          "display": "Sending Facility",
          "target": [
            {
              "equivalence": "equivalent",
              "code": "agent[1].type.coding.code",
              "extension": [
                {
                  "url": "http://hl7.org/fhir/uv/v2mappings/StructureDefinition/TypeInfo",
                  "extension": [
                    {
                      "url": "type",
                      "valueCode": "code"
                    },
                    {
                      "url": "cardinalityMin",
                      "valueInteger": 0
                    },
                    {
                      "url": "cardinalityMax",
                      "valueInteger": 1
                    },
                    {
                      "url": "assignment",
                      "valueString": "\"author\""
                    }
                  ]
                }
              ],
              "display": "agent[1].type.coding.code",
              "dependsOn": [
                {
                  "property": "Computable-ANTLR",
                  "value": "IF MSH-22 NOT VALUED"
                }
              ]
            }
          ]
        },
        {
          "code": "MSH-4",
          "extension": [
            {
              "url": "http://hl7.org/fhir/uv/v2mappings/StructureDefinition/TypeInfo",
              "extension": [
                {
                  "url": "type",
                  "valueCode": "HD"
                },
                {
                  "url": "cardinalityMin",
                  "valueInteger": 1
                },
                {
                  "url": "cardinalityMax",
                  "valueInteger": 1
                }
              ]
            }
          ],
          "display": "Sending Facility",
          "target": [
            {
              "equivalence": "equivalent",
              "code": "agent[1].type.coding.system",
              "extension": [
                {
                  "url": "http://hl7.org/fhir/uv/v2mappings/StructureDefinition/TypeInfo",
                  "extension": [
                    {
                      "url": "type",
                      "valueCode": "uri"
                    },
                    {
                      "url": "cardinalityMin",
                      "valueInteger": 0
                    },
                    {
                      "url": "cardinalityMax",
                      "valueInteger": 1
                    },
                    {
                      "url": "assignment",
                      "valueString": "\"http://terminology.hl7.org/CodeSystem/provenance-participant-type\""
                    }
                  ]
                }
              ],
              "display": "agent[1].type.coding.system",
              "dependsOn": [
                {
                  "property": "Computable-ANTLR",
                  "value": "IF MSH-22 NOT VALUED"
                }
              ]
            }
          ]
        },
        {
          "code": "MSH-7",
          "extension": [
            {
              "url": "http://hl7.org/fhir/uv/v2mappings/StructureDefinition/TypeInfo",
              "extension": [
                {
                  "url": "type",
                  "valueCode": "DTM"
                },
                {
                  "url": "cardinalityMin",
                  "valueInteger": 1
                },
                {
                  "url": "cardinalityMax",
                  "valueInteger": 1
                }
              ]
            }
          ],
          "display": "Date/Time of Message",
          "target": [
            {
              "equivalence": "equivalent",
              "code": "recorded",
              "extension": [
                {
                  "url": "http://hl7.org/fhir/uv/v2mappings/StructureDefinition/TypeInfo",
                  "extension": [
                    {
                      "url": "cardinalityMin",
                      "valueInteger": 1
                    },
                    {
                      "url": "cardinalityMax",
                      "valueInteger": 1
                    }
                  ]
                }
              ],
              "display": "recorded",
              "comment": "We note that this could have been mapped to the Provenance.occurred[x] attribute, but since Provenance.recorded is required and these two times are virtually the same, we opted to map to Provenance.recorded."
            }
          ]
        },
        {
          "code": "MSH-7",
          "extension": [
            {
              "url": "http://hl7.org/fhir/uv/v2mappings/StructureDefinition/TypeInfo",
              "extension": [
                {
                  "url": "type",
                  "valueCode": "DTM"
                },
                {
                  "url": "cardinalityMin",
                  "valueInteger": 1
                },
                {
                  "url": "cardinalityMax",
                  "valueInteger": 1
                }
              ]
            }
          ],
          "display": "Date/Time of Message",
          "target": [
            {
              "equivalence": "equivalent",
              "code": "occurred",
              "extension": [
                {
                  "url": "http://hl7.org/fhir/uv/v2mappings/StructureDefinition/TypeInfo",
                  "extension": [
                    {
                      "url": "cardinalityMin",
                      "valueInteger": 0
                    },
                    {
                      "url": "cardinalityMax",
                      "valueInteger": 1
                    }
                  ]
                }
              ],
              "display": "occurred"
            }
          ]
        },
        {
          "code": "MSH-9",
          "extension": [
            {
              "url": "http://hl7.org/fhir/uv/v2mappings/StructureDefinition/TypeInfo",
              "extension": [
                {
                  "url": "type",
                  "valueCode": "MSG"
                },
                {
                  "url": "cardinalityMin",
                  "valueInteger": 1
                },
                {
                  "url": "cardinalityMax",
                  "valueInteger": 1
                }
              ]
            }
          ],
          "display": "Message Type",
          "target": [
            {
              "equivalence": "equivalent",
              "code": "activity.coding.display",
              "extension": [
                {
                  "url": "http://hl7.org/fhir/uv/v2mappings/StructureDefinition/TypeInfo",
                  "extension": [
                    {
                      "url": "type",
                      "valueCode": "string"
                    },
                    {
                      "url": "assignment",
                      "valueString": "\"message - \"+MSG.1+\"^\"+MSG.2+\"^\"+MSG.3"
                    }
                  ]
                }
              ],
              "display": "activity.coding.display"
            }
          ]
        },
        {
          "code": "MSH-22",
          "extension": [
            {
              "url": "http://hl7.org/fhir/uv/v2mappings/StructureDefinition/TypeInfo",
              "extension": [
                {
                  "url": "type",
                  "valueCode": "XON"
                },
                {
                  "url": "cardinalityMin",
                  "valueInteger": 1
                },
                {
                  "url": "cardinalityMax",
                  "valueInteger": 1
                }
              ]
            }
          ],
          "display": "Sending Responsible Organization",
          "target": [
            {
              "equivalence": "equivalent",
              "code": "agent[2].who(Organization)",
              "extension": [
                {
                  "url": "http://hl7.org/fhir/uv/v2mappings/StructureDefinition/TypeInfo",
                  "extension": [
                    {
                      "url": "type",
                      "valueCode": "Reference(Organization)"
                    },
                    {
                      "url": "cardinalityMin",
                      "valueInteger": 1
                    },
                    {
                      "url": "cardinalityMax",
                      "valueInteger": 1
                    }
                  ]
                }
              ],
              "display": "agent[2].who(Organization)"
            }
          ]
        },
        {
          "code": "MSH-22",
          "extension": [
            {
              "url": "http://hl7.org/fhir/uv/v2mappings/StructureDefinition/TypeInfo",
              "extension": [
                {
                  "url": "type",
                  "valueCode": "XON"
                },
                {
                  "url": "cardinalityMin",
                  "valueInteger": 1
                },
                {
                  "url": "cardinalityMax",
                  "valueInteger": 1
                }
              ]
            }
          ],
          "display": "Sending Responsible Organization",
          "target": [
            {
              "equivalence": "equivalent",
              "code": "agent[2].type.coding.code",
              "extension": [
                {
                  "url": "http://hl7.org/fhir/uv/v2mappings/StructureDefinition/TypeInfo",
                  "extension": [
                    {
                      "url": "type",
                      "valueCode": "code"
                    },
                    {
                      "url": "cardinalityMin",
                      "valueInteger": 0
                    },
                    {
                      "url": "cardinalityMax",
                      "valueInteger": 1
                    },
                    {
                      "url": "assignment",
                      "valueString": "\"author\""
                    }
                  ]
                }
              ],
              "display": "agent[2].type.coding.code"
            }
          ]
        },
        {
          "code": "MSH-22",
          "extension": [
            {
              "url": "http://hl7.org/fhir/uv/v2mappings/StructureDefinition/TypeInfo",
              "extension": [
                {
                  "url": "type",
                  "valueCode": "XON"
                },
                {
                  "url": "cardinalityMin",
                  "valueInteger": 1
                },
                {
                  "url": "cardinalityMax",
                  "valueInteger": 1
                }
              ]
            }
          ],
          "display": "Sending Responsible Organization",
          "target": [
            {
              "equivalence": "equivalent",
              "code": "agent[2].type.coding.system",
              "extension": [
                {
                  "url": "http://hl7.org/fhir/uv/v2mappings/StructureDefinition/TypeInfo",
                  "extension": [
                    {
                      "url": "type",
                      "valueCode": "uri"
                    },
                    {
                      "url": "cardinalityMin",
                      "valueInteger": 0
                    },
                    {
                      "url": "cardinalityMax",
                      "valueInteger": 1
                    },
                    {
                      "url": "assignment",
                      "valueString": "\"http://terminology.hl7.org/CodeSystem/provenance-participant-type\""
                    }
                  ]
                }
              ],
              "display": "agent[2].type.coding.system"
            }
          ]
        }
      ]
    }
  ]
}
