{
  "resourceType": "ConceptMap",
  "id": "datatype-tq-to-medicationrequest",
  "url": "http://hl7.org/fhir/uv/v2mappings/ConceptMap/datatype-tq-to-medicationrequest",
  "title": "Datatype TQ to MedicationRequest Map",
  "description": "This ConceptMap represents a mapping from the HL7 V2 Datatype TQ to the FHIR MedicationRequest Resource.",
  "name": "DatatypeTQToMedicationRequest",
  "version": "1.0",
  "status": "active",
  "experimental": true,
  "publisher": "HL7 International, Inc",
  "contact": [
    {
      "telecom": [
        {
          "system": "email",
          "value": "v2-to-fhir@lists.hl7.org"
        }
      ]
    }
  ],
  "date": "2025-08-23",
  "copyright": "Copyright (c) 2025, HL7 International, Inc., All Rights Reserved.",
  "extension": [
    {
      "url": "http://hl7.org/fhir/uv/v2mappings/StructureDefinition/RelatedArtifact",
      "extension": [
        {
          "url": "type",
          "valueCode": "derived-from"
        },
        {
          "url": "label",
          "valueString": "Datatype TQ to MedicationRequest.fsh"
        },
        {
          "url": "url",
          "valueUri": "https://docs.google.com/spreadsheets/d/1lAit5IsCkpdWAJarDdkr2obW-dnabpOPwYos72ac8FY/edit#gid=0"
        }
      ]
    }
  ],
  "group": [
    {
      "element": [
        {
          "code": "TQ.1",
          "extension": [
            {
              "url": "http://hl7.org/fhir/uv/v2mappings/StructureDefinition/TypeInfo",
              "extension": [
                {
                  "url": "type",
                  "valueCode": "CQ"
                },
                {
                  "url": "cardinalityMin",
                  "valueInteger": 0
                },
                {
                  "url": "cardinalityMax",
                  "valueInteger": 1
                }
              ]
            }
          ],
          "display": "Quantity",
          "target": [
            {
              "equivalence": "equivalent",
              "code": "dosageInstruction.doseAndRate.doseQuantity",
              "extension": [
                {
                  "url": "http://hl7.org/fhir/uv/v2mappings/StructureDefinition/TypeInfo",
                  "extension": [
                    {
                      "url": "type",
                      "valueCode": "simpleQuantity"
                    },
                    {
                      "url": "cardinalityMin",
                      "valueInteger": 1
                    },
                    {
                      "url": "cardinalityMax",
                      "valueInteger": 1
                    }
                  ]
                }
              ],
              "display": "dosageInstruction.doseAndRate.doseQuantity"
            }
          ]
        },
        {
          "code": "TQ.2",
          "extension": [
            {
              "url": "http://hl7.org/fhir/uv/v2mappings/StructureDefinition/TypeInfo",
              "extension": [
                {
                  "url": "type",
                  "valueCode": "RI"
                },
                {
                  "url": "cardinalityMin",
                  "valueInteger": 0
                },
                {
                  "url": "cardinalityMax",
                  "valueInteger": 1
                }
              ]
            }
          ],
          "display": "Interval",
          "target": [
            {
              "equivalence": "equivalent",
              "code": "dosageInstruction.doseAndRate.timing",
              "extension": [
                {
                  "url": "http://hl7.org/fhir/uv/v2mappings/StructureDefinition/TypeInfo",
                  "extension": [
                    {
                      "url": "type",
                      "valueCode": "Timing"
                    },
                    {
                      "url": "cardinalityMin",
                      "valueInteger": 1
                    },
                    {
                      "url": "cardinalityMax",
                      "valueInteger": 1
                    }
                  ]
                }
              ],
              "display": "dosageInstruction.doseAndRate.timing"
            }
          ]
        },
        {
          "code": "TQ.3",
          "extension": [
            {
              "url": "http://hl7.org/fhir/uv/v2mappings/StructureDefinition/TypeInfo",
              "extension": [
                {
                  "url": "type",
                  "valueCode": "ST"
                },
                {
                  "url": "cardinalityMin",
                  "valueInteger": 0
                },
                {
                  "url": "cardinalityMax",
                  "valueInteger": 1
                }
              ]
            }
          ],
          "display": "Duration",
          "target": [
            {
              "equivalence": "equivalent",
              "code": "dosageInstruction.doseAndRate.timing.repeat.duration",
              "extension": [
                {
                  "url": "http://hl7.org/fhir/uv/v2mappings/StructureDefinition/TypeInfo",
                  "extension": [
                    {
                      "url": "type",
                      "valueCode": "decimal"
                    },
                    {
                      "url": "cardinalityMin",
                      "valueInteger": 1
                    },
                    {
                      "url": "cardinalityMax",
                      "valueInteger": 1
                    }
                  ]
                }
              ],
              "display": "dosageInstruction.doseAndRate.timing.repeat.duration",
              "dependsOn": [
                {
                  "property": "Narrative-Condition",
                  "value": "If the value and unit in TQ.3 can be unambiguously parsed where the unit is translatable into UCUM and the field contains nothing else."
                }
              ]
            }
          ]
        },
        {
          "code": "TQ.3",
          "extension": [
            {
              "url": "http://hl7.org/fhir/uv/v2mappings/StructureDefinition/TypeInfo",
              "extension": [
                {
                  "url": "type",
                  "valueCode": "ST"
                },
                {
                  "url": "cardinalityMin",
                  "valueInteger": 0
                },
                {
                  "url": "cardinalityMax",
                  "valueInteger": 1
                }
              ]
            }
          ],
          "display": "Duration",
          "target": [
            {
              "equivalence": "equivalent",
              "code": "occurenceTiming.repeat.boundsDuration.unit",
              "extension": [
                {
                  "url": "http://hl7.org/fhir/uv/v2mappings/StructureDefinition/TypeInfo",
                  "extension": [
                    {
                      "url": "type",
                      "valueCode": "string"
                    },
                    {
                      "url": "cardinalityMin",
                      "valueInteger": 1
                    },
                    {
                      "url": "cardinalityMax",
                      "valueInteger": 1
                    }
                  ]
                }
              ],
              "display": "occurenceTiming.repeat.boundsDuration.unit",
              "dependsOn": [
                {
                  "property": "Narrative-Condition",
                  "value": "If the value and unit in TQ.3 can be unambiguously parsed where the unit is translatable into UCUM and the field contains nothing else."
                }
              ]
            }
          ]
        },
        {
          "code": "TQ.3",
          "extension": [
            {
              "url": "http://hl7.org/fhir/uv/v2mappings/StructureDefinition/TypeInfo",
              "extension": [
                {
                  "url": "type",
                  "valueCode": "ST"
                },
                {
                  "url": "cardinalityMin",
                  "valueInteger": 0
                },
                {
                  "url": "cardinalityMax",
                  "valueInteger": 1
                }
              ]
            }
          ],
          "display": "Duration",
          "target": [
            {
              "equivalence": "equivalent",
              "code": "occurenceTiming.repeat.boundsDuration.system",
              "extension": [
                {
                  "url": "http://hl7.org/fhir/uv/v2mappings/StructureDefinition/TypeInfo",
                  "extension": [
                    {
                      "url": "cardinalityMin",
                      "valueInteger": 1
                    },
                    {
                      "url": "cardinalityMax",
                      "valueInteger": 1
                    },
                    {
                      "url": "assignment",
                      "valueString": "\"UCUM\""
                    }
                  ]
                }
              ],
              "display": "occurenceTiming.repeat.boundsDuration.system",
              "dependsOn": [
                {
                  "property": "Narrative-Condition",
                  "value": "If the value and unit in TQ.3 can be unambiguously parsed where the unit is translatable into UCUM and the field contains nothing else."
                }
              ]
            }
          ]
        },
        {
          "code": "TQ.4",
          "extension": [
            {
              "url": "http://hl7.org/fhir/uv/v2mappings/StructureDefinition/TypeInfo",
              "extension": [
                {
                  "url": "type",
                  "valueCode": "TS"
                },
                {
                  "url": "cardinalityMin",
                  "valueInteger": 0
                },
                {
                  "url": "cardinalityMax",
                  "valueInteger": 1
                }
              ]
            }
          ],
          "display": "Start Date/Time",
          "target": [
            {
              "equivalence": "equivalent",
              "code": "occurrenceTiming.repeat.boundsPeriod.start",
              "extension": [
                {
                  "url": "http://hl7.org/fhir/uv/v2mappings/StructureDefinition/TypeInfo",
                  "extension": [
                    {
                      "url": "type",
                      "valueCode": "dateTime"
                    },
                    {
                      "url": "cardinalityMin",
                      "valueInteger": 1
                    },
                    {
                      "url": "cardinalityMax",
                      "valueInteger": 1
                    }
                  ]
                }
              ],
              "display": "occurrenceTiming.repeat.boundsPeriod.start"
            }
          ]
        },
        {
          "code": "TQ.5",
          "extension": [
            {
              "url": "http://hl7.org/fhir/uv/v2mappings/StructureDefinition/TypeInfo",
              "extension": [
                {
                  "url": "type",
                  "valueCode": "TS"
                },
                {
                  "url": "cardinalityMin",
                  "valueInteger": 0
                },
                {
                  "url": "cardinalityMax",
                  "valueInteger": 1
                }
              ]
            }
          ],
          "display": "End Date/Time",
          "target": [
            {
              "equivalence": "equivalent",
              "code": "occurrenceTiming.repeat.boundsPeriod.end",
              "extension": [
                {
                  "url": "http://hl7.org/fhir/uv/v2mappings/StructureDefinition/TypeInfo",
                  "extension": [
                    {
                      "url": "type",
                      "valueCode": "dateTime"
                    },
                    {
                      "url": "cardinalityMin",
                      "valueInteger": 1
                    },
                    {
                      "url": "cardinalityMax",
                      "valueInteger": 1
                    }
                  ]
                }
              ],
              "display": "occurrenceTiming.repeat.boundsPeriod.end"
            }
          ]
        },
        {
          "code": "TQ.6",
          "extension": [
            {
              "url": "http://hl7.org/fhir/uv/v2mappings/StructureDefinition/TypeInfo",
              "extension": [
                {
                  "url": "type",
                  "valueCode": "ST"
                },
                {
                  "url": "cardinalityMin",
                  "valueInteger": 0
                },
                {
                  "url": "cardinalityMax",
                  "valueInteger": 1
                }
              ]
            }
          ],
          "display": "Priority",
          "target": [
            {
              "equivalence": "equivalent",
              "code": "priority",
              "extension": [
                {
                  "url": "http://hl7.org/fhir/uv/v2mappings/StructureDefinition/TypeInfo",
                  "extension": [
                    {
                      "url": "type",
                      "valueCode": "code"
                    },
                    {
                      "url": "cardinalityMin",
                      "valueInteger": 1
                    },
                    {
                      "url": "cardinalityMax",
                      "valueInteger": 1
                    },
                    {
                      "url": "mappedVia",
                      "valueUrl": "ConceptMap/table-hl70485-to-request-priority"
                    }
                  ]
                }
              ],
              "display": "priority",
              "comment": "A translation from the text priority in the v2 message to a coded value in the request-priority value set will be required."
            }
          ]
        },
        {
          "code": "TQ.8",
          "extension": [
            {
              "url": "http://hl7.org/fhir/uv/v2mappings/StructureDefinition/TypeInfo",
              "extension": [
                {
                  "url": "type",
                  "valueCode": "TX"
                },
                {
                  "url": "cardinalityMin",
                  "valueInteger": 0
                },
                {
                  "url": "cardinalityMax",
                  "valueInteger": 1
                }
              ]
            }
          ],
          "display": "Text",
          "target": [
            {
              "equivalence": "equivalent",
              "code": "note(Annotation.text)",
              "extension": [
                {
                  "url": "http://hl7.org/fhir/uv/v2mappings/StructureDefinition/TypeInfo",
                  "extension": [
                    {
                      "url": "type",
                      "valueCode": "Reference(Annotation)"
                    },
                    {
                      "url": "cardinalityMin",
                      "valueInteger": -1
                    },
                    {
                      "url": "cardinalityMax",
                      "valueInteger": -1
                    }
                  ]
                }
              ],
              "display": "note(Annotation.text)"
            }
          ]
        },
        {
          "code": "TQ.12",
          "extension": [
            {
              "url": "http://hl7.org/fhir/uv/v2mappings/StructureDefinition/TypeInfo",
              "extension": [
                {
                  "url": "type",
                  "valueCode": "NM"
                },
                {
                  "url": "cardinalityMin",
                  "valueInteger": 0
                },
                {
                  "url": "cardinalityMax",
                  "valueInteger": 1
                }
              ]
            }
          ],
          "display": "Total Occurrences",
          "target": [
            {
              "equivalence": "equivalent",
              "code": "occurrenceTiming.repeat.count",
              "extension": [
                {
                  "url": "http://hl7.org/fhir/uv/v2mappings/StructureDefinition/TypeInfo",
                  "extension": [
                    {
                      "url": "type",
                      "valueCode": "positiveInt"
                    },
                    {
                      "url": "cardinalityMin",
                      "valueInteger": 1
                    },
                    {
                      "url": "cardinalityMax",
                      "valueInteger": 1
                    }
                  ]
                }
              ],
              "display": "occurrenceTiming.repeat.count"
            }
          ]
        }
      ]
    }
  ]
}
