{
  "resourceType": "ConceptMap",
  "id": "datatype-cwe-to-practitionerrole",
  "url": "http://hl7.org/fhir/uv/v2mappings/ConceptMap/datatype-cwe-to-practitionerrole",
  "title": "Datatype CWE to PractitionerRole Map",
  "description": "This ConceptMap represents a mapping from the HL7 V2 Datatype CWE to the FHIR PractitionerRole Resource.",
  "name": "DatatypeCWEToPractitionerRole",
  "version": "1.0",
  "status": "active",
  "experimental": true,
  "publisher": "HL7 International, Inc",
  "contact": [
    {
      "telecom": [
        {
          "system": "email",
          "value": "v2-to-fhir@lists.hl7.org"
        }
      ]
    }
  ],
  "date": "2025-08-23",
  "copyright": "Copyright (c) 2025, HL7 International, Inc., All Rights Reserved.",
  "extension": [
    {
      "url": "http://hl7.org/fhir/uv/v2mappings/StructureDefinition/RelatedArtifact",
      "extension": [
        {
          "url": "type",
          "valueCode": "derived-from"
        },
        {
          "url": "label",
          "valueString": "Datatype CWE to PractitionerRole.fsh"
        },
        {
          "url": "url",
          "valueUri": "https://docs.google.com/spreadsheets/d/17rAsM14GKm-hwj88gnygm2C6lVt_nYnzJ6SR0sM_2qo/edit#gid=0"
        }
      ]
    }
  ],
  "group": [
    {
      "element": [
        {
          "code": "CWE.1",
          "extension": [
            {
              "url": "http://hl7.org/fhir/uv/v2mappings/StructureDefinition/TypeInfo",
              "extension": [
                {
                  "url": "type",
                  "valueCode": "ST"
                },
                {
                  "url": "cardinalityMin",
                  "valueInteger": 0
                },
                {
                  "url": "cardinalityMax",
                  "valueInteger": 1
                }
              ]
            }
          ],
          "display": "Identifier",
          "target": [
            {
              "equivalence": "equivalent",
              "code": "code.coding[1].code",
              "extension": [
                {
                  "url": "http://hl7.org/fhir/uv/v2mappings/StructureDefinition/TypeInfo",
                  "extension": [
                    {
                      "url": "type",
                      "valueCode": "code"
                    }
                  ]
                }
              ],
              "display": "code.coding[1].code"
            }
          ]
        },
        {
          "code": "CWE.2",
          "extension": [
            {
              "url": "http://hl7.org/fhir/uv/v2mappings/StructureDefinition/TypeInfo",
              "extension": [
                {
                  "url": "type",
                  "valueCode": "ST"
                },
                {
                  "url": "cardinalityMin",
                  "valueInteger": 0
                },
                {
                  "url": "cardinalityMax",
                  "valueInteger": 1
                }
              ]
            }
          ],
          "display": "Text",
          "target": [
            {
              "equivalence": "equivalent",
              "code": "code.coding[1].display",
              "extension": [
                {
                  "url": "http://hl7.org/fhir/uv/v2mappings/StructureDefinition/TypeInfo",
                  "extension": [
                    {
                      "url": "type",
                      "valueCode": "string"
                    }
                  ]
                }
              ],
              "display": "code.coding[1].display"
            }
          ]
        },
        {
          "code": "CWE.3",
          "extension": [
            {
              "url": "http://hl7.org/fhir/uv/v2mappings/StructureDefinition/TypeInfo",
              "extension": [
                {
                  "url": "type",
                  "valueCode": "ID"
                },
                {
                  "url": "cardinalityMin",
                  "valueInteger": 0
                },
                {
                  "url": "cardinalityMax",
                  "valueInteger": 1
                }
              ]
            }
          ],
          "display": "Name of Coding System",
          "target": [
            {
              "equivalence": "equivalent",
              "code": "code.coding[1].system",
              "extension": [
                {
                  "url": "http://hl7.org/fhir/uv/v2mappings/StructureDefinition/TypeInfo",
                  "extension": [
                    {
                      "url": "type",
                      "valueCode": "uri"
                    }
                  ]
                }
              ],
              "display": "code.coding[1].system",
              "comment": "CWE.3 needs to converted to proper uri for the coding system used, considering CWE.14"
            }
          ]
        },
        {
          "code": "CWE.4",
          "extension": [
            {
              "url": "http://hl7.org/fhir/uv/v2mappings/StructureDefinition/TypeInfo",
              "extension": [
                {
                  "url": "type",
                  "valueCode": "ST"
                },
                {
                  "url": "cardinalityMin",
                  "valueInteger": 0
                },
                {
                  "url": "cardinalityMax",
                  "valueInteger": 1
                }
              ]
            }
          ],
          "display": "Alternate Identifier",
          "target": [
            {
              "equivalence": "equivalent",
              "code": "code.coding[2].code",
              "extension": [
                {
                  "url": "http://hl7.org/fhir/uv/v2mappings/StructureDefinition/TypeInfo",
                  "extension": [
                    {
                      "url": "type",
                      "valueCode": "code"
                    }
                  ]
                }
              ],
              "display": "code.coding[2].code"
            }
          ]
        },
        {
          "code": "CWE.5",
          "extension": [
            {
              "url": "http://hl7.org/fhir/uv/v2mappings/StructureDefinition/TypeInfo",
              "extension": [
                {
                  "url": "type",
                  "valueCode": "ST"
                },
                {
                  "url": "cardinalityMin",
                  "valueInteger": 0
                },
                {
                  "url": "cardinalityMax",
                  "valueInteger": 1
                }
              ]
            }
          ],
          "display": "Alternate Text",
          "target": [
            {
              "equivalence": "equivalent",
              "code": "code.coding[2].display",
              "extension": [
                {
                  "url": "http://hl7.org/fhir/uv/v2mappings/StructureDefinition/TypeInfo",
                  "extension": [
                    {
                      "url": "type",
                      "valueCode": "string"
                    }
                  ]
                }
              ],
              "display": "code.coding[2].display"
            }
          ]
        },
        {
          "code": "CWE.6",
          "extension": [
            {
              "url": "http://hl7.org/fhir/uv/v2mappings/StructureDefinition/TypeInfo",
              "extension": [
                {
                  "url": "type",
                  "valueCode": "ID"
                },
                {
                  "url": "cardinalityMin",
                  "valueInteger": 0
                },
                {
                  "url": "cardinalityMax",
                  "valueInteger": 1
                }
              ]
            }
          ],
          "display": "Name of Alternate Coding System",
          "target": [
            {
              "equivalence": "equivalent",
              "code": "code.coding[2].system",
              "extension": [
                {
                  "url": "http://hl7.org/fhir/uv/v2mappings/StructureDefinition/TypeInfo",
                  "extension": [
                    {
                      "url": "type",
                      "valueCode": "uri"
                    }
                  ]
                }
              ],
              "display": "code.coding[2].system",
              "comment": "CWE.6 needs to converted to proper uri for the coding system used, considering CWE.17"
            }
          ]
        },
        {
          "code": "CWE.9",
          "extension": [
            {
              "url": "http://hl7.org/fhir/uv/v2mappings/StructureDefinition/TypeInfo",
              "extension": [
                {
                  "url": "type",
                  "valueCode": "ST"
                },
                {
                  "url": "cardinalityMin",
                  "valueInteger": 0
                },
                {
                  "url": "cardinalityMax",
                  "valueInteger": 1
                }
              ]
            }
          ],
          "display": "Original Text",
          "target": [
            {
              "equivalence": "equivalent",
              "code": "code.text",
              "display": "code.text"
            }
          ]
        },
        {
          "code": "CWE.10",
          "extension": [
            {
              "url": "http://hl7.org/fhir/uv/v2mappings/StructureDefinition/TypeInfo",
              "extension": [
                {
                  "url": "type",
                  "valueCode": "ST"
                },
                {
                  "url": "cardinalityMin",
                  "valueInteger": 0
                },
                {
                  "url": "cardinalityMax",
                  "valueInteger": 1
                }
              ]
            }
          ],
          "display": "Second Alternate Identifier",
          "target": [
            {
              "equivalence": "equivalent",
              "code": "code.coding[3].code",
              "extension": [
                {
                  "url": "http://hl7.org/fhir/uv/v2mappings/StructureDefinition/TypeInfo",
                  "extension": [
                    {
                      "url": "type",
                      "valueCode": "code"
                    }
                  ]
                }
              ],
              "display": "code.coding[3].code"
            }
          ]
        },
        {
          "code": "CWE.11",
          "extension": [
            {
              "url": "http://hl7.org/fhir/uv/v2mappings/StructureDefinition/TypeInfo",
              "extension": [
                {
                  "url": "type",
                  "valueCode": "ST"
                },
                {
                  "url": "cardinalityMin",
                  "valueInteger": 0
                },
                {
                  "url": "cardinalityMax",
                  "valueInteger": 1
                }
              ]
            }
          ],
          "display": "Second Alternate Text",
          "target": [
            {
              "equivalence": "equivalent",
              "code": "code.coding[3].display",
              "extension": [
                {
                  "url": "http://hl7.org/fhir/uv/v2mappings/StructureDefinition/TypeInfo",
                  "extension": [
                    {
                      "url": "type",
                      "valueCode": "string"
                    }
                  ]
                }
              ],
              "display": "code.coding[3].display"
            }
          ]
        },
        {
          "code": "CWE.12",
          "extension": [
            {
              "url": "http://hl7.org/fhir/uv/v2mappings/StructureDefinition/TypeInfo",
              "extension": [
                {
                  "url": "type",
                  "valueCode": "ID"
                },
                {
                  "url": "cardinalityMin",
                  "valueInteger": 0
                },
                {
                  "url": "cardinalityMax",
                  "valueInteger": 1
                }
              ]
            }
          ],
          "display": "Name of Second Alternate Coding System",
          "target": [
            {
              "equivalence": "equivalent",
              "code": "code.coding[3].system",
              "extension": [
                {
                  "url": "http://hl7.org/fhir/uv/v2mappings/StructureDefinition/TypeInfo",
                  "extension": [
                    {
                      "url": "type",
                      "valueCode": "uri"
                    }
                  ]
                }
              ],
              "display": "code.coding[3].system",
              "comment": "CWE.12 needs to converted to proper uri for the coding system used, consdiering CWE.13"
            }
          ]
        }
      ]
    }
  ]
}
