{
  "resourceType": "ConceptMap",
  "id": "table-hl70004-to-v3-actcode",
  "url": "http://hl7.org/fhir/uv/v2mappings/ConceptMap/table-hl70004-to-v3-actcode",
  "title": "Table HL70004 to V3 ActCode Map",
  "description": "This ConceptMap represents a mapping from the HL7 V2 Table HL70004 to the FHIR V3 ActCode Value Set.",
  "name": "TableHL70004ToV3ActCode",
  "sourceUri": "http://terminology.hl7.org/ValueSet/v2-0004",
  "version": "1.0",
  "status": "active",
  "experimental": true,
  "publisher": "HL7 International, Inc",
  "contact": [
    {
      "telecom": [
        {
          "system": "email",
          "value": "v2-to-fhir@lists.hl7.org"
        }
      ]
    }
  ],
  "date": "2025-08-23",
  "copyright": "Copyright (c) 2025, HL7 International, Inc., All Rights Reserved.",
  "extension": [
    {
      "url": "http://hl7.org/fhir/uv/v2mappings/StructureDefinition/RelatedArtifact",
      "extension": [
        {
          "url": "type",
          "valueCode": "derived-from"
        },
        {
          "url": "label",
          "valueString": "Table HL70004 to V3 ActCode.fsh"
        },
        {
          "url": "url",
          "valueUri": "https://docs.google.com/spreadsheets/d/1T8Q6rSolB8lh56sXr3SVZ6AAPQGqD8D0zCoxz2dzdkM/edit#gid=0"
        }
      ]
    }
  ],
  "group": [
    {
      "source": "http://terminology.hl7.org/CodeSystem/v2-0004",
      "target": "http://terminology.hl7.org/CodeSystem/v3-ActCode",
      "element": [
        {
          "code": "E",
          "display": "Emergency",
          "target": [
            {
              "equivalence": "equivalent",
              "code": "EMER"
            }
          ]
        },
        {
          "code": "I",
          "display": "Inpatient",
          "target": [
            {
              "equivalence": "equivalent",
              "code": "IMP"
            }
          ]
        },
        {
          "code": "O",
          "display": "Outpatient",
          "target": [
            {
              "equivalence": "equivalent",
              "code": "AMB"
            }
          ]
        },
        {
          "code": "P",
          "display": "Preadmit",
          "target": [
            {
              "equivalence": "equivalent",
              "code": "PRENC"
            }
          ]
        }
      ]
    },
    {
      "source": "http://terminology.hl7.org/CodeSystem/v2-0004",
      "target": "http://terminology.hl7.org/CodeSystem/v2-0004",
      "element": [
        {
          "code": "R",
          "display": "Recurring patient",
          "target": [
            {
              "equivalence": "equivalent",
              "code": "R"
            }
          ]
        },
        {
          "code": "B",
          "display": "Obstetrics",
          "target": [
            {
              "equivalence": "equivalent",
              "code": "B"
            }
          ]
        },
        {
          "code": "C",
          "display": "Commercial Account",
          "target": [
            {
              "equivalence": "equivalent",
              "code": "C"
            }
          ]
        },
        {
          "code": "N",
          "display": "Not Applicable",
          "target": [
            {
              "equivalence": "equivalent",
              "code": "N"
            }
          ]
        },
        {
          "code": "U",
          "display": "Unknown",
          "target": [
            {
              "equivalence": "equivalent",
              "code": "U"
            }
          ]
        }
      ]
    }
  ]
}
