{
  "resourceType": "ConceptMap",
  "id": "segment-rol-generalpractitioner-to-patient",
  "url": "http://hl7.org/fhir/uv/v2mappings/ConceptMap/segment-rol-generalpractitioner-to-patient",
  "title": "Segment ROL [GeneralPractitioner] to Patient Map",
  "description": "This ConceptMap represents a mapping from the HL7 V2 Segment ROL to the FHIR Patient Resource.",
  "name": "SegmentROLGeneralPractitionerToPatient",
  "version": "1.0",
  "status": "active",
  "experimental": true,
  "publisher": "HL7 International, Inc",
  "contact": [
    {
      "telecom": [
        {
          "system": "email",
          "value": "v2-to-fhir@lists.hl7.org"
        }
      ]
    }
  ],
  "date": "2025-08-23",
  "copyright": "Copyright (c) 2025, HL7 International, Inc., All Rights Reserved.",
  "extension": [
    {
      "url": "http://hl7.org/fhir/uv/v2mappings/StructureDefinition/RelatedArtifact",
      "extension": [
        {
          "url": "type",
          "valueCode": "derived-from"
        },
        {
          "url": "label",
          "valueString": "Segment ROL[GeneralPractitioner] to Patient.fsh"
        },
        {
          "url": "url",
          "valueUri": "https://docs.google.com/spreadsheets/d/1k_CXL1pI4XSfDj93bYImERZ_fm5Cwm9tzQj_IKHBAeI/edit#gid=0"
        }
      ]
    }
  ],
  "group": [
    {
      "element": [
        {
          "code": "ROL-1",
          "extension": [
            {
              "url": "http://hl7.org/fhir/uv/v2mappings/StructureDefinition/TypeInfo",
              "extension": [
                {
                  "url": "type",
                  "valueCode": "EI"
                },
                {
                  "url": "cardinalityMin",
                  "valueInteger": 1
                },
                {
                  "url": "cardinalityMax",
                  "valueInteger": 1
                }
              ]
            }
          ],
          "display": "Role Instance ID",
          "target": [
            {
              "equivalence": "equivalent",
              "code": "generalPractitioner(PractitionerRole.identifier)",
              "extension": [
                {
                  "url": "http://hl7.org/fhir/uv/v2mappings/StructureDefinition/TypeInfo",
                  "extension": [
                    {
                      "url": "type",
                      "valueCode": "Identifier"
                    },
                    {
                      "url": "cardinalityMin",
                      "valueInteger": 0
                    },
                    {
                      "url": "cardinalityMax",
                      "valueInteger": -1
                    }
                  ]
                }
              ],
              "display": "generalPractitioner(PractitionerRole.identifier)"
            }
          ]
        },
        {
          "code": "ROL-3",
          "extension": [
            {
              "url": "http://hl7.org/fhir/uv/v2mappings/StructureDefinition/TypeInfo",
              "extension": [
                {
                  "url": "type",
                  "valueCode": "CWE"
                },
                {
                  "url": "cardinalityMin",
                  "valueInteger": 1
                },
                {
                  "url": "cardinalityMax",
                  "valueInteger": 1
                }
              ]
            }
          ],
          "display": "Role-ROL",
          "target": [
            {
              "equivalence": "equivalent",
              "code": "generalPractitioner(PractitionerRole.code)",
              "extension": [
                {
                  "url": "http://hl7.org/fhir/uv/v2mappings/StructureDefinition/TypeInfo",
                  "extension": [
                    {
                      "url": "type",
                      "valueCode": "CodeableConcept"
                    },
                    {
                      "url": "mappedVia",
                      "valueUrl": "ConceptMap/table-hl70443-to-v3-participationtype"
                    }
                  ]
                }
              ],
              "display": "generalPractitioner(PractitionerRole.code)"
            }
          ]
        },
        {
          "code": "ROL-4",
          "extension": [
            {
              "url": "http://hl7.org/fhir/uv/v2mappings/StructureDefinition/TypeInfo",
              "extension": [
                {
                  "url": "type",
                  "valueCode": "XCN"
                },
                {
                  "url": "cardinalityMin",
                  "valueInteger": -1
                },
                {
                  "url": "cardinalityMax",
                  "valueInteger": -1
                }
              ]
            }
          ],
          "display": "Role Person",
          "target": [
            {
              "equivalence": "equivalent",
              "code": "generalPractitioner(PractitionerRole.practitioner)",
              "extension": [
                {
                  "url": "http://hl7.org/fhir/uv/v2mappings/StructureDefinition/TypeInfo",
                  "extension": [
                    {
                      "url": "type",
                      "valueCode": "Reference(Practitioner)"
                    }
                  ]
                }
              ],
              "display": "generalPractitioner(PractitionerRole.practitioner)"
            }
          ]
        },
        {
          "code": "ROL-5",
          "extension": [
            {
              "url": "http://hl7.org/fhir/uv/v2mappings/StructureDefinition/TypeInfo",
              "extension": [
                {
                  "url": "type",
                  "valueCode": "DTM"
                },
                {
                  "url": "cardinalityMin",
                  "valueInteger": 1
                },
                {
                  "url": "cardinalityMax",
                  "valueInteger": 1
                }
              ]
            }
          ],
          "display": "Role Begin Date/Time",
          "target": [
            {
              "equivalence": "equivalent",
              "code": "generalPractitioner(PractitionerRole.period.start)",
              "extension": [
                {
                  "url": "http://hl7.org/fhir/uv/v2mappings/StructureDefinition/TypeInfo",
                  "extension": [
                    {
                      "url": "type",
                      "valueCode": "dateTime"
                    }
                  ]
                }
              ],
              "display": "generalPractitioner(PractitionerRole.period.start)"
            }
          ]
        },
        {
          "code": "ROL-6",
          "extension": [
            {
              "url": "http://hl7.org/fhir/uv/v2mappings/StructureDefinition/TypeInfo",
              "extension": [
                {
                  "url": "type",
                  "valueCode": "DTM"
                },
                {
                  "url": "cardinalityMin",
                  "valueInteger": 1
                },
                {
                  "url": "cardinalityMax",
                  "valueInteger": 1
                }
              ]
            }
          ],
          "display": "Role End Date/Time",
          "target": [
            {
              "equivalence": "equivalent",
              "code": "generalPractitioner(PractitionerRole.period.end)",
              "extension": [
                {
                  "url": "http://hl7.org/fhir/uv/v2mappings/StructureDefinition/TypeInfo",
                  "extension": [
                    {
                      "url": "type",
                      "valueCode": "dateTime"
                    }
                  ]
                }
              ],
              "display": "generalPractitioner(PractitionerRole.period.end)"
            }
          ]
        },
        {
          "code": "ROL-11",
          "extension": [
            {
              "url": "http://hl7.org/fhir/uv/v2mappings/StructureDefinition/TypeInfo",
              "extension": [
                {
                  "url": "type",
                  "valueCode": "XAD"
                },
                {
                  "url": "cardinalityMin",
                  "valueInteger": -1
                },
                {
                  "url": "cardinalityMax",
                  "valueInteger": -1
                }
              ]
            }
          ],
          "display": "Office/Home Address/Birthplace",
          "target": [
            {
              "equivalence": "equivalent",
              "code": "generalPractitioner(PractitionerRole.Practitioner(Practitioner.address))",
              "extension": [
                {
                  "url": "http://hl7.org/fhir/uv/v2mappings/StructureDefinition/TypeInfo",
                  "extension": [
                    {
                      "url": "type",
                      "valueCode": "Address"
                    },
                    {
                      "url": "cardinalityMin",
                      "valueInteger": 0
                    },
                    {
                      "url": "cardinalityMax",
                      "valueInteger": -1
                    }
                  ]
                }
              ],
              "display": "generalPractitioner(PractitionerRole.Practitioner(Practitioner.address))",
              "dependsOn": [
                {
                  "property": "Computable-ANTLR",
                  "value": "IF XAD.7 IN (\"N\",\"BDL\",\"F\",\"H\",\"P\",\"BR\",\"V\")"
                }
              ]
            }
          ]
        },
        {
          "code": "ROL-11",
          "extension": [
            {
              "url": "http://hl7.org/fhir/uv/v2mappings/StructureDefinition/TypeInfo",
              "extension": [
                {
                  "url": "type",
                  "valueCode": "XAD"
                },
                {
                  "url": "cardinalityMin",
                  "valueInteger": -1
                },
                {
                  "url": "cardinalityMax",
                  "valueInteger": -1
                }
              ]
            }
          ],
          "display": "Office/Home Address/Birthplace",
          "target": [
            {
              "equivalence": "equivalent",
              "code": "generalPractitioner(PractitionerRole.location(Location.address))",
              "extension": [
                {
                  "url": "http://hl7.org/fhir/uv/v2mappings/StructureDefinition/TypeInfo",
                  "extension": [
                    {
                      "url": "type",
                      "valueCode": "Address"
                    },
                    {
                      "url": "cardinalityMin",
                      "valueInteger": 0
                    },
                    {
                      "url": "cardinalityMax",
                      "valueInteger": -1
                    }
                  ]
                }
              ],
              "display": "generalPractitioner(PractitionerRole.location(Location.address))",
              "comment": "We seek feedback whether we actually should vary this based on ROL-13 being valued.  If not valued, then put it in Patient.generalPractitioner(PractitionerRole.Practitioner(Practitioner.address[2]))",
              "dependsOn": [
                {
                  "property": "Computable-ANTLR",
                  "value": "IF XAD.7 IN (\"M\",\"O\",\"S\",\"SH\",\"TM\")"
                }
              ]
            }
          ]
        },
        {
          "code": "ROL-11",
          "extension": [
            {
              "url": "http://hl7.org/fhir/uv/v2mappings/StructureDefinition/TypeInfo",
              "extension": [
                {
                  "url": "type",
                  "valueCode": "XAD"
                },
                {
                  "url": "cardinalityMin",
                  "valueInteger": -1
                },
                {
                  "url": "cardinalityMax",
                  "valueInteger": -1
                }
              ]
            }
          ],
          "display": "Office/Home Address/Birthplace",
          "target": [
            {
              "equivalence": "equivalent",
              "code": "generalPractitioner(PractitionerRole.organization.(Organization.address))",
              "extension": [
                {
                  "url": "http://hl7.org/fhir/uv/v2mappings/StructureDefinition/TypeInfo",
                  "extension": [
                    {
                      "url": "type",
                      "valueCode": "Address"
                    },
                    {
                      "url": "cardinalityMin",
                      "valueInteger": 0
                    },
                    {
                      "url": "cardinalityMax",
                      "valueInteger": -1
                    }
                  ]
                }
              ],
              "display": "generalPractitioner(PractitionerRole.organization.(Organization.address))",
              "dependsOn": [
                {
                  "property": "Computable-ANTLR",
                  "value": "IF XAD.7 IN (\"B\",\"BI\",\"L\")"
                }
              ]
            }
          ]
        },
        {
          "code": "ROL-12",
          "extension": [
            {
              "url": "http://hl7.org/fhir/uv/v2mappings/StructureDefinition/TypeInfo",
              "extension": [
                {
                  "url": "type",
                  "valueCode": "XTN"
                },
                {
                  "url": "cardinalityMin",
                  "valueInteger": -1
                },
                {
                  "url": "cardinalityMax",
                  "valueInteger": -1
                }
              ]
            }
          ],
          "display": "Phone",
          "target": [
            {
              "equivalence": "equivalent",
              "code": "generalPractitioner(PractitionerRole.telecom)",
              "extension": [
                {
                  "url": "http://hl7.org/fhir/uv/v2mappings/StructureDefinition/TypeInfo",
                  "extension": [
                    {
                      "url": "type",
                      "valueCode": "ContactPoint"
                    },
                    {
                      "url": "cardinalityMin",
                      "valueInteger": 0
                    },
                    {
                      "url": "cardinalityMax",
                      "valueInteger": -1
                    }
                  ]
                }
              ],
              "display": "generalPractitioner(PractitionerRole.telecom)"
            }
          ]
        },
        {
          "code": "ROL-13",
          "extension": [
            {
              "url": "http://hl7.org/fhir/uv/v2mappings/StructureDefinition/TypeInfo",
              "extension": [
                {
                  "url": "type",
                  "valueCode": "PL"
                },
                {
                  "url": "cardinalityMin",
                  "valueInteger": 1
                },
                {
                  "url": "cardinalityMax",
                  "valueInteger": 1
                }
              ]
            }
          ],
          "display": "Person's Location",
          "target": [
            {
              "equivalence": "equivalent",
              "code": "generalPractitioner(PractitionerRole.location(Location))",
              "extension": [
                {
                  "url": "http://hl7.org/fhir/uv/v2mappings/StructureDefinition/TypeInfo",
                  "extension": [
                    {
                      "url": "type",
                      "valueCode": "Reference(Location)"
                    },
                    {
                      "url": "cardinalityMin",
                      "valueInteger": 0
                    },
                    {
                      "url": "cardinalityMax",
                      "valueInteger": 1
                    }
                  ]
                }
              ],
              "display": "generalPractitioner(PractitionerRole.location(Location))",
              "comment": "We seek more information on how this is mapped/merged with ROL-11."
            }
          ]
        },
        {
          "code": "ROL-14",
          "extension": [
            {
              "url": "http://hl7.org/fhir/uv/v2mappings/StructureDefinition/TypeInfo",
              "extension": [
                {
                  "url": "type",
                  "valueCode": "XON"
                },
                {
                  "url": "cardinalityMin",
                  "valueInteger": 1
                },
                {
                  "url": "cardinalityMax",
                  "valueInteger": 1
                }
              ]
            }
          ],
          "display": "Organization",
          "target": [
            {
              "equivalence": "equivalent",
              "code": "generalPractitioner(PractitionerRole.organization.(Organization))",
              "extension": [
                {
                  "url": "http://hl7.org/fhir/uv/v2mappings/StructureDefinition/TypeInfo",
                  "extension": [
                    {
                      "url": "type",
                      "valueCode": "Reference(Organization)"
                    },
                    {
                      "url": "cardinalityMin",
                      "valueInteger": 0
                    },
                    {
                      "url": "cardinalityMax",
                      "valueInteger": 1
                    }
                  ]
                }
              ],
              "display": "generalPractitioner(PractitionerRole.organization.(Organization))",
              "comment": "We seek more information on how this is mapped/merged with ROL-11."
            }
          ]
        }
      ]
    }
  ]
}
