{
  "resourceType": "ConceptMap",
  "id": "table-hl70301-to-v2-0301",
  "url": "http://hl7.org/fhir/uv/v2mappings/ConceptMap/table-hl70301-to-v2-0301",
  "title": "Table HL70301 to V2 0301 Map",
  "description": "This ConceptMap represents a mapping from the HL7 V2 Table HL70301 to the FHIR V2 0301 Value Set.",
  "name": "TableHL70301ToV20301",
  "sourceUri": "http://terminology.hl7.org/ValueSet/v2-0301",
  "targetUri": "http://terminology.hl7.org/ValueSet/v2-0301",
  "version": "1.0",
  "status": "active",
  "experimental": true,
  "publisher": "HL7 International, Inc",
  "contact": [
    {
      "telecom": [
        {
          "system": "email",
          "value": "v2-to-fhir@lists.hl7.org"
        }
      ]
    }
  ],
  "date": "2025-08-23",
  "copyright": "Copyright (c) 2025, HL7 International, Inc., All Rights Reserved.",
  "extension": [
    {
      "url": "http://hl7.org/fhir/uv/v2mappings/StructureDefinition/RelatedArtifact",
      "extension": [
        {
          "url": "type",
          "valueCode": "derived-from"
        },
        {
          "url": "label",
          "valueString": "Table HL70301 to V2 0301.fsh"
        },
        {
          "url": "url",
          "valueUri": "https://docs.google.com/spreadsheets/d/1YC0HqPfyRswWwvWh_9iHaTECvY8m2vk4DjYl0K56pc0/edit#gid=0"
        }
      ]
    }
  ],
  "group": [
    {
      "source": "http://terminology.hl7.org/CodeSystem/v2-0301",
      "target": "http://terminology.hl7.org/CodeSystem/v2-0301",
      "element": [
        {
          "code": "DNS",
          "display": "Domain Name System",
          "target": [
            {
              "equivalence": "equivalent",
              "code": "DNS",
              "display": "Domain Name System"
            }
          ]
        },
        {
          "code": "EUI64",
          "display": "IEEE 64-bit Extended Unique Identifier",
          "target": [
            {
              "equivalence": "equivalent",
              "code": "EUI64",
              "display": "IEEE 64-bit Extended Unique Identifier"
            }
          ]
        },
        {
          "code": "CLIA",
          "display": "Clinical Laboratory Improvement Amendments",
          "target": [
            {
              "equivalence": "equivalent",
              "code": "CLIA",
              "display": "Clinical Laboratory Improvement Amendments"
            }
          ]
        },
        {
          "code": "CLIP",
          "display": "Clinical laboratory Improvement Program",
          "target": [
            {
              "equivalence": "equivalent",
              "code": "CLIP",
              "display": "Clinical laboratory Improvement Program"
            }
          ]
        },
        {
          "code": "GUID",
          "display": "globally unique identifier",
          "target": [
            {
              "equivalence": "equivalent",
              "code": "GUID",
              "display": "globally unique identifier"
            }
          ]
        },
        {
          "code": "HCD",
          "display": "CEN Healthcare Coding Identifier",
          "target": [
            {
              "equivalence": "equivalent",
              "code": "HCD",
              "display": "CEN Healthcare Coding Identifier"
            }
          ]
        },
        {
          "code": "HL7",
          "display": "HL7 registration schemes",
          "target": [
            {
              "equivalence": "equivalent",
              "code": "HL7",
              "display": "HL7 registration schemes"
            }
          ]
        },
        {
          "code": "ISO",
          "display": "ISO Object Identifier",
          "target": [
            {
              "equivalence": "equivalent",
              "code": "ISO",
              "display": "ISO Object Identifier"
            }
          ]
        },
        {
          "code": "L,M,N",
          "display": "Local",
          "target": [
            {
              "equivalence": "equivalent",
              "code": "L",
              "display": "Local",
              "comment": ",M,N."
            }
          ]
        },
        {
          "code": "Random",
          "display": "Random",
          "target": [
            {
              "equivalence": "equivalent",
              "code": "Random",
              "display": "Random"
            }
          ]
        },
        {
          "code": "URI",
          "display": "Uniform Resource Identifier",
          "target": [
            {
              "equivalence": "equivalent",
              "code": "URI",
              "display": "Uniform Resource Identifier"
            }
          ]
        },
        {
          "code": "UUID",
          "display": "Universal Unique Identifier",
          "target": [
            {
              "equivalence": "equivalent",
              "code": "UUID",
              "display": "Universal Unique Identifier"
            }
          ]
        },
        {
          "code": "x400",
          "display": "X.400 MHS identifier",
          "target": [
            {
              "equivalence": "equivalent",
              "code": "x400",
              "display": "X.400 MHS identifier"
            }
          ]
        },
        {
          "code": "x500",
          "display": "X500 directory Name",
          "target": [
            {
              "equivalence": "equivalent",
              "code": "x500",
              "display": "X500 directory Name"
            }
          ]
        }
      ]
    }
  ]
}
