{
  "resourceType": "ConceptMap",
  "id": "segment-msh-to-messageheader",
  "url": "http://hl7.org/fhir/uv/v2mappings/ConceptMap/segment-msh-to-messageheader",
  "title": "Segment MSH to MessageHeader Map",
  "description": "This ConceptMap represents a mapping from the HL7 V2 Segment MSH to the FHIR MessageHeader Resource.",
  "name": "SegmentMSHToMessageHeader",
  "version": "1.0",
  "status": "active",
  "experimental": true,
  "publisher": "HL7 International, Inc",
  "contact": [
    {
      "telecom": [
        {
          "system": "email",
          "value": "v2-to-fhir@lists.hl7.org"
        }
      ]
    }
  ],
  "date": "2025-08-23",
  "copyright": "Copyright (c) 2025, HL7 International, Inc., All Rights Reserved.",
  "extension": [
    {
      "url": "http://hl7.org/fhir/uv/v2mappings/StructureDefinition/RelatedArtifact",
      "extension": [
        {
          "url": "type",
          "valueCode": "derived-from"
        },
        {
          "url": "label",
          "valueString": "Segment MSH to MessageHeader.fsh"
        },
        {
          "url": "url",
          "valueUri": "https://docs.google.com/spreadsheets/d/13pgda5xl-PwCgB9j0axyymwwv7RJVcrIzY8Ah1y1Y1M/edit#gid=0"
        }
      ]
    }
  ],
  "group": [
    {
      "element": [
        {
          "code": "MSH-3",
          "extension": [
            {
              "url": "http://hl7.org/fhir/uv/v2mappings/StructureDefinition/TypeInfo",
              "extension": [
                {
                  "url": "type",
                  "valueCode": "HD"
                },
                {
                  "url": "cardinalityMin",
                  "valueInteger": 1
                },
                {
                  "url": "cardinalityMax",
                  "valueInteger": 1
                }
              ]
            }
          ],
          "display": "Sending Application",
          "target": [
            {
              "equivalence": "equivalent",
              "code": "source[1]",
              "extension": [
                {
                  "url": "http://hl7.org/fhir/uv/v2mappings/StructureDefinition/TypeInfo",
                  "extension": [
                    {
                      "url": "cardinalityMin",
                      "valueInteger": 1
                    },
                    {
                      "url": "cardinalityMax",
                      "valueInteger": 1
                    }
                  ]
                }
              ],
              "display": "source[1]"
            }
          ]
        },
        {
          "code": "MSH-3",
          "extension": [
            {
              "url": "http://hl7.org/fhir/uv/v2mappings/StructureDefinition/TypeInfo",
              "extension": [
                {
                  "url": "type",
                  "valueCode": "HD"
                },
                {
                  "url": "cardinalityMin",
                  "valueInteger": 1
                },
                {
                  "url": "cardinalityMax",
                  "valueInteger": 1
                }
              ]
            }
          ],
          "display": "Sending Application",
          "target": [
            {
              "equivalence": "equivalent",
              "code": "source[1].endpoint",
              "extension": [
                {
                  "url": "http://hl7.org/fhir/uv/v2mappings/StructureDefinition/TypeInfo",
                  "extension": [
                    {
                      "url": "type",
                      "valueCode": "uri"
                    },
                    {
                      "url": "cardinalityMin",
                      "valueInteger": 1
                    },
                    {
                      "url": "cardinalityMax",
                      "valueInteger": 1
                    }
                  ]
                }
              ],
              "display": "source[1].endpoint",
              "comment": "We believe that if MSH-24 is vaued, although MSH-24 is rarely valued, it contains better information for the  MessageHeader.source.endpoint than MSH-3.  However, one may either still want to use MSH-3 in total or a combination of content from MSH-3 and MSH-24.  That is a local implementation decision to adjust the mapping accordingly based on clear knowledge of the content.\n\nIf both MSH-3 and MSH-24 are not valued, which is valid in HL7 v2, then the implementer needs to resolve how to assign MessageHeader.source as it is a required attribute.  Note that a data absent reason extension could be used to provide a reason and satisfy the mandatory FHIR attribute rules.  But do note that the use of the data-absent-reason extension may result  in a FHIR resource that is not usable by the recipient.\\",
              "dependsOn": [
                {
                  "property": "Computable-ANTLR",
                  "value": "IF MSH-24 NOT VALUED"
                }
              ]
            }
          ]
        },
        {
          "code": "MSH-4",
          "extension": [
            {
              "url": "http://hl7.org/fhir/uv/v2mappings/StructureDefinition/TypeInfo",
              "extension": [
                {
                  "url": "type",
                  "valueCode": "HD"
                },
                {
                  "url": "cardinalityMin",
                  "valueInteger": 1
                },
                {
                  "url": "cardinalityMax",
                  "valueInteger": 1
                }
              ]
            }
          ],
          "display": "Sending Facility",
          "target": [
            {
              "equivalence": "equivalent",
              "code": "sender(Organization)",
              "extension": [
                {
                  "url": "http://hl7.org/fhir/uv/v2mappings/StructureDefinition/TypeInfo",
                  "extension": [
                    {
                      "url": "type",
                      "valueCode": "Reference(Organization)"
                    },
                    {
                      "url": "cardinalityMin",
                      "valueInteger": 0
                    },
                    {
                      "url": "cardinalityMax",
                      "valueInteger": 1
                    }
                  ]
                }
              ],
              "display": "sender(Organization)"
            }
          ]
        },
        {
          "code": "MSH-5",
          "extension": [
            {
              "url": "http://hl7.org/fhir/uv/v2mappings/StructureDefinition/TypeInfo",
              "extension": [
                {
                  "url": "type",
                  "valueCode": "HD"
                },
                {
                  "url": "cardinalityMin",
                  "valueInteger": 1
                },
                {
                  "url": "cardinalityMax",
                  "valueInteger": 1
                }
              ]
            }
          ],
          "display": "Receiving Application",
          "target": [
            {
              "equivalence": "equivalent",
              "code": "destination[1].target(Device)",
              "extension": [
                {
                  "url": "http://hl7.org/fhir/uv/v2mappings/StructureDefinition/TypeInfo",
                  "extension": [
                    {
                      "url": "type",
                      "valueCode": "Reference(Device)"
                    },
                    {
                      "url": "cardinalityMin",
                      "valueInteger": 0
                    },
                    {
                      "url": "cardinalityMax",
                      "valueInteger": 1
                    }
                  ]
                }
              ],
              "display": "destination[1].target(Device)",
              "comment": "Similar as for MSH-3, MSH-5 is paired with MSH-25 and depending on local use may need to use one, the other, or a combination of both.  We believe that MSH-25, when valued, provides the better information given its addition to the standard more recently."
            }
          ]
        },
        {
          "code": "MSH-5",
          "extension": [
            {
              "url": "http://hl7.org/fhir/uv/v2mappings/StructureDefinition/TypeInfo",
              "extension": [
                {
                  "url": "type",
                  "valueCode": "HD"
                },
                {
                  "url": "cardinalityMin",
                  "valueInteger": 1
                },
                {
                  "url": "cardinalityMax",
                  "valueInteger": 1
                }
              ]
            }
          ],
          "display": "Receiving Application",
          "target": [
            {
              "equivalence": "equivalent",
              "code": "destination[1].name",
              "extension": [
                {
                  "url": "http://hl7.org/fhir/uv/v2mappings/StructureDefinition/TypeInfo",
                  "extension": [
                    {
                      "url": "type",
                      "valueCode": "name"
                    }
                  ]
                }
              ],
              "display": "destination[1].name",
              "dependsOn": [
                {
                  "property": "Computable-ANTLR",
                  "value": "IF MSH-25 VALUED"
                }
              ]
            }
          ]
        },
        {
          "code": "MSH-5",
          "extension": [
            {
              "url": "http://hl7.org/fhir/uv/v2mappings/StructureDefinition/TypeInfo",
              "extension": [
                {
                  "url": "type",
                  "valueCode": "HD"
                },
                {
                  "url": "cardinalityMin",
                  "valueInteger": 1
                },
                {
                  "url": "cardinalityMax",
                  "valueInteger": 1
                }
              ]
            }
          ],
          "display": "Receiving Application",
          "target": [
            {
              "equivalence": "equivalent",
              "code": "destination[1].endpoint",
              "extension": [
                {
                  "url": "http://hl7.org/fhir/uv/v2mappings/StructureDefinition/TypeInfo",
                  "extension": [
                    {
                      "url": "type",
                      "valueCode": "url"
                    }
                  ]
                }
              ],
              "display": "destination[1].endpoint",
              "dependsOn": [
                {
                  "property": "Computable-ANTLR",
                  "value": "IF MSH-25 NOT VALUED"
                }
              ]
            }
          ]
        },
        {
          "code": "MSH-6",
          "extension": [
            {
              "url": "http://hl7.org/fhir/uv/v2mappings/StructureDefinition/TypeInfo",
              "extension": [
                {
                  "url": "type",
                  "valueCode": "HD"
                },
                {
                  "url": "cardinalityMin",
                  "valueInteger": -1
                },
                {
                  "url": "cardinalityMax",
                  "valueInteger": -1
                }
              ]
            }
          ],
          "display": "Receiving Facility",
          "target": [
            {
              "equivalence": "equivalent",
              "code": "destination[1].receiver(Organization)",
              "extension": [
                {
                  "url": "http://hl7.org/fhir/uv/v2mappings/StructureDefinition/TypeInfo",
                  "extension": [
                    {
                      "url": "type",
                      "valueCode": "Reference(Organization)"
                    },
                    {
                      "url": "cardinalityMin",
                      "valueInteger": 0
                    },
                    {
                      "url": "cardinalityMax",
                      "valueInteger": 1
                    }
                  ]
                }
              ],
              "display": "destination[1].receiver(Organization)",
              "dependsOn": [
                {
                  "property": "Computable-ANTLR",
                  "value": "IF MSH-23 NOT VALUED"
                }
              ]
            }
          ]
        },
        {
          "code": "MSH-8",
          "extension": [
            {
              "url": "http://hl7.org/fhir/uv/v2mappings/StructureDefinition/TypeInfo",
              "extension": [
                {
                  "url": "type",
                  "valueCode": "ST"
                },
                {
                  "url": "cardinalityMin",
                  "valueInteger": 1
                },
                {
                  "url": "cardinalityMax",
                  "valueInteger": 1
                }
              ]
            }
          ],
          "display": "Security",
          "target": [
            {
              "equivalence": "equivalent",
              "code": "meta.security",
              "extension": [
                {
                  "url": "http://hl7.org/fhir/uv/v2mappings/StructureDefinition/TypeInfo",
                  "extension": [
                    {
                      "url": "type",
                      "valueCode": "string"
                    },
                    {
                      "url": "cardinalityMin",
                      "valueInteger": 0
                    },
                    {
                      "url": "cardinalityMax",
                      "valueInteger": -1
                    }
                  ]
                }
              ],
              "display": "meta.security"
            }
          ]
        },
        {
          "code": "MSH-9",
          "extension": [
            {
              "url": "http://hl7.org/fhir/uv/v2mappings/StructureDefinition/TypeInfo",
              "extension": [
                {
                  "url": "type",
                  "valueCode": "MSG"
                },
                {
                  "url": "cardinalityMin",
                  "valueInteger": 1
                },
                {
                  "url": "cardinalityMax",
                  "valueInteger": 1
                }
              ]
            }
          ],
          "display": "Message Type",
          "target": [
            {
              "equivalence": "equivalent",
              "code": "eventCoding",
              "extension": [
                {
                  "url": "http://hl7.org/fhir/uv/v2mappings/StructureDefinition/TypeInfo",
                  "extension": [
                    {
                      "url": "type",
                      "valueCode": "Coding"
                    },
                    {
                      "url": "cardinalityMin",
                      "valueInteger": 0
                    },
                    {
                      "url": "cardinalityMax",
                      "valueInteger": 1
                    }
                  ]
                }
              ],
              "display": "eventCoding"
            }
          ]
        },
        {
          "code": "MSH-11",
          "extension": [
            {
              "url": "http://hl7.org/fhir/uv/v2mappings/StructureDefinition/TypeInfo",
              "extension": [
                {
                  "url": "type",
                  "valueCode": "PT"
                },
                {
                  "url": "cardinalityMin",
                  "valueInteger": 1
                },
                {
                  "url": "cardinalityMax",
                  "valueInteger": 1
                }
              ]
            }
          ],
          "display": "Processing ID",
          "target": [
            {
              "equivalence": "equivalent",
              "code": "meta",
              "extension": [
                {
                  "url": "http://hl7.org/fhir/uv/v2mappings/StructureDefinition/TypeInfo",
                  "extension": [
                    {
                      "url": "type",
                      "valueCode": "meta"
                    },
                    {
                      "url": "cardinalityMin",
                      "valueInteger": 0
                    },
                    {
                      "url": "cardinalityMax",
                      "valueInteger": -1
                    }
                  ]
                }
              ],
              "display": "meta"
            }
          ]
        },
        {
          "code": "MSH-17",
          "extension": [
            {
              "url": "http://hl7.org/fhir/uv/v2mappings/StructureDefinition/TypeInfo",
              "extension": [
                {
                  "url": "type",
                  "valueCode": "ID"
                },
                {
                  "url": "cardinalityMin",
                  "valueInteger": 1
                },
                {
                  "url": "cardinalityMax",
                  "valueInteger": 1
                }
              ]
            }
          ],
          "display": "Country Code",
          "target": [
            {
              "equivalence": "equivalent",
              "code": "sender(Organization.address.country)",
              "extension": [
                {
                  "url": "http://hl7.org/fhir/uv/v2mappings/StructureDefinition/TypeInfo",
                  "extension": [
                    {
                      "url": "type",
                      "valueCode": "string"
                    },
                    {
                      "url": "cardinalityMin",
                      "valueInteger": 0
                    },
                    {
                      "url": "cardinalityMax",
                      "valueInteger": 1
                    },
                    {
                      "url": "mappedVia",
                      "valueUrl": "ConceptMap/table-hl70399-to-iso-3166-1"
                    }
                  ]
                }
              ],
              "display": "sender(Organization.address.country)"
            }
          ]
        },
        {
          "code": "MSH-19",
          "extension": [
            {
              "url": "http://hl7.org/fhir/uv/v2mappings/StructureDefinition/TypeInfo",
              "extension": [
                {
                  "url": "type",
                  "valueCode": "CWE"
                },
                {
                  "url": "cardinalityMin",
                  "valueInteger": 1
                },
                {
                  "url": "cardinalityMax",
                  "valueInteger": 1
                }
              ]
            }
          ],
          "display": "Principal Language Of Message",
          "target": [
            {
              "equivalence": "equivalent",
              "code": "language",
              "extension": [
                {
                  "url": "http://hl7.org/fhir/uv/v2mappings/StructureDefinition/TypeInfo",
                  "extension": [
                    {
                      "url": "type",
                      "valueCode": "code"
                    },
                    {
                      "url": "cardinalityMin",
                      "valueInteger": 0
                    },
                    {
                      "url": "cardinalityMax",
                      "valueInteger": 1
                    },
                    {
                      "url": "mappedVia",
                      "valueUrl": "unspecified_mapping"
                    }
                  ]
                }
              ],
              "display": "language",
              "comment": "This does only cover the MessageHeader resource. Need to have clarity that if other resources that are part of the message that do not have Resource.meta.language valued, then it is assumed to follow MessageHeader.meta.language?? Doesn't seem RESTful, so what is the default for Resource.meta.language?"
            }
          ]
        },
        {
          "code": "MSH-22",
          "extension": [
            {
              "url": "http://hl7.org/fhir/uv/v2mappings/StructureDefinition/TypeInfo",
              "extension": [
                {
                  "url": "type",
                  "valueCode": "XON"
                },
                {
                  "url": "cardinalityMin",
                  "valueInteger": 1
                },
                {
                  "url": "cardinalityMax",
                  "valueInteger": 1
                }
              ]
            }
          ],
          "display": "Sending Responsible Organization",
          "target": [
            {
              "equivalence": "equivalent",
              "code": "responsible(Organization)",
              "extension": [
                {
                  "url": "http://hl7.org/fhir/uv/v2mappings/StructureDefinition/TypeInfo",
                  "extension": [
                    {
                      "url": "type",
                      "valueCode": "Reference(Organization)"
                    },
                    {
                      "url": "cardinalityMin",
                      "valueInteger": 0
                    },
                    {
                      "url": "cardinalityMax",
                      "valueInteger": 1
                    }
                  ]
                }
              ],
              "display": "responsible(Organization)"
            }
          ]
        },
        {
          "code": "MSH-23",
          "extension": [
            {
              "url": "http://hl7.org/fhir/uv/v2mappings/StructureDefinition/TypeInfo",
              "extension": [
                {
                  "url": "type",
                  "valueCode": "XON"
                },
                {
                  "url": "cardinalityMin",
                  "valueInteger": 1
                },
                {
                  "url": "cardinalityMax",
                  "valueInteger": 1
                }
              ]
            }
          ],
          "display": "Receiving Responsible Organization",
          "target": [
            {
              "equivalence": "equivalent",
              "code": "destination[1].receiver(Organization)",
              "extension": [
                {
                  "url": "http://hl7.org/fhir/uv/v2mappings/StructureDefinition/TypeInfo",
                  "extension": [
                    {
                      "url": "type",
                      "valueCode": "Reference(Organization)"
                    },
                    {
                      "url": "cardinalityMin",
                      "valueInteger": 0
                    },
                    {
                      "url": "cardinalityMax",
                      "valueInteger": -1
                    }
                  ]
                }
              ],
              "display": "destination[1].receiver(Organization)",
              "comment": "This is an alternate representation of MSH-6.  The local implementation needs to determine whech components of HD vs. XON to be used and whether it may even yield a separate Organization reference."
            }
          ]
        },
        {
          "code": "MSH-24",
          "extension": [
            {
              "url": "http://hl7.org/fhir/uv/v2mappings/StructureDefinition/TypeInfo",
              "extension": [
                {
                  "url": "type",
                  "valueCode": "HD"
                },
                {
                  "url": "cardinalityMin",
                  "valueInteger": 1
                },
                {
                  "url": "cardinalityMax",
                  "valueInteger": 1
                }
              ]
            }
          ],
          "display": "Sending Network Address",
          "target": [
            {
              "equivalence": "equivalent",
              "code": "source",
              "extension": [
                {
                  "url": "http://hl7.org/fhir/uv/v2mappings/StructureDefinition/TypeInfo",
                  "extension": [
                    {
                      "url": "type",
                      "valueCode": "string"
                    },
                    {
                      "url": "cardinalityMin",
                      "valueInteger": 0
                    },
                    {
                      "url": "cardinalityMax",
                      "valueInteger": 1
                    }
                  ]
                }
              ],
              "display": "source",
              "comment": "We believe that if MSH-24 is vaued, although it is rarely valued, it contains better information for the MessageHeader.source.endpoint.  However, one may either still want to use MSH-3 in total or a combination of content from MSH-3 and MSH-24.  That is a local implementation decision to adjust the mapping accordingly."
            }
          ]
        },
        {
          "code": "MSH-24",
          "extension": [
            {
              "url": "http://hl7.org/fhir/uv/v2mappings/StructureDefinition/TypeInfo",
              "extension": [
                {
                  "url": "type",
                  "valueCode": "HD"
                },
                {
                  "url": "cardinalityMin",
                  "valueInteger": 1
                },
                {
                  "url": "cardinalityMax",
                  "valueInteger": 1
                }
              ]
            }
          ],
          "display": "Sending Network Address",
          "target": [
            {
              "equivalence": "equivalent",
              "code": "source.endpoint.extension.url",
              "extension": [
                {
                  "url": "http://hl7.org/fhir/uv/v2mappings/StructureDefinition/TypeInfo",
                  "extension": [
                    {
                      "url": "type",
                      "valueCode": "uri"
                    },
                    {
                      "url": "cardinalityMin",
                      "valueInteger": 0
                    },
                    {
                      "url": "cardinalityMax",
                      "valueInteger": 1
                    },
                    {
                      "url": "assignment",
                      "valueString": "\"http://hl7.org/fhir/R4/extension-data-absent-reason.html\""
                    }
                  ]
                }
              ],
              "display": "source.endpoint.extension.url",
              "dependsOn": [
                {
                  "property": "Computable-ANTLR",
                  "value": "IF MSH-24 NOT VALUED AND MSH-3 NOT VALUED"
                }
              ]
            }
          ]
        },
        {
          "code": "MSH-24",
          "extension": [
            {
              "url": "http://hl7.org/fhir/uv/v2mappings/StructureDefinition/TypeInfo",
              "extension": [
                {
                  "url": "type",
                  "valueCode": "HD"
                },
                {
                  "url": "cardinalityMin",
                  "valueInteger": 1
                },
                {
                  "url": "cardinalityMax",
                  "valueInteger": 1
                }
              ]
            }
          ],
          "display": "Sending Network Address",
          "target": [
            {
              "equivalence": "equivalent",
              "code": "source.endpoint.extension.valueCode",
              "extension": [
                {
                  "url": "http://hl7.org/fhir/uv/v2mappings/StructureDefinition/TypeInfo",
                  "extension": [
                    {
                      "url": "type",
                      "valueCode": "code"
                    },
                    {
                      "url": "cardinalityMin",
                      "valueInteger": 0
                    },
                    {
                      "url": "cardinalityMax",
                      "valueInteger": 1
                    },
                    {
                      "url": "assignment",
                      "valueString": "\"unknown\""
                    }
                  ]
                }
              ],
              "display": "source.endpoint.extension.valueCode",
              "comment": "If both MSH-3 and MSH-24 are not valued, which is valid, then the implementer needs to resolve whether to assign this a known value since they know the context, or add the data absent reason extension to provide a reason and satisfies the mandatory FHIR attribute rules.  Note that the use of the data-absent-reason extension may result  in a FHIR resource that is not usable by the recipient.",
              "dependsOn": [
                {
                  "property": "Computable-ANTLR",
                  "value": "IF MSH-24 NOT VALUED AND MSH-3 NOT VALUED"
                }
              ]
            }
          ]
        },
        {
          "code": "MSH-25",
          "extension": [
            {
              "url": "http://hl7.org/fhir/uv/v2mappings/StructureDefinition/TypeInfo",
              "extension": [
                {
                  "url": "type",
                  "valueCode": "HD"
                },
                {
                  "url": "cardinalityMin",
                  "valueInteger": 1
                },
                {
                  "url": "cardinalityMax",
                  "valueInteger": 1
                }
              ]
            }
          ],
          "display": "Receiving Network Address",
          "target": [
            {
              "equivalence": "equivalent",
              "code": "destination[1]",
              "extension": [
                {
                  "url": "http://hl7.org/fhir/uv/v2mappings/StructureDefinition/TypeInfo",
                  "extension": [
                    {
                      "url": "type",
                      "valueCode": "uri"
                    },
                    {
                      "url": "cardinalityMin",
                      "valueInteger": 0
                    },
                    {
                      "url": "cardinalityMax",
                      "valueInteger": -1
                    }
                  ]
                }
              ],
              "display": "destination[1]",
              "comment": "We believe that if MSH-25 is vaued, although it is rarely valued, it contains better information for the MessageHeader.source.endpoint.  However, one may either still want to use MSH-5 in total or a combination of content from MSH-5 and MSH-25.  That is a local implementation decision to adjust the mapping accordingly."
            }
          ]
        },
        {
          "code": "MSH-25",
          "extension": [
            {
              "url": "http://hl7.org/fhir/uv/v2mappings/StructureDefinition/TypeInfo",
              "extension": [
                {
                  "url": "type",
                  "valueCode": "HD"
                },
                {
                  "url": "cardinalityMin",
                  "valueInteger": 1
                },
                {
                  "url": "cardinalityMax",
                  "valueInteger": 1
                }
              ]
            }
          ],
          "display": "Receiving Network Address",
          "target": [
            {
              "equivalence": "equivalent",
              "code": "destination[1].endpoint.extension.url",
              "extension": [
                {
                  "url": "http://hl7.org/fhir/uv/v2mappings/StructureDefinition/TypeInfo",
                  "extension": [
                    {
                      "url": "type",
                      "valueCode": "uri"
                    },
                    {
                      "url": "cardinalityMin",
                      "valueInteger": 0
                    },
                    {
                      "url": "cardinalityMax",
                      "valueInteger": -1
                    },
                    {
                      "url": "assignment",
                      "valueString": "\"http://hl7.org/fhir/R4/extension-data-absent-reason.html\""
                    }
                  ]
                }
              ],
              "display": "destination[1].endpoint.extension.url",
              "dependsOn": [
                {
                  "property": "Computable-ANTLR",
                  "value": "IF MSH-25 NOT VALUED AND MSH-5 NOT VALUED"
                }
              ]
            }
          ]
        },
        {
          "code": "MSH-25",
          "extension": [
            {
              "url": "http://hl7.org/fhir/uv/v2mappings/StructureDefinition/TypeInfo",
              "extension": [
                {
                  "url": "type",
                  "valueCode": "HD"
                },
                {
                  "url": "cardinalityMin",
                  "valueInteger": 1
                },
                {
                  "url": "cardinalityMax",
                  "valueInteger": 1
                }
              ]
            }
          ],
          "display": "Receiving Network Address",
          "target": [
            {
              "equivalence": "equivalent",
              "code": "destination[1].endpoint.extension.valueCode",
              "extension": [
                {
                  "url": "http://hl7.org/fhir/uv/v2mappings/StructureDefinition/TypeInfo",
                  "extension": [
                    {
                      "url": "type",
                      "valueCode": "code"
                    },
                    {
                      "url": "cardinalityMin",
                      "valueInteger": 0
                    },
                    {
                      "url": "cardinalityMax",
                      "valueInteger": -1
                    },
                    {
                      "url": "assignment",
                      "valueString": "\"unknown\""
                    }
                  ]
                }
              ],
              "display": "destination[1].endpoint.extension.valueCode",
              "dependsOn": [
                {
                  "property": "Computable-ANTLR",
                  "value": "IF MSH-25 NOT VALUED AND MSH-5 NOT VALUED"
                }
              ]
            }
          ]
        },
        {
          "code": "MSH-26",
          "extension": [
            {
              "url": "http://hl7.org/fhir/uv/v2mappings/StructureDefinition/TypeInfo",
              "extension": [
                {
                  "url": "type",
                  "valueCode": "CWE"
                },
                {
                  "url": "cardinalityMin",
                  "valueInteger": 1
                },
                {
                  "url": "cardinalityMax",
                  "valueInteger": 1
                }
              ]
            }
          ],
          "display": "Security Classification Tag",
          "target": [
            {
              "equivalence": "equivalent",
              "code": "meta.security[2]",
              "extension": [
                {
                  "url": "http://hl7.org/fhir/uv/v2mappings/StructureDefinition/TypeInfo",
                  "extension": [
                    {
                      "url": "type",
                      "valueCode": "Coding"
                    },
                    {
                      "url": "cardinalityMin",
                      "valueInteger": 0
                    },
                    {
                      "url": "cardinalityMax",
                      "valueInteger": -1
                    },
                    {
                      "url": "mappedVia",
                      "valueUrl": "unspecified_mapping"
                    }
                  ]
                }
              ],
              "display": "meta.security[2]"
            }
          ]
        },
        {
          "code": "MSH-27",
          "extension": [
            {
              "url": "http://hl7.org/fhir/uv/v2mappings/StructureDefinition/TypeInfo",
              "extension": [
                {
                  "url": "type",
                  "valueCode": "CWE"
                },
                {
                  "url": "cardinalityMin",
                  "valueInteger": -1
                },
                {
                  "url": "cardinalityMax",
                  "valueInteger": -1
                }
              ]
            }
          ],
          "display": "Security Handling Instructions",
          "target": [
            {
              "equivalence": "equivalent",
              "code": "meta.security[2]",
              "extension": [
                {
                  "url": "http://hl7.org/fhir/uv/v2mappings/StructureDefinition/TypeInfo",
                  "extension": [
                    {
                      "url": "type",
                      "valueCode": "Coding"
                    },
                    {
                      "url": "cardinalityMin",
                      "valueInteger": 0
                    },
                    {
                      "url": "cardinalityMax",
                      "valueInteger": -1
                    },
                    {
                      "url": "mappedVia",
                      "valueUrl": "unspecified_mapping"
                    }
                  ]
                }
              ],
              "display": "meta.security[2]"
            }
          ]
        }
      ]
    }
  ]
}
