{
  "resourceType": "ConceptMap",
  "id": "table-hl70136-to-special-values",
  "url": "http://hl7.org/fhir/uv/v2mappings/ConceptMap/table-hl70136-to-special-values",
  "title": "Table HL70136 to Special Values Map",
  "description": "This ConceptMap represents a mapping from the HL7 V2 Table HL70136 to the FHIR Special Values Value Set.",
  "name": "TableHL70136ToSpecialValues",
  "sourceUri": "http://terminology.hl7.org/ValueSet/v2-0136",
  "targetUri": "http://terminology.hl7.org/ValueSet/special-values",
  "version": "1.0",
  "status": "active",
  "experimental": true,
  "publisher": "HL7 International, Inc",
  "contact": [
    {
      "telecom": [
        {
          "system": "email",
          "value": "v2-to-fhir@lists.hl7.org"
        }
      ]
    }
  ],
  "date": "2025-08-23",
  "copyright": "Copyright (c) 2025, HL7 International, Inc., All Rights Reserved.",
  "extension": [
    {
      "url": "http://hl7.org/fhir/uv/v2mappings/StructureDefinition/RelatedArtifact",
      "extension": [
        {
          "url": "type",
          "valueCode": "derived-from"
        },
        {
          "url": "label",
          "valueString": "Table HL70136 to Special Values.fsh"
        },
        {
          "url": "url",
          "valueUri": "https://docs.google.com/spreadsheets/d/1MyCLfcQhfwFMXIqTKkSsWrhkPj4FueY1qg0EuMW8tmU/edit#gid=0"
        }
      ]
    }
  ],
  "group": [
    {
      "source": "http://terminology.hl7.org/CodeSystem/v2-0532",
      "target": "http://terminology.hl7.org/CodeSystem/special-values",
      "element": [
        {
          "code": "Y",
          "display": "Yes",
          "target": [
            {
              "equivalence": "equivalent",
              "code": "true"
            }
          ]
        },
        {
          "code": "N",
          "display": "No",
          "target": [
            {
              "equivalence": "equivalent",
              "code": "false"
            }
          ]
        }
      ]
    }
  ]
}
