{
  "resourceType": "ConceptMap",
  "id": "table-hl70177-to-v3-confidentiality",
  "url": "http://hl7.org/fhir/uv/v2mappings/ConceptMap/table-hl70177-to-v3-confidentiality",
  "title": "Table HL70177 to V3 Confidentiality Map",
  "description": "This ConceptMap represents a mapping from the HL7 V2 Table HL70177 to the FHIR V3 Confidentiality Value Set.",
  "name": "TableHL70177ToV3Confidentiality",
  "sourceUri": "http://terminology.hl7.org/ValueSet/v2-0177",
  "version": "1.0",
  "status": "active",
  "experimental": true,
  "publisher": "HL7 International, Inc",
  "contact": [
    {
      "telecom": [
        {
          "system": "email",
          "value": "v2-to-fhir@lists.hl7.org"
        }
      ]
    }
  ],
  "date": "2025-08-23",
  "copyright": "Copyright (c) 2025, HL7 International, Inc., All Rights Reserved.",
  "extension": [
    {
      "url": "http://hl7.org/fhir/uv/v2mappings/StructureDefinition/RelatedArtifact",
      "extension": [
        {
          "url": "type",
          "valueCode": "derived-from"
        },
        {
          "url": "label",
          "valueString": "Table HL70177 to V3 Confidentiality.fsh"
        },
        {
          "url": "url",
          "valueUri": "https://docs.google.com/spreadsheets/d/1f8yszYhQYL0muat4Hp3lF5dB9DVPsMJ1BGQn3KC84PQ/edit?gid=0#gid=0"
        }
      ]
    }
  ],
  "group": [
    {
      "source": "http://terminology.hl7.org/CodeSystem/v2-0177",
      "target": "http://terminology.hl7.org/CodeSystem/v3-Confidentiality",
      "element": [
        {
          "code": "V",
          "display": "Very restricted",
          "target": [
            {
              "equivalence": "equivalent",
              "code": "V",
              "display": "very restricted"
            }
          ]
        },
        {
          "code": "R",
          "display": "Restricted",
          "target": [
            {
              "equivalence": "equivalent",
              "code": "R",
              "display": "restricted"
            }
          ]
        },
        {
          "code": "PSY",
          "display": "Psychiatric patient",
          "target": [
            {
              "equivalence": "equivalent",
              "code": "PSY",
              "display": "psychiatry relate"
            }
          ]
        },
        {
          "code": "AID",
          "display": "AIDS patient",
          "target": [
            {
              "equivalence": "equivalent",
              "code": "HIV",
              "display": "HIV related"
            }
          ]
        },
        {
          "code": "HIV",
          "display": "HIV(+) patient",
          "target": [
            {
              "equivalence": "equivalent",
              "code": "HIV",
              "display": "HIV related"
            }
          ]
        }
      ]
    },
    {
      "source": "http://terminology.hl7.org/CodeSystem/v2-0177",
      "target": "http://terminology.hl7.org/CodeSystem/v2-0177",
      "element": [
        {
          "code": "U",
          "display": "Usual control",
          "target": [
            {
              "equivalence": "equivalent",
              "code": "U",
              "display": "Usual control"
            }
          ]
        },
        {
          "code": "UWM",
          "display": "Unwed mother",
          "target": [
            {
              "equivalence": "equivalent",
              "code": "UWM",
              "display": "Unwed mother"
            }
          ]
        },
        {
          "code": "VIP",
          "display": "Very important person or celebrity",
          "target": [
            {
              "equivalence": "equivalent",
              "code": "VIP",
              "display": "Very important person or celebrity"
            }
          ]
        }
      ]
    },
    {
      "source": "http://terminology.hl7.org/CodeSystem/v2-0177",
      "target": "http://terminology.hl7.org/CodeSystem/v3-ActCode",
      "element": [
        {
          "code": "EMP",
          "display": "Employee",
          "target": [
            {
              "equivalence": "equivalent",
              "code": "EMP",
              "display": "employee information sensitivity"
            }
          ]
        },
        {
          "code": "ETH",
          "display": "Alcohol/drug treatment patient",
          "target": [
            {
              "equivalence": "equivalent",
              "code": "ETHUD",
              "display": "alcohol use disorder information sensitivity"
            }
          ]
        }
      ]
    }
  ]
}
