{
  "resourceType": "ConceptMap",
  "id": "message-orm-o01-to-bundle",
  "url": "http://hl7.org/fhir/uv/v2mappings/ConceptMap/message-orm-o01-to-bundle",
  "title": "Message ORM_O01 to Bundle Map",
  "description": "This ConceptMap represents a mapping from the HL7 V2 Message ORM_O01 to the FHIR Message Bundle.",
  "name": "MessageORM_O01ToBundle",
  "version": "1.0",
  "status": "active",
  "experimental": true,
  "publisher": "HL7 International, Inc",
  "contact": [
    {
      "telecom": [
        {
          "system": "email",
          "value": "v2-to-fhir@lists.hl7.org"
        }
      ]
    }
  ],
  "date": "2025-08-23",
  "copyright": "Copyright (c) 2025, HL7 International, Inc., All Rights Reserved.",
  "extension": [
    {
      "url": "http://hl7.org/fhir/uv/v2mappings/StructureDefinition/RelatedArtifact",
      "extension": [
        {
          "url": "type",
          "valueCode": "derived-from"
        },
        {
          "url": "label",
          "valueString": "Message ORM:O01 to Bundle.fsh"
        },
        {
          "url": "url",
          "valueUri": "https://docs.google.com/spreadsheets/d/19C2jjzXZ8D7Um1iB-e6NmLfZVPvyZNkgwU8IxCJiwGs/edit#gid=0"
        }
      ]
    }
  ],
  "group": [
    {
      "element": [
        {
          "code": "ORM_O01.MSH",
          "extension": [
            {
              "url": "http://hl7.org/fhir/uv/v2mappings/StructureDefinition/TypeInfo",
              "extension": [
                {
                  "url": "cardinalityMin",
                  "valueInteger": 1
                },
                {
                  "url": "cardinalityMax",
                  "valueInteger": 1
                }
              ]
            }
          ],
          "display": "Message Header",
          "target": [
            {
              "equivalence": "equivalent",
              "code": "Bundle",
              "display": "Bundle"
            }
          ]
        },
        {
          "code": "ORM_O01.MSH",
          "extension": [
            {
              "url": "http://hl7.org/fhir/uv/v2mappings/StructureDefinition/TypeInfo",
              "extension": [
                {
                  "url": "cardinalityMin",
                  "valueInteger": 1
                },
                {
                  "url": "cardinalityMax",
                  "valueInteger": 1
                }
              ]
            }
          ],
          "display": "Message Header",
          "target": [
            {
              "equivalence": "equivalent",
              "code": "MessageHeader[1]",
              "display": "MessageHeader[1]",
              "comment": "Processing of the MSH segment results in the creation of a new MessageHeader resource"
            }
          ]
        },
        {
          "code": "ORM_O01.MSH",
          "extension": [
            {
              "url": "http://hl7.org/fhir/uv/v2mappings/StructureDefinition/TypeInfo",
              "extension": [
                {
                  "url": "cardinalityMin",
                  "valueInteger": 1
                },
                {
                  "url": "cardinalityMax",
                  "valueInteger": 1
                }
              ]
            }
          ],
          "display": "Message Header",
          "target": [
            {
              "equivalence": "equivalent",
              "code": "Provenance[1]",
              "display": "Provenance[1]",
              "comment": "If the FHIR transformation does not yield a FHIR message, but only a set of resource (APIs, repository, etc.) than one should consider attaching this Provenance resource instance to the relevant FHIR resources generated.",
              "dependsOn": [
                {
                  "property": "Narrative-Condition",
                  "value": "If there is a source in MSH-4, or known based on the configuration."
                }
              ]
            }
          ]
        },
        {
          "code": "ORM_O01.MSH",
          "extension": [
            {
              "url": "http://hl7.org/fhir/uv/v2mappings/StructureDefinition/TypeInfo",
              "extension": [
                {
                  "url": "cardinalityMin",
                  "valueInteger": 1
                },
                {
                  "url": "cardinalityMax",
                  "valueInteger": 1
                }
              ]
            }
          ],
          "display": "Message Header",
          "target": [
            {
              "equivalence": "equivalent",
              "code": "Provenance[2]",
              "display": "Provenance[2]",
              "comment": "If the FHIR transformation does not yield a FHIR Bunlde, but only a set of resource (APIs, repository, etc.) than one should consider attaching this Provenance resource instance to the relevant FHIR resources generated."
            }
          ]
        },
        {
          "code": "ORM_O01.PATIENT.PID",
          "extension": [
            {
              "url": "http://hl7.org/fhir/uv/v2mappings/StructureDefinition/TypeInfo",
              "extension": [
                {
                  "url": "cardinalityMin",
                  "valueInteger": 1
                },
                {
                  "url": "cardinalityMax",
                  "valueInteger": 1
                }
              ]
            }
          ],
          "display": "Patient Identification",
          "target": [
            {
              "equivalence": "equivalent",
              "code": "Patient[1]",
              "display": "Patient[1]",
              "comment": "Processing of the PID segment results in the creation of a new Patient resource"
            }
          ]
        },
        {
          "code": "ORM_O01.PATIENT.PID",
          "extension": [
            {
              "url": "http://hl7.org/fhir/uv/v2mappings/StructureDefinition/TypeInfo",
              "extension": [
                {
                  "url": "cardinalityMin",
                  "valueInteger": 1
                },
                {
                  "url": "cardinalityMax",
                  "valueInteger": 1
                }
              ]
            }
          ],
          "display": "Patient Identification",
          "target": [
            {
              "equivalence": "equivalent",
              "code": "Provenance[4]",
              "display": "Provenance[4]",
              "dependsOn": [
                {
                  "property": "Computable-ANTLR",
                  "value": "IF PID-33 AND PID-34 VALUED"
                },
                {
                  "property": "Narrative-Condition",
                  "value": "One  may drop PID-33 from the condition if PID-34 Last Update Facility is still sufficient without a date."
                }
              ]
            }
          ]
        },
        {
          "code": "ORM_O01.PATIENT.PD1",
          "extension": [
            {
              "url": "http://hl7.org/fhir/uv/v2mappings/StructureDefinition/TypeInfo",
              "extension": [
                {
                  "url": "cardinalityMin",
                  "valueInteger": 0
                },
                {
                  "url": "cardinalityMax",
                  "valueInteger": 1
                }
              ]
            }
          ],
          "display": "Additional Demographics",
          "target": [
            {
              "equivalence": "equivalent",
              "code": "Patient[1]",
              "display": "Patient[1]",
              "comment": "Incorporate PD1 content into the Patient created from the PID segment."
            }
          ]
        },
        {
          "code": "ORM_O01.PATIENT.PD1",
          "extension": [
            {
              "url": "http://hl7.org/fhir/uv/v2mappings/StructureDefinition/TypeInfo",
              "extension": [
                {
                  "url": "cardinalityMin",
                  "valueInteger": 0
                },
                {
                  "url": "cardinalityMax",
                  "valueInteger": 1
                }
              ]
            }
          ],
          "display": "Additional Demographics",
          "target": [
            {
              "equivalence": "equivalent",
              "code": "Observation[2]",
              "display": "Observation[2]",
              "dependsOn": [
                {
                  "property": "Computable-ANTLR",
                  "value": "IF PD1-7 VALUED"
                }
              ]
            }
          ]
        },
        {
          "code": "ORM_O01.PATIENT.VISIT.PV1",
          "extension": [
            {
              "url": "http://hl7.org/fhir/uv/v2mappings/StructureDefinition/TypeInfo",
              "extension": [
                {
                  "url": "cardinalityMin",
                  "valueInteger": 1
                },
                {
                  "url": "cardinalityMax",
                  "valueInteger": 1
                }
              ]
            }
          ],
          "display": "Patient Visit",
          "target": [
            {
              "equivalence": "equivalent",
              "code": "Encounter[1]",
              "display": "Encounter[1]",
              "comment": "Processing of the PV1 segment results in the creation of a new Encounter resource"
            }
          ]
        },
        {
          "code": "ORM_O01.PATIENT.VISIT.PV1",
          "extension": [
            {
              "url": "http://hl7.org/fhir/uv/v2mappings/StructureDefinition/TypeInfo",
              "extension": [
                {
                  "url": "cardinalityMin",
                  "valueInteger": 1
                },
                {
                  "url": "cardinalityMax",
                  "valueInteger": 1
                }
              ]
            }
          ],
          "display": "Patient Visit",
          "target": [
            {
              "equivalence": "equivalent",
              "code": "Basic",
              "display": "Basic",
              "dependsOn": [
                {
                  "property": "Computable-ANTLR",
                  "value": "IF PV1-43 VALUED"
                }
              ]
            }
          ]
        },
        {
          "code": "ORM_O01.PATIENT.VISIT.PV1",
          "extension": [
            {
              "url": "http://hl7.org/fhir/uv/v2mappings/StructureDefinition/TypeInfo",
              "extension": [
                {
                  "url": "cardinalityMin",
                  "valueInteger": 1
                },
                {
                  "url": "cardinalityMax",
                  "valueInteger": 1
                }
              ]
            }
          ],
          "display": "Patient Visit",
          "target": [
            {
              "equivalence": "equivalent",
              "code": "Patient[1]",
              "display": "Patient[1]"
            }
          ]
        },
        {
          "code": "ORM_O01.PATIENT.VISIT.PV1",
          "extension": [
            {
              "url": "http://hl7.org/fhir/uv/v2mappings/StructureDefinition/TypeInfo",
              "extension": [
                {
                  "url": "cardinalityMin",
                  "valueInteger": 1
                },
                {
                  "url": "cardinalityMax",
                  "valueInteger": 1
                }
              ]
            }
          ],
          "display": "Patient Visit",
          "target": [
            {
              "equivalence": "equivalent",
              "code": "Coverage[1]",
              "display": "Coverage[1]",
              "dependsOn": [
                {
                  "property": "Computable-ANTLR",
                  "value": "IF PV1-20 VALUE"
                }
              ]
            }
          ]
        },
        {
          "code": "ORM_O01.PATIENT.VISIT.PV2",
          "extension": [
            {
              "url": "http://hl7.org/fhir/uv/v2mappings/StructureDefinition/TypeInfo",
              "extension": [
                {
                  "url": "cardinalityMin",
                  "valueInteger": 0
                },
                {
                  "url": "cardinalityMax",
                  "valueInteger": 1
                }
              ]
            }
          ],
          "display": "Patient Visit- Additional Info",
          "target": [
            {
              "equivalence": "equivalent",
              "code": "Encounter[1]",
              "display": "Encounter[1]",
              "comment": "Incorporate PV2 content into the Encounter created from the PV1 segment."
            }
          ]
        },
        {
          "code": "ORM_O01.PATIENT.INSURANCE.IN1",
          "extension": [
            {
              "url": "http://hl7.org/fhir/uv/v2mappings/StructureDefinition/TypeInfo",
              "extension": [
                {
                  "url": "cardinalityMin",
                  "valueInteger": 1
                },
                {
                  "url": "cardinalityMax",
                  "valueInteger": 1
                }
              ]
            }
          ],
          "display": "Insurance",
          "target": [
            {
              "equivalence": "equivalent",
              "code": "Coverage[1]",
              "display": "Coverage[1]",
              "comment": "Processing of the IN1 segment results in the creation of a new Coverage resource"
            }
          ]
        },
        {
          "code": "ORM_O01.PATIENT.INSURANCE.IN2",
          "extension": [
            {
              "url": "http://hl7.org/fhir/uv/v2mappings/StructureDefinition/TypeInfo",
              "extension": [
                {
                  "url": "cardinalityMin",
                  "valueInteger": 0
                },
                {
                  "url": "cardinalityMax",
                  "valueInteger": 1
                }
              ]
            }
          ],
          "display": "Insurance Additional Info",
          "target": [
            {
              "equivalence": "equivalent",
              "code": "Coverage[1]",
              "display": "Coverage[1]",
              "comment": "Incorporate IN2 content into the Coverage created from the IN1 segment."
            }
          ]
        },
        {
          "code": "ORM_O01.PATIENT.INSURANCE.IN3",
          "extension": [
            {
              "url": "http://hl7.org/fhir/uv/v2mappings/StructureDefinition/TypeInfo",
              "extension": [
                {
                  "url": "cardinalityMin",
                  "valueInteger": 0
                },
                {
                  "url": "cardinalityMax",
                  "valueInteger": 1
                }
              ]
            }
          ],
          "display": "Insurance Add'l Info – Cert.",
          "target": [
            {
              "equivalence": "equivalent",
              "code": "Coverage[1]",
              "display": "Coverage[1]",
              "comment": "Incorporate IN3 content into the Coverage created from the IN1 segment."
            }
          ]
        },
        {
          "code": "ORM_O01.PATIENT.AL1",
          "extension": [
            {
              "url": "http://hl7.org/fhir/uv/v2mappings/StructureDefinition/TypeInfo",
              "extension": [
                {
                  "url": "cardinalityMin",
                  "valueInteger": 0
                },
                {
                  "url": "cardinalityMax",
                  "valueInteger": -1
                }
              ]
            }
          ],
          "display": "Allergy Information",
          "target": [
            {
              "equivalence": "equivalent",
              "code": "AllergyIntolerance",
              "display": "AllergyIntolerance",
              "comment": "Processing of the AL1 segment results in the creation of a new AllergyIntolerance resource"
            }
          ]
        },
        {
          "code": "ORM_O01.ORDER.ORC",
          "extension": [
            {
              "url": "http://hl7.org/fhir/uv/v2mappings/StructureDefinition/TypeInfo",
              "extension": [
                {
                  "url": "cardinalityMin",
                  "valueInteger": 1
                },
                {
                  "url": "cardinalityMax",
                  "valueInteger": 1
                }
              ]
            }
          ],
          "display": "Common Order",
          "target": [
            {
              "equivalence": "equivalent",
              "code": "ServiceRequest[1]",
              "display": "ServiceRequest[1]",
              "comment": "Processing of each ORC segment results in the creation of a new ServiceRequest resource"
            }
          ]
        },
        {
          "code": "ORM_O01.ORDER.ORC",
          "extension": [
            {
              "url": "http://hl7.org/fhir/uv/v2mappings/StructureDefinition/TypeInfo",
              "extension": [
                {
                  "url": "cardinalityMin",
                  "valueInteger": 1
                },
                {
                  "url": "cardinalityMax",
                  "valueInteger": 1
                }
              ]
            }
          ],
          "display": "Common Order",
          "target": [
            {
              "equivalence": "equivalent",
              "code": "Task[1]",
              "display": "Task[1]",
              "comment": "Processing of each ORC segment results in the creation of a new Task resource which is linked back to the ServiceRequest created for the same ORC segment. =*= The creation of a Task resource and its inclusion in the FHIR bundle should only happen when the receiving system is responsible for fulfillment of the ServiceRequest. Other systems may receive notification of the order, but should not receive a Task Resource if they are not the intended filler system. =*= The actual value of the ORC-1 Order Control Code will yield different population of the Task resource.",
              "dependsOn": [
                {
                  "property": "Computable-FHIRPath",
                  "value": "h"
                }
              ]
            }
          ]
        },
        {
          "code": "ORM_O01.ORDER.ORC",
          "extension": [
            {
              "url": "http://hl7.org/fhir/uv/v2mappings/StructureDefinition/TypeInfo",
              "extension": [
                {
                  "url": "cardinalityMin",
                  "valueInteger": 1
                },
                {
                  "url": "cardinalityMax",
                  "valueInteger": 1
                }
              ]
            }
          ],
          "display": "Common Order",
          "target": [
            {
              "equivalence": "equivalent",
              "code": "Provenance[2]",
              "display": "Provenance[2]"
            }
          ]
        },
        {
          "code": "ORM_O01.ORDER_DETAIL.CHOICE.OBR",
          "extension": [
            {
              "url": "http://hl7.org/fhir/uv/v2mappings/StructureDefinition/TypeInfo",
              "extension": [
                {
                  "url": "cardinalityMin",
                  "valueInteger": 0
                },
                {
                  "url": "cardinalityMax",
                  "valueInteger": 1
                }
              ]
            }
          ],
          "display": "Order Detail Segment OBR, etc.",
          "target": [
            {
              "equivalence": "equivalent",
              "code": "ServiceRequest[1]",
              "display": "ServiceRequest[1]",
              "comment": "Incorporate OBR content into the ServiceRequest created from the ORC segment in the same segment group.",
              "dependsOn": [
                {
                  "property": "Computable-ANTLR",
                  "value": "IF PID VALUED"
                }
              ]
            }
          ]
        },
        {
          "code": "ORM_O01.ORDER_DETAIL.CHOICE.OBR",
          "extension": [
            {
              "url": "http://hl7.org/fhir/uv/v2mappings/StructureDefinition/TypeInfo",
              "extension": [
                {
                  "url": "cardinalityMin",
                  "valueInteger": 0
                },
                {
                  "url": "cardinalityMax",
                  "valueInteger": 1
                }
              ]
            }
          ],
          "display": "Order Detail Segment OBR, etc.",
          "target": [
            {
              "equivalence": "equivalent",
              "code": "SupplyRequest[1]",
              "display": "SupplyRequest[1]",
              "dependsOn": [
                {
                  "property": "Computable-ANTLR",
                  "value": "IF PID NOT VALUED"
                }
              ]
            }
          ]
        },
        {
          "code": "ORM_O01.ORDER_DETAIL.CHOICE.RXO",
          "extension": [
            {
              "url": "http://hl7.org/fhir/uv/v2mappings/StructureDefinition/TypeInfo",
              "extension": [
                {
                  "url": "cardinalityMin",
                  "valueInteger": 0
                },
                {
                  "url": "cardinalityMax",
                  "valueInteger": 1
                }
              ]
            }
          ],
          "display": "Pharmacy/Treatment Order",
          "target": [
            {
              "equivalence": "equivalent",
              "code": "MedicationRequest",
              "display": "MedicationRequest"
            }
          ]
        },
        {
          "code": "ORM_O01.ORDER_DETAIL.CHOICE.ODS",
          "extension": [
            {
              "url": "http://hl7.org/fhir/uv/v2mappings/StructureDefinition/TypeInfo",
              "extension": [
                {
                  "url": "cardinalityMin",
                  "valueInteger": 0
                },
                {
                  "url": "cardinalityMax",
                  "valueInteger": 1
                }
              ]
            }
          ],
          "display": "Dietary Orders, Supplements, and Preferences",
          "target": [
            {
              "equivalence": "equivalent",
              "code": "SupplyRequest[2]",
              "display": "SupplyRequest[2]",
              "dependsOn": [
                {
                  "property": "Computable-ANTLR",
                  "value": "IF PID NOT VALUED"
                }
              ]
            }
          ]
        },
        {
          "code": "ORM_O01.ORDER_DETAIL.NTE",
          "extension": [
            {
              "url": "http://hl7.org/fhir/uv/v2mappings/StructureDefinition/TypeInfo",
              "extension": [
                {
                  "url": "cardinalityMin",
                  "valueInteger": 0
                },
                {
                  "url": "cardinalityMax",
                  "valueInteger": -1
                }
              ]
            }
          ],
          "display": "Notes and Comments (for Detail)",
          "target": [
            {
              "equivalence": "equivalent",
              "code": "ServiceRequest[1].note",
              "display": "ServiceRequest[1].note"
            }
          ]
        },
        {
          "code": "ORM_O01.ORDER_DETAIL.DG1",
          "extension": [
            {
              "url": "http://hl7.org/fhir/uv/v2mappings/StructureDefinition/TypeInfo",
              "extension": [
                {
                  "url": "cardinalityMin",
                  "valueInteger": 0
                },
                {
                  "url": "cardinalityMax",
                  "valueInteger": -1
                }
              ]
            }
          ],
          "display": "Diagnosis",
          "target": [
            {
              "equivalence": "equivalent",
              "code": "ServiceRequest[1].reasonReference(Condition)",
              "display": "ServiceRequest[1].reasonReference(Condition)",
              "comment": "Processing of the DG1 segment results in the creation of a new Condition resource which is referenced in the ServiceRequest created by the ORC segment"
            }
          ]
        },
        {
          "code": "ORM_O01.ORDER_DETAIL.OBSERVATION.OBX",
          "extension": [
            {
              "url": "http://hl7.org/fhir/uv/v2mappings/StructureDefinition/TypeInfo",
              "extension": [
                {
                  "url": "cardinalityMin",
                  "valueInteger": 1
                },
                {
                  "url": "cardinalityMax",
                  "valueInteger": 1
                }
              ]
            }
          ],
          "display": "Observation/Result",
          "target": [
            {
              "equivalence": "equivalent",
              "code": "Observation[1]",
              "display": "Observation[1]",
              "dependsOn": [
                {
                  "property": "Computable-ANTLR",
                  "value": "IF OBX-5 LST.count LESS THAN OR EQUALS 1 OR OBX-2 IS \"NA\""
                }
              ]
            }
          ]
        },
        {
          "code": "ORM_O01.ORDER_DETAIL.OBSERVATION.OBX",
          "extension": [
            {
              "url": "http://hl7.org/fhir/uv/v2mappings/StructureDefinition/TypeInfo",
              "extension": [
                {
                  "url": "cardinalityMin",
                  "valueInteger": 1
                },
                {
                  "url": "cardinalityMax",
                  "valueInteger": 1
                }
              ]
            }
          ],
          "display": "Observation/Result",
          "target": [
            {
              "equivalence": "equivalent",
              "code": "Observation[1]",
              "display": "Observation[1]",
              "dependsOn": [
                {
                  "property": "Computable-ANTLR",
                  "value": "IF  OBX-5 LST.count GREATER THAN 1 AND OBX-2 IS NOT \"NA\""
                }
              ]
            }
          ]
        }
      ]
    }
  ]
}
