{
  "resourceType": "ConceptMap",
  "id": "segment-in1-to-coverage",
  "url": "http://hl7.org/fhir/uv/v2mappings/ConceptMap/segment-in1-to-coverage",
  "title": "Segment IN1 to Coverage Map",
  "description": "This ConceptMap represents a mapping from the HL7 V2 Segment IN1 to the FHIR Coverage Resource.",
  "name": "SegmentIN1ToCoverage",
  "version": "1.0",
  "status": "active",
  "experimental": true,
  "publisher": "HL7 International, Inc",
  "contact": [
    {
      "telecom": [
        {
          "system": "email",
          "value": "v2-to-fhir@lists.hl7.org"
        }
      ]
    }
  ],
  "date": "2025-08-23",
  "copyright": "Copyright (c) 2025, HL7 International, Inc., All Rights Reserved.",
  "extension": [
    {
      "url": "http://hl7.org/fhir/uv/v2mappings/StructureDefinition/RelatedArtifact",
      "extension": [
        {
          "url": "type",
          "valueCode": "derived-from"
        },
        {
          "url": "label",
          "valueString": "Segment IN1 to Coverage.fsh"
        },
        {
          "url": "url",
          "valueUri": "https://docs.google.com/spreadsheets/d/1-8U35_8X9wQTQAchyVAujF4TFrbcjyDeloU2gpHT2_o/edit#gid=0"
        }
      ]
    }
  ],
  "group": [
    {
      "element": [
        {
          "code": "IN1-2",
          "extension": [
            {
              "url": "http://hl7.org/fhir/uv/v2mappings/StructureDefinition/TypeInfo",
              "extension": [
                {
                  "url": "type",
                  "valueCode": "CWE"
                },
                {
                  "url": "cardinalityMin",
                  "valueInteger": 1
                },
                {
                  "url": "cardinalityMax",
                  "valueInteger": 1
                }
              ]
            }
          ],
          "display": "Health Plan ID",
          "target": [
            {
              "equivalence": "equivalent",
              "code": "identifier",
              "extension": [
                {
                  "url": "http://hl7.org/fhir/uv/v2mappings/StructureDefinition/TypeInfo",
                  "extension": [
                    {
                      "url": "type",
                      "valueCode": "Identifier"
                    },
                    {
                      "url": "cardinalityMin",
                      "valueInteger": 0
                    },
                    {
                      "url": "cardinalityMax",
                      "valueInteger": -1
                    }
                  ]
                }
              ],
              "display": "identifier"
            }
          ]
        },
        {
          "code": "IN1-4",
          "extension": [
            {
              "url": "http://hl7.org/fhir/uv/v2mappings/StructureDefinition/TypeInfo",
              "extension": [
                {
                  "url": "type",
                  "valueCode": "XON"
                },
                {
                  "url": "cardinalityMin",
                  "valueInteger": -1
                },
                {
                  "url": "cardinalityMax",
                  "valueInteger": -1
                }
              ]
            }
          ],
          "display": "Insurance Company Name",
          "target": [
            {
              "equivalence": "equivalent",
              "code": "payor[1](Organization)",
              "extension": [
                {
                  "url": "http://hl7.org/fhir/uv/v2mappings/StructureDefinition/TypeInfo",
                  "extension": [
                    {
                      "url": "type",
                      "valueCode": "Reference"
                    }
                  ]
                }
              ],
              "display": "payor[1](Organization)"
            }
          ]
        },
        {
          "code": "IN1-5",
          "extension": [
            {
              "url": "http://hl7.org/fhir/uv/v2mappings/StructureDefinition/TypeInfo",
              "extension": [
                {
                  "url": "type",
                  "valueCode": "XAD"
                },
                {
                  "url": "cardinalityMin",
                  "valueInteger": -1
                },
                {
                  "url": "cardinalityMax",
                  "valueInteger": -1
                }
              ]
            }
          ],
          "display": "Insurance Company Address",
          "target": [
            {
              "equivalence": "equivalent",
              "code": "payer[1](Organization.address)",
              "extension": [
                {
                  "url": "http://hl7.org/fhir/uv/v2mappings/StructureDefinition/TypeInfo",
                  "extension": [
                    {
                      "url": "type",
                      "valueCode": "Reference"
                    }
                  ]
                }
              ],
              "display": "payer[1](Organization.address)"
            }
          ]
        },
        {
          "code": "IN1-10",
          "extension": [
            {
              "url": "http://hl7.org/fhir/uv/v2mappings/StructureDefinition/TypeInfo",
              "extension": [
                {
                  "url": "type",
                  "valueCode": "CX"
                },
                {
                  "url": "cardinalityMin",
                  "valueInteger": -1
                },
                {
                  "url": "cardinalityMax",
                  "valueInteger": -1
                }
              ]
            }
          ],
          "display": "Insured's Group Emp ID",
          "target": [
            {
              "equivalence": "equivalent",
              "code": "extension[1].url",
              "extension": [
                {
                  "url": "http://hl7.org/fhir/uv/v2mappings/StructureDefinition/TypeInfo",
                  "extension": [
                    {
                      "url": "type",
                      "valueCode": "uri"
                    },
                    {
                      "url": "assignment",
                      "valueString": "\"http://hl7.org/fhir/5.0/StructureDefinition/extension-subscriberId\""
                    }
                  ]
                }
              ],
              "display": "extension[1].url",
              "dependsOn": [
                {
                  "property": "Computable-ANTLR",
                  "value": "IF CX.5 IS \"SN\""
                }
              ]
            }
          ]
        },
        {
          "code": "IN1-10",
          "extension": [
            {
              "url": "http://hl7.org/fhir/uv/v2mappings/StructureDefinition/TypeInfo",
              "extension": [
                {
                  "url": "type",
                  "valueCode": "CX"
                },
                {
                  "url": "cardinalityMin",
                  "valueInteger": -1
                },
                {
                  "url": "cardinalityMax",
                  "valueInteger": -1
                }
              ]
            }
          ],
          "display": "Insured's Group Emp ID",
          "target": [
            {
              "equivalence": "equivalent",
              "code": "extension[1].valueIdentifier",
              "extension": [
                {
                  "url": "http://hl7.org/fhir/uv/v2mappings/StructureDefinition/TypeInfo",
                  "extension": [
                    {
                      "url": "type",
                      "valueCode": "Identifier"
                    }
                  ]
                }
              ],
              "display": "extension[1].valueIdentifier",
              "dependsOn": [
                {
                  "property": "Computable-ANTLR",
                  "value": "IF CX.5 IS \"SN\""
                }
              ]
            }
          ]
        },
        {
          "code": "IN1-10",
          "extension": [
            {
              "url": "http://hl7.org/fhir/uv/v2mappings/StructureDefinition/TypeInfo",
              "extension": [
                {
                  "url": "type",
                  "valueCode": "CX"
                },
                {
                  "url": "cardinalityMin",
                  "valueInteger": -1
                },
                {
                  "url": "cardinalityMax",
                  "valueInteger": -1
                }
              ]
            }
          ],
          "display": "Insured's Group Emp ID",
          "target": [
            {
              "equivalence": "equivalent",
              "code": "policyHolder([1]Organization.identifier)",
              "extension": [
                {
                  "url": "http://hl7.org/fhir/uv/v2mappings/StructureDefinition/TypeInfo",
                  "extension": [
                    {
                      "url": "type",
                      "valueCode": "Identifier"
                    },
                    {
                      "url": "cardinalityMin",
                      "valueInteger": 0
                    },
                    {
                      "url": "cardinalityMax",
                      "valueInteger": -1
                    }
                  ]
                }
              ],
              "display": "policyHolder([1]Organization.identifier)",
              "comment": "If one has identifiers of other types, one must determine where it fits best."
            }
          ]
        },
        {
          "code": "IN1-11",
          "extension": [
            {
              "url": "http://hl7.org/fhir/uv/v2mappings/StructureDefinition/TypeInfo",
              "extension": [
                {
                  "url": "type",
                  "valueCode": "XON"
                },
                {
                  "url": "cardinalityMin",
                  "valueInteger": -1
                },
                {
                  "url": "cardinalityMax",
                  "valueInteger": -1
                }
              ]
            }
          ],
          "display": "Insured's Group Emp Name",
          "target": [
            {
              "equivalence": "equivalent",
              "code": "policyHolder[1](Organization)",
              "extension": [
                {
                  "url": "http://hl7.org/fhir/uv/v2mappings/StructureDefinition/TypeInfo",
                  "extension": [
                    {
                      "url": "type",
                      "valueCode": "Reference"
                    }
                  ]
                }
              ],
              "display": "policyHolder[1](Organization)"
            }
          ]
        },
        {
          "code": "IN1-12",
          "extension": [
            {
              "url": "http://hl7.org/fhir/uv/v2mappings/StructureDefinition/TypeInfo",
              "extension": [
                {
                  "url": "type",
                  "valueCode": "DT"
                },
                {
                  "url": "cardinalityMin",
                  "valueInteger": 1
                },
                {
                  "url": "cardinalityMax",
                  "valueInteger": 1
                }
              ]
            }
          ],
          "display": "Plan Effective Date",
          "target": [
            {
              "equivalence": "equivalent",
              "code": "period.start",
              "extension": [
                {
                  "url": "http://hl7.org/fhir/uv/v2mappings/StructureDefinition/TypeInfo",
                  "extension": [
                    {
                      "url": "type",
                      "valueCode": "dateTime"
                    }
                  ]
                }
              ],
              "display": "period.start"
            }
          ]
        },
        {
          "code": "IN1-13",
          "extension": [
            {
              "url": "http://hl7.org/fhir/uv/v2mappings/StructureDefinition/TypeInfo",
              "extension": [
                {
                  "url": "type",
                  "valueCode": "DT"
                },
                {
                  "url": "cardinalityMin",
                  "valueInteger": 1
                },
                {
                  "url": "cardinalityMax",
                  "valueInteger": 1
                }
              ]
            }
          ],
          "display": "Plan Expiration Date",
          "target": [
            {
              "equivalence": "equivalent",
              "code": "period.end",
              "extension": [
                {
                  "url": "http://hl7.org/fhir/uv/v2mappings/StructureDefinition/TypeInfo",
                  "extension": [
                    {
                      "url": "type",
                      "valueCode": "dateTime"
                    }
                  ]
                }
              ],
              "display": "period.end"
            }
          ]
        },
        {
          "code": "IN1-15",
          "extension": [
            {
              "url": "http://hl7.org/fhir/uv/v2mappings/StructureDefinition/TypeInfo",
              "extension": [
                {
                  "url": "type",
                  "valueCode": "CWE"
                },
                {
                  "url": "cardinalityMin",
                  "valueInteger": 1
                },
                {
                  "url": "cardinalityMax",
                  "valueInteger": 1
                }
              ]
            }
          ],
          "display": "Plan Type",
          "target": [
            {
              "equivalence": "equivalent",
              "code": "type",
              "extension": [
                {
                  "url": "http://hl7.org/fhir/uv/v2mappings/StructureDefinition/TypeInfo",
                  "extension": [
                    {
                      "url": "type",
                      "valueCode": "CodeableConcept"
                    },
                    {
                      "url": "mappedVia",
                      "valueUrl": "unspecified_mapping"
                    }
                  ]
                }
              ],
              "display": "type",
              "comment": "Given variability in use, IN1-15 may or may not be a good match with HL7 Coverage.type.  Note however that IN1-47 Coverage Type is not a match to FHIR Coverage.type."
            }
          ]
        },
        {
          "code": "IN1-16",
          "extension": [
            {
              "url": "http://hl7.org/fhir/uv/v2mappings/StructureDefinition/TypeInfo",
              "extension": [
                {
                  "url": "type",
                  "valueCode": "XPN"
                },
                {
                  "url": "cardinalityMin",
                  "valueInteger": -1
                },
                {
                  "url": "cardinalityMax",
                  "valueInteger": -1
                }
              ]
            }
          ],
          "display": "Name Of Insured",
          "target": [
            {
              "equivalence": "equivalent",
              "code": "subscriber(RelatedPerson)",
              "extension": [
                {
                  "url": "http://hl7.org/fhir/uv/v2mappings/StructureDefinition/TypeInfo",
                  "extension": [
                    {
                      "url": "type",
                      "valueCode": "Reference"
                    }
                  ]
                }
              ],
              "display": "subscriber(RelatedPerson)",
              "dependsOn": [
                {
                  "property": "Computable-ANTLR",
                  "value": "IF IN1-17 IS NOT 'patient'"
                }
              ]
            }
          ]
        },
        {
          "code": "IN1-16",
          "extension": [
            {
              "url": "http://hl7.org/fhir/uv/v2mappings/StructureDefinition/TypeInfo",
              "extension": [
                {
                  "url": "type",
                  "valueCode": "XPN"
                },
                {
                  "url": "cardinalityMin",
                  "valueInteger": -1
                },
                {
                  "url": "cardinalityMax",
                  "valueInteger": -1
                }
              ]
            }
          ],
          "display": "Name Of Insured",
          "target": [
            {
              "equivalence": "equivalent",
              "code": "subscriber(Patient)",
              "extension": [
                {
                  "url": "http://hl7.org/fhir/uv/v2mappings/StructureDefinition/TypeInfo",
                  "extension": [
                    {
                      "url": "type",
                      "valueCode": "Reference"
                    }
                  ]
                }
              ],
              "display": "subscriber(Patient)",
              "dependsOn": [
                {
                  "property": "Computable-ANTLR",
                  "value": "IF IN1-17 IS 'patient'"
                }
              ]
            }
          ]
        },
        {
          "code": "IN1-17",
          "extension": [
            {
              "url": "http://hl7.org/fhir/uv/v2mappings/StructureDefinition/TypeInfo",
              "extension": [
                {
                  "url": "type",
                  "valueCode": "CWE"
                },
                {
                  "url": "cardinalityMin",
                  "valueInteger": 1
                },
                {
                  "url": "cardinalityMax",
                  "valueInteger": 1
                }
              ]
            }
          ],
          "display": "Insured's Relationship To Patient",
          "target": [
            {
              "equivalence": "equivalent",
              "code": "relationship",
              "extension": [
                {
                  "url": "http://hl7.org/fhir/uv/v2mappings/StructureDefinition/TypeInfo",
                  "extension": [
                    {
                      "url": "type",
                      "valueCode": "CodeableConcept"
                    },
                    {
                      "url": "mappedVia",
                      "valueUrl": "ConceptMap/table-hl70063-to-v3-rolecode"
                    }
                  ]
                }
              ],
              "display": "relationship"
            }
          ]
        },
        {
          "code": "IN1-49",
          "extension": [
            {
              "url": "http://hl7.org/fhir/uv/v2mappings/StructureDefinition/TypeInfo",
              "extension": [
                {
                  "url": "type",
                  "valueCode": "CX"
                },
                {
                  "url": "cardinalityMin",
                  "valueInteger": -1
                },
                {
                  "url": "cardinalityMax",
                  "valueInteger": -1
                }
              ]
            }
          ],
          "display": "Insured's ID Number",
          "target": [
            {
              "equivalence": "equivalent",
              "code": "extension[1].url",
              "extension": [
                {
                  "url": "http://hl7.org/fhir/uv/v2mappings/StructureDefinition/TypeInfo",
                  "extension": [
                    {
                      "url": "type",
                      "valueCode": "uri"
                    },
                    {
                      "url": "assignment",
                      "valueString": "\"http://hl7.org/fhir/5.0/StructureDefinition/extension-subscriberId\""
                    }
                  ]
                }
              ],
              "display": "extension[1].url"
            }
          ]
        },
        {
          "code": "IN1-49",
          "extension": [
            {
              "url": "http://hl7.org/fhir/uv/v2mappings/StructureDefinition/TypeInfo",
              "extension": [
                {
                  "url": "type",
                  "valueCode": "CX"
                },
                {
                  "url": "cardinalityMin",
                  "valueInteger": -1
                },
                {
                  "url": "cardinalityMax",
                  "valueInteger": -1
                }
              ]
            }
          ],
          "display": "Insured's ID Number",
          "target": [
            {
              "equivalence": "equivalent",
              "code": "extension[1].valueIdentifier",
              "extension": [
                {
                  "url": "http://hl7.org/fhir/uv/v2mappings/StructureDefinition/TypeInfo",
                  "extension": [
                    {
                      "url": "type",
                      "valueCode": "Identifier"
                    }
                  ]
                }
              ],
              "display": "extension[1].valueIdentifier"
            }
          ]
        }
      ]
    }
  ]
}
