{
  "resourceType": "ConceptMap",
  "id": "table-hl70202-to-contact-point-system",
  "url": "http://hl7.org/fhir/uv/v2mappings/ConceptMap/table-hl70202-to-contact-point-system",
  "title": "Table HL70202 to Contact Point System Map",
  "description": "This ConceptMap represents a mapping from the HL7 V2 Table HL70202 to the FHIR Contact Point System Value Set.",
  "name": "TableHL70202ToContactPointSystem",
  "sourceUri": "http://terminology.hl7.org/ValueSet/v2-0202",
  "version": "1.0",
  "status": "active",
  "experimental": true,
  "publisher": "HL7 International, Inc",
  "contact": [
    {
      "telecom": [
        {
          "system": "email",
          "value": "v2-to-fhir@lists.hl7.org"
        }
      ]
    }
  ],
  "date": "2025-08-23",
  "copyright": "Copyright (c) 2025, HL7 International, Inc., All Rights Reserved.",
  "extension": [
    {
      "url": "http://hl7.org/fhir/uv/v2mappings/StructureDefinition/RelatedArtifact",
      "extension": [
        {
          "url": "type",
          "valueCode": "derived-from"
        },
        {
          "url": "label",
          "valueString": "Table HL70202 to Contact Point System.fsh"
        },
        {
          "url": "url",
          "valueUri": "https://docs.google.com/spreadsheets/d/1FhoR5oxEWdHmpR5S0_wYPstdy1lwv7rL-JWJu_DE_Vs/edit#gid=0"
        }
      ]
    }
  ],
  "group": [
    {
      "source": "http://terminology.hl7.org/CodeSystem/v2-0202",
      "target": "http://hl7.org/fhir/contact-point-system",
      "element": [
        {
          "code": "PH",
          "display": "Telephone",
          "target": [
            {
              "equivalence": "equivalent",
              "code": "phone",
              "display": "Phone"
            }
          ]
        },
        {
          "code": "FX",
          "display": "Fax",
          "target": [
            {
              "equivalence": "equivalent",
              "code": "fax",
              "display": "Fax"
            }
          ]
        },
        {
          "code": "MD",
          "display": "Modem",
          "target": [
            {
              "equivalence": "equivalent",
              "code": "other",
              "display": "Other"
            }
          ]
        },
        {
          "code": "SAT",
          "display": "Satellite Phone",
          "target": [
            {
              "equivalence": "equivalent",
              "code": "other",
              "display": "Other"
            }
          ]
        },
        {
          "code": "BP",
          "display": "Beeper",
          "target": [
            {
              "equivalence": "equivalent",
              "code": "pager",
              "display": "Pager"
            }
          ]
        },
        {
          "code": "Internet",
          "display": "Internet Address",
          "target": [
            {
              "equivalence": "equivalent",
              "code": "email",
              "display": "email"
            }
          ]
        },
        {
          "code": "X.400",
          "display": "X.400 email address",
          "target": [
            {
              "equivalence": "equivalent",
              "code": "email",
              "display": "email"
            }
          ]
        },
        {
          "code": "TDD",
          "display": "Telecommunications Device for the Deaf",
          "target": [
            {
              "equivalence": "equivalent",
              "code": "other",
              "display": "Other"
            }
          ]
        },
        {
          "code": "TTY",
          "display": "Teletypewriter",
          "target": [
            {
              "equivalence": "equivalent",
              "code": "other",
              "display": "Other"
            }
          ]
        }
      ]
    },
    {
      "source": "http://terminology.hl7.org/CodeSystem/v2-0202",
      "target": "http://hl7.org/fhir/contact-point-use",
      "element": [
        {
          "code": "CP",
          "display": "Cellular or Mobile Phone",
          "target": [
            {
              "equivalence": "equivalent",
              "code": "mobile",
              "display": "Mobile"
            }
          ]
        }
      ]
    }
  ]
}
