{
  "resourceType": "ConceptMap",
  "id": "datatype-cwe-to-device",
  "url": "http://hl7.org/fhir/uv/v2mappings/ConceptMap/datatype-cwe-to-device",
  "title": "Datatype CWE to Device Map",
  "description": "This ConceptMap represents a mapping from the HL7 V2 Datatype CWE to the FHIR Device Resource.",
  "name": "DatatypeCWEToDevice",
  "version": "1.0",
  "status": "active",
  "experimental": true,
  "publisher": "HL7 International, Inc",
  "contact": [
    {
      "telecom": [
        {
          "system": "email",
          "value": "v2-to-fhir@lists.hl7.org"
        }
      ]
    }
  ],
  "date": "2025-08-23",
  "copyright": "Copyright (c) 2025, HL7 International, Inc., All Rights Reserved.",
  "extension": [
    {
      "url": "http://hl7.org/fhir/uv/v2mappings/StructureDefinition/RelatedArtifact",
      "extension": [
        {
          "url": "type",
          "valueCode": "derived-from"
        },
        {
          "url": "label",
          "valueString": "Datatype CWE to Device.fsh"
        },
        {
          "url": "url",
          "valueUri": "https://docs.google.com/spreadsheets/d/13LJngzZ_t2CzddzgZu8MR1dbNJfyH9mWN1cRzRs7VIQ/edit#gid=0"
        }
      ]
    }
  ],
  "group": [
    {
      "element": [
        {
          "code": "CWE.1",
          "extension": [
            {
              "url": "http://hl7.org/fhir/uv/v2mappings/StructureDefinition/TypeInfo",
              "extension": [
                {
                  "url": "type",
                  "valueCode": "ST"
                },
                {
                  "url": "cardinalityMin",
                  "valueInteger": 0
                },
                {
                  "url": "cardinalityMax",
                  "valueInteger": 1
                }
              ]
            }
          ],
          "display": "Identifier",
          "target": [
            {
              "equivalence": "equivalent",
              "code": "identifier[1].value",
              "display": "identifier[1].value",
              "dependsOn": [
                {
                  "property": "Narrative-Condition",
                  "value": "If instance identifier"
                }
              ]
            }
          ]
        },
        {
          "code": "CWE.1",
          "extension": [
            {
              "url": "http://hl7.org/fhir/uv/v2mappings/StructureDefinition/TypeInfo",
              "extension": [
                {
                  "url": "type",
                  "valueCode": "ST"
                },
                {
                  "url": "cardinalityMin",
                  "valueInteger": 0
                },
                {
                  "url": "cardinalityMax",
                  "valueInteger": 1
                }
              ]
            }
          ],
          "display": "Identifier",
          "target": [
            {
              "equivalence": "equivalent",
              "code": "definition(DeviceDefinition.identifier[1].value)",
              "display": "definition(DeviceDefinition.identifier[1].value)",
              "dependsOn": [
                {
                  "property": "Narrative-Condition",
                  "value": "If kind identifier"
                }
              ]
            }
          ]
        },
        {
          "code": "CWE.2",
          "extension": [
            {
              "url": "http://hl7.org/fhir/uv/v2mappings/StructureDefinition/TypeInfo",
              "extension": [
                {
                  "url": "type",
                  "valueCode": "ST"
                },
                {
                  "url": "cardinalityMin",
                  "valueInteger": 0
                },
                {
                  "url": "cardinalityMax",
                  "valueInteger": 1
                }
              ]
            }
          ],
          "display": "Text",
          "target": [
            {
              "equivalence": "equivalent",
              "code": "deviceName[1].name",
              "display": "deviceName[1].name"
            }
          ]
        },
        {
          "code": "CWE.2",
          "extension": [
            {
              "url": "http://hl7.org/fhir/uv/v2mappings/StructureDefinition/TypeInfo",
              "extension": [
                {
                  "url": "type",
                  "valueCode": "ST"
                },
                {
                  "url": "cardinalityMin",
                  "valueInteger": 0
                },
                {
                  "url": "cardinalityMax",
                  "valueInteger": 1
                }
              ]
            }
          ],
          "display": "Text",
          "target": [
            {
              "equivalence": "equivalent",
              "code": "deviceName[1].type",
              "extension": [
                {
                  "url": "http://hl7.org/fhir/uv/v2mappings/StructureDefinition/TypeInfo",
                  "extension": [
                    {
                      "url": "assignment",
                      "valueString": "/select most appropriate value for actual use/"
                    }
                  ]
                }
              ],
              "display": "deviceName[1].type"
            }
          ]
        },
        {
          "code": "CWE.3",
          "extension": [
            {
              "url": "http://hl7.org/fhir/uv/v2mappings/StructureDefinition/TypeInfo",
              "extension": [
                {
                  "url": "type",
                  "valueCode": "ID"
                },
                {
                  "url": "cardinalityMin",
                  "valueInteger": 0
                },
                {
                  "url": "cardinalityMax",
                  "valueInteger": 1
                }
              ]
            }
          ],
          "display": "Name of Coding System",
          "target": [
            {
              "equivalence": "equivalent",
              "code": "identifier[1].system",
              "extension": [
                {
                  "url": "http://hl7.org/fhir/uv/v2mappings/StructureDefinition/TypeInfo",
                  "extension": [
                    {
                      "url": "assignment",
                      "valueString": "/map HL7 code system to appropriate url/"
                    }
                  ]
                }
              ],
              "display": "identifier[1].system",
              "dependsOn": [
                {
                  "property": "Narrative-Condition",
                  "value": "If instance identifier"
                }
              ]
            }
          ]
        },
        {
          "code": "CWE.3",
          "extension": [
            {
              "url": "http://hl7.org/fhir/uv/v2mappings/StructureDefinition/TypeInfo",
              "extension": [
                {
                  "url": "type",
                  "valueCode": "ID"
                },
                {
                  "url": "cardinalityMin",
                  "valueInteger": 0
                },
                {
                  "url": "cardinalityMax",
                  "valueInteger": 1
                }
              ]
            }
          ],
          "display": "Name of Coding System",
          "target": [
            {
              "equivalence": "equivalent",
              "code": "definition(DeviceDefinition.identifier[1].system)",
              "extension": [
                {
                  "url": "http://hl7.org/fhir/uv/v2mappings/StructureDefinition/TypeInfo",
                  "extension": [
                    {
                      "url": "assignment",
                      "valueString": "/map HL7 code system to appropriate url/"
                    }
                  ]
                }
              ],
              "display": "definition(DeviceDefinition.identifier[1].system)",
              "dependsOn": [
                {
                  "property": "Narrative-Condition",
                  "value": "If kind identifier"
                }
              ]
            }
          ]
        },
        {
          "code": "CWE.4",
          "extension": [
            {
              "url": "http://hl7.org/fhir/uv/v2mappings/StructureDefinition/TypeInfo",
              "extension": [
                {
                  "url": "type",
                  "valueCode": "ST"
                },
                {
                  "url": "cardinalityMin",
                  "valueInteger": 0
                },
                {
                  "url": "cardinalityMax",
                  "valueInteger": 1
                }
              ]
            }
          ],
          "display": "Alternate Identifier",
          "target": [
            {
              "equivalence": "equivalent",
              "code": "identifier[2].value",
              "display": "identifier[2].value",
              "dependsOn": [
                {
                  "property": "Narrative-Condition",
                  "value": "If instance identifier"
                }
              ]
            }
          ]
        },
        {
          "code": "CWE.4",
          "extension": [
            {
              "url": "http://hl7.org/fhir/uv/v2mappings/StructureDefinition/TypeInfo",
              "extension": [
                {
                  "url": "type",
                  "valueCode": "ST"
                },
                {
                  "url": "cardinalityMin",
                  "valueInteger": 0
                },
                {
                  "url": "cardinalityMax",
                  "valueInteger": 1
                }
              ]
            }
          ],
          "display": "Alternate Identifier",
          "target": [
            {
              "equivalence": "equivalent",
              "code": "definition(DeviceDefinition.identifier[2].value)",
              "display": "definition(DeviceDefinition.identifier[2].value)",
              "dependsOn": [
                {
                  "property": "Narrative-Condition",
                  "value": "If kind identifier"
                }
              ]
            }
          ]
        },
        {
          "code": "CWE.5",
          "extension": [
            {
              "url": "http://hl7.org/fhir/uv/v2mappings/StructureDefinition/TypeInfo",
              "extension": [
                {
                  "url": "type",
                  "valueCode": "ST"
                },
                {
                  "url": "cardinalityMin",
                  "valueInteger": 0
                },
                {
                  "url": "cardinalityMax",
                  "valueInteger": 1
                }
              ]
            }
          ],
          "display": "Alternate Text",
          "target": [
            {
              "equivalence": "equivalent",
              "code": "deviceName[2].name",
              "display": "deviceName[2].name"
            }
          ]
        },
        {
          "code": "CWE.5",
          "extension": [
            {
              "url": "http://hl7.org/fhir/uv/v2mappings/StructureDefinition/TypeInfo",
              "extension": [
                {
                  "url": "type",
                  "valueCode": "ST"
                },
                {
                  "url": "cardinalityMin",
                  "valueInteger": 0
                },
                {
                  "url": "cardinalityMax",
                  "valueInteger": 1
                }
              ]
            }
          ],
          "display": "Alternate Text",
          "target": [
            {
              "equivalence": "equivalent",
              "code": "deviceName[2].type",
              "extension": [
                {
                  "url": "http://hl7.org/fhir/uv/v2mappings/StructureDefinition/TypeInfo",
                  "extension": [
                    {
                      "url": "assignment",
                      "valueString": "/select most appropriate value for actual use/"
                    }
                  ]
                }
              ],
              "display": "deviceName[2].type"
            }
          ]
        },
        {
          "code": "CWE.6",
          "extension": [
            {
              "url": "http://hl7.org/fhir/uv/v2mappings/StructureDefinition/TypeInfo",
              "extension": [
                {
                  "url": "type",
                  "valueCode": "ID"
                },
                {
                  "url": "cardinalityMin",
                  "valueInteger": 0
                },
                {
                  "url": "cardinalityMax",
                  "valueInteger": 1
                }
              ]
            }
          ],
          "display": "Name of Alternate Coding System",
          "target": [
            {
              "equivalence": "equivalent",
              "code": "identifier[2].system",
              "extension": [
                {
                  "url": "http://hl7.org/fhir/uv/v2mappings/StructureDefinition/TypeInfo",
                  "extension": [
                    {
                      "url": "assignment",
                      "valueString": "/map HL7 code system to appropriate url/"
                    }
                  ]
                }
              ],
              "display": "identifier[2].system",
              "dependsOn": [
                {
                  "property": "Narrative-Condition",
                  "value": "If instance identifier"
                }
              ]
            }
          ]
        },
        {
          "code": "CWE.6",
          "extension": [
            {
              "url": "http://hl7.org/fhir/uv/v2mappings/StructureDefinition/TypeInfo",
              "extension": [
                {
                  "url": "type",
                  "valueCode": "ID"
                },
                {
                  "url": "cardinalityMin",
                  "valueInteger": 0
                },
                {
                  "url": "cardinalityMax",
                  "valueInteger": 1
                }
              ]
            }
          ],
          "display": "Name of Alternate Coding System",
          "target": [
            {
              "equivalence": "equivalent",
              "code": "definition(DeviceDefinition.identifier[2].system)",
              "extension": [
                {
                  "url": "http://hl7.org/fhir/uv/v2mappings/StructureDefinition/TypeInfo",
                  "extension": [
                    {
                      "url": "assignment",
                      "valueString": "/map HL7 code system to appropriate url/"
                    }
                  ]
                }
              ],
              "display": "definition(DeviceDefinition.identifier[2].system)",
              "dependsOn": [
                {
                  "property": "Narrative-Condition",
                  "value": "If kind identifier"
                }
              ]
            }
          ]
        },
        {
          "code": "CWE.9",
          "extension": [
            {
              "url": "http://hl7.org/fhir/uv/v2mappings/StructureDefinition/TypeInfo",
              "extension": [
                {
                  "url": "type",
                  "valueCode": "ST"
                },
                {
                  "url": "cardinalityMin",
                  "valueInteger": 0
                },
                {
                  "url": "cardinalityMax",
                  "valueInteger": 1
                }
              ]
            }
          ],
          "display": "Original Text",
          "target": [
            {
              "equivalence": "equivalent",
              "code": "deviceName[4].name",
              "display": "deviceName[4].name"
            }
          ]
        },
        {
          "code": "CWE.9",
          "extension": [
            {
              "url": "http://hl7.org/fhir/uv/v2mappings/StructureDefinition/TypeInfo",
              "extension": [
                {
                  "url": "type",
                  "valueCode": "ST"
                },
                {
                  "url": "cardinalityMin",
                  "valueInteger": 0
                },
                {
                  "url": "cardinalityMax",
                  "valueInteger": 1
                }
              ]
            }
          ],
          "display": "Original Text",
          "target": [
            {
              "equivalence": "equivalent",
              "code": "deviceName[4].type",
              "extension": [
                {
                  "url": "http://hl7.org/fhir/uv/v2mappings/StructureDefinition/TypeInfo",
                  "extension": [
                    {
                      "url": "assignment",
                      "valueString": "/select most appropriate value for actual use/"
                    }
                  ]
                }
              ],
              "display": "deviceName[4].type"
            }
          ]
        },
        {
          "code": "CWE.10",
          "extension": [
            {
              "url": "http://hl7.org/fhir/uv/v2mappings/StructureDefinition/TypeInfo",
              "extension": [
                {
                  "url": "type",
                  "valueCode": "ST"
                },
                {
                  "url": "cardinalityMin",
                  "valueInteger": 0
                },
                {
                  "url": "cardinalityMax",
                  "valueInteger": 1
                }
              ]
            }
          ],
          "display": "Second Alternate Identifier",
          "target": [
            {
              "equivalence": "equivalent",
              "code": "identifier[3].value",
              "display": "identifier[3].value",
              "dependsOn": [
                {
                  "property": "Narrative-Condition",
                  "value": "If instance identifier"
                }
              ]
            }
          ]
        },
        {
          "code": "CWE.10",
          "extension": [
            {
              "url": "http://hl7.org/fhir/uv/v2mappings/StructureDefinition/TypeInfo",
              "extension": [
                {
                  "url": "type",
                  "valueCode": "ST"
                },
                {
                  "url": "cardinalityMin",
                  "valueInteger": 0
                },
                {
                  "url": "cardinalityMax",
                  "valueInteger": 1
                }
              ]
            }
          ],
          "display": "Second Alternate Identifier",
          "target": [
            {
              "equivalence": "equivalent",
              "code": "definition(DeviceDefinition.identifier[3].value)",
              "display": "definition(DeviceDefinition.identifier[3].value)",
              "dependsOn": [
                {
                  "property": "Narrative-Condition",
                  "value": "If kind identifier"
                }
              ]
            }
          ]
        },
        {
          "code": "CWE.11",
          "extension": [
            {
              "url": "http://hl7.org/fhir/uv/v2mappings/StructureDefinition/TypeInfo",
              "extension": [
                {
                  "url": "type",
                  "valueCode": "ST"
                },
                {
                  "url": "cardinalityMin",
                  "valueInteger": 0
                },
                {
                  "url": "cardinalityMax",
                  "valueInteger": 1
                }
              ]
            }
          ],
          "display": "Second Alternate Text",
          "target": [
            {
              "equivalence": "equivalent",
              "code": "deviceName[3].name",
              "display": "deviceName[3].name"
            }
          ]
        },
        {
          "code": "CWE.11",
          "extension": [
            {
              "url": "http://hl7.org/fhir/uv/v2mappings/StructureDefinition/TypeInfo",
              "extension": [
                {
                  "url": "type",
                  "valueCode": "ST"
                },
                {
                  "url": "cardinalityMin",
                  "valueInteger": 0
                },
                {
                  "url": "cardinalityMax",
                  "valueInteger": 1
                }
              ]
            }
          ],
          "display": "Second Alternate Text",
          "target": [
            {
              "equivalence": "equivalent",
              "code": "deviceName[3].type",
              "extension": [
                {
                  "url": "http://hl7.org/fhir/uv/v2mappings/StructureDefinition/TypeInfo",
                  "extension": [
                    {
                      "url": "assignment",
                      "valueString": "/select most appropriate value for actual use/"
                    }
                  ]
                }
              ],
              "display": "deviceName[3].type"
            }
          ]
        },
        {
          "code": "CWE.12",
          "extension": [
            {
              "url": "http://hl7.org/fhir/uv/v2mappings/StructureDefinition/TypeInfo",
              "extension": [
                {
                  "url": "type",
                  "valueCode": "ID"
                },
                {
                  "url": "cardinalityMin",
                  "valueInteger": 0
                },
                {
                  "url": "cardinalityMax",
                  "valueInteger": 1
                }
              ]
            }
          ],
          "display": "Name of Second Alternate Coding System",
          "target": [
            {
              "equivalence": "equivalent",
              "code": "identifier[3].system",
              "extension": [
                {
                  "url": "http://hl7.org/fhir/uv/v2mappings/StructureDefinition/TypeInfo",
                  "extension": [
                    {
                      "url": "assignment",
                      "valueString": "/map HL7 code system to appropriate url/"
                    }
                  ]
                }
              ],
              "display": "identifier[3].system",
              "dependsOn": [
                {
                  "property": "Narrative-Condition",
                  "value": "If instance identifier"
                }
              ]
            }
          ]
        },
        {
          "code": "CWE.12",
          "extension": [
            {
              "url": "http://hl7.org/fhir/uv/v2mappings/StructureDefinition/TypeInfo",
              "extension": [
                {
                  "url": "type",
                  "valueCode": "ID"
                },
                {
                  "url": "cardinalityMin",
                  "valueInteger": 0
                },
                {
                  "url": "cardinalityMax",
                  "valueInteger": 1
                }
              ]
            }
          ],
          "display": "Name of Second Alternate Coding System",
          "target": [
            {
              "equivalence": "equivalent",
              "code": "definition(DeviceDefinition.identifier[3].system)",
              "extension": [
                {
                  "url": "http://hl7.org/fhir/uv/v2mappings/StructureDefinition/TypeInfo",
                  "extension": [
                    {
                      "url": "assignment",
                      "valueString": "/map HL7 code system to appropriate url/"
                    }
                  ]
                }
              ],
              "display": "definition(DeviceDefinition.identifier[3].system)",
              "dependsOn": [
                {
                  "property": "Narrative-Condition",
                  "value": "If kind identifier"
                }
              ]
            }
          ]
        }
      ]
    }
  ]
}
