{
  "resourceType": "ConceptMap",
  "id": "segment-rxr-to-medicationrequest",
  "url": "http://hl7.org/fhir/uv/v2mappings/ConceptMap/segment-rxr-to-medicationrequest",
  "title": "Segment RXR to MedicationRequest Map",
  "description": "This ConceptMap represents a mapping from the HL7 V2 Segment RXR to the FHIR MedicationRequest Resource.",
  "name": "SegmentRXRToMedicationRequest",
  "version": "1.0",
  "status": "active",
  "experimental": true,
  "publisher": "HL7 International, Inc",
  "contact": [
    {
      "telecom": [
        {
          "system": "email",
          "value": "v2-to-fhir@lists.hl7.org"
        }
      ]
    }
  ],
  "date": "2025-08-23",
  "copyright": "Copyright (c) 2025, HL7 International, Inc., All Rights Reserved.",
  "extension": [
    {
      "url": "http://hl7.org/fhir/uv/v2mappings/StructureDefinition/RelatedArtifact",
      "extension": [
        {
          "url": "type",
          "valueCode": "derived-from"
        },
        {
          "url": "label",
          "valueString": "Segment RXR to MedicationRequest.fsh"
        },
        {
          "url": "url",
          "valueUri": "https://docs.google.com/spreadsheets/d/1WEXn8hEZ9ul6R2Ip-3YTh5Z4RTAN5kSDG9f_HOfL1UY/edit#gid=0"
        }
      ]
    }
  ],
  "group": [
    {
      "element": [
        {
          "code": "RXR-1",
          "extension": [
            {
              "url": "http://hl7.org/fhir/uv/v2mappings/StructureDefinition/TypeInfo",
              "extension": [
                {
                  "url": "type",
                  "valueCode": "CWE"
                },
                {
                  "url": "cardinalityMin",
                  "valueInteger": 1
                },
                {
                  "url": "cardinalityMax",
                  "valueInteger": 1
                }
              ]
            }
          ],
          "display": "Route",
          "target": [
            {
              "equivalence": "equivalent",
              "code": "dosageInstruction.route",
              "extension": [
                {
                  "url": "http://hl7.org/fhir/uv/v2mappings/StructureDefinition/TypeInfo",
                  "extension": [
                    {
                      "url": "type",
                      "valueCode": "code"
                    },
                    {
                      "url": "cardinalityMin",
                      "valueInteger": 0
                    },
                    {
                      "url": "cardinalityMax",
                      "valueInteger": 1
                    },
                    {
                      "url": "mappedVia",
                      "valueUrl": "ConceptMap/table-hl70162-to-v2-0162"
                    }
                  ]
                }
              ],
              "display": "dosageInstruction.route"
            }
          ]
        },
        {
          "code": "RXR-2",
          "extension": [
            {
              "url": "http://hl7.org/fhir/uv/v2mappings/StructureDefinition/TypeInfo",
              "extension": [
                {
                  "url": "type",
                  "valueCode": "CWE"
                },
                {
                  "url": "cardinalityMin",
                  "valueInteger": 1
                },
                {
                  "url": "cardinalityMax",
                  "valueInteger": 1
                }
              ]
            }
          ],
          "display": "Administration Site",
          "target": [
            {
              "equivalence": "equivalent",
              "code": "dosageInstruction.site",
              "extension": [
                {
                  "url": "http://hl7.org/fhir/uv/v2mappings/StructureDefinition/TypeInfo",
                  "extension": [
                    {
                      "url": "type",
                      "valueCode": "code"
                    },
                    {
                      "url": "cardinalityMin",
                      "valueInteger": 0
                    },
                    {
                      "url": "cardinalityMax",
                      "valueInteger": 1
                    },
                    {
                      "url": "mappedVia",
                      "valueUrl": "ConceptMap/table-hl70550-to-v2-0550"
                    }
                  ]
                }
              ],
              "display": "dosageInstruction.site"
            }
          ]
        },
        {
          "code": "RXR-4",
          "extension": [
            {
              "url": "http://hl7.org/fhir/uv/v2mappings/StructureDefinition/TypeInfo",
              "extension": [
                {
                  "url": "type",
                  "valueCode": "CWE"
                },
                {
                  "url": "cardinalityMin",
                  "valueInteger": 1
                },
                {
                  "url": "cardinalityMax",
                  "valueInteger": 1
                }
              ]
            }
          ],
          "display": "Administration Method",
          "target": [
            {
              "equivalence": "equivalent",
              "code": "dosageInstruction.method",
              "extension": [
                {
                  "url": "http://hl7.org/fhir/uv/v2mappings/StructureDefinition/TypeInfo",
                  "extension": [
                    {
                      "url": "type",
                      "valueCode": "CodeableConcept"
                    },
                    {
                      "url": "cardinalityMin",
                      "valueInteger": 0
                    },
                    {
                      "url": "cardinalityMax",
                      "valueInteger": 1
                    },
                    {
                      "url": "mappedVia",
                      "valueUrl": "ConceptMap/table-hl70165-to-sct"
                    }
                  ]
                }
              ],
              "display": "dosageInstruction.method"
            }
          ]
        },
        {
          "code": "RXR-5",
          "extension": [
            {
              "url": "http://hl7.org/fhir/uv/v2mappings/StructureDefinition/TypeInfo",
              "extension": [
                {
                  "url": "type",
                  "valueCode": "CWE"
                },
                {
                  "url": "cardinalityMin",
                  "valueInteger": 1
                },
                {
                  "url": "cardinalityMax",
                  "valueInteger": 1
                }
              ]
            }
          ],
          "display": "Routing Instruction",
          "target": [
            {
              "equivalence": "equivalent",
              "code": "dosageInstruction.additionalInstruction",
              "extension": [
                {
                  "url": "http://hl7.org/fhir/uv/v2mappings/StructureDefinition/TypeInfo",
                  "extension": [
                    {
                      "url": "type",
                      "valueCode": "CodeableConcept"
                    },
                    {
                      "url": "cardinalityMin",
                      "valueInteger": 0
                    },
                    {
                      "url": "cardinalityMax",
                      "valueInteger": -1
                    },
                    {
                      "url": "mappedVia",
                      "valueUrl": "unspecified_mapping"
                    }
                  ]
                }
              ],
              "display": "dosageInstruction.additionalInstruction"
            }
          ]
        }
      ]
    }
  ]
}
