{
  "resourceType": "ConceptMap",
  "id": "segment-aig-to-appointment",
  "url": "http://hl7.org/fhir/uv/v2mappings/ConceptMap/segment-aig-to-appointment",
  "title": "Segment AIG to Appointment Map",
  "description": "This ConceptMap represents a mapping from the HL7 V2 Segment AIG to the FHIR Appointment Resource.",
  "name": "SegmentAIGToAppointment",
  "version": "1.0",
  "status": "active",
  "experimental": true,
  "publisher": "HL7 International, Inc",
  "contact": [
    {
      "telecom": [
        {
          "system": "email",
          "value": "v2-to-fhir@lists.hl7.org"
        }
      ]
    }
  ],
  "date": "2025-08-23",
  "copyright": "Copyright (c) 2025, HL7 International, Inc., All Rights Reserved.",
  "extension": [
    {
      "url": "http://hl7.org/fhir/uv/v2mappings/StructureDefinition/RelatedArtifact",
      "extension": [
        {
          "url": "type",
          "valueCode": "derived-from"
        },
        {
          "url": "label",
          "valueString": "Segment AIG to Appointment.fsh"
        },
        {
          "url": "url",
          "valueUri": "https://docs.google.com/spreadsheets/d/1uJX48rZptCjY68MjnSD_bTmJfhNoWYGn2rbDJCoutpw/edit#gid=0"
        }
      ]
    }
  ],
  "group": [
    {
      "element": [
        {
          "code": "AIG-3",
          "extension": [
            {
              "url": "http://hl7.org/fhir/uv/v2mappings/StructureDefinition/TypeInfo",
              "extension": [
                {
                  "url": "type",
                  "valueCode": "CWE"
                },
                {
                  "url": "cardinalityMin",
                  "valueInteger": 1
                },
                {
                  "url": "cardinalityMax",
                  "valueInteger": 1
                }
              ]
            }
          ],
          "display": "Resource ID",
          "target": [
            {
              "equivalence": "equivalent",
              "code": "participant.actor(Location.identifier)",
              "extension": [
                {
                  "url": "http://hl7.org/fhir/uv/v2mappings/StructureDefinition/TypeInfo",
                  "extension": [
                    {
                      "url": "type",
                      "valueCode": "identifier"
                    },
                    {
                      "url": "cardinalityMin",
                      "valueInteger": 0
                    },
                    {
                      "url": "cardinalityMax",
                      "valueInteger": 1
                    }
                  ]
                }
              ],
              "display": "participant.actor(Location.identifier)",
              "dependsOn": [
                {
                  "property": "Narrative-Condition",
                  "value": "If AIG-4 reflects a location"
                }
              ]
            }
          ]
        },
        {
          "code": "AIG-4",
          "extension": [
            {
              "url": "http://hl7.org/fhir/uv/v2mappings/StructureDefinition/TypeInfo",
              "extension": [
                {
                  "url": "type",
                  "valueCode": "CWE"
                },
                {
                  "url": "cardinalityMin",
                  "valueInteger": 1
                },
                {
                  "url": "cardinalityMax",
                  "valueInteger": 1
                }
              ]
            }
          ],
          "display": "Resource Type",
          "target": [
            {
              "equivalence": "equivalent",
              "code": "participant.type",
              "extension": [
                {
                  "url": "http://hl7.org/fhir/uv/v2mappings/StructureDefinition/TypeInfo",
                  "extension": [
                    {
                      "url": "type",
                      "valueCode": "CodeableConcept"
                    },
                    {
                      "url": "cardinalityMin",
                      "valueInteger": 0
                    },
                    {
                      "url": "cardinalityMax",
                      "valueInteger": -1
                    }
                  ]
                }
              ],
              "display": "participant.type"
            }
          ]
        },
        {
          "code": "AIG-8",
          "extension": [
            {
              "url": "http://hl7.org/fhir/uv/v2mappings/StructureDefinition/TypeInfo",
              "extension": [
                {
                  "url": "type",
                  "valueCode": "DTM"
                },
                {
                  "url": "cardinalityMin",
                  "valueInteger": 1
                },
                {
                  "url": "cardinalityMax",
                  "valueInteger": 1
                }
              ]
            }
          ],
          "display": "Start Date/Time",
          "target": [
            {
              "equivalence": "equivalent",
              "code": "participant.period.start",
              "display": "participant.period.start"
            }
          ]
        },
        {
          "code": "AIG-9",
          "extension": [
            {
              "url": "http://hl7.org/fhir/uv/v2mappings/StructureDefinition/TypeInfo",
              "extension": [
                {
                  "url": "type",
                  "valueCode": "NM"
                },
                {
                  "url": "cardinalityMin",
                  "valueInteger": 1
                },
                {
                  "url": "cardinalityMax",
                  "valueInteger": 1
                }
              ]
            }
          ],
          "display": "Start Date/Time Offset",
          "target": [
            {
              "equivalence": "equivalent",
              "code": "participant.period.start",
              "extension": [
                {
                  "url": "http://hl7.org/fhir/uv/v2mappings/StructureDefinition/TypeInfo",
                  "extension": [
                    {
                      "url": "assignment",
                      "valueString": "/.start + AIG-9 according to AIG-10 units/"
                    }
                  ]
                }
              ],
              "display": "participant.period.start",
              "dependsOn": [
                {
                  "property": "Computable-ANTLR",
                  "value": "IF AIG-8 NOT VALUED"
                }
              ]
            }
          ]
        },
        {
          "code": "AIG-11",
          "extension": [
            {
              "url": "http://hl7.org/fhir/uv/v2mappings/StructureDefinition/TypeInfo",
              "extension": [
                {
                  "url": "type",
                  "valueCode": "NM"
                },
                {
                  "url": "cardinalityMin",
                  "valueInteger": 1
                },
                {
                  "url": "cardinalityMax",
                  "valueInteger": 1
                }
              ]
            }
          ],
          "display": "Duration",
          "target": [
            {
              "equivalence": "equivalent",
              "code": "participant.period.end",
              "extension": [
                {
                  "url": "http://hl7.org/fhir/uv/v2mappings/StructureDefinition/TypeInfo",
                  "extension": [
                    {
                      "url": "assignment",
                      "valueString": "Appointment.participant.period.start + AIG-11"
                    }
                  ]
                }
              ],
              "display": "participant.period.end",
              "dependsOn": [
                {
                  "property": "Computable-ANTLR",
                  "value": "IF AIG-8 IS VALUED"
                }
              ]
            }
          ]
        }
      ]
    }
  ]
}
