{
  "resourceType": "ConceptMap",
  "id": "datatype-cwe-supportinginfo-to-observation",
  "url": "http://hl7.org/fhir/uv/v2mappings/ConceptMap/datatype-cwe-supportinginfo-to-observation",
  "title": "Datatype CWE [SupportingInfo] to Observation Map",
  "description": "This ConceptMap represents a mapping from the HL7 V2 Datatype CWE to the FHIR Observation Resource.",
  "name": "DatatypeCWESupportingInfoToObservation",
  "version": "1.0",
  "status": "active",
  "experimental": true,
  "publisher": "HL7 International, Inc",
  "contact": [
    {
      "telecom": [
        {
          "system": "email",
          "value": "v2-to-fhir@lists.hl7.org"
        }
      ]
    }
  ],
  "date": "2025-08-23",
  "copyright": "Copyright (c) 2025, HL7 International, Inc., All Rights Reserved.",
  "extension": [
    {
      "url": "http://hl7.org/fhir/uv/v2mappings/StructureDefinition/RelatedArtifact",
      "extension": [
        {
          "url": "type",
          "valueCode": "derived-from"
        },
        {
          "url": "label",
          "valueString": "Datatype CWE[SupportingInfo] to Observation.fsh"
        },
        {
          "url": "url",
          "valueUri": "https://docs.google.com/spreadsheets/d/1vSwxT_mkiwYr4ueODQhxrOM7Q79Y14SXcF3oHejKmE4/edit#gid=0"
        }
      ]
    }
  ],
  "group": [
    {
      "element": [
        {
          "code": "CWE",
          "target": [
            {
              "equivalence": "equivalent",
              "code": "code",
              "extension": [
                {
                  "url": "http://hl7.org/fhir/uv/v2mappings/StructureDefinition/TypeInfo",
                  "extension": [
                    {
                      "url": "type",
                      "valueCode": "CodeableConcept"
                    },
                    {
                      "url": "cardinalityMin",
                      "valueInteger": 1
                    },
                    {
                      "url": "cardinalityMax",
                      "valueInteger": 1
                    },
                    {
                      "url": "assignment",
                      "valueString": "/to be determined by implementer based on use of OBR-13/"
                    }
                  ]
                }
              ],
              "display": "code"
            }
          ]
        },
        {
          "code": "CWE",
          "target": [
            {
              "equivalence": "equivalent",
              "code": "status",
              "extension": [
                {
                  "url": "http://hl7.org/fhir/uv/v2mappings/StructureDefinition/TypeInfo",
                  "extension": [
                    {
                      "url": "type",
                      "valueCode": "code"
                    },
                    {
                      "url": "cardinalityMin",
                      "valueInteger": 1
                    },
                    {
                      "url": "cardinalityMax",
                      "valueInteger": 1
                    },
                    {
                      "url": "assignment",
                      "valueString": "\"final\""
                    }
                  ]
                }
              ],
              "display": "status"
            }
          ]
        },
        {
          "code": "CWE.1",
          "extension": [
            {
              "url": "http://hl7.org/fhir/uv/v2mappings/StructureDefinition/TypeInfo",
              "extension": [
                {
                  "url": "type",
                  "valueCode": "ST"
                },
                {
                  "url": "cardinalityMin",
                  "valueInteger": 0
                },
                {
                  "url": "cardinalityMax",
                  "valueInteger": 1
                }
              ]
            }
          ],
          "display": "Identifier",
          "target": [
            {
              "equivalence": "equivalent",
              "code": "value.CodeableConcept.coding[1].code",
              "extension": [
                {
                  "url": "http://hl7.org/fhir/uv/v2mappings/StructureDefinition/TypeInfo",
                  "extension": [
                    {
                      "url": "type",
                      "valueCode": "code"
                    }
                  ]
                }
              ],
              "display": "value.CodeableConcept.coding[1].code"
            }
          ]
        },
        {
          "code": "CWE.2",
          "extension": [
            {
              "url": "http://hl7.org/fhir/uv/v2mappings/StructureDefinition/TypeInfo",
              "extension": [
                {
                  "url": "type",
                  "valueCode": "ST"
                },
                {
                  "url": "cardinalityMin",
                  "valueInteger": 0
                },
                {
                  "url": "cardinalityMax",
                  "valueInteger": 1
                }
              ]
            }
          ],
          "display": "Text",
          "target": [
            {
              "equivalence": "equivalent",
              "code": "value.CodeableConcept.coding[1].display",
              "extension": [
                {
                  "url": "http://hl7.org/fhir/uv/v2mappings/StructureDefinition/TypeInfo",
                  "extension": [
                    {
                      "url": "type",
                      "valueCode": "string"
                    }
                  ]
                }
              ],
              "display": "value.CodeableConcept.coding[1].display"
            }
          ]
        },
        {
          "code": "CWE.3",
          "extension": [
            {
              "url": "http://hl7.org/fhir/uv/v2mappings/StructureDefinition/TypeInfo",
              "extension": [
                {
                  "url": "type",
                  "valueCode": "ID"
                },
                {
                  "url": "cardinalityMin",
                  "valueInteger": 0
                },
                {
                  "url": "cardinalityMax",
                  "valueInteger": 1
                }
              ]
            }
          ],
          "display": "Name of Coding System",
          "target": [
            {
              "equivalence": "equivalent",
              "code": "value.CodeableConcept.coding[1].system",
              "extension": [
                {
                  "url": "http://hl7.org/fhir/uv/v2mappings/StructureDefinition/TypeInfo",
                  "extension": [
                    {
                      "url": "type",
                      "valueCode": "uri"
                    }
                  ]
                }
              ],
              "display": "value.CodeableConcept.coding[1].system"
            }
          ]
        },
        {
          "code": "CWE.4",
          "extension": [
            {
              "url": "http://hl7.org/fhir/uv/v2mappings/StructureDefinition/TypeInfo",
              "extension": [
                {
                  "url": "type",
                  "valueCode": "ST"
                },
                {
                  "url": "cardinalityMin",
                  "valueInteger": 0
                },
                {
                  "url": "cardinalityMax",
                  "valueInteger": 1
                }
              ]
            }
          ],
          "display": "Alternate Identifier",
          "target": [
            {
              "equivalence": "equivalent",
              "code": "value.CodeableConcept.coding[2].code",
              "extension": [
                {
                  "url": "http://hl7.org/fhir/uv/v2mappings/StructureDefinition/TypeInfo",
                  "extension": [
                    {
                      "url": "type",
                      "valueCode": "code"
                    }
                  ]
                }
              ],
              "display": "value.CodeableConcept.coding[2].code"
            }
          ]
        },
        {
          "code": "CWE.5",
          "extension": [
            {
              "url": "http://hl7.org/fhir/uv/v2mappings/StructureDefinition/TypeInfo",
              "extension": [
                {
                  "url": "type",
                  "valueCode": "ST"
                },
                {
                  "url": "cardinalityMin",
                  "valueInteger": 0
                },
                {
                  "url": "cardinalityMax",
                  "valueInteger": 1
                }
              ]
            }
          ],
          "display": "Alternate Text",
          "target": [
            {
              "equivalence": "equivalent",
              "code": "value.CodeableConcept.coding[2].display",
              "extension": [
                {
                  "url": "http://hl7.org/fhir/uv/v2mappings/StructureDefinition/TypeInfo",
                  "extension": [
                    {
                      "url": "type",
                      "valueCode": "string"
                    }
                  ]
                }
              ],
              "display": "value.CodeableConcept.coding[2].display"
            }
          ]
        },
        {
          "code": "CWE.6",
          "extension": [
            {
              "url": "http://hl7.org/fhir/uv/v2mappings/StructureDefinition/TypeInfo",
              "extension": [
                {
                  "url": "type",
                  "valueCode": "ID"
                },
                {
                  "url": "cardinalityMin",
                  "valueInteger": 0
                },
                {
                  "url": "cardinalityMax",
                  "valueInteger": 1
                }
              ]
            }
          ],
          "display": "Name of Alternate Coding System",
          "target": [
            {
              "equivalence": "equivalent",
              "code": "value.CodeableConcept.coding[2].system",
              "extension": [
                {
                  "url": "http://hl7.org/fhir/uv/v2mappings/StructureDefinition/TypeInfo",
                  "extension": [
                    {
                      "url": "type",
                      "valueCode": "uri"
                    }
                  ]
                }
              ],
              "display": "value.CodeableConcept.coding[2].system"
            }
          ]
        },
        {
          "code": "CWE.10",
          "extension": [
            {
              "url": "http://hl7.org/fhir/uv/v2mappings/StructureDefinition/TypeInfo",
              "extension": [
                {
                  "url": "type",
                  "valueCode": "ST"
                },
                {
                  "url": "cardinalityMin",
                  "valueInteger": 0
                },
                {
                  "url": "cardinalityMax",
                  "valueInteger": 1
                }
              ]
            }
          ],
          "display": "Second Alternate Identifier",
          "target": [
            {
              "equivalence": "equivalent",
              "code": "value.CodeableConcept.coding[3].code",
              "extension": [
                {
                  "url": "http://hl7.org/fhir/uv/v2mappings/StructureDefinition/TypeInfo",
                  "extension": [
                    {
                      "url": "type",
                      "valueCode": "code"
                    }
                  ]
                }
              ],
              "display": "value.CodeableConcept.coding[3].code"
            }
          ]
        },
        {
          "code": "CWE.11",
          "extension": [
            {
              "url": "http://hl7.org/fhir/uv/v2mappings/StructureDefinition/TypeInfo",
              "extension": [
                {
                  "url": "type",
                  "valueCode": "ST"
                },
                {
                  "url": "cardinalityMin",
                  "valueInteger": 0
                },
                {
                  "url": "cardinalityMax",
                  "valueInteger": 1
                }
              ]
            }
          ],
          "display": "Second Alternate Text",
          "target": [
            {
              "equivalence": "equivalent",
              "code": "value.CodeableConcept.coding[3].display",
              "extension": [
                {
                  "url": "http://hl7.org/fhir/uv/v2mappings/StructureDefinition/TypeInfo",
                  "extension": [
                    {
                      "url": "type",
                      "valueCode": "string"
                    }
                  ]
                }
              ],
              "display": "value.CodeableConcept.coding[3].display"
            }
          ]
        },
        {
          "code": "CWE.13",
          "extension": [
            {
              "url": "http://hl7.org/fhir/uv/v2mappings/StructureDefinition/TypeInfo",
              "extension": [
                {
                  "url": "type",
                  "valueCode": "ST"
                },
                {
                  "url": "cardinalityMin",
                  "valueInteger": 0
                },
                {
                  "url": "cardinalityMax",
                  "valueInteger": 1
                }
              ]
            }
          ],
          "display": "Second Alternate Coding System Version ID",
          "target": [
            {
              "equivalence": "equivalent",
              "code": "value.CodeableConcept.coding[3].system",
              "extension": [
                {
                  "url": "http://hl7.org/fhir/uv/v2mappings/StructureDefinition/TypeInfo",
                  "extension": [
                    {
                      "url": "type",
                      "valueCode": "uri"
                    }
                  ]
                }
              ],
              "display": "value.CodeableConcept.coding[3].system"
            }
          ]
        }
      ]
    }
  ]
}
