{
  "resourceType": "ConceptMap",
  "id": "table-hl70052-to-diagnosis-role",
  "url": "http://hl7.org/fhir/uv/v2mappings/ConceptMap/table-hl70052-to-diagnosis-role",
  "title": "Table HL70052 to Diagnosis Role Map",
  "description": "This ConceptMap represents a mapping from the HL7 V2 Table HL70052 to the FHIR Diagnosis Role Value Set.",
  "name": "TableHL70052ToDiagnosisRole",
  "sourceUri": "http://terminology.hl7.org/ValueSet/v2-0052",
  "version": "1.0",
  "status": "active",
  "experimental": true,
  "publisher": "HL7 International, Inc",
  "contact": [
    {
      "telecom": [
        {
          "system": "email",
          "value": "v2-to-fhir@lists.hl7.org"
        }
      ]
    }
  ],
  "date": "2025-08-23",
  "copyright": "Copyright (c) 2025, HL7 International, Inc., All Rights Reserved.",
  "extension": [
    {
      "url": "http://hl7.org/fhir/uv/v2mappings/StructureDefinition/RelatedArtifact",
      "extension": [
        {
          "url": "type",
          "valueCode": "derived-from"
        },
        {
          "url": "label",
          "valueString": "Table HL70052 to Diagnosis Role.fsh"
        },
        {
          "url": "url",
          "valueUri": "https://docs.google.com/spreadsheets/d/1MWVgzweS_o7Hy9ftUGElhuobSdxsZ0vb2O8hKzh-RDU/edit#gid=0"
        }
      ]
    }
  ],
  "group": [
    {
      "source": "http://terminology.hl7.org/CodeSystem/v2-0052",
      "target": "http://terminology.hl7.org/CodeSystem/diagnosis-role",
      "element": [
        {
          "code": "A",
          "display": "Admitting",
          "target": [
            {
              "equivalence": "equivalent",
              "code": "AD",
              "display": "Admission Diagnosis"
            }
          ]
        }
      ]
    },
    {
      "source": "http://terminology.hl7.org/CodeSystem/v2-0052",
      "element": [
        {
          "code": "W",
          "display": "Working",
          "target": [
            {
              "equivalence": "unmatched"
            }
          ]
        },
        {
          "code": "F",
          "display": "Final",
          "target": [
            {
              "equivalence": "unmatched"
            }
          ]
        }
      ]
    }
  ]
}
