{
  "resourceType": "ConceptMap",
  "id": "table-hl70490-to-v2-0490",
  "url": "http://hl7.org/fhir/uv/v2mappings/ConceptMap/table-hl70490-to-v2-0490",
  "title": "Table HL70490 to V2 0490 Map",
  "description": "This ConceptMap represents a mapping from the HL7 V2 Table HL70490 to the FHIR V2 0490 Value Set.",
  "name": "TableHL70490ToV20490",
  "sourceUri": "http://terminology.hl7.org/ValueSet/v2-0490",
  "targetUri": "http://terminology.hl7.org/ValueSet/v2-0490",
  "version": "1.0",
  "status": "active",
  "experimental": true,
  "publisher": "HL7 International, Inc",
  "contact": [
    {
      "telecom": [
        {
          "system": "email",
          "value": "v2-to-fhir@lists.hl7.org"
        }
      ]
    }
  ],
  "date": "2025-08-23",
  "copyright": "Copyright (c) 2025, HL7 International, Inc., All Rights Reserved.",
  "extension": [
    {
      "url": "http://hl7.org/fhir/uv/v2mappings/StructureDefinition/RelatedArtifact",
      "extension": [
        {
          "url": "type",
          "valueCode": "derived-from"
        },
        {
          "url": "label",
          "valueString": "Table HL70490 to V2 0490.fsh"
        },
        {
          "url": "url",
          "valueUri": "https://docs.google.com/spreadsheets/d/1r1-CV9pi_ravlxzhSjB97bDs4Jp0HSOa8r_2-0UuMGg/edit#gid=0"
        }
      ]
    }
  ],
  "group": [
    {
      "source": "http://terminology.hl7.org/CodeSystem/v2-0490",
      "target": "http://terminology.hl7.org/CodeSystem/v2-0490",
      "element": [
        {
          "code": "EX",
          "display": "Expired",
          "target": [
            {
              "equivalence": "equivalent",
              "code": "EX",
              "display": "Expired"
            }
          ]
        },
        {
          "code": "QS",
          "display": "Quantity not sufficient",
          "target": [
            {
              "equivalence": "equivalent",
              "code": "QS",
              "display": "Quantity not sufficient"
            }
          ]
        },
        {
          "code": "RB",
          "display": "Broken container",
          "target": [
            {
              "equivalence": "equivalent",
              "code": "RB",
              "display": "Broken container"
            }
          ]
        },
        {
          "code": "RC",
          "display": "Clotting",
          "target": [
            {
              "equivalence": "equivalent",
              "code": "RC",
              "display": "Clotting"
            }
          ]
        },
        {
          "code": "RD",
          "display": "Missing collection date",
          "target": [
            {
              "equivalence": "equivalent",
              "code": "RD",
              "display": "Missing collection date"
            }
          ]
        },
        {
          "code": "RA",
          "display": "Missing patient ID number",
          "target": [
            {
              "equivalence": "equivalent",
              "code": "RA",
              "display": "Missing patient ID number"
            }
          ]
        },
        {
          "code": "RE",
          "display": "Missing patient name",
          "target": [
            {
              "equivalence": "equivalent",
              "code": "RE",
              "display": "Missing patient name"
            }
          ]
        },
        {
          "code": "RH",
          "display": "Hemolysis",
          "target": [
            {
              "equivalence": "equivalent",
              "code": "RH",
              "display": "Hemolysis"
            }
          ]
        },
        {
          "code": "RI",
          "display": "Identification problem",
          "target": [
            {
              "equivalence": "equivalent",
              "code": "RI",
              "display": "Identification problem"
            }
          ]
        },
        {
          "code": "RM",
          "display": "Labeling",
          "target": [
            {
              "equivalence": "equivalent",
              "code": "RM",
              "display": "Labeling"
            }
          ]
        },
        {
          "code": "RN",
          "display": "Contamination",
          "target": [
            {
              "equivalence": "equivalent",
              "code": "RN",
              "display": "Contamination"
            }
          ]
        },
        {
          "code": "RP",
          "display": "Missing phlebotomist ID",
          "target": [
            {
              "equivalence": "equivalent",
              "code": "RP",
              "display": "Missing phlebotomist ID"
            }
          ]
        },
        {
          "code": "RR",
          "display": "Improper storage",
          "target": [
            {
              "equivalence": "equivalent",
              "code": "RR",
              "display": "Improper storage"
            }
          ]
        },
        {
          "code": "RS",
          "display": "Name misspelling",
          "target": [
            {
              "equivalence": "equivalent",
              "code": "RS",
              "display": "Name misspelling"
            }
          ]
        }
      ]
    }
  ]
}
