{
  "resourceType": "ConceptMap",
  "id": "table-hl70335-to-v2-0335",
  "url": "http://hl7.org/fhir/uv/v2mappings/ConceptMap/table-hl70335-to-v2-0335",
  "title": "Table HL70335 to V2 0335 Map",
  "description": "This ConceptMap represents a mapping from the HL7 V2 Table HL70335 to the FHIR V2 0335 Value Set.",
  "name": "TableHL70335ToV20335",
  "sourceUri": "http://terminology.hl7.org/ValueSet/v2-0335",
  "version": "1.0",
  "status": "active",
  "experimental": true,
  "publisher": "HL7 International, Inc",
  "contact": [
    {
      "telecom": [
        {
          "system": "email",
          "value": "v2-to-fhir@lists.hl7.org"
        }
      ]
    }
  ],
  "date": "2025-08-23",
  "copyright": "Copyright (c) 2025, HL7 International, Inc., All Rights Reserved.",
  "extension": [
    {
      "url": "http://hl7.org/fhir/uv/v2mappings/StructureDefinition/RelatedArtifact",
      "extension": [
        {
          "url": "type",
          "valueCode": "derived-from"
        },
        {
          "url": "label",
          "valueString": "Table HL70335 to V2 0335.fsh"
        },
        {
          "url": "url",
          "valueUri": "https://docs.google.com/spreadsheets/d/1OBcSumRh0MVFA2C5YXcGsld9hxufvQWdhYINrTRvcWE/edit#gid=0"
        }
      ]
    }
  ],
  "group": [
    {
      "source": "http://terminology.hl7.org/CodeSystem/v2-0335",
      "target": "http://terminology.hl7.org/CodeSystem/v2-0335",
      "element": [
        {
          "code": "Q<integer>S",
          "display": "every <integer> seconds",
          "target": [
            {
              "equivalence": "equivalent",
              "code": "Q<integer>S",
              "display": "every <integer> seconds"
            }
          ]
        },
        {
          "code": "Q<integer>M",
          "display": "every <integer> minutes",
          "target": [
            {
              "equivalence": "equivalent",
              "code": "Q<integer>M",
              "display": "every <integer> minutes"
            }
          ]
        },
        {
          "code": "Q<integer>H",
          "display": "every <integer> hours",
          "target": [
            {
              "equivalence": "equivalent",
              "code": "Q<integer>H",
              "display": "every <integer> hours"
            }
          ]
        },
        {
          "code": "Q<integer>D",
          "display": "every <integer> days",
          "target": [
            {
              "equivalence": "equivalent",
              "code": "Q<integer>D",
              "display": "every <integer> days"
            }
          ]
        },
        {
          "code": "Q<integer>W",
          "display": "every <integer> weeks",
          "target": [
            {
              "equivalence": "equivalent",
              "code": "Q<integer>W",
              "display": "every <integer> weeks"
            }
          ]
        },
        {
          "code": "Q<integer>L",
          "display": "every <integer> months (Lunar cycle)",
          "target": [
            {
              "equivalence": "equivalent",
              "code": "Q<integer>L",
              "display": "every <integer> months (Lunar cycle)"
            }
          ]
        },
        {
          "code": "Q<integer>J<day#>",
          "display": "repeats on a particular day of the week,",
          "target": [
            {
              "equivalence": "equivalent",
              "code": "Q<integer>J<day#>",
              "display": "repeats on a particular day of the week,"
            }
          ]
        },
        {
          "code": "xID",
          "display": "\"X\" times per day at institution-specified times, where X is a numeral 5 or greater.",
          "target": [
            {
              "equivalence": "equivalent",
              "code": "xID",
              "display": "\"X\" times per day at institution-specified times, where X is a numeral 5 or greater."
            }
          ]
        },
        {
          "code": "QAM",
          "display": "in the morning at institution-specified time",
          "target": [
            {
              "equivalence": "equivalent",
              "code": "QAM",
              "display": "in the morning at institution-specified time"
            }
          ]
        },
        {
          "code": "QSHIFT",
          "display": "during each of three eight-hour shifts at institution-specified times",
          "target": [
            {
              "equivalence": "equivalent",
              "code": "QSHIFT",
              "display": "during each of three eight-hour shifts at institution-specified times"
            }
          ]
        },
        {
          "code": "QHS",
          "display": "every day before the hour of sleep",
          "target": [
            {
              "equivalence": "equivalent",
              "code": "QHS",
              "display": "every day before the hour of sleep"
            }
          ]
        },
        {
          "code": "QPM",
          "display": "in the evening at institution-specified time",
          "target": [
            {
              "equivalence": "equivalent",
              "code": "QPM",
              "display": "in the evening at institution-specified time"
            }
          ]
        },
        {
          "code": "C",
          "display": "service is provided continuously between start time and stop time",
          "target": [
            {
              "equivalence": "equivalent",
              "code": "C",
              "display": "service is provided continuously between start time and stop time"
            }
          ]
        },
        {
          "code": "U <spec>",
          "display": "for future use, where <spec> is an interval specification as defined by the UNIX cron specification.",
          "target": [
            {
              "equivalence": "equivalent",
              "code": "U <spec>",
              "display": "for future use, where <spec> is an interval specification as defined by the UNIX cron specification."
            }
          ]
        },
        {
          "code": "PRN",
          "display": "given as needed",
          "target": [
            {
              "equivalence": "equivalent",
              "code": "PRN",
              "display": "given as needed"
            }
          ]
        },
        {
          "code": "PRNxxx",
          "display": "where xxx is some frequency code",
          "target": [
            {
              "equivalence": "equivalent",
              "code": "PRNxxx",
              "display": "where xxx is some frequency code"
            }
          ]
        },
        {
          "code": "Once",
          "display": "one time only.",
          "target": [
            {
              "equivalence": "equivalent",
              "code": "Once",
              "display": "one time only."
            }
          ]
        },
        {
          "code": "Meal Related Timings",
          "display": "<timing>C (\"cum\")<meal>",
          "target": [
            {
              "equivalence": "equivalent",
              "code": "Meal Related Timings",
              "display": "<timing>C (\"cum\")<meal>"
            }
          ]
        },
        {
          "code": "A",
          "display": "Ante (before)",
          "target": [
            {
              "equivalence": "equivalent",
              "code": "A",
              "display": "Ante (before)"
            }
          ]
        },
        {
          "code": "P",
          "display": "Post (after)",
          "target": [
            {
              "equivalence": "equivalent",
              "code": "P",
              "display": "Post (after)"
            }
          ]
        },
        {
          "code": "I",
          "display": "Inter",
          "target": [
            {
              "equivalence": "equivalent",
              "code": "I",
              "display": "Inter"
            }
          ]
        },
        {
          "code": "M",
          "display": "Cibus Matutinus (breakfast)",
          "target": [
            {
              "equivalence": "equivalent",
              "code": "M",
              "display": "Cibus Matutinus (breakfast)"
            }
          ]
        },
        {
          "code": "D",
          "display": "Cibus Diurnus (lunch)",
          "target": [
            {
              "equivalence": "equivalent",
              "code": "D",
              "display": "Cibus Diurnus (lunch)"
            }
          ]
        },
        {
          "code": "V",
          "display": "Cibus Vespertinus (dinner)",
          "target": [
            {
              "equivalence": "equivalent",
              "code": "V",
              "display": "Cibus Vespertinus (dinner)"
            }
          ]
        }
      ]
    },
    {
      "source": "http://terminology.hl7.org/CodeSystem/v2-0335",
      "target": "http://terminology.hl7.org/CodeSystem/v3-GTSAbbreviation",
      "element": [
        {
          "code": "BID",
          "display": "twice a day at institution-specified times",
          "target": [
            {
              "equivalence": "equivalent",
              "code": "BID",
              "display": "BID"
            }
          ]
        },
        {
          "code": "TID",
          "display": "three times a day at institution-specified times",
          "target": [
            {
              "equivalence": "equivalent",
              "code": "TID",
              "display": "TID"
            }
          ]
        },
        {
          "code": "QID",
          "display": "four times a day at institution-specified times",
          "target": [
            {
              "equivalence": "equivalent",
              "code": "QID",
              "display": "QID"
            }
          ]
        },
        {
          "code": "QOD",
          "display": "every other day",
          "target": [
            {
              "equivalence": "equivalent",
              "code": "QOD",
              "display": "QOD"
            }
          ]
        }
      ]
    }
  ]
}
