{
  "resourceType": "ConceptMap",
  "id": "datatype-nm-lengthofstay-to-quantity",
  "url": "http://hl7.org/fhir/uv/v2mappings/ConceptMap/datatype-nm-lengthofstay-to-quantity",
  "title": "Datatype NM [LengthOfStay] to Quantity Map",
  "description": "This ConceptMap represents a mapping from the HL7 V2 Datatype NM to the FHIR Quantity Data Type.",
  "name": "DatatypeNMLengthOfStayToQuantity",
  "version": "1.0",
  "status": "active",
  "experimental": true,
  "publisher": "HL7 International, Inc",
  "contact": [
    {
      "telecom": [
        {
          "system": "email",
          "value": "v2-to-fhir@lists.hl7.org"
        }
      ]
    }
  ],
  "date": "2025-08-23",
  "copyright": "Copyright (c) 2025, HL7 International, Inc., All Rights Reserved.",
  "extension": [
    {
      "url": "http://hl7.org/fhir/uv/v2mappings/StructureDefinition/RelatedArtifact",
      "extension": [
        {
          "url": "type",
          "valueCode": "derived-from"
        },
        {
          "url": "label",
          "valueString": "Datatype NM[LengthOfStay] to Quantity.fsh"
        },
        {
          "url": "url",
          "valueUri": "https://docs.google.com/spreadsheets/d/10xbEUhs5LEydlRYgH_Ok_9y8Vn_b3peUxFfHJLtNMmI/edit#gid=0"
        }
      ]
    }
  ],
  "group": [
    {
      "element": [
        {
          "code": "NM.1",
          "extension": [
            {
              "url": "http://hl7.org/fhir/uv/v2mappings/StructureDefinition/TypeInfo",
              "extension": [
                {
                  "url": "type",
                  "valueCode": "ST"
                }
              ]
            }
          ],
          "display": "Numeric",
          "target": [
            {
              "equivalence": "equivalent",
              "code": "value",
              "display": "value",
              "dependsOn": [
                {
                  "property": "Narrative-Condition",
                  "value": "If positive"
                }
              ]
            }
          ]
        },
        {
          "code": "NM.1",
          "extension": [
            {
              "url": "http://hl7.org/fhir/uv/v2mappings/StructureDefinition/TypeInfo",
              "extension": [
                {
                  "url": "type",
                  "valueCode": "ST"
                }
              ]
            }
          ],
          "display": "Numeric",
          "target": [
            {
              "equivalence": "equivalent",
              "code": "unit",
              "extension": [
                {
                  "url": "http://hl7.org/fhir/uv/v2mappings/StructureDefinition/TypeInfo",
                  "extension": [
                    {
                      "url": "assignment",
                      "valueString": "\"days\""
                    }
                  ]
                }
              ],
              "display": "unit",
              "dependsOn": [
                {
                  "property": "Narrative-Condition",
                  "value": "If positive"
                }
              ]
            }
          ]
        },
        {
          "code": "NM.1",
          "extension": [
            {
              "url": "http://hl7.org/fhir/uv/v2mappings/StructureDefinition/TypeInfo",
              "extension": [
                {
                  "url": "type",
                  "valueCode": "ST"
                }
              ]
            }
          ],
          "display": "Numeric",
          "target": [
            {
              "equivalence": "equivalent",
              "code": "system",
              "extension": [
                {
                  "url": "http://hl7.org/fhir/uv/v2mappings/StructureDefinition/TypeInfo",
                  "extension": [
                    {
                      "url": "assignment",
                      "valueString": "\"http://unitsofmeasure.org/\""
                    }
                  ]
                }
              ],
              "display": "system",
              "dependsOn": [
                {
                  "property": "Narrative-Condition",
                  "value": "If positive"
                }
              ]
            }
          ]
        },
        {
          "code": "NM.1",
          "extension": [
            {
              "url": "http://hl7.org/fhir/uv/v2mappings/StructureDefinition/TypeInfo",
              "extension": [
                {
                  "url": "type",
                  "valueCode": "ST"
                }
              ]
            }
          ],
          "display": "Numeric",
          "target": [
            {
              "equivalence": "equivalent",
              "code": "code",
              "extension": [
                {
                  "url": "http://hl7.org/fhir/uv/v2mappings/StructureDefinition/TypeInfo",
                  "extension": [
                    {
                      "url": "assignment",
                      "valueString": "\"d\""
                    }
                  ]
                }
              ],
              "display": "code",
              "dependsOn": [
                {
                  "property": "Narrative-Condition",
                  "value": "If positive"
                }
              ]
            }
          ]
        }
      ]
    }
  ]
}
