{
  "resourceType": "ConceptMap",
  "id": "table-hl70119-to-request-status",
  "url": "http://hl7.org/fhir/uv/v2mappings/ConceptMap/table-hl70119-to-request-status",
  "title": "Table HL70119 to Request Status Map",
  "description": "This ConceptMap represents a mapping from the HL7 V2 Table HL70119 to the FHIR Request Status Value Set.",
  "name": "TableHL70119ToRequestStatus",
  "sourceUri": "http://terminology.hl7.org/ValueSet/v2-0119",
  "version": "1.0",
  "status": "active",
  "experimental": true,
  "publisher": "HL7 International, Inc",
  "contact": [
    {
      "telecom": [
        {
          "system": "email",
          "value": "v2-to-fhir@lists.hl7.org"
        }
      ]
    }
  ],
  "date": "2025-08-23",
  "copyright": "Copyright (c) 2025, HL7 International, Inc., All Rights Reserved.",
  "extension": [
    {
      "url": "http://hl7.org/fhir/uv/v2mappings/StructureDefinition/RelatedArtifact",
      "extension": [
        {
          "url": "type",
          "valueCode": "derived-from"
        },
        {
          "url": "label",
          "valueString": "Table HL70119 to Request Status.fsh"
        },
        {
          "url": "url",
          "valueUri": "https://docs.google.com/spreadsheets/d/1-M3ehfvgrNyOwWBIP3--KMEN6A0vi90W-hnkdrUIYIg/edit#gid=0"
        }
      ]
    }
  ],
  "group": [
    {
      "source": "http://terminology.hl7.org/CodeSystem/v2-0119",
      "target": "http://hl7.org/fhir/request-status",
      "element": [
        {
          "code": "AF",
          "display": "Order/service refill request approval",
          "target": [
            {
              "equivalence": "equivalent",
              "code": "active",
              "display": "Active"
            }
          ]
        },
        {
          "code": "CA",
          "display": "Cancel order/service request",
          "target": [
            {
              "equivalence": "equivalent",
              "code": "active",
              "display": "Active"
            }
          ]
        },
        {
          "code": "CR",
          "display": "Canceled as requested",
          "target": [
            {
              "equivalence": "equivalent",
              "code": "revoked",
              "display": "Revoked"
            }
          ]
        },
        {
          "code": "DC",
          "display": "Discontinue order/service request",
          "target": [
            {
              "equivalence": "equivalent",
              "code": "revoked",
              "display": "Revoked"
            }
          ]
        },
        {
          "code": "DF",
          "display": "Order/service refill request denied",
          "target": [
            {
              "equivalence": "equivalent",
              "code": "revoked",
              "display": "Revoked"
            }
          ]
        },
        {
          "code": "DR",
          "display": "Discontinued as requested",
          "target": [
            {
              "equivalence": "equivalent",
              "code": "revoked",
              "display": "Revoked"
            }
          ]
        },
        {
          "code": "FU",
          "display": "Order/service refilled, unsolicited",
          "target": [
            {
              "equivalence": "equivalent",
              "code": "completed",
              "display": "Completed"
            }
          ]
        },
        {
          "code": "HD",
          "display": "Hold order request",
          "target": [
            {
              "equivalence": "equivalent",
              "code": "active",
              "display": "Active"
            }
          ]
        },
        {
          "code": "HR",
          "display": "On hold as requested",
          "target": [
            {
              "equivalence": "equivalent",
              "code": "on-hold",
              "display": "On Hold"
            }
          ]
        },
        {
          "code": "NW",
          "display": "New order/Service",
          "target": [
            {
              "equivalence": "equivalent",
              "code": "active",
              "display": "Active"
            }
          ]
        },
        {
          "code": "OC",
          "display": "Order/service canceled",
          "target": [
            {
              "equivalence": "equivalent",
              "code": "revoked",
              "display": "Revoked"
            }
          ]
        },
        {
          "code": "OD",
          "display": "Order/service discontinued",
          "target": [
            {
              "equivalence": "equivalent",
              "code": "revoked",
              "display": "Revoked"
            }
          ]
        },
        {
          "code": "OH",
          "display": "Order/service held",
          "target": [
            {
              "equivalence": "equivalent",
              "code": "on-hold",
              "display": "On Hold"
            }
          ]
        },
        {
          "code": "OK",
          "display": "Order/service accepted & OK",
          "target": [
            {
              "equivalence": "equivalent",
              "code": "active",
              "display": "Active"
            }
          ]
        },
        {
          "code": "PR",
          "display": "Previous Results with new order/service",
          "target": [
            {
              "equivalence": "equivalent",
              "code": "active",
              "display": "Active"
            }
          ]
        },
        {
          "code": "PY",
          "display": "Notification of replacement order for outside dispense",
          "target": [
            {
              "equivalence": "equivalent",
              "code": "active",
              "display": "Active"
            }
          ]
        },
        {
          "code": "RL",
          "display": "Release previous hold",
          "target": [
            {
              "equivalence": "equivalent",
              "code": "active",
              "display": "Active"
            }
          ]
        },
        {
          "code": "RO",
          "display": "Replacement order",
          "target": [
            {
              "equivalence": "equivalent",
              "code": "active",
              "display": "Active"
            }
          ]
        },
        {
          "code": "RQ",
          "display": "Replaced as requested",
          "target": [
            {
              "equivalence": "equivalent",
              "code": "active",
              "display": "Active"
            }
          ]
        }
      ]
    },
    {
      "source": "http://terminology.hl7.org/CodeSystem/v2-0119",
      "element": [
        {
          "code": "CH",
          "display": "Child order/service",
          "target": [
            {
              "equivalence": "unmatched"
            }
          ]
        },
        {
          "code": "CN",
          "display": "Combined result",
          "target": [
            {
              "equivalence": "unmatched"
            }
          ]
        },
        {
          "code": "CP",
          "display": "Cancel process step",
          "target": [
            {
              "equivalence": "unmatched"
            }
          ]
        },
        {
          "code": "DE",
          "display": "Data errors",
          "target": [
            {
              "equivalence": "unmatched"
            }
          ]
        },
        {
          "code": "LI",
          "display": "Link order/service to patient care problem or goal",
          "target": [
            {
              "equivalence": "unmatched"
            }
          ]
        },
        {
          "code": "NA",
          "display": "Number assigned",
          "target": [
            {
              "equivalence": "unmatched"
            }
          ]
        },
        {
          "code": "OE",
          "display": "Order/service released",
          "target": [
            {
              "equivalence": "unmatched"
            }
          ]
        },
        {
          "code": "OF",
          "display": "Order/service refilled as requested",
          "target": [
            {
              "equivalence": "unmatched"
            }
          ]
        },
        {
          "code": "OP",
          "display": "Notification of order for outside dispense",
          "target": [
            {
              "equivalence": "unmatched"
            }
          ]
        },
        {
          "code": "OR",
          "display": "Released as requested",
          "target": [
            {
              "equivalence": "unmatched"
            }
          ]
        },
        {
          "code": "PA",
          "display": "Parent order/service",
          "target": [
            {
              "equivalence": "unmatched"
            }
          ]
        },
        {
          "code": "RE",
          "display": "Observations/Performed Service to follow",
          "target": [
            {
              "equivalence": "unmatched"
            }
          ]
        },
        {
          "code": "RF",
          "display": "Refill order/service request",
          "target": [
            {
              "equivalence": "unmatched"
            }
          ]
        },
        {
          "code": "RP",
          "display": "Order/service replace request",
          "target": [
            {
              "equivalence": "unmatched"
            }
          ]
        },
        {
          "code": "RR",
          "display": "Request received",
          "target": [
            {
              "equivalence": "unmatched"
            }
          ]
        },
        {
          "code": "RU",
          "display": "Replaced unsolicited",
          "target": [
            {
              "equivalence": "unmatched"
            }
          ]
        },
        {
          "code": "SC",
          "display": "Status changed",
          "target": [
            {
              "equivalence": "unmatched"
            }
          ]
        },
        {
          "code": "SN",
          "display": "Send order/service number",
          "target": [
            {
              "equivalence": "unmatched"
            }
          ]
        },
        {
          "code": "SR",
          "display": "Response to send order/service status request",
          "target": [
            {
              "equivalence": "unmatched"
            }
          ]
        },
        {
          "code": "SS",
          "display": "Send order/service status request",
          "target": [
            {
              "equivalence": "unmatched"
            }
          ]
        },
        {
          "code": "UA",
          "display": "Unable to accept order/service",
          "target": [
            {
              "equivalence": "unmatched"
            }
          ]
        },
        {
          "code": "UC",
          "display": "Unable to cancel",
          "target": [
            {
              "equivalence": "unmatched"
            }
          ]
        },
        {
          "code": "UD",
          "display": "Unable to discontinue",
          "target": [
            {
              "equivalence": "unmatched"
            }
          ]
        },
        {
          "code": "UF",
          "display": "Unable to refill",
          "target": [
            {
              "equivalence": "unmatched"
            }
          ]
        },
        {
          "code": "UH",
          "display": "Unable to put on hold",
          "target": [
            {
              "equivalence": "unmatched"
            }
          ]
        },
        {
          "code": "UM",
          "display": "Unable to replace",
          "target": [
            {
              "equivalence": "unmatched"
            }
          ]
        },
        {
          "code": "UN",
          "display": "Unlink order/service from patient care problem or goal",
          "target": [
            {
              "equivalence": "unmatched"
            }
          ]
        },
        {
          "code": "UR",
          "display": "Unable to release",
          "target": [
            {
              "equivalence": "unmatched"
            }
          ]
        },
        {
          "code": "UX",
          "display": "Unable to change",
          "target": [
            {
              "equivalence": "unmatched"
            }
          ]
        },
        {
          "code": "XO",
          "display": "Change order/service request",
          "target": [
            {
              "equivalence": "unmatched"
            }
          ]
        },
        {
          "code": "XR",
          "display": "Changed as requested",
          "target": [
            {
              "equivalence": "unmatched"
            }
          ]
        },
        {
          "code": "XX",
          "display": "Order/service changed, unsol.",
          "target": [
            {
              "equivalence": "unmatched"
            }
          ]
        },
        {
          "code": "MC",
          "display": "Miscellaneous Charge - not associated with an order",
          "target": [
            {
              "equivalence": "unmatched"
            }
          ]
        }
      ]
    }
  ]
}
