{
  "resourceType": "ConceptMap",
  "id": "datatype-id-to-code",
  "url": "http://hl7.org/fhir/uv/v2mappings/ConceptMap/datatype-id-to-code",
  "title": "Datatype ID to code Map",
  "description": "This ConceptMap represents a mapping from the HL7 V2 Datatype ID to the FHIR code Data Type.",
  "name": "DatatypeIDToCode",
  "version": "1.0",
  "status": "active",
  "experimental": true,
  "publisher": "HL7 International, Inc",
  "contact": [
    {
      "telecom": [
        {
          "system": "email",
          "value": "v2-to-fhir@lists.hl7.org"
        }
      ]
    }
  ],
  "date": "2025-08-23",
  "copyright": "Copyright (c) 2025, HL7 International, Inc., All Rights Reserved.",
  "extension": [
    {
      "url": "http://hl7.org/fhir/uv/v2mappings/StructureDefinition/RelatedArtifact",
      "extension": [
        {
          "url": "type",
          "valueCode": "derived-from"
        },
        {
          "url": "label",
          "valueString": "Datatype ID to code.fsh"
        },
        {
          "url": "url",
          "valueUri": "https://docs.google.com/spreadsheets/d/1ymA-PgLgEKGCJjE8wi11exeKKhersWoHt96YGxUkrlU/edit#gid=0"
        }
      ]
    }
  ],
  "group": [
    {
      "element": [
        {
          "code": "ID.1",
          "extension": [
            {
              "url": "http://hl7.org/fhir/uv/v2mappings/StructureDefinition/TypeInfo",
              "extension": [
                {
                  "url": "cardinalityMin",
                  "valueInteger": 1
                },
                {
                  "url": "cardinalityMax",
                  "valueInteger": 1
                }
              ]
            }
          ],
          "target": [
            {
              "equivalence": "equivalent",
              "code": "$value",
              "display": "$value",
              "comment": "Note that the vocabulary mapping is done at the segment's field level."
            }
          ]
        }
      ]
    }
  ]
}
