{
  "resourceType": "ConceptMap",
  "id": "table-hl70116-to-v2-0116",
  "url": "http://hl7.org/fhir/uv/v2mappings/ConceptMap/table-hl70116-to-v2-0116",
  "title": "Table HL70116 to V2 0116 Map",
  "description": "This ConceptMap represents a mapping from the HL7 V2 Table HL70116 to the FHIR V2 0116 Value Set.",
  "name": "TableHL70116ToV20116",
  "sourceUri": "http://terminology.hl7.org/ValueSet/v2-0116",
  "targetUri": "http://terminology.hl7.org/ValueSet/v2-0116",
  "version": "1.0",
  "status": "active",
  "experimental": true,
  "publisher": "HL7 International, Inc",
  "contact": [
    {
      "telecom": [
        {
          "system": "email",
          "value": "v2-to-fhir@lists.hl7.org"
        }
      ]
    }
  ],
  "date": "2025-08-23",
  "copyright": "Copyright (c) 2025, HL7 International, Inc., All Rights Reserved.",
  "extension": [
    {
      "url": "http://hl7.org/fhir/uv/v2mappings/StructureDefinition/RelatedArtifact",
      "extension": [
        {
          "url": "type",
          "valueCode": "derived-from"
        },
        {
          "url": "label",
          "valueString": "Table HL70116 to V2 0116.fsh"
        },
        {
          "url": "url",
          "valueUri": "https://docs.google.com/spreadsheets/d/1xkkG9vSa4C5vAbTLvPT0BHYBWEiOtus8BHVrr7fU1xc/edit#gid=0"
        }
      ]
    }
  ],
  "group": [
    {
      "source": "http://terminology.hl7.org/CodeSystem/v2-0116",
      "target": "http://terminology.hl7.org/CodeSystem/v2-0116",
      "element": [
        {
          "code": "C",
          "display": "Closed",
          "target": [
            {
              "equivalence": "equivalent",
              "code": "C",
              "display": "Closed"
            }
          ]
        },
        {
          "code": "H",
          "display": "Housekeeping",
          "target": [
            {
              "equivalence": "equivalent",
              "code": "H",
              "display": "Housekeeping"
            }
          ]
        },
        {
          "code": "O",
          "display": "Occupied",
          "target": [
            {
              "equivalence": "equivalent",
              "code": "O",
              "display": "Occupied"
            }
          ]
        },
        {
          "code": "U",
          "display": "Unoccupied",
          "target": [
            {
              "equivalence": "equivalent",
              "code": "U",
              "display": "Unoccupied"
            }
          ]
        },
        {
          "code": "K",
          "display": "Contaminated",
          "target": [
            {
              "equivalence": "equivalent",
              "code": "K",
              "display": "Contaminated"
            }
          ]
        },
        {
          "code": "I",
          "display": "Isolated",
          "target": [
            {
              "equivalence": "equivalent",
              "code": "I",
              "display": "Isolated"
            }
          ]
        }
      ]
    }
  ]
}
