{
  "resourceType": "ConceptMap",
  "id": "datatype-cwe-to-annotation",
  "url": "http://hl7.org/fhir/uv/v2mappings/ConceptMap/datatype-cwe-to-annotation",
  "title": "Datatype CWE to Annotation Map",
  "description": "This ConceptMap represents a mapping from the HL7 V2 Datatype CWE to the FHIR Annotation Data Type.",
  "name": "DatatypeCWEToAnnotation",
  "version": "1.0",
  "status": "active",
  "experimental": true,
  "publisher": "HL7 International, Inc",
  "contact": [
    {
      "telecom": [
        {
          "system": "email",
          "value": "v2-to-fhir@lists.hl7.org"
        }
      ]
    }
  ],
  "date": "2025-08-23",
  "copyright": "Copyright (c) 2025, HL7 International, Inc., All Rights Reserved.",
  "extension": [
    {
      "url": "http://hl7.org/fhir/uv/v2mappings/StructureDefinition/RelatedArtifact",
      "extension": [
        {
          "url": "type",
          "valueCode": "derived-from"
        },
        {
          "url": "label",
          "valueString": "Datatype CWE to Annotation.fsh"
        },
        {
          "url": "url",
          "valueUri": "https://docs.google.com/spreadsheets/d/1iqys8nuFDvOmbxp5CQjvX6FbuqEmZygJaZyp9rShzqA/edit#gid=0"
        }
      ]
    }
  ],
  "group": [
    {
      "element": [
        {
          "code": "CWE",
          "target": [
            {
              "equivalence": "equivalent",
              "code": "text",
              "extension": [
                {
                  "url": "http://hl7.org/fhir/uv/v2mappings/StructureDefinition/TypeInfo",
                  "extension": [
                    {
                      "url": "type",
                      "valueCode": "markdown"
                    },
                    {
                      "url": "assignment",
                      "valueString": "/include full field (inlcuding delimiters or xml tags)/"
                    }
                  ]
                }
              ],
              "display": "text"
            }
          ]
        }
      ]
    }
  ]
}
