{
  "resourceType": "ConceptMap",
  "id": "datatype-xpn-to-string",
  "url": "http://hl7.org/fhir/uv/v2mappings/ConceptMap/datatype-xpn-to-string",
  "title": "Datatype XPN to string Map",
  "description": "This ConceptMap represents a mapping from the HL7 V2 Datatype XPN to the FHIR string Data Type.",
  "name": "DatatypeXPNToString",
  "version": "1.0",
  "status": "active",
  "experimental": true,
  "publisher": "HL7 International, Inc",
  "contact": [
    {
      "telecom": [
        {
          "system": "email",
          "value": "v2-to-fhir@lists.hl7.org"
        }
      ]
    }
  ],
  "date": "2025-08-23",
  "copyright": "Copyright (c) 2025, HL7 International, Inc., All Rights Reserved.",
  "extension": [
    {
      "url": "http://hl7.org/fhir/uv/v2mappings/StructureDefinition/RelatedArtifact",
      "extension": [
        {
          "url": "type",
          "valueCode": "derived-from"
        },
        {
          "url": "label",
          "valueString": "Datatype XPN to string.fsh"
        },
        {
          "url": "url",
          "valueUri": "https://docs.google.com/spreadsheets/d/1zHm3NajbYrJs5mo1xzQIt99Nerdj6VFfX3hDwvKOtdM/edit#gid=0"
        }
      ]
    }
  ],
  "group": [
    {
      "element": [
        {
          "code": "XPN.1",
          "extension": [
            {
              "url": "http://hl7.org/fhir/uv/v2mappings/StructureDefinition/TypeInfo",
              "extension": [
                {
                  "url": "type",
                  "valueCode": "FN"
                },
                {
                  "url": "cardinalityMin",
                  "valueInteger": 0
                },
                {
                  "url": "cardinalityMax",
                  "valueInteger": 1
                }
              ]
            }
          ],
          "display": "Family Name",
          "target": [
            {
              "equivalence": "equivalent",
              "code": "$this",
              "extension": [
                {
                  "url": "http://hl7.org/fhir/uv/v2mappings/StructureDefinition/TypeInfo",
                  "extension": [
                    {
                      "url": "type",
                      "valueCode": "string"
                    },
                    {
                      "url": "cardinalityMin",
                      "valueInteger": 1
                    },
                    {
                      "url": "cardinalityMax",
                      "valueInteger": 1
                    },
                    {
                      "url": "assignment",
                      "valueString": "/concatenate according to XPN.11/"
                    }
                  ]
                }
              ],
              "display": "$this"
            }
          ]
        }
      ]
    }
  ]
}
