{
  "resourceType": "ConceptMap",
  "id": "table-hl70217-to-v3-actpriority",
  "url": "http://hl7.org/fhir/uv/v2mappings/ConceptMap/table-hl70217-to-v3-actpriority",
  "title": "Table HL70217 to V3 ActPriority Map",
  "description": "This ConceptMap represents a mapping from the HL7 V2 Table HL70217 to the FHIR V3 ActPriority Value Set.",
  "name": "TableHL70217ToV3ActPriority",
  "sourceUri": "http://terminology.hl7.org/ValueSet/v2-0217",
  "targetUri": "http://terminology.hl7.org/ValueSet/v3-ActPriority",
  "version": "1.0",
  "status": "active",
  "experimental": true,
  "publisher": "HL7 International, Inc",
  "contact": [
    {
      "telecom": [
        {
          "system": "email",
          "value": "v2-to-fhir@lists.hl7.org"
        }
      ]
    }
  ],
  "date": "2025-08-23",
  "copyright": "Copyright (c) 2025, HL7 International, Inc., All Rights Reserved.",
  "extension": [
    {
      "url": "http://hl7.org/fhir/uv/v2mappings/StructureDefinition/RelatedArtifact",
      "extension": [
        {
          "url": "type",
          "valueCode": "derived-from"
        },
        {
          "url": "label",
          "valueString": "Table HL70217 to V3 ActPriority.fsh"
        },
        {
          "url": "url",
          "valueUri": "https://docs.google.com/spreadsheets/d/12v60aOPnLth4NipsjZyT9ibz5E7JSLgSsPMop2U1JgA/edit#gid=0"
        }
      ]
    }
  ],
  "group": [
    {
      "source": "http://terminology.hl7.org/CodeSystem/v2-0217",
      "target": "http://terminology.hl7.org/CodeSystem/v3-ActPriority",
      "element": [
        {
          "code": "1",
          "display": "Emergency",
          "target": [
            {
              "equivalence": "equivalent",
              "code": "EM",
              "display": "emergency"
            }
          ]
        },
        {
          "code": "2",
          "display": "Urgent",
          "target": [
            {
              "equivalence": "equivalent",
              "code": "UR",
              "display": "urgent"
            }
          ]
        },
        {
          "code": "3",
          "display": "Elective",
          "target": [
            {
              "equivalence": "equivalent",
              "code": "EL",
              "display": "elective"
            }
          ]
        }
      ]
    }
  ]
}
