{
  "resourceType": "ConceptMap",
  "id": "datatype-cwe-to-coding",
  "url": "http://hl7.org/fhir/uv/v2mappings/ConceptMap/datatype-cwe-to-coding",
  "title": "Datatype CWE to Coding Map",
  "description": "This ConceptMap represents a mapping from the HL7 V2 Datatype CWE to the FHIR Coding Data Type.",
  "name": "DatatypeCWEToCoding",
  "version": "1.0",
  "status": "active",
  "experimental": true,
  "publisher": "HL7 International, Inc",
  "contact": [
    {
      "telecom": [
        {
          "system": "email",
          "value": "v2-to-fhir@lists.hl7.org"
        }
      ]
    }
  ],
  "date": "2025-08-23",
  "copyright": "Copyright (c) 2025, HL7 International, Inc., All Rights Reserved.",
  "extension": [
    {
      "url": "http://hl7.org/fhir/uv/v2mappings/StructureDefinition/RelatedArtifact",
      "extension": [
        {
          "url": "type",
          "valueCode": "derived-from"
        },
        {
          "url": "label",
          "valueString": "Datatype CWE to Coding.fsh"
        },
        {
          "url": "url",
          "valueUri": "https://docs.google.com/spreadsheets/d/16EsPaP--u_j82g6YeV81ZHcJdzk0EzNbNs_hTdkek_A/edit#gid=0"
        }
      ]
    }
  ],
  "group": [
    {
      "element": [
        {
          "code": "CWE.1",
          "extension": [
            {
              "url": "http://hl7.org/fhir/uv/v2mappings/StructureDefinition/TypeInfo",
              "extension": [
                {
                  "url": "type",
                  "valueCode": "ST"
                },
                {
                  "url": "cardinalityMin",
                  "valueInteger": 0
                },
                {
                  "url": "cardinalityMax",
                  "valueInteger": 1
                }
              ]
            }
          ],
          "display": "Identifier",
          "target": [
            {
              "equivalence": "equivalent",
              "code": "code",
              "extension": [
                {
                  "url": "http://hl7.org/fhir/uv/v2mappings/StructureDefinition/TypeInfo",
                  "extension": [
                    {
                      "url": "type",
                      "valueCode": "code"
                    },
                    {
                      "url": "cardinalityMin",
                      "valueInteger": 1
                    },
                    {
                      "url": "cardinalityMax",
                      "valueInteger": 1
                    }
                  ]
                }
              ],
              "display": "code"
            }
          ]
        },
        {
          "code": "CWE.2",
          "extension": [
            {
              "url": "http://hl7.org/fhir/uv/v2mappings/StructureDefinition/TypeInfo",
              "extension": [
                {
                  "url": "type",
                  "valueCode": "ST"
                },
                {
                  "url": "cardinalityMin",
                  "valueInteger": 0
                },
                {
                  "url": "cardinalityMax",
                  "valueInteger": 1
                }
              ]
            }
          ],
          "display": "Text",
          "target": [
            {
              "equivalence": "equivalent",
              "code": "display",
              "extension": [
                {
                  "url": "http://hl7.org/fhir/uv/v2mappings/StructureDefinition/TypeInfo",
                  "extension": [
                    {
                      "url": "type",
                      "valueCode": "string"
                    },
                    {
                      "url": "cardinalityMin",
                      "valueInteger": 1
                    },
                    {
                      "url": "cardinalityMax",
                      "valueInteger": 1
                    }
                  ]
                }
              ],
              "display": "display"
            }
          ]
        },
        {
          "code": "CWE.3",
          "extension": [
            {
              "url": "http://hl7.org/fhir/uv/v2mappings/StructureDefinition/TypeInfo",
              "extension": [
                {
                  "url": "type",
                  "valueCode": "ID"
                },
                {
                  "url": "cardinalityMin",
                  "valueInteger": 0
                },
                {
                  "url": "cardinalityMax",
                  "valueInteger": 1
                }
              ]
            }
          ],
          "display": "Name of Coding System",
          "target": [
            {
              "equivalence": "equivalent",
              "code": "system",
              "extension": [
                {
                  "url": "http://hl7.org/fhir/uv/v2mappings/StructureDefinition/TypeInfo",
                  "extension": [
                    {
                      "url": "type",
                      "valueCode": "uri"
                    },
                    {
                      "url": "cardinalityMin",
                      "valueInteger": 1
                    },
                    {
                      "url": "cardinalityMax",
                      "valueInteger": 1
                    }
                  ]
                }
              ],
              "display": "system",
              "comment": "This is only an indirect mapping in that the vocabulary table will give the actual uri."
            }
          ]
        },
        {
          "code": "CWE.7",
          "extension": [
            {
              "url": "http://hl7.org/fhir/uv/v2mappings/StructureDefinition/TypeInfo",
              "extension": [
                {
                  "url": "type",
                  "valueCode": "ST"
                },
                {
                  "url": "cardinalityMin",
                  "valueInteger": 0
                },
                {
                  "url": "cardinalityMax",
                  "valueInteger": 1
                }
              ]
            }
          ],
          "display": "Coding System Version ID",
          "target": [
            {
              "equivalence": "equivalent",
              "code": "version",
              "extension": [
                {
                  "url": "http://hl7.org/fhir/uv/v2mappings/StructureDefinition/TypeInfo",
                  "extension": [
                    {
                      "url": "type",
                      "valueCode": "string"
                    },
                    {
                      "url": "cardinalityMin",
                      "valueInteger": 1
                    },
                    {
                      "url": "cardinalityMax",
                      "valueInteger": 1
                    }
                  ]
                }
              ],
              "display": "version"
            }
          ]
        }
      ]
    }
  ]
}
