{
  "resourceType": "ConceptMap",
  "id": "datatype-cwe-to-quantity",
  "url": "http://hl7.org/fhir/uv/v2mappings/ConceptMap/datatype-cwe-to-quantity",
  "title": "Datatype CWE to Quantity Map",
  "description": "This ConceptMap represents a mapping from the HL7 V2 Datatype CWE to the FHIR Quantity Data Type.",
  "name": "DatatypeCWEToQuantity",
  "version": "1.0",
  "status": "active",
  "experimental": true,
  "publisher": "HL7 International, Inc",
  "contact": [
    {
      "telecom": [
        {
          "system": "email",
          "value": "v2-to-fhir@lists.hl7.org"
        }
      ]
    }
  ],
  "date": "2025-08-23",
  "copyright": "Copyright (c) 2025, HL7 International, Inc., All Rights Reserved.",
  "extension": [
    {
      "url": "http://hl7.org/fhir/uv/v2mappings/StructureDefinition/RelatedArtifact",
      "extension": [
        {
          "url": "type",
          "valueCode": "derived-from"
        },
        {
          "url": "label",
          "valueString": "Datatype CWE to Quantity.fsh"
        },
        {
          "url": "url",
          "valueUri": "https://docs.google.com/spreadsheets/d/10NSiYc6zH_no7e-kRsnq4ZcosHYAHYKSa9wPvnY-Yfk/edit#gid=0"
        }
      ]
    }
  ],
  "group": [
    {
      "element": [
        {
          "code": "CWE.1",
          "extension": [
            {
              "url": "http://hl7.org/fhir/uv/v2mappings/StructureDefinition/TypeInfo",
              "extension": [
                {
                  "url": "type",
                  "valueCode": "ST"
                },
                {
                  "url": "cardinalityMin",
                  "valueInteger": 0
                },
                {
                  "url": "cardinalityMax",
                  "valueInteger": 1
                }
              ]
            }
          ],
          "display": "Identifier",
          "target": [
            {
              "equivalence": "equivalent",
              "code": "Quantity.code",
              "extension": [
                {
                  "url": "http://hl7.org/fhir/uv/v2mappings/StructureDefinition/TypeInfo",
                  "extension": [
                    {
                      "url": "type",
                      "valueCode": "code"
                    },
                    {
                      "url": "cardinalityMin",
                      "valueInteger": 1
                    },
                    {
                      "url": "cardinalityMax",
                      "valueInteger": 1
                    }
                  ]
                }
              ],
              "display": "Quantity.code",
              "comment": "The source of Quantity.value will likely come from a different field (eg. OBX-5 may populate Quantity.value while OBX-6 populates the remaining Quantity elements).",
              "dependsOn": [
                {
                  "property": "Computable-ANTLR",
                  "value": "IF CWE.1 IS VALUED AND CWE.3 IS VALUED"
                }
              ]
            }
          ]
        },
        {
          "code": "CWE.1",
          "extension": [
            {
              "url": "http://hl7.org/fhir/uv/v2mappings/StructureDefinition/TypeInfo",
              "extension": [
                {
                  "url": "type",
                  "valueCode": "ST"
                },
                {
                  "url": "cardinalityMin",
                  "valueInteger": 0
                },
                {
                  "url": "cardinalityMax",
                  "valueInteger": 1
                }
              ]
            }
          ],
          "display": "Identifier",
          "target": [
            {
              "equivalence": "equivalent",
              "code": "Quantity.unit",
              "extension": [
                {
                  "url": "http://hl7.org/fhir/uv/v2mappings/StructureDefinition/TypeInfo",
                  "extension": [
                    {
                      "url": "type",
                      "valueCode": "string"
                    },
                    {
                      "url": "cardinalityMin",
                      "valueInteger": 1
                    },
                    {
                      "url": "cardinalityMax",
                      "valueInteger": 1
                    }
                  ]
                }
              ],
              "display": "Quantity.unit",
              "dependsOn": [
                {
                  "property": "Computable-ANTLR",
                  "value": "If CWE.2 IS NOT VALUED"
                }
              ]
            }
          ]
        },
        {
          "code": "CWE.2",
          "extension": [
            {
              "url": "http://hl7.org/fhir/uv/v2mappings/StructureDefinition/TypeInfo",
              "extension": [
                {
                  "url": "type",
                  "valueCode": "ST"
                },
                {
                  "url": "cardinalityMin",
                  "valueInteger": 0
                },
                {
                  "url": "cardinalityMax",
                  "valueInteger": 1
                }
              ]
            }
          ],
          "display": "Text",
          "target": [
            {
              "equivalence": "equivalent",
              "code": "Quantity.unit",
              "extension": [
                {
                  "url": "http://hl7.org/fhir/uv/v2mappings/StructureDefinition/TypeInfo",
                  "extension": [
                    {
                      "url": "type",
                      "valueCode": "string"
                    },
                    {
                      "url": "cardinalityMin",
                      "valueInteger": 1
                    },
                    {
                      "url": "cardinalityMax",
                      "valueInteger": 1
                    }
                  ]
                }
              ],
              "display": "Quantity.unit"
            }
          ]
        },
        {
          "code": "CWE.3",
          "extension": [
            {
              "url": "http://hl7.org/fhir/uv/v2mappings/StructureDefinition/TypeInfo",
              "extension": [
                {
                  "url": "type",
                  "valueCode": "ID"
                },
                {
                  "url": "cardinalityMin",
                  "valueInteger": 0
                },
                {
                  "url": "cardinalityMax",
                  "valueInteger": 1
                }
              ]
            }
          ],
          "display": "Name of Coding System",
          "target": [
            {
              "equivalence": "equivalent",
              "code": "Quantity.system",
              "extension": [
                {
                  "url": "http://hl7.org/fhir/uv/v2mappings/StructureDefinition/TypeInfo",
                  "extension": [
                    {
                      "url": "type",
                      "valueCode": "uri"
                    },
                    {
                      "url": "cardinalityMin",
                      "valueInteger": 1
                    },
                    {
                      "url": "cardinalityMax",
                      "valueInteger": 1
                    }
                  ]
                }
              ],
              "display": "Quantity.system",
              "dependsOn": [
                {
                  "property": "Computable-ANTLR",
                  "value": "IF CWE.1 IS VALUED AND CWE.3 IS VALUED"
                }
              ]
            }
          ]
        }
      ]
    }
  ]
}
