{
  "resourceType": "ConceptMap",
  "id": "message-mdm-t02-to-bundle",
  "url": "http://hl7.org/fhir/uv/v2mappings/ConceptMap/message-mdm-t02-to-bundle",
  "title": "Message MDM_T02 to Bundle Map",
  "description": "This ConceptMap represents a mapping from the HL7 V2 Message MDM_T02 to the FHIR Message Bundle.",
  "name": "MessageMDM_T02ToBundle",
  "version": "1.0",
  "status": "active",
  "experimental": true,
  "publisher": "HL7 International, Inc",
  "contact": [
    {
      "telecom": [
        {
          "system": "email",
          "value": "v2-to-fhir@lists.hl7.org"
        }
      ]
    }
  ],
  "date": "2025-08-23",
  "copyright": "Copyright (c) 2025, HL7 International, Inc., All Rights Reserved.",
  "extension": [
    {
      "url": "http://hl7.org/fhir/uv/v2mappings/StructureDefinition/RelatedArtifact",
      "extension": [
        {
          "url": "type",
          "valueCode": "derived-from"
        },
        {
          "url": "label",
          "valueString": "Message MDM:T02 to Bundle.fsh"
        },
        {
          "url": "url",
          "valueUri": "https://docs.google.com/spreadsheets/d/1KXumJbfcuuPNcbMjp2esj2kJSj-RkU8CqQYhUfXrp9c/edit#gid=0"
        }
      ]
    }
  ],
  "group": [
    {
      "element": [
        {
          "code": "MDM_T02.MSH",
          "extension": [
            {
              "url": "http://hl7.org/fhir/uv/v2mappings/StructureDefinition/TypeInfo",
              "extension": [
                {
                  "url": "cardinalityMin",
                  "valueInteger": 1
                },
                {
                  "url": "cardinalityMax",
                  "valueInteger": 1
                }
              ]
            }
          ],
          "display": "Message Header",
          "target": [
            {
              "equivalence": "equivalent",
              "code": "Bundle",
              "display": "Bundle"
            }
          ]
        },
        {
          "code": "MDM_T02.MSH",
          "extension": [
            {
              "url": "http://hl7.org/fhir/uv/v2mappings/StructureDefinition/TypeInfo",
              "extension": [
                {
                  "url": "cardinalityMin",
                  "valueInteger": 1
                },
                {
                  "url": "cardinalityMax",
                  "valueInteger": 1
                }
              ]
            }
          ],
          "display": "Message Header",
          "target": [
            {
              "equivalence": "equivalent",
              "code": "MessageHeader[1]",
              "display": "MessageHeader[1]",
              "comment": "Processing of the MSH segment results in the creation of a new MessageHeader resource"
            }
          ]
        },
        {
          "code": "MDM_T02.MSH",
          "extension": [
            {
              "url": "http://hl7.org/fhir/uv/v2mappings/StructureDefinition/TypeInfo",
              "extension": [
                {
                  "url": "cardinalityMin",
                  "valueInteger": 1
                },
                {
                  "url": "cardinalityMax",
                  "valueInteger": 1
                }
              ]
            }
          ],
          "display": "Message Header",
          "target": [
            {
              "equivalence": "equivalent",
              "code": "Provenance[1]",
              "display": "Provenance[1]",
              "comment": "If the FHIR transformation does not yield a FHIR message, but only a set of resource (APIs, repository, etc.) than one should consider attaching this Provenance resource instance to the relevant FHIR resources generated."
            }
          ]
        },
        {
          "code": "MDM_T02.MSH",
          "extension": [
            {
              "url": "http://hl7.org/fhir/uv/v2mappings/StructureDefinition/TypeInfo",
              "extension": [
                {
                  "url": "cardinalityMin",
                  "valueInteger": 1
                },
                {
                  "url": "cardinalityMax",
                  "valueInteger": 1
                }
              ]
            }
          ],
          "display": "Message Header",
          "target": [
            {
              "equivalence": "equivalent",
              "code": "Provenance[2]",
              "display": "Provenance[2]",
              "comment": "If the FHIR transformation does not yield a FHIR Bunlde, but only a set of resource (APIs, repository, etc.) than one should consider attaching this Provenance resource instance to the relevant FHIR resources generated."
            }
          ]
        },
        {
          "code": "MDM_T02.SFT",
          "extension": [
            {
              "url": "http://hl7.org/fhir/uv/v2mappings/StructureDefinition/TypeInfo",
              "extension": [
                {
                  "url": "cardinalityMin",
                  "valueInteger": 0
                },
                {
                  "url": "cardinalityMax",
                  "valueInteger": -1
                }
              ]
            }
          ],
          "display": "Software Segment",
          "target": [
            {
              "equivalence": "equivalent",
              "code": "Provenance[1].entity.what(Device)",
              "display": "Provenance[1].entity.what(Device)",
              "dependsOn": [
                {
                  "property": "Narrative-Condition",
                  "value": "If the software does not represent the original source system"
                }
              ]
            }
          ]
        },
        {
          "code": "MDM_T02.SFT",
          "extension": [
            {
              "url": "http://hl7.org/fhir/uv/v2mappings/StructureDefinition/TypeInfo",
              "extension": [
                {
                  "url": "cardinalityMin",
                  "valueInteger": 0
                },
                {
                  "url": "cardinalityMax",
                  "valueInteger": -1
                }
              ]
            }
          ],
          "display": "Software Segment",
          "target": [
            {
              "equivalence": "equivalent",
              "code": "Provenance[1].entity.what(Device)",
              "display": "Provenance[1].entity.what(Device)",
              "dependsOn": [
                {
                  "property": "Narrative-Condition",
                  "value": "If the software represents the original source system"
                }
              ]
            }
          ]
        },
        {
          "code": "MDM_T02.EVN",
          "extension": [
            {
              "url": "http://hl7.org/fhir/uv/v2mappings/StructureDefinition/TypeInfo",
              "extension": [
                {
                  "url": "cardinalityMin",
                  "valueInteger": 1
                },
                {
                  "url": "cardinalityMax",
                  "valueInteger": 1
                }
              ]
            }
          ],
          "display": "Event Type",
          "target": [
            {
              "equivalence": "equivalent",
              "code": "Provenance[3]",
              "display": "Provenance[3]"
            }
          ]
        },
        {
          "code": "MDM_T02.PID",
          "extension": [
            {
              "url": "http://hl7.org/fhir/uv/v2mappings/StructureDefinition/TypeInfo",
              "extension": [
                {
                  "url": "cardinalityMin",
                  "valueInteger": 1
                },
                {
                  "url": "cardinalityMax",
                  "valueInteger": 1
                }
              ]
            }
          ],
          "display": "Patient Identification",
          "target": [
            {
              "equivalence": "equivalent",
              "code": "Patient[1]",
              "display": "Patient[1]",
              "comment": "Processing of the PID segment results in the creation of a new Patient resource"
            }
          ]
        },
        {
          "code": "MDM_T02.PID",
          "extension": [
            {
              "url": "http://hl7.org/fhir/uv/v2mappings/StructureDefinition/TypeInfo",
              "extension": [
                {
                  "url": "cardinalityMin",
                  "valueInteger": 1
                },
                {
                  "url": "cardinalityMax",
                  "valueInteger": 1
                }
              ]
            }
          ],
          "display": "Patient Identification",
          "target": [
            {
              "equivalence": "equivalent",
              "code": "Provenance[4]",
              "display": "Provenance[4]"
            }
          ]
        },
        {
          "code": "MDM_T02.PV1",
          "extension": [
            {
              "url": "http://hl7.org/fhir/uv/v2mappings/StructureDefinition/TypeInfo",
              "extension": [
                {
                  "url": "cardinalityMin",
                  "valueInteger": 1
                },
                {
                  "url": "cardinalityMax",
                  "valueInteger": 1
                }
              ]
            }
          ],
          "display": "Patient Visit",
          "target": [
            {
              "equivalence": "equivalent",
              "code": "Encounter[1]",
              "display": "Encounter[1]",
              "comment": "Processing of the PV1 segment results in the creation of a new Encounter resource"
            }
          ]
        },
        {
          "code": "MDM_T02.PV1",
          "extension": [
            {
              "url": "http://hl7.org/fhir/uv/v2mappings/StructureDefinition/TypeInfo",
              "extension": [
                {
                  "url": "cardinalityMin",
                  "valueInteger": 1
                },
                {
                  "url": "cardinalityMax",
                  "valueInteger": 1
                }
              ]
            }
          ],
          "display": "Patient Visit",
          "target": [
            {
              "equivalence": "equivalent",
              "code": "Basic",
              "display": "Basic",
              "dependsOn": [
                {
                  "property": "Computable-ANTLR",
                  "value": "IF PV1-43 VALUED"
                }
              ]
            }
          ]
        },
        {
          "code": "MDM_T02.PV1",
          "extension": [
            {
              "url": "http://hl7.org/fhir/uv/v2mappings/StructureDefinition/TypeInfo",
              "extension": [
                {
                  "url": "cardinalityMin",
                  "valueInteger": 1
                },
                {
                  "url": "cardinalityMax",
                  "valueInteger": 1
                }
              ]
            }
          ],
          "display": "Patient Visit",
          "target": [
            {
              "equivalence": "equivalent",
              "code": "Patient[1]",
              "display": "Patient[1]"
            }
          ]
        },
        {
          "code": "MDM_T02.PV1",
          "extension": [
            {
              "url": "http://hl7.org/fhir/uv/v2mappings/StructureDefinition/TypeInfo",
              "extension": [
                {
                  "url": "cardinalityMin",
                  "valueInteger": 1
                },
                {
                  "url": "cardinalityMax",
                  "valueInteger": 1
                }
              ]
            }
          ],
          "display": "Patient Visit",
          "target": [
            {
              "equivalence": "equivalent",
              "code": "Coverage[1]",
              "display": "Coverage[1]",
              "dependsOn": [
                {
                  "property": "Computable-ANTLR",
                  "value": "IF PV1-20 VALUE"
                }
              ]
            }
          ]
        },
        {
          "code": "MDM_T02.COMMON_ORDER.ORC",
          "extension": [
            {
              "url": "http://hl7.org/fhir/uv/v2mappings/StructureDefinition/TypeInfo",
              "extension": [
                {
                  "url": "cardinalityMin",
                  "valueInteger": 1
                },
                {
                  "url": "cardinalityMax",
                  "valueInteger": 1
                }
              ]
            }
          ],
          "display": "Common order segment",
          "target": [
            {
              "equivalence": "equivalent",
              "code": "ServiceRequest[1]",
              "display": "ServiceRequest[1]",
              "comment": "Processing of each ORC segment results in the creation of a new ServiceRequest resource"
            }
          ]
        },
        {
          "code": "MDM_T02.COMMON_ORDER.ORC",
          "extension": [
            {
              "url": "http://hl7.org/fhir/uv/v2mappings/StructureDefinition/TypeInfo",
              "extension": [
                {
                  "url": "cardinalityMin",
                  "valueInteger": 1
                },
                {
                  "url": "cardinalityMax",
                  "valueInteger": 1
                }
              ]
            }
          ],
          "display": "Common order segment",
          "target": [
            {
              "equivalence": "equivalent",
              "code": "Provenance[3]",
              "display": "Provenance[3]",
              "comment": "Using Provenance is the preferred way, but a local implementation may decide to add extensions to the main resource.  As the use and guidance of Provenance matures we wil revisit this later."
            }
          ]
        },
        {
          "code": "MDM_T02.COMMON_ORDER.TIMING.TQ1",
          "extension": [
            {
              "url": "http://hl7.org/fhir/uv/v2mappings/StructureDefinition/TypeInfo",
              "extension": [
                {
                  "url": "cardinalityMin",
                  "valueInteger": 1
                },
                {
                  "url": "cardinalityMax",
                  "valueInteger": 1
                }
              ]
            }
          ],
          "display": "Timing/Quantity",
          "target": [
            {
              "equivalence": "equivalent",
              "code": "ServiceRequest[1]",
              "display": "ServiceRequest[1]"
            }
          ]
        },
        {
          "code": "MDM_T02.COMMON_ORDER.OBR",
          "extension": [
            {
              "url": "http://hl7.org/fhir/uv/v2mappings/StructureDefinition/TypeInfo",
              "extension": [
                {
                  "url": "cardinalityMin",
                  "valueInteger": 1
                },
                {
                  "url": "cardinalityMax",
                  "valueInteger": 1
                }
              ]
            }
          ],
          "display": "Observation request segment",
          "target": [
            {
              "equivalence": "equivalent",
              "code": "ServiceRequest[1]",
              "display": "ServiceRequest[1]"
            }
          ]
        },
        {
          "code": "MDM_T02.COMMON_ORDER.NTE",
          "extension": [
            {
              "url": "http://hl7.org/fhir/uv/v2mappings/StructureDefinition/TypeInfo",
              "extension": [
                {
                  "url": "cardinalityMin",
                  "valueInteger": 0
                },
                {
                  "url": "cardinalityMax",
                  "valueInteger": -1
                }
              ]
            }
          ],
          "display": "Notes and comments about the observation (OBR)",
          "target": [
            {
              "equivalence": "equivalent",
              "code": "ServiceRequest[1]",
              "display": "ServiceRequest[1]"
            }
          ]
        },
        {
          "code": "MDM_T02.TXA",
          "extension": [
            {
              "url": "http://hl7.org/fhir/uv/v2mappings/StructureDefinition/TypeInfo",
              "extension": [
                {
                  "url": "cardinalityMin",
                  "valueInteger": 1
                },
                {
                  "url": "cardinalityMax",
                  "valueInteger": 1
                }
              ]
            }
          ],
          "display": "Document Notification",
          "target": [
            {
              "equivalence": "equivalent",
              "code": "DocumentReference[1]",
              "display": "DocumentReference[1]",
              "comment": "Note for detailed mapping to use"
            }
          ]
        },
        {
          "code": "MDM_T02.TXA",
          "extension": [
            {
              "url": "http://hl7.org/fhir/uv/v2mappings/StructureDefinition/TypeInfo",
              "extension": [
                {
                  "url": "cardinalityMin",
                  "valueInteger": 1
                },
                {
                  "url": "cardinalityMax",
                  "valueInteger": 1
                }
              ]
            }
          ],
          "display": "Document Notification",
          "target": [
            {
              "equivalence": "equivalent",
              "code": "Provenance",
              "display": "Provenance",
              "comment": "It is up to the implementer to be sensitive whether this message is new to the receiver or an update to a prior one and only update Provenance for new updates.\nAlso, as TXA-8 Edit Date Time can repeat, a separate Provenance instance must be created for each edit date time of interest.\\",
              "dependsOn": [
                {
                  "property": "Computable-ANTLR",
                  "value": "IF TXA-8 IS VALUED"
                },
                {
                  "property": "Narrative-Condition",
                  "value": "must be valued to the seconds and with the appropriate/correct timezone"
                }
              ]
            }
          ]
        },
        {
          "code": "MDM_T02.OBSERVATION.OBX",
          "extension": [
            {
              "url": "http://hl7.org/fhir/uv/v2mappings/StructureDefinition/TypeInfo",
              "extension": [
                {
                  "url": "cardinalityMin",
                  "valueInteger": 1
                },
                {
                  "url": "cardinalityMax",
                  "valueInteger": 1
                }
              ]
            }
          ],
          "display": "Observation/Result (one or more required)",
          "target": [
            {
              "equivalence": "equivalent",
              "code": "DocumentReference[1]",
              "display": "DocumentReference[1]"
            }
          ]
        },
        {
          "code": "MDM_T02.OBSERVATION.NTE",
          "extension": [
            {
              "url": "http://hl7.org/fhir/uv/v2mappings/StructureDefinition/TypeInfo",
              "extension": [
                {
                  "url": "cardinalityMin",
                  "valueInteger": 0
                },
                {
                  "url": "cardinalityMax",
                  "valueInteger": -1
                }
              ]
            }
          ],
          "display": "Notes and comments about the observation (OBX)",
          "target": [
            {
              "equivalence": "equivalent",
              "code": "DocumentReference[1]",
              "display": "DocumentReference[1]"
            }
          ]
        }
      ]
    }
  ]
}
