{
  "resourceType": "ConceptMap",
  "id": "datatype-is-to-code",
  "url": "http://hl7.org/fhir/uv/v2mappings/ConceptMap/datatype-is-to-code",
  "title": "Datatype IS to code Map",
  "description": "This ConceptMap represents a mapping from the HL7 V2 Datatype IS to the FHIR code Data Type.",
  "name": "DatatypeISToCode",
  "version": "1.0",
  "status": "active",
  "experimental": true,
  "publisher": "HL7 International, Inc",
  "contact": [
    {
      "telecom": [
        {
          "system": "email",
          "value": "v2-to-fhir@lists.hl7.org"
        }
      ]
    }
  ],
  "date": "2025-08-23",
  "copyright": "Copyright (c) 2025, HL7 International, Inc., All Rights Reserved.",
  "extension": [
    {
      "url": "http://hl7.org/fhir/uv/v2mappings/StructureDefinition/RelatedArtifact",
      "extension": [
        {
          "url": "type",
          "valueCode": "derived-from"
        },
        {
          "url": "label",
          "valueString": "Datatype IS to code.fsh"
        },
        {
          "url": "url",
          "valueUri": "https://docs.google.com/spreadsheets/d/110zIdufyvcKXndEAuYtFE5Ky9RgPFRA8wyy5z_T7eZE/edit#gid=0"
        }
      ]
    }
  ],
  "group": [
    {
      "element": [
        {
          "code": "IS.1",
          "extension": [
            {
              "url": "http://hl7.org/fhir/uv/v2mappings/StructureDefinition/TypeInfo",
              "extension": [
                {
                  "url": "cardinalityMin",
                  "valueInteger": 1
                },
                {
                  "url": "cardinalityMax",
                  "valueInteger": 1
                }
              ]
            }
          ],
          "target": [
            {
              "equivalence": "equivalent",
              "code": "$value",
              "display": "$value"
            }
          ]
        }
      ]
    }
  ]
}
