{
  "resourceType": "ConceptMap",
  "id": "message-oml-o21-to-bundle",
  "url": "http://hl7.org/fhir/uv/v2mappings/ConceptMap/message-oml-o21-to-bundle",
  "title": "Message OML_O21 to Bundle Map",
  "description": "This ConceptMap represents a mapping from the HL7 V2 Message OML_O21 to the FHIR Message Bundle.",
  "name": "MessageOML_O21ToBundle",
  "version": "1.0",
  "status": "active",
  "experimental": true,
  "publisher": "HL7 International, Inc",
  "contact": [
    {
      "telecom": [
        {
          "system": "email",
          "value": "v2-to-fhir@lists.hl7.org"
        }
      ]
    }
  ],
  "date": "2025-08-23",
  "copyright": "Copyright (c) 2025, HL7 International, Inc., All Rights Reserved.",
  "extension": [
    {
      "url": "http://hl7.org/fhir/uv/v2mappings/StructureDefinition/RelatedArtifact",
      "extension": [
        {
          "url": "type",
          "valueCode": "derived-from"
        },
        {
          "url": "label",
          "valueString": "Message OML:O21 to Bundle.fsh"
        },
        {
          "url": "url",
          "valueUri": "https://docs.google.com/spreadsheets/d/1cSYLIXVfIjl7ib2DEGxD96LD9-YVJNQtKul5IwzJtts/edit#gid=0"
        }
      ]
    }
  ],
  "group": [
    {
      "element": [
        {
          "code": "OML_O21.MSH",
          "extension": [
            {
              "url": "http://hl7.org/fhir/uv/v2mappings/StructureDefinition/TypeInfo",
              "extension": [
                {
                  "url": "cardinalityMin",
                  "valueInteger": 1
                },
                {
                  "url": "cardinalityMax",
                  "valueInteger": 1
                }
              ]
            }
          ],
          "display": "Message Header",
          "target": [
            {
              "equivalence": "equivalent",
              "code": "Bundle",
              "display": "Bundle"
            }
          ]
        },
        {
          "code": "OML_O21.MSH",
          "extension": [
            {
              "url": "http://hl7.org/fhir/uv/v2mappings/StructureDefinition/TypeInfo",
              "extension": [
                {
                  "url": "cardinalityMin",
                  "valueInteger": 1
                },
                {
                  "url": "cardinalityMax",
                  "valueInteger": 1
                }
              ]
            }
          ],
          "display": "Message Header",
          "target": [
            {
              "equivalence": "equivalent",
              "code": "MessageHeader[1]",
              "display": "MessageHeader[1]",
              "comment": "Processing of the MSH segment results in the creation of a new MessageHeader resource"
            }
          ]
        },
        {
          "code": "OML_O21.MSH",
          "extension": [
            {
              "url": "http://hl7.org/fhir/uv/v2mappings/StructureDefinition/TypeInfo",
              "extension": [
                {
                  "url": "cardinalityMin",
                  "valueInteger": 1
                },
                {
                  "url": "cardinalityMax",
                  "valueInteger": 1
                }
              ]
            }
          ],
          "display": "Message Header",
          "target": [
            {
              "equivalence": "equivalent",
              "code": "Provenance[1]",
              "display": "Provenance[1]",
              "comment": "If the FHIR transformation does not yield a FHIR message, but only a set of resource (APIs, repository, etc.) than one should consider attaching this Provenance resource instance to the relevant FHIR resources generated.",
              "dependsOn": [
                {
                  "property": "Narrative-Condition",
                  "value": "If there is a source in MSH-4, or known based on the configuration."
                }
              ]
            }
          ]
        },
        {
          "code": "OML_O21.MSH",
          "extension": [
            {
              "url": "http://hl7.org/fhir/uv/v2mappings/StructureDefinition/TypeInfo",
              "extension": [
                {
                  "url": "cardinalityMin",
                  "valueInteger": 1
                },
                {
                  "url": "cardinalityMax",
                  "valueInteger": 1
                }
              ]
            }
          ],
          "display": "Message Header",
          "target": [
            {
              "equivalence": "equivalent",
              "code": "Provenance[2]",
              "display": "Provenance[2]",
              "comment": "If the FHIR transformation does not yield a FHIR Bunlde, but only a set of resource (APIs, repository, etc.) than one should consider attaching this Provenance resource instance to the relevant FHIR resources generated."
            }
          ]
        },
        {
          "code": "OML_O21.SFT",
          "extension": [
            {
              "url": "http://hl7.org/fhir/uv/v2mappings/StructureDefinition/TypeInfo",
              "extension": [
                {
                  "url": "cardinalityMin",
                  "valueInteger": 0
                },
                {
                  "url": "cardinalityMax",
                  "valueInteger": -1
                }
              ]
            }
          ],
          "display": "Software",
          "target": [
            {
              "equivalence": "equivalent",
              "code": "Provenance[1].entity.what(Device)",
              "display": "Provenance[1].entity.what(Device)",
              "dependsOn": [
                {
                  "property": "Narrative-Condition",
                  "value": "If the software does not represent the original source system"
                }
              ]
            }
          ]
        },
        {
          "code": "OML_O21.SFT",
          "extension": [
            {
              "url": "http://hl7.org/fhir/uv/v2mappings/StructureDefinition/TypeInfo",
              "extension": [
                {
                  "url": "cardinalityMin",
                  "valueInteger": 0
                },
                {
                  "url": "cardinalityMax",
                  "valueInteger": -1
                }
              ]
            }
          ],
          "display": "Software",
          "target": [
            {
              "equivalence": "equivalent",
              "code": "Provenance[1].entity.what(Device)",
              "display": "Provenance[1].entity.what(Device)",
              "dependsOn": [
                {
                  "property": "Narrative-Condition",
                  "value": "If the software represents the original source system"
                }
              ]
            }
          ]
        },
        {
          "code": "OML_O21.PATIENT.PID",
          "extension": [
            {
              "url": "http://hl7.org/fhir/uv/v2mappings/StructureDefinition/TypeInfo",
              "extension": [
                {
                  "url": "cardinalityMin",
                  "valueInteger": 1
                },
                {
                  "url": "cardinalityMax",
                  "valueInteger": 1
                }
              ]
            }
          ],
          "display": "Patient Identification",
          "target": [
            {
              "equivalence": "equivalent",
              "code": "Patient[1]",
              "display": "Patient[1]",
              "comment": "Processing of the PID segment results in the creation of a new Patient resource"
            }
          ]
        },
        {
          "code": "OML_O21.PATIENT.PID",
          "extension": [
            {
              "url": "http://hl7.org/fhir/uv/v2mappings/StructureDefinition/TypeInfo",
              "extension": [
                {
                  "url": "cardinalityMin",
                  "valueInteger": 1
                },
                {
                  "url": "cardinalityMax",
                  "valueInteger": 1
                }
              ]
            }
          ],
          "display": "Patient Identification",
          "target": [
            {
              "equivalence": "equivalent",
              "code": "Provenance[4]",
              "display": "Provenance[4]",
              "dependsOn": [
                {
                  "property": "Computable-ANTLR",
                  "value": "IF PID-33 AND PID-34 VALUED"
                },
                {
                  "property": "Narrative-Condition",
                  "value": "One  may drop PID-33 from the condition if PID-34 Last Update Facility is still sufficient without a date."
                }
              ]
            }
          ]
        },
        {
          "code": "OML_O21.PATIENT.PD1",
          "extension": [
            {
              "url": "http://hl7.org/fhir/uv/v2mappings/StructureDefinition/TypeInfo",
              "extension": [
                {
                  "url": "cardinalityMin",
                  "valueInteger": 0
                },
                {
                  "url": "cardinalityMax",
                  "valueInteger": 1
                }
              ]
            }
          ],
          "display": "Additional Demographics",
          "target": [
            {
              "equivalence": "equivalent",
              "code": "Patient[1]",
              "display": "Patient[1]",
              "comment": "Incorporate PD1 content into the Patient created from the PID segment."
            }
          ]
        },
        {
          "code": "OML_O21.PATIENT.PD1",
          "extension": [
            {
              "url": "http://hl7.org/fhir/uv/v2mappings/StructureDefinition/TypeInfo",
              "extension": [
                {
                  "url": "cardinalityMin",
                  "valueInteger": 0
                },
                {
                  "url": "cardinalityMax",
                  "valueInteger": 1
                }
              ]
            }
          ],
          "display": "Additional Demographics",
          "target": [
            {
              "equivalence": "equivalent",
              "code": "Observation[2]",
              "display": "Observation[2]",
              "dependsOn": [
                {
                  "property": "Computable-ANTLR",
                  "value": "IF PD1-7 VALUED"
                }
              ]
            }
          ]
        },
        {
          "code": "OML_O21.PATIENT.PRT",
          "extension": [
            {
              "url": "http://hl7.org/fhir/uv/v2mappings/StructureDefinition/TypeInfo",
              "extension": [
                {
                  "url": "cardinalityMin",
                  "valueInteger": 0
                },
                {
                  "url": "cardinalityMax",
                  "valueInteger": -1
                }
              ]
            }
          ],
          "display": "Participation (for Patient)",
          "target": [
            {
              "equivalence": "equivalent",
              "code": "PractitionerRole[1]",
              "display": "PractitionerRole[1]",
              "comment": "Incorporate PRT content into the Patient created from the PID segment when the PRT contains practitioner related data.",
              "dependsOn": [
                {
                  "property": "Computable-ANTLR",
                  "value": "IF PRT-4.1 EQUALS \"PP\" AND PRT-4.3 EQUALS \"HL70443\""
                },
                {
                  "property": "Computable-FHIRPath",
                  "value": "(element(\"4.1\")=\"PP\")and(element(\"4.3\")=\"HL70443\")"
                }
              ]
            }
          ]
        },
        {
          "code": "OML_O21.PATIENT.PRT",
          "extension": [
            {
              "url": "http://hl7.org/fhir/uv/v2mappings/StructureDefinition/TypeInfo",
              "extension": [
                {
                  "url": "cardinalityMin",
                  "valueInteger": 0
                },
                {
                  "url": "cardinalityMax",
                  "valueInteger": -1
                }
              ]
            }
          ],
          "display": "Participation (for Patient)",
          "target": [
            {
              "equivalence": "equivalent",
              "code": "RelatedPerson[1]",
              "display": "RelatedPerson[1]",
              "dependsOn": [
                {
                  "property": "Computable-ANTLR",
                  "value": "IF PRT-4.1 NOT EQUALS \"PP\" OR PRT-4.3 NOT EQUALS \"HL70443\""
                },
                {
                  "property": "Computable-FHIRPath",
                  "value": "(element(\"4.1\"!)=\"PP\")or(element(\"4.3\")!=\"HL70443\")"
                }
              ]
            }
          ]
        },
        {
          "code": "OML_O21.PATIENT.NK1",
          "extension": [
            {
              "url": "http://hl7.org/fhir/uv/v2mappings/StructureDefinition/TypeInfo",
              "extension": [
                {
                  "url": "cardinalityMin",
                  "valueInteger": 0
                },
                {
                  "url": "cardinalityMax",
                  "valueInteger": -1
                }
              ]
            }
          ],
          "display": "Next of Kin/Associated Parties",
          "target": [
            {
              "equivalence": "equivalent",
              "code": "RelatedPerson[2]",
              "display": "RelatedPerson[2]",
              "comment": "Typically, each NK1 will be translated to either a new RelatedPerson resource or added as a new occurrence of Patient.contact, but it's possible to insert the NK1 data into both structures.",
              "dependsOn": [
                {
                  "property": "Narrative-Condition",
                  "value": "The FHIR location will depend on the nature of the data being exchanged and how the systems use next of kin data"
                }
              ]
            }
          ]
        },
        {
          "code": "OML_O21.PATIENT.NK1",
          "extension": [
            {
              "url": "http://hl7.org/fhir/uv/v2mappings/StructureDefinition/TypeInfo",
              "extension": [
                {
                  "url": "cardinalityMin",
                  "valueInteger": 0
                },
                {
                  "url": "cardinalityMax",
                  "valueInteger": -1
                }
              ]
            }
          ],
          "display": "Next of Kin/Associated Parties",
          "target": [
            {
              "equivalence": "equivalent",
              "code": "Patient[1]",
              "display": "Patient[1]",
              "comment": "Typically, each NK1 will be translated to either a new RelatedPerson resource or added as a new occurrence of Patient.contact, but it's possible to insert the NK1 data into both structures.",
              "dependsOn": [
                {
                  "property": "Narrative-Condition",
                  "value": "The FHIR location will depend on the nature of the data being exchanged and how the systems use next of kin data"
                }
              ]
            }
          ]
        },
        {
          "code": "OML_O21.PATIENT.PATIENT_VISIT.PV1",
          "extension": [
            {
              "url": "http://hl7.org/fhir/uv/v2mappings/StructureDefinition/TypeInfo",
              "extension": [
                {
                  "url": "cardinalityMin",
                  "valueInteger": 1
                },
                {
                  "url": "cardinalityMax",
                  "valueInteger": 1
                }
              ]
            }
          ],
          "display": "Patient Visit",
          "target": [
            {
              "equivalence": "equivalent",
              "code": "Encounter[1]",
              "display": "Encounter[1]",
              "comment": "Processing of the PV1 segment results in the creation of a new Encounter resource"
            }
          ]
        },
        {
          "code": "OML_O21.PATIENT.PATIENT_VISIT.PV1",
          "extension": [
            {
              "url": "http://hl7.org/fhir/uv/v2mappings/StructureDefinition/TypeInfo",
              "extension": [
                {
                  "url": "cardinalityMin",
                  "valueInteger": 1
                },
                {
                  "url": "cardinalityMax",
                  "valueInteger": 1
                }
              ]
            }
          ],
          "display": "Patient Visit",
          "target": [
            {
              "equivalence": "equivalent",
              "code": "Basic",
              "display": "Basic",
              "dependsOn": [
                {
                  "property": "Computable-ANTLR",
                  "value": "IF PV1-43 VALUED"
                }
              ]
            }
          ]
        },
        {
          "code": "OML_O21.PATIENT.PATIENT_VISIT.PV1",
          "extension": [
            {
              "url": "http://hl7.org/fhir/uv/v2mappings/StructureDefinition/TypeInfo",
              "extension": [
                {
                  "url": "cardinalityMin",
                  "valueInteger": 1
                },
                {
                  "url": "cardinalityMax",
                  "valueInteger": 1
                }
              ]
            }
          ],
          "display": "Patient Visit",
          "target": [
            {
              "equivalence": "equivalent",
              "code": "Patient[1]",
              "display": "Patient[1]"
            }
          ]
        },
        {
          "code": "OML_O21.PATIENT.PATIENT_VISIT.PV1",
          "extension": [
            {
              "url": "http://hl7.org/fhir/uv/v2mappings/StructureDefinition/TypeInfo",
              "extension": [
                {
                  "url": "cardinalityMin",
                  "valueInteger": 1
                },
                {
                  "url": "cardinalityMax",
                  "valueInteger": 1
                }
              ]
            }
          ],
          "display": "Patient Visit",
          "target": [
            {
              "equivalence": "equivalent",
              "code": "Coverage[1]",
              "display": "Coverage[1]",
              "dependsOn": [
                {
                  "property": "Computable-ANTLR",
                  "value": "IF PV1-20 VALUE"
                }
              ]
            }
          ]
        },
        {
          "code": "OML_O21.PATIENT.PATIENT_VISIT.PV2",
          "extension": [
            {
              "url": "http://hl7.org/fhir/uv/v2mappings/StructureDefinition/TypeInfo",
              "extension": [
                {
                  "url": "cardinalityMin",
                  "valueInteger": 0
                },
                {
                  "url": "cardinalityMax",
                  "valueInteger": 1
                }
              ]
            }
          ],
          "display": "Patient Visit- Additional Info",
          "target": [
            {
              "equivalence": "equivalent",
              "code": "Encounter[1]",
              "display": "Encounter[1]",
              "comment": "Incorporate PV2 content into the Encounter created from the PV1 segment."
            }
          ]
        },
        {
          "code": "OML_O21.PATIENT.PATIENT_VISIT.PRT",
          "extension": [
            {
              "url": "http://hl7.org/fhir/uv/v2mappings/StructureDefinition/TypeInfo",
              "extension": [
                {
                  "url": "cardinalityMin",
                  "valueInteger": 0
                },
                {
                  "url": "cardinalityMax",
                  "valueInteger": -1
                }
              ]
            }
          ],
          "display": "Participation (for Patient Visit)",
          "target": [
            {
              "equivalence": "equivalent",
              "code": "PractitionerRole[2]",
              "display": "PractitionerRole[2]",
              "comment": "Incorporate PRT content into the Encounter created from the PV1 segment."
            }
          ]
        },
        {
          "code": "OML_O21.PATIENT.INSURANCE.IN1",
          "extension": [
            {
              "url": "http://hl7.org/fhir/uv/v2mappings/StructureDefinition/TypeInfo",
              "extension": [
                {
                  "url": "cardinalityMin",
                  "valueInteger": 1
                },
                {
                  "url": "cardinalityMax",
                  "valueInteger": 1
                }
              ]
            }
          ],
          "display": "Insurance",
          "target": [
            {
              "equivalence": "equivalent",
              "code": "Coverage[1]",
              "display": "Coverage[1]",
              "comment": "Processing of the IN1 segment results in the creation of a new Coverage resource"
            }
          ]
        },
        {
          "code": "OML_O21.PATIENT.INSURANCE.IN3",
          "extension": [
            {
              "url": "http://hl7.org/fhir/uv/v2mappings/StructureDefinition/TypeInfo",
              "extension": [
                {
                  "url": "cardinalityMin",
                  "valueInteger": 0
                },
                {
                  "url": "cardinalityMax",
                  "valueInteger": 1
                }
              ]
            }
          ],
          "display": "Insurance Additional Information, Certification",
          "target": [
            {
              "equivalence": "equivalent",
              "code": "Coverage[1]",
              "display": "Coverage[1]"
            }
          ]
        },
        {
          "code": "OML_O21.PATIENT.AL1",
          "extension": [
            {
              "url": "http://hl7.org/fhir/uv/v2mappings/StructureDefinition/TypeInfo",
              "extension": [
                {
                  "url": "cardinalityMin",
                  "valueInteger": 0
                },
                {
                  "url": "cardinalityMax",
                  "valueInteger": -1
                }
              ]
            }
          ],
          "display": "Allergy Information",
          "target": [
            {
              "equivalence": "equivalent",
              "code": "AllergyIntolerance",
              "display": "AllergyIntolerance",
              "comment": "Processing of the AL1 segment results in the creation of a new AllergyIntolerance resource"
            }
          ]
        },
        {
          "code": "OML_O21.ORDER.ORC",
          "extension": [
            {
              "url": "http://hl7.org/fhir/uv/v2mappings/StructureDefinition/TypeInfo",
              "extension": [
                {
                  "url": "cardinalityMin",
                  "valueInteger": 1
                },
                {
                  "url": "cardinalityMax",
                  "valueInteger": 1
                }
              ]
            }
          ],
          "display": "Common Order",
          "target": [
            {
              "equivalence": "equivalent",
              "code": "ServiceRequest[1]",
              "display": "ServiceRequest[1]",
              "comment": "Processing of each ORC segment results in the creation of a new ServiceRequest resource"
            }
          ]
        },
        {
          "code": "OML_O21.ORDER.ORC",
          "extension": [
            {
              "url": "http://hl7.org/fhir/uv/v2mappings/StructureDefinition/TypeInfo",
              "extension": [
                {
                  "url": "cardinalityMin",
                  "valueInteger": 1
                },
                {
                  "url": "cardinalityMax",
                  "valueInteger": 1
                }
              ]
            }
          ],
          "display": "Common Order",
          "target": [
            {
              "equivalence": "equivalent",
              "code": "Provenance[3]",
              "display": "Provenance[3]",
              "comment": "Using Provenance is the preferred way, but a local implementation may decide to add extensions to the main resource.  As the use and guidance of Provenance matures we wil revisit this later."
            }
          ]
        },
        {
          "code": "OML_O21.ORDER.PRT",
          "extension": [
            {
              "url": "http://hl7.org/fhir/uv/v2mappings/StructureDefinition/TypeInfo",
              "extension": [
                {
                  "url": "cardinalityMin",
                  "valueInteger": 0
                },
                {
                  "url": "cardinalityMax",
                  "valueInteger": -1
                }
              ]
            }
          ],
          "display": "Participation (for Common Order)",
          "target": [
            {
              "equivalence": "equivalent",
              "code": "PractitionerRole[3]",
              "display": "PractitionerRole[3]",
              "dependsOn": [
                {
                  "property": "Computable-ANTLR",
                  "value": "IF PRT-4.1 EQUALS \"OP\" AND PRT-4.3 EQUALS \"HL70443\""
                },
                {
                  "property": "Computable-FHIRPath",
                  "value": "(element(\"4.1\")=\"OP\")and(element(\"4.3\")=\"HL70443\")"
                }
              ]
            }
          ]
        },
        {
          "code": "OML_O21.ORDER.TIMING.TQ1",
          "extension": [
            {
              "url": "http://hl7.org/fhir/uv/v2mappings/StructureDefinition/TypeInfo",
              "extension": [
                {
                  "url": "cardinalityMin",
                  "valueInteger": 1
                },
                {
                  "url": "cardinalityMax",
                  "valueInteger": 1
                }
              ]
            }
          ],
          "display": "Timing/Quantity",
          "target": [
            {
              "equivalence": "equivalent",
              "code": "ServiceRequest[1]",
              "display": "ServiceRequest[1]"
            }
          ]
        },
        {
          "code": "OML_O21.ORDER.OBSERVATION_REQUEST.OBR",
          "extension": [
            {
              "url": "http://hl7.org/fhir/uv/v2mappings/StructureDefinition/TypeInfo",
              "extension": [
                {
                  "url": "cardinalityMin",
                  "valueInteger": 1
                },
                {
                  "url": "cardinalityMax",
                  "valueInteger": 1
                }
              ]
            }
          ],
          "display": "Observation Request",
          "target": [
            {
              "equivalence": "equivalent",
              "code": "ServiceRequest[1]",
              "display": "ServiceRequest[1]",
              "comment": "Incorporate OBR content into the ServiceRequest created from the ORC segment in the same segment group."
            }
          ]
        },
        {
          "code": "OML_O21.ORDER.OBSERVATION_REQUEST.OBR",
          "extension": [
            {
              "url": "http://hl7.org/fhir/uv/v2mappings/StructureDefinition/TypeInfo",
              "extension": [
                {
                  "url": "cardinalityMin",
                  "valueInteger": 1
                },
                {
                  "url": "cardinalityMax",
                  "valueInteger": 1
                }
              ]
            }
          ],
          "display": "Observation Request",
          "target": [
            {
              "equivalence": "equivalent",
              "code": "Specimen[each]",
              "display": "Specimen[each]"
            }
          ]
        },
        {
          "code": "OML_O21.ORDER.OBSERVATION_REQUEST.NTE",
          "extension": [
            {
              "url": "http://hl7.org/fhir/uv/v2mappings/StructureDefinition/TypeInfo",
              "extension": [
                {
                  "url": "cardinalityMin",
                  "valueInteger": 0
                },
                {
                  "url": "cardinalityMax",
                  "valueInteger": -1
                }
              ]
            }
          ],
          "display": "Notes and Comments (for Detail)",
          "target": [
            {
              "equivalence": "equivalent",
              "code": "ServiceRequest[1]",
              "display": "ServiceRequest[1]"
            }
          ]
        },
        {
          "code": "OML_O21.ORDER.OBSERVATION_REQUEST.PRT",
          "extension": [
            {
              "url": "http://hl7.org/fhir/uv/v2mappings/StructureDefinition/TypeInfo",
              "extension": [
                {
                  "url": "cardinalityMin",
                  "valueInteger": 0
                },
                {
                  "url": "cardinalityMax",
                  "valueInteger": -1
                }
              ]
            }
          ],
          "display": "Participation (for Observation Request)",
          "target": [
            {
              "equivalence": "equivalent",
              "code": "PractitionerRole[4]",
              "display": "PractitionerRole[4]",
              "dependsOn": [
                {
                  "property": "Computable-ANTLR",
                  "value": "IF PRT-4.1 EQUALS \"SC\" AND PRT-4.3 EQUALS \"HL70443\""
                },
                {
                  "property": "Computable-FHIRPath",
                  "value": "(element(\"4.1\")=\"SC\")and(element(\"4.3\")=\"HL70443\")"
                }
              ]
            }
          ]
        },
        {
          "code": "OML_O21.ORDER.OBSERVATION_REQUEST.PRT",
          "extension": [
            {
              "url": "http://hl7.org/fhir/uv/v2mappings/StructureDefinition/TypeInfo",
              "extension": [
                {
                  "url": "cardinalityMin",
                  "valueInteger": 0
                },
                {
                  "url": "cardinalityMax",
                  "valueInteger": -1
                }
              ]
            }
          ],
          "display": "Participation (for Observation Request)",
          "target": [
            {
              "equivalence": "equivalent",
              "code": "PractitionerRole[3]",
              "display": "PractitionerRole[3]",
              "dependsOn": [
                {
                  "property": "Computable-ANTLR",
                  "value": "IF PRT-4.1 EQUALS \"OP\" AND PRT-4.3 EQUALS \"HL70443\""
                },
                {
                  "property": "Computable-FHIRPath",
                  "value": "(element(\"4.1\")=\"OP\")and(element(\"4.3\")=\"HL70443\")"
                }
              ]
            }
          ]
        },
        {
          "code": "OML_O21.ORDER.OBSERVATION_REQUEST.DG1",
          "extension": [
            {
              "url": "http://hl7.org/fhir/uv/v2mappings/StructureDefinition/TypeInfo",
              "extension": [
                {
                  "url": "cardinalityMin",
                  "valueInteger": 0
                },
                {
                  "url": "cardinalityMax",
                  "valueInteger": -1
                }
              ]
            }
          ],
          "display": "Diagnosis",
          "target": [
            {
              "equivalence": "equivalent",
              "code": "Condition[1]",
              "display": "Condition[1]",
              "comment": "Processing of the DG1 segment results in the creation of a new Condition resource which is referenced in the ServiceRequest created by the ORC segment"
            }
          ]
        },
        {
          "code": "OML_O21.ORDER.OBSERVATION_REQUEST.OBSERVATION.OBX",
          "extension": [
            {
              "url": "http://hl7.org/fhir/uv/v2mappings/StructureDefinition/TypeInfo",
              "extension": [
                {
                  "url": "cardinalityMin",
                  "valueInteger": 1
                },
                {
                  "url": "cardinalityMax",
                  "valueInteger": 1
                }
              ]
            }
          ],
          "display": "Observation/Result",
          "target": [
            {
              "equivalence": "equivalent",
              "code": "Observation[1]",
              "display": "Observation[1]",
              "dependsOn": [
                {
                  "property": "Computable-ANTLR",
                  "value": "IF OBX-5 LST.count LESS THAN OR EQUALS 1 OR OBX-2 IS \"NA\""
                }
              ]
            }
          ]
        },
        {
          "code": "OML_O21.ORDER.OBSERVATION_REQUEST.OBSERVATION.OBX",
          "extension": [
            {
              "url": "http://hl7.org/fhir/uv/v2mappings/StructureDefinition/TypeInfo",
              "extension": [
                {
                  "url": "cardinalityMin",
                  "valueInteger": 1
                },
                {
                  "url": "cardinalityMax",
                  "valueInteger": 1
                }
              ]
            }
          ],
          "display": "Observation/Result",
          "target": [
            {
              "equivalence": "equivalent",
              "code": "Observation[1]",
              "display": "Observation[1]",
              "dependsOn": [
                {
                  "property": "Computable-ANTLR",
                  "value": "IF  OBX-5 LST.count GREATER THAN 1 AND OBX-2 IS NOT \"NA\""
                }
              ]
            }
          ]
        },
        {
          "code": "OML_O21.ORDER.OBSERVATION_REQUEST.OBSERVATION.PRT",
          "extension": [
            {
              "url": "http://hl7.org/fhir/uv/v2mappings/StructureDefinition/TypeInfo",
              "extension": [
                {
                  "url": "cardinalityMin",
                  "valueInteger": 0
                },
                {
                  "url": "cardinalityMax",
                  "valueInteger": -1
                }
              ]
            }
          ],
          "display": "Participation (for OBX)",
          "target": [
            {
              "equivalence": "equivalent",
              "code": "Device[1]",
              "display": "Device[1]",
              "dependsOn": [
                {
                  "property": "Computable-ANTLR",
                  "value": "IF PRT-10 VALUED"
                }
              ]
            }
          ]
        },
        {
          "code": "OML_O21.ORDER.OBSERVATION_REQUEST.OBSERVATION.PRT",
          "extension": [
            {
              "url": "http://hl7.org/fhir/uv/v2mappings/StructureDefinition/TypeInfo",
              "extension": [
                {
                  "url": "cardinalityMin",
                  "valueInteger": 0
                },
                {
                  "url": "cardinalityMax",
                  "valueInteger": -1
                }
              ]
            }
          ],
          "display": "Participation (for OBX)",
          "target": [
            {
              "equivalence": "equivalent",
              "code": "Observation[1]",
              "display": "Observation[1]",
              "comment": "Incorporate PRT content into the Observation created from the OBX segment in the same segment group when it represents observation location information.",
              "dependsOn": [
                {
                  "property": "Computable-ANTLR",
                  "value": "IF PRT-9 VALUED OR IF PRT-14 VALUED"
                }
              ]
            }
          ]
        },
        {
          "code": "OML_O21.ORDER.OBSERVATION_REQUEST.OBSERVATION.PRT",
          "extension": [
            {
              "url": "http://hl7.org/fhir/uv/v2mappings/StructureDefinition/TypeInfo",
              "extension": [
                {
                  "url": "cardinalityMin",
                  "valueInteger": 0
                },
                {
                  "url": "cardinalityMax",
                  "valueInteger": -1
                }
              ]
            }
          ],
          "display": "Participation (for OBX)",
          "target": [
            {
              "equivalence": "equivalent",
              "code": "PractitionerRole[7]",
              "display": "PractitionerRole[7]",
              "comment": "Incorporate PRT content into the Observation created from the OBX segment in the same segment group when it represents observation practitioner information.",
              "dependsOn": [
                {
                  "property": "Computable-ANTLR",
                  "value": "IF PRT-5 VALUED"
                }
              ]
            }
          ]
        },
        {
          "code": "OML_O21.ORDER.OBSERVATION_REQUEST.OBSERVATION.NTE",
          "extension": [
            {
              "url": "http://hl7.org/fhir/uv/v2mappings/StructureDefinition/TypeInfo",
              "extension": [
                {
                  "url": "cardinalityMin",
                  "valueInteger": 0
                },
                {
                  "url": "cardinalityMax",
                  "valueInteger": -1
                }
              ]
            }
          ],
          "display": "Notes and Comments (for Results)",
          "target": [
            {
              "equivalence": "equivalent",
              "code": "Observation[1]",
              "display": "Observation[1]"
            }
          ]
        },
        {
          "code": "OML_O21.ORDER.OBSERVATION_REQUEST.SPECIMEN.SPM",
          "extension": [
            {
              "url": "http://hl7.org/fhir/uv/v2mappings/StructureDefinition/TypeInfo",
              "extension": [
                {
                  "url": "cardinalityMin",
                  "valueInteger": 1
                },
                {
                  "url": "cardinalityMax",
                  "valueInteger": 1
                }
              ]
            }
          ],
          "display": "Specimen",
          "target": [
            {
              "equivalence": "equivalent",
              "code": "Specimen",
              "display": "Specimen"
            }
          ]
        }
      ]
    }
  ]
}
