{
  "resourceType": "ConceptMap",
  "id": "datatype-dtm-to-datetime",
  "url": "http://hl7.org/fhir/uv/v2mappings/ConceptMap/datatype-dtm-to-datetime",
  "title": "Datatype DTM to dateTime Map",
  "description": "This ConceptMap represents a mapping from the HL7 V2 Datatype DTM to the FHIR dateTime Data Type.",
  "name": "DatatypeDTMToDateTime",
  "version": "1.0",
  "status": "active",
  "experimental": true,
  "publisher": "HL7 International, Inc",
  "contact": [
    {
      "telecom": [
        {
          "system": "email",
          "value": "v2-to-fhir@lists.hl7.org"
        }
      ]
    }
  ],
  "date": "2025-08-23",
  "copyright": "Copyright (c) 2025, HL7 International, Inc., All Rights Reserved.",
  "extension": [
    {
      "url": "http://hl7.org/fhir/uv/v2mappings/StructureDefinition/RelatedArtifact",
      "extension": [
        {
          "url": "type",
          "valueCode": "derived-from"
        },
        {
          "url": "label",
          "valueString": "Datatype DTM to dateTime.fsh"
        },
        {
          "url": "url",
          "valueUri": "https://docs.google.com/spreadsheets/d/1_9GXAgL9iXUNRxQ-jQoTMuyqNPNb7ZzIanNszwqHR3M/edit#gid=0"
        }
      ]
    }
  ],
  "group": [
    {
      "element": [
        {
          "code": "DTM.1",
          "extension": [
            {
              "url": "http://hl7.org/fhir/uv/v2mappings/StructureDefinition/TypeInfo",
              "extension": [
                {
                  "url": "cardinalityMin",
                  "valueInteger": 1
                },
                {
                  "url": "cardinalityMax",
                  "valueInteger": 1
                }
              ]
            }
          ],
          "target": [
            {
              "equivalence": "equivalent",
              "code": "$value",
              "extension": [
                {
                  "url": "http://hl7.org/fhir/uv/v2mappings/StructureDefinition/TypeInfo",
                  "extension": [
                    {
                      "url": "type",
                      "valueCode": "DateTime"
                    },
                    {
                      "url": "cardinalityMin",
                      "valueInteger": 1
                    },
                    {
                      "url": "cardinalityMax",
                      "valueInteger": 1
                    },
                    {
                      "url": "assignment",
                      "valueString": "/must convert v2 date time format to FHIR date time format before populating according to FHIR date/time format https://build.fhir.org/datatypes.html#dateTime /"
                    }
                  ]
                }
              ],
              "display": "$value"
            }
          ]
        }
      ]
    }
  ]
}
