{
  "resourceType": "ConceptMap",
  "id": "segment-mrg-to-account",
  "url": "http://hl7.org/fhir/uv/v2mappings/ConceptMap/segment-mrg-to-account",
  "title": "Segment MRG to Account Map",
  "description": "This ConceptMap represents a mapping from the HL7 V2 Segment MRG to the FHIR Account Resource.",
  "name": "SegmentMRGToAccount",
  "version": "1.0",
  "status": "active",
  "experimental": true,
  "publisher": "HL7 International, Inc",
  "contact": [
    {
      "telecom": [
        {
          "system": "email",
          "value": "v2-to-fhir@lists.hl7.org"
        }
      ]
    }
  ],
  "date": "2025-08-23",
  "copyright": "Copyright (c) 2025, HL7 International, Inc., All Rights Reserved.",
  "extension": [
    {
      "url": "http://hl7.org/fhir/uv/v2mappings/StructureDefinition/RelatedArtifact",
      "extension": [
        {
          "url": "type",
          "valueCode": "derived-from"
        },
        {
          "url": "label",
          "valueString": "Segment MRG to Account.fsh"
        },
        {
          "url": "url",
          "valueUri": "https://docs.google.com/spreadsheets/d/1WY6xTT0gdBZqqlwz59QcRpyE9MFUKzWoHm7lG84VABg/edit#gid=0"
        }
      ]
    }
  ],
  "group": [
    {
      "element": [
        {
          "code": "MRG",
          "target": [
            {
              "equivalence": "equivalent",
              "code": "status",
              "extension": [
                {
                  "url": "http://hl7.org/fhir/uv/v2mappings/StructureDefinition/TypeInfo",
                  "extension": [
                    {
                      "url": "type",
                      "valueCode": "code"
                    },
                    {
                      "url": "cardinalityMin",
                      "valueInteger": 1
                    },
                    {
                      "url": "cardinalityMax",
                      "valueInteger": 1
                    },
                    {
                      "url": "assignment",
                      "valueString": "\"unknown\""
                    }
                  ]
                }
              ],
              "display": "status",
              "comment": "The MRG segment does not include a status.  Since the prior account may still be active or already inactive, the implementer may have better awareness of which status to use."
            }
          ]
        },
        {
          "code": "MRG-3",
          "extension": [
            {
              "url": "http://hl7.org/fhir/uv/v2mappings/StructureDefinition/TypeInfo",
              "extension": [
                {
                  "url": "type",
                  "valueCode": "CX"
                },
                {
                  "url": "cardinalityMin",
                  "valueInteger": 1
                },
                {
                  "url": "cardinalityMax",
                  "valueInteger": 1
                }
              ]
            }
          ],
          "display": "Prior Patient Account Number",
          "target": [
            {
              "equivalence": "equivalent",
              "code": "identifier",
              "extension": [
                {
                  "url": "http://hl7.org/fhir/uv/v2mappings/StructureDefinition/TypeInfo",
                  "extension": [
                    {
                      "url": "type",
                      "valueCode": "Identifier"
                    },
                    {
                      "url": "cardinalityMin",
                      "valueInteger": 0
                    },
                    {
                      "url": "cardinalityMax",
                      "valueInteger": -1
                    }
                  ]
                }
              ],
              "display": "identifier"
            }
          ]
        }
      ]
    }
  ]
}
