{
  "resourceType": "ConceptMap",
  "id": "table-hl70130-to-v2-0130",
  "url": "http://hl7.org/fhir/uv/v2mappings/ConceptMap/table-hl70130-to-v2-0130",
  "title": "Table HL70130 to V2 0130 Map",
  "description": "This ConceptMap represents a mapping from the HL7 V2 Table HL70130 to the FHIR V2 0130 Value Set.",
  "name": "TableHL70130ToV20130",
  "sourceUri": "http://terminology.hl7.org/ValueSet/v2-0130",
  "targetUri": "http://terminology.hl7.org/ValueSet/v2-0130",
  "version": "1.0",
  "status": "active",
  "experimental": true,
  "publisher": "HL7 International, Inc",
  "contact": [
    {
      "telecom": [
        {
          "system": "email",
          "value": "v2-to-fhir@lists.hl7.org"
        }
      ]
    }
  ],
  "date": "2025-08-23",
  "copyright": "Copyright (c) 2025, HL7 International, Inc., All Rights Reserved.",
  "extension": [
    {
      "url": "http://hl7.org/fhir/uv/v2mappings/StructureDefinition/RelatedArtifact",
      "extension": [
        {
          "url": "type",
          "valueCode": "derived-from"
        },
        {
          "url": "label",
          "valueString": "Table HL70130 to V2 0130.fsh"
        },
        {
          "url": "url",
          "valueUri": "https://docs.google.com/spreadsheets/d/11sSjJv_FutvNhkDs-S81ARyRj5_D1J2kPGEJATjhQWk/edit#gid=0"
        }
      ]
    }
  ],
  "group": [
    {
      "source": "http://terminology.hl7.org/CodeSystem/v2-0130",
      "target": "http://terminology.hl7.org/CodeSystem/v2-0130",
      "element": [
        {
          "code": "TE",
          "display": "Teaching",
          "target": [
            {
              "equivalence": "equivalent",
              "code": "TE",
              "display": "Teaching"
            }
          ]
        },
        {
          "code": "HO",
          "display": "Home",
          "target": [
            {
              "equivalence": "equivalent",
              "code": "HO",
              "display": "Home"
            }
          ]
        },
        {
          "code": "MO",
          "display": "Mobile Unit",
          "target": [
            {
              "equivalence": "equivalent",
              "code": "MO",
              "display": "Mobile Unit"
            }
          ]
        },
        {
          "code": "PH",
          "display": "Phone",
          "target": [
            {
              "equivalence": "equivalent",
              "code": "PH",
              "display": "Phone"
            }
          ]
        }
      ]
    }
  ]
}
