{
  "resourceType": "ConceptMap",
  "id": "message-oru-r01-to-bundle",
  "url": "http://hl7.org/fhir/uv/v2mappings/ConceptMap/message-oru-r01-to-bundle",
  "title": "Message ORU_R01 to Bundle Map",
  "description": "This ConceptMap represents a mapping from the HL7 V2 Message ORU_R01 to the FHIR Message Bundle.",
  "name": "MessageORU_R01ToBundle",
  "version": "1.0",
  "status": "active",
  "experimental": true,
  "publisher": "HL7 International, Inc",
  "contact": [
    {
      "telecom": [
        {
          "system": "email",
          "value": "v2-to-fhir@lists.hl7.org"
        }
      ]
    }
  ],
  "date": "2025-08-23",
  "copyright": "Copyright (c) 2025, HL7 International, Inc., All Rights Reserved.",
  "extension": [
    {
      "url": "http://hl7.org/fhir/uv/v2mappings/StructureDefinition/RelatedArtifact",
      "extension": [
        {
          "url": "type",
          "valueCode": "derived-from"
        },
        {
          "url": "label",
          "valueString": "Message ORU:R01 to Bundle.fsh"
        },
        {
          "url": "url",
          "valueUri": "https://docs.google.com/spreadsheets/d/1gHK6_PFyr7PXns7wLDs0LSLsbjm0x-4bWUu3crXMKMI/edit#gid=0"
        }
      ]
    }
  ],
  "group": [
    {
      "element": [
        {
          "code": "ORU_R01.MSH",
          "extension": [
            {
              "url": "http://hl7.org/fhir/uv/v2mappings/StructureDefinition/TypeInfo",
              "extension": [
                {
                  "url": "cardinalityMin",
                  "valueInteger": 1
                },
                {
                  "url": "cardinalityMax",
                  "valueInteger": 1
                }
              ]
            }
          ],
          "display": "Message Header",
          "target": [
            {
              "equivalence": "equivalent",
              "code": "Bundle",
              "display": "Bundle"
            }
          ]
        },
        {
          "code": "ORU_R01.MSH",
          "extension": [
            {
              "url": "http://hl7.org/fhir/uv/v2mappings/StructureDefinition/TypeInfo",
              "extension": [
                {
                  "url": "cardinalityMin",
                  "valueInteger": 1
                },
                {
                  "url": "cardinalityMax",
                  "valueInteger": 1
                }
              ]
            }
          ],
          "display": "Message Header",
          "target": [
            {
              "equivalence": "equivalent",
              "code": "MessageHeader[1]",
              "display": "MessageHeader[1]",
              "comment": "Processing of the MSH segment results in the creation of a new MessageHeader resource"
            }
          ]
        },
        {
          "code": "ORU_R01.MSH",
          "extension": [
            {
              "url": "http://hl7.org/fhir/uv/v2mappings/StructureDefinition/TypeInfo",
              "extension": [
                {
                  "url": "cardinalityMin",
                  "valueInteger": 1
                },
                {
                  "url": "cardinalityMax",
                  "valueInteger": 1
                }
              ]
            }
          ],
          "display": "Message Header",
          "target": [
            {
              "equivalence": "equivalent",
              "code": "Provenance[1]",
              "display": "Provenance[1]",
              "comment": "If the FHIR transformation does not yield a FHIR message, but only a set of resource (APIs, repository, etc.) than one should consider attaching this Provenance resource instance to the relevant FHIR resources generated.",
              "dependsOn": [
                {
                  "property": "Narrative-Condition",
                  "value": "If there is a source in MSH-4, or known based on the configuration."
                }
              ]
            }
          ]
        },
        {
          "code": "ORU_R01.MSH",
          "extension": [
            {
              "url": "http://hl7.org/fhir/uv/v2mappings/StructureDefinition/TypeInfo",
              "extension": [
                {
                  "url": "cardinalityMin",
                  "valueInteger": 1
                },
                {
                  "url": "cardinalityMax",
                  "valueInteger": 1
                }
              ]
            }
          ],
          "display": "Message Header",
          "target": [
            {
              "equivalence": "equivalent",
              "code": "Provenance[2]",
              "display": "Provenance[2]",
              "comment": "If the FHIR transformation does not yield a FHIR Bunlde, but only a set of resource (APIs, repository, etc.) than one should consider attaching this Provenance resource instance to the relevant FHIR resources generated."
            }
          ]
        },
        {
          "code": "ORU_R01.SFT",
          "extension": [
            {
              "url": "http://hl7.org/fhir/uv/v2mappings/StructureDefinition/TypeInfo",
              "extension": [
                {
                  "url": "cardinalityMin",
                  "valueInteger": 0
                },
                {
                  "url": "cardinalityMax",
                  "valueInteger": -1
                }
              ]
            }
          ],
          "display": "Software Segment",
          "target": [
            {
              "equivalence": "equivalent",
              "code": "Provenance[1].entity.what(Device)",
              "display": "Provenance[1].entity.what(Device)",
              "dependsOn": [
                {
                  "property": "Narrative-Condition",
                  "value": "If the software does represent not the original source system"
                }
              ]
            }
          ]
        },
        {
          "code": "ORU_R01.SFT",
          "extension": [
            {
              "url": "http://hl7.org/fhir/uv/v2mappings/StructureDefinition/TypeInfo",
              "extension": [
                {
                  "url": "cardinalityMin",
                  "valueInteger": 0
                },
                {
                  "url": "cardinalityMax",
                  "valueInteger": -1
                }
              ]
            }
          ],
          "display": "Software Segment",
          "target": [
            {
              "equivalence": "equivalent",
              "code": "Provenance[1].entity.what(Device)",
              "display": "Provenance[1].entity.what(Device)",
              "dependsOn": [
                {
                  "property": "Narrative-Condition",
                  "value": "If the software represents the original source system"
                }
              ]
            }
          ]
        },
        {
          "code": "ORU_R01.PATIENT_RESULT.PATIENT.PID",
          "extension": [
            {
              "url": "http://hl7.org/fhir/uv/v2mappings/StructureDefinition/TypeInfo",
              "extension": [
                {
                  "url": "cardinalityMin",
                  "valueInteger": 1
                },
                {
                  "url": "cardinalityMax",
                  "valueInteger": 1
                }
              ]
            }
          ],
          "display": "Patient Identification",
          "target": [
            {
              "equivalence": "equivalent",
              "code": "Patient[1]",
              "display": "Patient[1]",
              "comment": "Processing of the PID segment results in the creation of a new Patient resource"
            }
          ]
        },
        {
          "code": "ORU_R01.PATIENT_RESULT.PATIENT.PID",
          "extension": [
            {
              "url": "http://hl7.org/fhir/uv/v2mappings/StructureDefinition/TypeInfo",
              "extension": [
                {
                  "url": "cardinalityMin",
                  "valueInteger": 1
                },
                {
                  "url": "cardinalityMax",
                  "valueInteger": 1
                }
              ]
            }
          ],
          "display": "Patient Identification",
          "target": [
            {
              "equivalence": "equivalent",
              "code": "Provenance[4]",
              "display": "Provenance[4]",
              "dependsOn": [
                {
                  "property": "Computable-ANTLR",
                  "value": "IF PID-33 AND PID-34 VALUED"
                },
                {
                  "property": "Narrative-Condition",
                  "value": "One  may drop PID-33 from the condition if PID-34 Last Update Facility is still sufficient without a date."
                }
              ]
            }
          ]
        },
        {
          "code": "ORU_R01.PATIENT_RESULT.PATIENT.PD1",
          "extension": [
            {
              "url": "http://hl7.org/fhir/uv/v2mappings/StructureDefinition/TypeInfo",
              "extension": [
                {
                  "url": "cardinalityMin",
                  "valueInteger": 0
                },
                {
                  "url": "cardinalityMax",
                  "valueInteger": 1
                }
              ]
            }
          ],
          "display": "Additional Demographics",
          "target": [
            {
              "equivalence": "equivalent",
              "code": "Patient[1]",
              "display": "Patient[1]",
              "comment": "Incorporate PD1 content into the Patient created from the PID segment."
            }
          ]
        },
        {
          "code": "ORU_R01.PATIENT_RESULT.PATIENT.PD1",
          "extension": [
            {
              "url": "http://hl7.org/fhir/uv/v2mappings/StructureDefinition/TypeInfo",
              "extension": [
                {
                  "url": "cardinalityMin",
                  "valueInteger": 0
                },
                {
                  "url": "cardinalityMax",
                  "valueInteger": 1
                }
              ]
            }
          ],
          "display": "Additional Demographics",
          "target": [
            {
              "equivalence": "equivalent",
              "code": "Observation[4]",
              "display": "Observation[4]",
              "dependsOn": [
                {
                  "property": "Computable-ANTLR",
                  "value": "IF PD1-7 VALUED"
                }
              ]
            }
          ]
        },
        {
          "code": "ORU_R01.PATIENT_RESULT.PATIENT.PRT",
          "extension": [
            {
              "url": "http://hl7.org/fhir/uv/v2mappings/StructureDefinition/TypeInfo",
              "extension": [
                {
                  "url": "cardinalityMin",
                  "valueInteger": 0
                },
                {
                  "url": "cardinalityMax",
                  "valueInteger": -1
                }
              ]
            }
          ],
          "display": "Participation (for Patient)",
          "target": [
            {
              "equivalence": "equivalent",
              "code": "PractitionerRole[1]",
              "display": "PractitionerRole[1]",
              "comment": "Incorporate PRT content into the Patient created from the PID segment when the PRT contains practitioner related data.\nIf PRT-2 is set to \"D\" and \"inactive\" cannot be used, please submit a JIRA with context and rationale.\\",
              "dependsOn": [
                {
                  "property": "Computable-ANTLR",
                  "value": "IF PRT-4.1 EQUALS \"PP\" AND PRT-4.3 EQUALS \"HL70443\""
                },
                {
                  "property": "Computable-FHIRPath",
                  "value": "(PRT.element(4.1)=\"PP\")and(PRT.element(4.3)=\"HL70443\")"
                },
                {
                  "property": "Narrative-Condition",
                  "value": "If PRT-2 is valued to \"D\", delete, then the implementer needs to consider whether to create a Device with Device.status = \"inactive\"."
                }
              ]
            }
          ]
        },
        {
          "code": "ORU_R01.PATIENT_RESULT.PATIENT.PRT",
          "extension": [
            {
              "url": "http://hl7.org/fhir/uv/v2mappings/StructureDefinition/TypeInfo",
              "extension": [
                {
                  "url": "cardinalityMin",
                  "valueInteger": 0
                },
                {
                  "url": "cardinalityMax",
                  "valueInteger": -1
                }
              ]
            }
          ],
          "display": "Participation (for Patient)",
          "target": [
            {
              "equivalence": "equivalent",
              "code": "RelatedPerson[1]",
              "display": "RelatedPerson[1]",
              "comment": "If PRT-2 is set to \"D\" and \"inactive\" cannot be used, please submit a JIRA with context and rationale.",
              "dependsOn": [
                {
                  "property": "Computable-ANTLR",
                  "value": "IF PRT-4.1 NOT EQUALS \"PP\" OR PRT-4.3 NOT EQUALS \"HL70443\""
                },
                {
                  "property": "Computable-FHIRPath",
                  "value": "(PRT.element(4.1)!=\"PP\")or(PRT.element(4.3)!=\"HL70443\")"
                },
                {
                  "property": "Narrative-Condition",
                  "value": "If PRT-2 is valued to \"D\", delete, then the implementer needs to consider whether to create a Device with Device.status = \"inactive\"."
                }
              ]
            }
          ]
        },
        {
          "code": "ORU_R01.PATIENT_RESULT.PATIENT.NK1",
          "extension": [
            {
              "url": "http://hl7.org/fhir/uv/v2mappings/StructureDefinition/TypeInfo",
              "extension": [
                {
                  "url": "cardinalityMin",
                  "valueInteger": 0
                },
                {
                  "url": "cardinalityMax",
                  "valueInteger": -1
                }
              ]
            }
          ],
          "display": "Next of Kin/Associated Parties",
          "target": [
            {
              "equivalence": "equivalent",
              "code": "RelatedPerson[2]",
              "display": "RelatedPerson[2]",
              "comment": "Typically, each NK1 will be translated to either a new RelatedPerson resource or added as a new occurrence of Patient.contact, but it's possible to insert the NK1 data into both structures.",
              "dependsOn": [
                {
                  "property": "Narrative-Condition",
                  "value": "The FHIR location will depend on the nature of the data being exchanged and how the systems use next of kin data"
                }
              ]
            }
          ]
        },
        {
          "code": "ORU_R01.PATIENT_RESULT.PATIENT.NK1",
          "extension": [
            {
              "url": "http://hl7.org/fhir/uv/v2mappings/StructureDefinition/TypeInfo",
              "extension": [
                {
                  "url": "cardinalityMin",
                  "valueInteger": 0
                },
                {
                  "url": "cardinalityMax",
                  "valueInteger": -1
                }
              ]
            }
          ],
          "display": "Next of Kin/Associated Parties",
          "target": [
            {
              "equivalence": "equivalent",
              "code": "Patient[1]",
              "display": "Patient[1]",
              "comment": "Typically, each NK1 will be translated to either a new RelatedPerson resource or added as a new occurrence of Patient.contact, but it's possible to insert the NK1 data into both structures.",
              "dependsOn": [
                {
                  "property": "Narrative-Condition",
                  "value": "The FHIR location will depend on the nature of the data being exchanged and how the systems use next of kin data"
                }
              ]
            }
          ]
        },
        {
          "code": "ORU_R01.PATIENT_RESULT.PATIENT.PATIENT_OBSERVATION.OBX",
          "extension": [
            {
              "url": "http://hl7.org/fhir/uv/v2mappings/StructureDefinition/TypeInfo",
              "extension": [
                {
                  "url": "cardinalityMin",
                  "valueInteger": 1
                },
                {
                  "url": "cardinalityMax",
                  "valueInteger": 1
                }
              ]
            }
          ],
          "display": "Observation (for Patient ID)",
          "target": [
            {
              "equivalence": "equivalent",
              "code": "Observation[1]",
              "display": "Observation[1]",
              "dependsOn": [
                {
                  "property": "Computable-ANTLR",
                  "value": "IF OBX-5 LST.count LESS THAN OR EQUALS 1 OR OBX-2 IS \"NA\""
                }
              ]
            }
          ]
        },
        {
          "code": "ORU_R01.PATIENT_RESULT.PATIENT.PATIENT_OBSERVATION.OBX",
          "extension": [
            {
              "url": "http://hl7.org/fhir/uv/v2mappings/StructureDefinition/TypeInfo",
              "extension": [
                {
                  "url": "cardinalityMin",
                  "valueInteger": 1
                },
                {
                  "url": "cardinalityMax",
                  "valueInteger": 1
                }
              ]
            }
          ],
          "display": "Observation (for Patient ID)",
          "target": [
            {
              "equivalence": "equivalent",
              "code": "Observation[1]",
              "display": "Observation[1]",
              "comment": "Note that when OBX-5 repeats, the standard mapping is to use Observation.component (see OBX[Observation-Component] map) rather than creating separate Observation instances.  However, we are aware that some profiles and implementation guides do separate the OBX into multiple observations depending on the OBX-2 value.  This is an example of a non-standard interpretation as the OBX should have been separated into multiple OBX segments to start.  Please consider the local profiles and implementation guides on how to manage these variants.",
              "dependsOn": [
                {
                  "property": "Computable-ANTLR",
                  "value": "IF  OBX-5 LST.count GREATER THAN 1 AND OBX-2 IS NOT \"NA\""
                }
              ]
            }
          ]
        },
        {
          "code": "ORU_R01.PATIENT_RESULT.PATIENT.PATIENT_OBSERVATION.PRT",
          "extension": [
            {
              "url": "http://hl7.org/fhir/uv/v2mappings/StructureDefinition/TypeInfo",
              "extension": [
                {
                  "url": "cardinalityMin",
                  "valueInteger": 0
                },
                {
                  "url": "cardinalityMax",
                  "valueInteger": -1
                }
              ]
            }
          ],
          "display": "Participation (Observation Participation)",
          "target": [
            {
              "equivalence": "equivalent",
              "code": "Device",
              "display": "Device",
              "comment": "If PRT-2 is set to \"D\" and \"inactive\" cannot be used, please submit a JIRA with context and rationale.",
              "dependsOn": [
                {
                  "property": "Computable-ANTLR",
                  "value": "IF PRT-10 VALUED"
                },
                {
                  "property": "Narrative-Condition",
                  "value": "If PRT-2 is valued to \"D\", delete, then the implementer needs to consider whether to create a Device with Device.status = \"inactive\"."
                }
              ]
            }
          ]
        },
        {
          "code": "ORU_R01.PATIENT_RESULT.PATIENT.PATIENT_OBSERVATION.PRT",
          "extension": [
            {
              "url": "http://hl7.org/fhir/uv/v2mappings/StructureDefinition/TypeInfo",
              "extension": [
                {
                  "url": "cardinalityMin",
                  "valueInteger": 0
                },
                {
                  "url": "cardinalityMax",
                  "valueInteger": -1
                }
              ]
            }
          ],
          "display": "Participation (Observation Participation)",
          "target": [
            {
              "equivalence": "equivalent",
              "code": "Observation[1]",
              "display": "Observation[1]",
              "comment": "If PRT-2 is set to \"D\" and \"inactive\" cannot be used, please submit a JIRA with context and rationale.",
              "dependsOn": [
                {
                  "property": "Computable-ANTLR",
                  "value": "IF PRT-9 VALUED OR IF PRT-14 VALUED"
                },
                {
                  "property": "Narrative-Condition",
                  "value": "If PRT-2 is valued to \"D\", delete, then the implementer needs to consider whether to create a Device with Device.status = \"inactive\"."
                }
              ]
            }
          ]
        },
        {
          "code": "ORU_R01.PATIENT_RESULT.PATIENT.PATIENT_OBSERVATION.PRT",
          "extension": [
            {
              "url": "http://hl7.org/fhir/uv/v2mappings/StructureDefinition/TypeInfo",
              "extension": [
                {
                  "url": "cardinalityMin",
                  "valueInteger": 0
                },
                {
                  "url": "cardinalityMax",
                  "valueInteger": -1
                }
              ]
            }
          ],
          "display": "Participation (Observation Participation)",
          "target": [
            {
              "equivalence": "equivalent",
              "code": "PractitionerRole[1]",
              "display": "PractitionerRole[1]",
              "comment": "If PRT-2 is set to \"D\" and \"inactive\" cannot be used, please submit a JIRA with context and rationale.",
              "dependsOn": [
                {
                  "property": "Computable-ANTLR",
                  "value": "IF PRT-5 VALUED"
                },
                {
                  "property": "Narrative-Condition",
                  "value": "If PRT-2 is valued to \"D\", delete, then the implementer needs to consider whether to create a Device with Device.status = \"inactive\"."
                }
              ]
            }
          ]
        },
        {
          "code": "ORU_R01.PATIENT_RESULT.PATIENT.VISIT.PV1",
          "extension": [
            {
              "url": "http://hl7.org/fhir/uv/v2mappings/StructureDefinition/TypeInfo",
              "extension": [
                {
                  "url": "cardinalityMin",
                  "valueInteger": 1
                },
                {
                  "url": "cardinalityMax",
                  "valueInteger": 1
                }
              ]
            }
          ],
          "display": "Patient Visit",
          "target": [
            {
              "equivalence": "equivalent",
              "code": "Encounter[1]",
              "display": "Encounter[1]",
              "comment": "Processing of the PV1 segment results in the creation of a new Encounter resource"
            }
          ]
        },
        {
          "code": "ORU_R01.PATIENT_RESULT.PATIENT.VISIT.PV1",
          "extension": [
            {
              "url": "http://hl7.org/fhir/uv/v2mappings/StructureDefinition/TypeInfo",
              "extension": [
                {
                  "url": "cardinalityMin",
                  "valueInteger": 1
                },
                {
                  "url": "cardinalityMax",
                  "valueInteger": 1
                }
              ]
            }
          ],
          "display": "Patient Visit",
          "target": [
            {
              "equivalence": "equivalent",
              "code": "Basic",
              "display": "Basic",
              "dependsOn": [
                {
                  "property": "Computable-ANTLR",
                  "value": "IF PV1-43 VALUED"
                }
              ]
            }
          ]
        },
        {
          "code": "ORU_R01.PATIENT_RESULT.PATIENT.VISIT.PV1",
          "extension": [
            {
              "url": "http://hl7.org/fhir/uv/v2mappings/StructureDefinition/TypeInfo",
              "extension": [
                {
                  "url": "cardinalityMin",
                  "valueInteger": 1
                },
                {
                  "url": "cardinalityMax",
                  "valueInteger": 1
                }
              ]
            }
          ],
          "display": "Patient Visit",
          "target": [
            {
              "equivalence": "equivalent",
              "code": "Patient[1]",
              "display": "Patient[1]"
            }
          ]
        },
        {
          "code": "ORU_R01.PATIENT_RESULT.PATIENT.VISIT.PV1",
          "extension": [
            {
              "url": "http://hl7.org/fhir/uv/v2mappings/StructureDefinition/TypeInfo",
              "extension": [
                {
                  "url": "cardinalityMin",
                  "valueInteger": 1
                },
                {
                  "url": "cardinalityMax",
                  "valueInteger": 1
                }
              ]
            }
          ],
          "display": "Patient Visit",
          "target": [
            {
              "equivalence": "equivalent",
              "code": "Coverage[1]",
              "display": "Coverage[1]",
              "dependsOn": [
                {
                  "property": "Computable-ANTLR",
                  "value": "IF PV1-20 VALUE"
                }
              ]
            }
          ]
        },
        {
          "code": "ORU_R01.PATIENT_RESULT.PATIENT.VISIT.PV2",
          "extension": [
            {
              "url": "http://hl7.org/fhir/uv/v2mappings/StructureDefinition/TypeInfo",
              "extension": [
                {
                  "url": "cardinalityMin",
                  "valueInteger": 0
                },
                {
                  "url": "cardinalityMax",
                  "valueInteger": 1
                }
              ]
            }
          ],
          "display": "Patient Visit - Additional Info",
          "target": [
            {
              "equivalence": "equivalent",
              "code": "Encounter[1]",
              "display": "Encounter[1]",
              "comment": "Incorporate PV2 content into the Encounter created from the PV1 segment."
            }
          ]
        },
        {
          "code": "ORU_R01.PATIENT_RESULT.PATIENT.VISIT.PRT",
          "extension": [
            {
              "url": "http://hl7.org/fhir/uv/v2mappings/StructureDefinition/TypeInfo",
              "extension": [
                {
                  "url": "cardinalityMin",
                  "valueInteger": 0
                },
                {
                  "url": "cardinalityMax",
                  "valueInteger": -1
                }
              ]
            }
          ],
          "display": "Participation (for Patient Visit)",
          "target": [
            {
              "equivalence": "equivalent",
              "code": "PractitionerRole[2]",
              "display": "PractitionerRole[2]",
              "comment": "Incorporate PRT content into the Encounter created from the PV1 segment.\nIf PRT-2 is set to \"D\" and \"inactive\" cannot be used, please submit a JIRA with context and rationale.\\",
              "dependsOn": [
                {
                  "property": "Narrative-Condition",
                  "value": "If PRT-2 is valued to \"D\", delete, then the implementer needs to consider whether to create a Device with Device.status = \"inactive\"."
                }
              ]
            }
          ]
        },
        {
          "code": "ORU_R01.PATIENT_RESULT.ORDER_OBSERVATION.COMMON_ORDER.ORC",
          "extension": [
            {
              "url": "http://hl7.org/fhir/uv/v2mappings/StructureDefinition/TypeInfo",
              "extension": [
                {
                  "url": "cardinalityMin",
                  "valueInteger": 1
                },
                {
                  "url": "cardinalityMax",
                  "valueInteger": 1
                }
              ]
            }
          ],
          "display": "Order common",
          "target": [
            {
              "equivalence": "equivalent",
              "code": "DiagnosticReport[1]",
              "display": "DiagnosticReport[1]",
              "comment": "Processing of each ORC segment results in the creation of a new DiagnosticReport resource"
            }
          ]
        },
        {
          "code": "ORU_R01.PATIENT_RESULT.ORDER_OBSERVATION.COMMON_ORDER.ORC",
          "extension": [
            {
              "url": "http://hl7.org/fhir/uv/v2mappings/StructureDefinition/TypeInfo",
              "extension": [
                {
                  "url": "cardinalityMin",
                  "valueInteger": 1
                },
                {
                  "url": "cardinalityMax",
                  "valueInteger": 1
                }
              ]
            }
          ],
          "display": "Order common",
          "target": [
            {
              "equivalence": "equivalent",
              "code": "ServiceRequest[1]",
              "display": "ServiceRequest[1]",
              "dependsOn": [
                {
                  "property": "Narrative-Condition",
                  "value": "If a ServiceRequest needs to be created for the receiver."
                }
              ]
            }
          ]
        },
        {
          "code": "ORU_R01.PATIENT_RESULT.ORDER_OBSERVATION.COMMON_ORDER.PRT",
          "extension": [
            {
              "url": "http://hl7.org/fhir/uv/v2mappings/StructureDefinition/TypeInfo",
              "extension": [
                {
                  "url": "cardinalityMin",
                  "valueInteger": 0
                },
                {
                  "url": "cardinalityMax",
                  "valueInteger": -1
                }
              ]
            }
          ],
          "display": "Participation (for Observation)",
          "target": [
            {
              "equivalence": "equivalent",
              "code": "PractitionerRole[3]",
              "display": "PractitionerRole[3]",
              "dependsOn": [
                {
                  "property": "Computable-ANTLR",
                  "value": "IF PRT-4.1 EQUALS \"OP\" AND PRT-4.3 EQUALS \"HL70443\""
                },
                {
                  "property": "Computable-FHIRPath",
                  "value": "(element(\"4.1\")=\"OP\")and(element(\"4.3\")=\"HL70443\")"
                },
                {
                  "property": "Narrative-Condition",
                  "value": "If PRT-2 is valued to \"D\", delete, then the implementer needs to consider whether to create a Device with Device.status = \"inactive\"."
                }
              ]
            }
          ]
        },
        {
          "code": "ORU_R01.PATIENT_RESULT.ORDER_OBSERVATION.OBR",
          "extension": [
            {
              "url": "http://hl7.org/fhir/uv/v2mappings/StructureDefinition/TypeInfo",
              "extension": [
                {
                  "url": "cardinalityMin",
                  "valueInteger": 1
                },
                {
                  "url": "cardinalityMax",
                  "valueInteger": 1
                }
              ]
            }
          ],
          "display": "Observations Request",
          "target": [
            {
              "equivalence": "equivalent",
              "code": "DiagnosticReport[1]",
              "display": "DiagnosticReport[1]",
              "comment": "Incorporate OBR content into the DiagnosticReport created from the ORC segment in the same segment group."
            }
          ]
        },
        {
          "code": "ORU_R01.PATIENT_RESULT.ORDER_OBSERVATION.OBR",
          "extension": [
            {
              "url": "http://hl7.org/fhir/uv/v2mappings/StructureDefinition/TypeInfo",
              "extension": [
                {
                  "url": "cardinalityMin",
                  "valueInteger": 1
                },
                {
                  "url": "cardinalityMax",
                  "valueInteger": 1
                }
              ]
            }
          ],
          "display": "Observations Request",
          "target": [
            {
              "equivalence": "equivalent",
              "code": "Specimen[1]",
              "display": "Specimen[1]",
              "comment": "The OBR specimen data yields one Specimen resource that all Observations generated for the same OBR need to reference."
            }
          ]
        },
        {
          "code": "ORU_R01.PATIENT_RESULT.ORDER_OBSERVATION.OBR",
          "extension": [
            {
              "url": "http://hl7.org/fhir/uv/v2mappings/StructureDefinition/TypeInfo",
              "extension": [
                {
                  "url": "cardinalityMin",
                  "valueInteger": 1
                },
                {
                  "url": "cardinalityMax",
                  "valueInteger": 1
                }
              ]
            }
          ],
          "display": "Observations Request",
          "target": [
            {
              "equivalence": "equivalent",
              "code": "ServiceRequest[1]",
              "display": "ServiceRequest[1]",
              "comment": "Mapping to ServiceRequest as well is needed if the receiver is not the originator of the order to which this results message responds.  This mapping will be completed once OMG/OML mapping is sufficiently completed.  We will add the other segment mappings below to ServiceRequest then as well.",
              "dependsOn": [
                {
                  "property": "Computable-ANTLR",
                  "value": "IF ORC VALUED"
                },
                {
                  "property": "Narrative-Condition",
                  "value": "If a ServiceRequest needs to be created for the receiver."
                }
              ]
            }
          ]
        },
        {
          "code": "ORU_R01.PATIENT_RESULT.ORDER_OBSERVATION.PRT",
          "extension": [
            {
              "url": "http://hl7.org/fhir/uv/v2mappings/StructureDefinition/TypeInfo",
              "extension": [
                {
                  "url": "cardinalityMin",
                  "valueInteger": 0
                },
                {
                  "url": "cardinalityMax",
                  "valueInteger": -1
                }
              ]
            }
          ],
          "display": "Participation (for Observation)",
          "target": [
            {
              "equivalence": "equivalent",
              "code": "PractitionerRole[4]",
              "display": "PractitionerRole[4]",
              "comment": "If PRT-2 is set to \"D\" and \"inactive\" cannot be used, please submit a JIRA with context and rationale.",
              "dependsOn": [
                {
                  "property": "Computable-ANTLR",
                  "value": "IF PRT-4.1 IN (\"ARI\",\"TN\",\"TR\") AND PRT-4.3 EQUALS \"HL70443\""
                },
                {
                  "property": "Computable-FHIRPath",
                  "value": "PRT.element(4.1) in (\"ARI\",\"TN\", \"TR\")and(PRT.element(4.3)=\"HL70443\")"
                },
                {
                  "property": "Narrative-Condition",
                  "value": "If PRT-2 is valued to \"D\", delete, then the implementer needs to consider whether to create a Device with Device.status = \"inactive\"."
                }
              ]
            }
          ]
        },
        {
          "code": "ORU_R01.PATIENT_RESULT.ORDER_OBSERVATION.PRT",
          "extension": [
            {
              "url": "http://hl7.org/fhir/uv/v2mappings/StructureDefinition/TypeInfo",
              "extension": [
                {
                  "url": "cardinalityMin",
                  "valueInteger": 0
                },
                {
                  "url": "cardinalityMax",
                  "valueInteger": -1
                }
              ]
            }
          ],
          "display": "Participation (for Observation)",
          "target": [
            {
              "equivalence": "equivalent",
              "code": "PractitionerRole[5]",
              "display": "PractitionerRole[5]",
              "comment": "If PRT-2 is set to \"D\" and \"inactive\" cannot be used, please submit a JIRA with context and rationale.",
              "dependsOn": [
                {
                  "property": "Computable-ANTLR",
                  "value": "IF PRT-4.1 EQUALS \"PRI\" AND PRT-4.3 EQUALS \"HL70443\""
                },
                {
                  "property": "Computable-FHIRPath",
                  "value": "(PRT.element(4.1)=\"PRI\")and(PRT.element(4.3)=\"HL70443\")"
                },
                {
                  "property": "Narrative-Condition",
                  "value": "If PRT-2 is valued to \"D\", delete, then the implementer needs to consider whether to create a Device with Device.status = \"inactive\"."
                }
              ]
            }
          ]
        },
        {
          "code": "ORU_R01.PATIENT_RESULT.ORDER_OBSERVATION.PRT",
          "extension": [
            {
              "url": "http://hl7.org/fhir/uv/v2mappings/StructureDefinition/TypeInfo",
              "extension": [
                {
                  "url": "cardinalityMin",
                  "valueInteger": 0
                },
                {
                  "url": "cardinalityMax",
                  "valueInteger": -1
                }
              ]
            }
          ],
          "display": "Participation (for Observation)",
          "target": [
            {
              "equivalence": "equivalent",
              "code": "PractitionerRole[6]",
              "display": "PractitionerRole[6]",
              "comment": "If PRT-2 is set to \"D\" and \"inactive\" cannot be used, please submit a JIRA with context and rationale.",
              "dependsOn": [
                {
                  "property": "Computable-ANTLR",
                  "value": "IF PRT-4.1 EQUALS \"SC\" AND PRT-4.3 EQUALS \"HL70443\""
                },
                {
                  "property": "Computable-FHIRPath",
                  "value": "(element(\"4.1\")=\"SC\")and(element(\"4.3\")=\"HL70443\")"
                },
                {
                  "property": "Narrative-Condition",
                  "value": "If PRT-2 is valued to \"D\", delete, then the implementer needs to consider whether to create a Device with Device.status = \"inactive\"."
                }
              ]
            }
          ]
        },
        {
          "code": "ORU_R01.PATIENT_RESULT.ORDER_OBSERVATION.PRT",
          "extension": [
            {
              "url": "http://hl7.org/fhir/uv/v2mappings/StructureDefinition/TypeInfo",
              "extension": [
                {
                  "url": "cardinalityMin",
                  "valueInteger": 0
                },
                {
                  "url": "cardinalityMax",
                  "valueInteger": -1
                }
              ]
            }
          ],
          "display": "Participation (for Observation)",
          "target": [
            {
              "equivalence": "equivalent",
              "code": "PractitionerRole[3]",
              "display": "PractitionerRole[3]",
              "comment": "If PRT-2 is set to \"D\" and \"inactive\" cannot be used, please submit a JIRA with context and rationale.",
              "dependsOn": [
                {
                  "property": "Computable-ANTLR",
                  "value": "IF PRT-4.1 EQUALS \"OP\" AND PRT-4.3 EQUALS \"HL70443\""
                },
                {
                  "property": "Computable-FHIRPath",
                  "value": "(element(\"4.1\")=\"OP\")and(element(\"4.3\")=\"HL70443\")"
                },
                {
                  "property": "Narrative-Condition",
                  "value": "If PRT-2 is valued to \"D\", delete, then the implementer needs to consider whether to create a Device with Device.status = \"inactive\"."
                }
              ]
            }
          ]
        },
        {
          "code": "ORU_R01.PATIENT_RESULT.ORDER_OBSERVATION.OBSERVATION.OBX",
          "extension": [
            {
              "url": "http://hl7.org/fhir/uv/v2mappings/StructureDefinition/TypeInfo",
              "extension": [
                {
                  "url": "cardinalityMin",
                  "valueInteger": 1
                },
                {
                  "url": "cardinalityMax",
                  "valueInteger": 1
                }
              ]
            }
          ],
          "display": "Observation related to OBR",
          "target": [
            {
              "equivalence": "equivalent",
              "code": "Observation[2]",
              "display": "Observation[2]",
              "comment": "Implementers should consider the use case where OBX-5 repeats in a given OBX segment. Because the Observation value element is not allowed to repeat, multiple occurrences of OBX-5 must be handled either through the creation of multiple Observation resources, the use of Observation components, the concatenation of the results into a single value or another solution appropriate for the data and the implementation.\nNote that it is not clear that every OBX represents a results that can be associated with the encounter during which it was ordered/performed.\\",
              "dependsOn": [
                {
                  "property": "Computable-ANTLR",
                  "value": "IF (OBX-5 LST.count LESS THAN OR EQUALS 1 OR OBX-2 IS \"NA\") AND OBX-29 NOT IN (\"QST\", \"SCI\")"
                }
              ]
            }
          ]
        },
        {
          "code": "ORU_R01.PATIENT_RESULT.ORDER_OBSERVATION.OBSERVATION.OBX",
          "extension": [
            {
              "url": "http://hl7.org/fhir/uv/v2mappings/StructureDefinition/TypeInfo",
              "extension": [
                {
                  "url": "cardinalityMin",
                  "valueInteger": 1
                },
                {
                  "url": "cardinalityMax",
                  "valueInteger": 1
                }
              ]
            }
          ],
          "display": "Observation related to OBR",
          "target": [
            {
              "equivalence": "equivalent",
              "code": "Observation[2]",
              "display": "Observation[2]",
              "comment": "Implementers should consider the use case where OBX-5 repeats in a given OBX segment. Because the Observation value element is not allowed to repeat, multiple occurrences of OBX-5 must be handled either through the creation of multiple Observation resources, the use of Observation components, the concatenation of the results into a single value or another solution appropriate for the data and the implementation. When multiple OBX segments are tranformed into Observation components in a single Observation resource, implementers should consider how the metadata associated with the result (eg performer, status, date/time, etc) are populated. If the OBX segments being combined into a single resource contain different metadata, it must be considered whether or not the use of components is appropriate.",
              "dependsOn": [
                {
                  "property": "Computable-ANTLR",
                  "value": "IF (OBX-5 LST.count GREATER THAN 1 AND OBX-2 IS NOT \"NA\") AND OBX-29 NOT IN (\"QST\", \"SCI\")"
                }
              ]
            }
          ]
        },
        {
          "code": "ORU_R01.PATIENT_RESULT.ORDER_OBSERVATION.OBSERVATION.OBX",
          "extension": [
            {
              "url": "http://hl7.org/fhir/uv/v2mappings/StructureDefinition/TypeInfo",
              "extension": [
                {
                  "url": "cardinalityMin",
                  "valueInteger": 1
                },
                {
                  "url": "cardinalityMax",
                  "valueInteger": 1
                }
              ]
            }
          ],
          "display": "Observation related to OBR",
          "target": [
            {
              "equivalence": "equivalent",
              "code": "Observation[2]",
              "display": "Observation[2]",
              "dependsOn": [
                {
                  "property": "Computable-ANTLR",
                  "value": "IF (OBX-5 LST.count LESS THAN OR EQUALS 1 OR OBX-2 IS \"NA\") AND OBX-29 IN (\"QST\", \"SCI\")"
                }
              ]
            }
          ]
        },
        {
          "code": "ORU_R01.PATIENT_RESULT.ORDER_OBSERVATION.OBSERVATION.OBX",
          "extension": [
            {
              "url": "http://hl7.org/fhir/uv/v2mappings/StructureDefinition/TypeInfo",
              "extension": [
                {
                  "url": "cardinalityMin",
                  "valueInteger": 1
                },
                {
                  "url": "cardinalityMax",
                  "valueInteger": 1
                }
              ]
            }
          ],
          "display": "Observation related to OBR",
          "target": [
            {
              "equivalence": "equivalent",
              "code": "Observation[2]",
              "display": "Observation[2]",
              "dependsOn": [
                {
                  "property": "Computable-ANTLR",
                  "value": "IF (OBX-5 LST.count GREATER THAN 1 AND OBX-2 IS NOT \"NA\") AND OBX-29 AND OBX-29 IN (\"QST\", \"SCI\")"
                }
              ]
            }
          ]
        },
        {
          "code": "ORU_R01.PATIENT_RESULT.ORDER_OBSERVATION.OBSERVATION.PRT",
          "extension": [
            {
              "url": "http://hl7.org/fhir/uv/v2mappings/StructureDefinition/TypeInfo",
              "extension": [
                {
                  "url": "cardinalityMin",
                  "valueInteger": 0
                },
                {
                  "url": "cardinalityMax",
                  "valueInteger": -1
                }
              ]
            }
          ],
          "display": "Participation (Observation Participation)",
          "target": [
            {
              "equivalence": "equivalent",
              "code": "Device",
              "display": "Device",
              "comment": "If PRT-2 is set to \"D\" and \"inactive\" cannot be used, please submit a JIRA with context and rationale.",
              "dependsOn": [
                {
                  "property": "Computable-ANTLR",
                  "value": "IF PRT-10 VALUED"
                },
                {
                  "property": "Narrative-Condition",
                  "value": "If PRT-2 is valued to \"D\", delete, then the implementer needs to consider whether to create a Device with Device.status = \"inactive\"."
                }
              ]
            }
          ]
        },
        {
          "code": "ORU_R01.PATIENT_RESULT.ORDER_OBSERVATION.OBSERVATION.PRT",
          "extension": [
            {
              "url": "http://hl7.org/fhir/uv/v2mappings/StructureDefinition/TypeInfo",
              "extension": [
                {
                  "url": "cardinalityMin",
                  "valueInteger": 0
                },
                {
                  "url": "cardinalityMax",
                  "valueInteger": -1
                }
              ]
            }
          ],
          "display": "Participation (Observation Participation)",
          "target": [
            {
              "equivalence": "equivalent",
              "code": "Observation[2]",
              "display": "Observation[2]",
              "comment": "Incorporate PRT content into the Observation created from the OBX segment in the same segment group when it represents observation location information.\nIf PRT-2 is set to \"D\" and \"inactive\" cannot be used, please submit a JIRA with context and rationale.\\",
              "dependsOn": [
                {
                  "property": "Computable-ANTLR",
                  "value": "IF PRT-9 VALUED OR IF PRT-14 VALUED"
                },
                {
                  "property": "Narrative-Condition",
                  "value": "If PRT-2 is valued to \"D\", delete, then the implementer needs to consider whether to create a Device with Device.status = \"inactive\"."
                }
              ]
            }
          ]
        },
        {
          "code": "ORU_R01.PATIENT_RESULT.ORDER_OBSERVATION.OBSERVATION.PRT",
          "extension": [
            {
              "url": "http://hl7.org/fhir/uv/v2mappings/StructureDefinition/TypeInfo",
              "extension": [
                {
                  "url": "cardinalityMin",
                  "valueInteger": 0
                },
                {
                  "url": "cardinalityMax",
                  "valueInteger": -1
                }
              ]
            }
          ],
          "display": "Participation (Observation Participation)",
          "target": [
            {
              "equivalence": "equivalent",
              "code": "PractitionerRole[7]",
              "display": "PractitionerRole[7]",
              "comment": "Incorporate PRT content into the Observation created from the OBX segment in the same segment group when it represents observation practitioner information.\nIf PRT-2 is set to \"D\" and \"inactive\" cannot be used, please submit a JIRA with context and rationale.\\",
              "dependsOn": [
                {
                  "property": "Computable-ANTLR",
                  "value": "IF PRT-5 VALUED"
                },
                {
                  "property": "Narrative-Condition",
                  "value": "If PRT-2 is valued to \"D\", delete, then the implementer needs to consider whether to create a Device with Device.status = \"inactive\"."
                }
              ]
            }
          ]
        },
        {
          "code": "ORU_R01.PATIENT_RESULT.ORDER_OBSERVATION.OBSERVATION.NTE",
          "extension": [
            {
              "url": "http://hl7.org/fhir/uv/v2mappings/StructureDefinition/TypeInfo",
              "extension": [
                {
                  "url": "cardinalityMin",
                  "valueInteger": 0
                },
                {
                  "url": "cardinalityMax",
                  "valueInteger": -1
                }
              ]
            }
          ],
          "display": "Notes and comments",
          "target": [
            {
              "equivalence": "equivalent",
              "code": "Observation[2].note",
              "display": "Observation[2].note"
            }
          ]
        },
        {
          "code": "ORU_R01.PATIENT_RESULT.ORDER_OBSERVATION.SPECIMEN.SPM",
          "extension": [
            {
              "url": "http://hl7.org/fhir/uv/v2mappings/StructureDefinition/TypeInfo",
              "extension": [
                {
                  "url": "cardinalityMin",
                  "valueInteger": 1
                },
                {
                  "url": "cardinalityMax",
                  "valueInteger": 1
                }
              ]
            }
          ],
          "display": "Specimen",
          "target": [
            {
              "equivalence": "equivalent",
              "code": "Specimen[n]",
              "display": "Specimen[n]"
            }
          ]
        },
        {
          "code": "ORU_R01.PATIENT_RESULT.ORDER_OBSERVATION.SPECIMEN.SPECIMEN_OBSERVATION.OBX",
          "extension": [
            {
              "url": "http://hl7.org/fhir/uv/v2mappings/StructureDefinition/TypeInfo",
              "extension": [
                {
                  "url": "cardinalityMin",
                  "valueInteger": 1
                },
                {
                  "url": "cardinalityMax",
                  "valueInteger": 1
                }
              ]
            }
          ],
          "display": "Observation (for Patient ID)",
          "target": [
            {
              "equivalence": "equivalent",
              "code": "Observation[3]",
              "display": "Observation[3]",
              "dependsOn": [
                {
                  "property": "Computable-ANTLR",
                  "value": "IF OBX-5 LST.count LESS THAN OR EQUALS 1 OR OBX-2 IS \"NA\""
                }
              ]
            }
          ]
        },
        {
          "code": "ORU_R01.PATIENT_RESULT.ORDER_OBSERVATION.SPECIMEN.SPECIMEN_OBSERVATION.OBX",
          "extension": [
            {
              "url": "http://hl7.org/fhir/uv/v2mappings/StructureDefinition/TypeInfo",
              "extension": [
                {
                  "url": "cardinalityMin",
                  "valueInteger": 1
                },
                {
                  "url": "cardinalityMax",
                  "valueInteger": 1
                }
              ]
            }
          ],
          "display": "Observation (for Patient ID)",
          "target": [
            {
              "equivalence": "equivalent",
              "code": "Observation[3]",
              "display": "Observation[3]",
              "dependsOn": [
                {
                  "property": "Computable-ANTLR",
                  "value": "IF OBX-5 LST.count GREATER THAN 1 AND OBX-2 IS NOT \"NA\""
                }
              ]
            }
          ]
        }
      ]
    }
  ]
}
