{
  "resourceType": "ConceptMap",
  "id": "table-hl70092-to-v2-0092",
  "url": "http://hl7.org/fhir/uv/v2mappings/ConceptMap/table-hl70092-to-v2-0092",
  "title": "Table HL70092 to V2 0092 Map",
  "description": "This ConceptMap represents a mapping from the HL7 V2 Table HL70092 to the FHIR V2 0092 Value Set.",
  "name": "TableHL70092ToV20092",
  "sourceUri": "http://terminology.hl7.org/ValueSet/v2-0092",
  "targetUri": "http://terminology.hl7.org/ValueSet/v2-0092",
  "version": "1.0",
  "status": "active",
  "experimental": true,
  "publisher": "HL7 International, Inc",
  "contact": [
    {
      "telecom": [
        {
          "system": "email",
          "value": "v2-to-fhir@lists.hl7.org"
        }
      ]
    }
  ],
  "date": "2025-08-23",
  "copyright": "Copyright (c) 2025, HL7 International, Inc., All Rights Reserved.",
  "extension": [
    {
      "url": "http://hl7.org/fhir/uv/v2mappings/StructureDefinition/RelatedArtifact",
      "extension": [
        {
          "url": "type",
          "valueCode": "derived-from"
        },
        {
          "url": "label",
          "valueString": "Table HL70092 to V2 0092.fsh"
        },
        {
          "url": "url",
          "valueUri": "https://docs.google.com/spreadsheets/d/1etqlWirZVdqipXGQ_9Uq1Wl6bN4DMp-SdL6Y8MnE4WE/edit#gid=0"
        }
      ]
    }
  ],
  "group": [
    {
      "source": "http://terminology.hl7.org/CodeSystem/v2-0092",
      "target": "http://terminology.hl7.org/CodeSystem/v2-0092",
      "element": [
        {
          "code": "R",
          "display": "Re-admission",
          "target": [
            {
              "equivalence": "equivalent",
              "code": "R",
              "display": "Re-admission"
            }
          ]
        }
      ]
    }
  ]
}
