{
  "resourceType": "ConceptMap",
  "id": "table-hl70322-to-event-status",
  "url": "http://hl7.org/fhir/uv/v2mappings/ConceptMap/table-hl70322-to-event-status",
  "title": "Table HL70322 to Event Status Map",
  "description": "This ConceptMap represents a mapping from the HL7 V2 Table HL70322 to the FHIR Event Status Value Set.",
  "name": "TableHL70322ToEventStatus",
  "sourceUri": "http://terminology.hl7.org/ValueSet/v2-0322",
  "targetUri": "http://hl7.org/fhir/ValueSet/event-status",
  "version": "1.0",
  "status": "active",
  "experimental": true,
  "publisher": "HL7 International, Inc",
  "contact": [
    {
      "telecom": [
        {
          "system": "email",
          "value": "v2-to-fhir@lists.hl7.org"
        }
      ]
    }
  ],
  "date": "2025-08-23",
  "copyright": "Copyright (c) 2025, HL7 International, Inc., All Rights Reserved.",
  "extension": [
    {
      "url": "http://hl7.org/fhir/uv/v2mappings/StructureDefinition/RelatedArtifact",
      "extension": [
        {
          "url": "type",
          "valueCode": "derived-from"
        },
        {
          "url": "label",
          "valueString": "Table HL70322 to Event Status.fsh"
        },
        {
          "url": "url",
          "valueUri": "https://docs.google.com/spreadsheets/d/1H1xwOSKaUkI5J7JUPiWR01WWFOnEQzwxwGLizknf0V4/edit#gid=0"
        }
      ]
    }
  ],
  "group": [
    {
      "source": "http://terminology.hl7.org/CodeSystem/v2-0322",
      "target": "http://hl7.org/fhir/event-status",
      "element": [
        {
          "code": "CP",
          "display": "Complete",
          "target": [
            {
              "equivalence": "equivalent",
              "code": "completed",
              "display": "Completed"
            }
          ]
        },
        {
          "code": "RE",
          "display": "Refused",
          "target": [
            {
              "equivalence": "equivalent",
              "code": "not-done",
              "display": "Not Done"
            }
          ]
        },
        {
          "code": "NA",
          "display": "Not Administered",
          "target": [
            {
              "equivalence": "equivalent",
              "code": "not-done",
              "display": "Not Done"
            }
          ]
        },
        {
          "code": "PA",
          "display": "Partially Administered",
          "target": [
            {
              "equivalence": "equivalent",
              "code": "completed",
              "display": "Completed"
            }
          ]
        }
      ]
    }
  ]
}
