{
  "resourceType": "ConceptMap",
  "id": "segment-ail-to-appointment",
  "url": "http://hl7.org/fhir/uv/v2mappings/ConceptMap/segment-ail-to-appointment",
  "title": "Segment AIL to Appointment Map",
  "description": "This ConceptMap represents a mapping from the HL7 V2 Segment AIL to the FHIR Appointment Resource.",
  "name": "SegmentAILToAppointment",
  "version": "1.0",
  "status": "active",
  "experimental": true,
  "publisher": "HL7 International, Inc",
  "contact": [
    {
      "telecom": [
        {
          "system": "email",
          "value": "v2-to-fhir@lists.hl7.org"
        }
      ]
    }
  ],
  "date": "2025-08-23",
  "copyright": "Copyright (c) 2025, HL7 International, Inc., All Rights Reserved.",
  "extension": [
    {
      "url": "http://hl7.org/fhir/uv/v2mappings/StructureDefinition/RelatedArtifact",
      "extension": [
        {
          "url": "type",
          "valueCode": "derived-from"
        },
        {
          "url": "label",
          "valueString": "Segment AIL to Appointment.fsh"
        },
        {
          "url": "url",
          "valueUri": "https://docs.google.com/spreadsheets/d/1ZIiSCg23gdsYPJn89PRipOIKfdV6zM28P-YmGYcFyvQ/edit#gid=0"
        }
      ]
    }
  ],
  "group": [
    {
      "element": [
        {
          "code": "AIL-3",
          "extension": [
            {
              "url": "http://hl7.org/fhir/uv/v2mappings/StructureDefinition/TypeInfo",
              "extension": [
                {
                  "url": "type",
                  "valueCode": "PL"
                },
                {
                  "url": "cardinalityMin",
                  "valueInteger": 1
                },
                {
                  "url": "cardinalityMax",
                  "valueInteger": 1
                }
              ]
            }
          ],
          "display": "Location Resource ID",
          "target": [
            {
              "equivalence": "equivalent",
              "code": "participant.actor[1]",
              "extension": [
                {
                  "url": "http://hl7.org/fhir/uv/v2mappings/StructureDefinition/TypeInfo",
                  "extension": [
                    {
                      "url": "type",
                      "valueCode": "Reference(Location)"
                    },
                    {
                      "url": "cardinalityMin",
                      "valueInteger": 0
                    },
                    {
                      "url": "cardinalityMax",
                      "valueInteger": 1
                    }
                  ]
                }
              ],
              "display": "participant.actor[1]"
            }
          ]
        },
        {
          "code": "AIL-6",
          "extension": [
            {
              "url": "http://hl7.org/fhir/uv/v2mappings/StructureDefinition/TypeInfo",
              "extension": [
                {
                  "url": "type",
                  "valueCode": "DTM"
                },
                {
                  "url": "cardinalityMin",
                  "valueInteger": 1
                },
                {
                  "url": "cardinalityMax",
                  "valueInteger": 1
                }
              ]
            }
          ],
          "display": "Start Date/Time",
          "target": [
            {
              "equivalence": "equivalent",
              "code": "participant.period.start",
              "display": "participant.period.start"
            }
          ]
        },
        {
          "code": "AIL-7",
          "extension": [
            {
              "url": "http://hl7.org/fhir/uv/v2mappings/StructureDefinition/TypeInfo",
              "extension": [
                {
                  "url": "type",
                  "valueCode": "NM"
                },
                {
                  "url": "cardinalityMin",
                  "valueInteger": 1
                },
                {
                  "url": "cardinalityMax",
                  "valueInteger": 1
                }
              ]
            }
          ],
          "display": "Start Date/Time Offset",
          "target": [
            {
              "equivalence": "equivalent",
              "code": "participant.period.start",
              "extension": [
                {
                  "url": "http://hl7.org/fhir/uv/v2mappings/StructureDefinition/TypeInfo",
                  "extension": [
                    {
                      "url": "assignment",
                      "valueString": "/.start + AIL-7 according to AIL-8 units/"
                    }
                  ]
                }
              ],
              "display": "participant.period.start",
              "dependsOn": [
                {
                  "property": "Computable-ANTLR",
                  "value": "IF AIL-6 NOT VALUED"
                }
              ]
            }
          ]
        },
        {
          "code": "AIL-9",
          "extension": [
            {
              "url": "http://hl7.org/fhir/uv/v2mappings/StructureDefinition/TypeInfo",
              "extension": [
                {
                  "url": "type",
                  "valueCode": "NM"
                },
                {
                  "url": "cardinalityMin",
                  "valueInteger": 1
                },
                {
                  "url": "cardinalityMax",
                  "valueInteger": 1
                }
              ]
            }
          ],
          "display": "Duration",
          "target": [
            {
              "equivalence": "equivalent",
              "code": "participant.period.end",
              "extension": [
                {
                  "url": "http://hl7.org/fhir/uv/v2mappings/StructureDefinition/TypeInfo",
                  "extension": [
                    {
                      "url": "assignment",
                      "valueString": "Appointment.participant.period.start + AIL-9"
                    }
                  ]
                }
              ],
              "display": "participant.period.end",
              "dependsOn": [
                {
                  "property": "Computable-ANTLR",
                  "value": "IF AIL-6 IS VALUED"
                }
              ]
            }
          ]
        }
      ]
    }
  ]
}
