{
  "resourceType": "ConceptMap",
  "id": "table-hl70487-to-v2-0487",
  "url": "http://hl7.org/fhir/uv/v2mappings/ConceptMap/table-hl70487-to-v2-0487",
  "title": "Table HL70487 to V2 0487 Map",
  "description": "This ConceptMap represents a mapping from the HL7 V2 Table HL70487 to the FHIR V2 0487 Value Set.",
  "name": "TableHL70487ToV20487",
  "sourceUri": "http://terminology.hl7.org/ValueSet/v2-0487",
  "targetUri": "http://terminology.hl7.org/ValueSet/v2-0487",
  "version": "1.0",
  "status": "active",
  "experimental": true,
  "publisher": "HL7 International, Inc",
  "contact": [
    {
      "telecom": [
        {
          "system": "email",
          "value": "v2-to-fhir@lists.hl7.org"
        }
      ]
    }
  ],
  "date": "2025-08-23",
  "copyright": "Copyright (c) 2025, HL7 International, Inc., All Rights Reserved.",
  "extension": [
    {
      "url": "http://hl7.org/fhir/uv/v2mappings/StructureDefinition/RelatedArtifact",
      "extension": [
        {
          "url": "type",
          "valueCode": "derived-from"
        },
        {
          "url": "label",
          "valueString": "Table HL70487 to V2 0487.fsh"
        },
        {
          "url": "url",
          "valueUri": "https://docs.google.com/spreadsheets/d/1lJmLyEs1rNyvr4Xepf5qTCJKQ_nHmeBMANqafle4Hpc/edit#gid=0"
        }
      ]
    }
  ],
  "group": [
    {
      "source": "http://terminology.hl7.org/CodeSystem/v2-0487",
      "target": "http://terminology.hl7.org/CodeSystem/v2-0487",
      "element": [
        {
          "code": "ABS",
          "display": "Abscess",
          "target": [
            {
              "equivalence": "equivalent",
              "code": "ABS",
              "display": "Abscess"
            }
          ]
        },
        {
          "code": "ACNE",
          "display": "Tissue, Acne",
          "target": [
            {
              "equivalence": "equivalent",
              "code": "ACNE",
              "display": "Tissue, Acne"
            }
          ]
        },
        {
          "code": "ACNFLD",
          "display": "Fluid, Acne",
          "target": [
            {
              "equivalence": "equivalent",
              "code": "ACNFLD",
              "display": "Fluid, Acne"
            }
          ]
        },
        {
          "code": "AIRS",
          "display": "Air Sample",
          "target": [
            {
              "equivalence": "equivalent",
              "code": "AIRS",
              "display": "Air Sample"
            }
          ]
        },
        {
          "code": "ALL",
          "display": "Allograft",
          "target": [
            {
              "equivalence": "equivalent",
              "code": "ALL",
              "display": "Allograft"
            }
          ]
        },
        {
          "code": "AMN",
          "display": "Amniotic fluid",
          "target": [
            {
              "equivalence": "equivalent",
              "code": "AMN",
              "display": "Amniotic fluid"
            }
          ]
        },
        {
          "code": "AMP",
          "display": "Amputation",
          "target": [
            {
              "equivalence": "equivalent",
              "code": "AMP",
              "display": "Amputation"
            }
          ]
        },
        {
          "code": "ANGI",
          "display": "Catheter Tip, Angio",
          "target": [
            {
              "equivalence": "equivalent",
              "code": "ANGI",
              "display": "Catheter Tip, Angio"
            }
          ]
        },
        {
          "code": "ARTC",
          "display": "Catheter Tip, Arterial",
          "target": [
            {
              "equivalence": "equivalent",
              "code": "ARTC",
              "display": "Catheter Tip, Arterial"
            }
          ]
        },
        {
          "code": "ASERU",
          "display": "Serum, Acute",
          "target": [
            {
              "equivalence": "equivalent",
              "code": "ASERU",
              "display": "Serum, Acute"
            }
          ]
        },
        {
          "code": "ASP",
          "display": "Aspirate",
          "target": [
            {
              "equivalence": "equivalent",
              "code": "ASP",
              "display": "Aspirate"
            }
          ]
        },
        {
          "code": "ATTE",
          "display": "Environment, Attest",
          "target": [
            {
              "equivalence": "equivalent",
              "code": "ATTE",
              "display": "Environment, Attest"
            }
          ]
        },
        {
          "code": "AUTOA",
          "display": "Environmental, Autoclave Ampule",
          "target": [
            {
              "equivalence": "equivalent",
              "code": "AUTOA",
              "display": "Environmental, Autoclave Ampule"
            }
          ]
        },
        {
          "code": "AUTOC",
          "display": "Environmental, Autoclave Capsule",
          "target": [
            {
              "equivalence": "equivalent",
              "code": "AUTOC",
              "display": "Environmental, Autoclave Capsule"
            }
          ]
        },
        {
          "code": "AUTP",
          "display": "Autopsy",
          "target": [
            {
              "equivalence": "equivalent",
              "code": "AUTP",
              "display": "Autopsy"
            }
          ]
        },
        {
          "code": "BBL",
          "display": "Blood bag",
          "target": [
            {
              "equivalence": "equivalent",
              "code": "BBL",
              "display": "Blood bag"
            }
          ]
        },
        {
          "code": "BCYST",
          "display": "Cyst, Baker's",
          "target": [
            {
              "equivalence": "equivalent",
              "code": "BCYST",
              "display": "Cyst, Baker's"
            }
          ]
        },
        {
          "code": "BDY",
          "display": "Whole body",
          "target": [
            {
              "equivalence": "equivalent",
              "code": "BDY",
              "display": "Whole body"
            }
          ]
        },
        {
          "code": "BIFL",
          "display": "Bile Fluid",
          "target": [
            {
              "equivalence": "equivalent",
              "code": "BIFL",
              "display": "Bile Fluid"
            }
          ]
        },
        {
          "code": "BITE",
          "display": "Bite",
          "target": [
            {
              "equivalence": "equivalent",
              "code": "BITE",
              "display": "Bite"
            }
          ]
        },
        {
          "code": "BLD",
          "display": "Whole blood",
          "target": [
            {
              "equivalence": "equivalent",
              "code": "BLD",
              "display": "Whole blood"
            }
          ]
        },
        {
          "code": "BLDA",
          "display": "Blood arterial",
          "target": [
            {
              "equivalence": "equivalent",
              "code": "BLDA",
              "display": "Blood arterial"
            }
          ]
        },
        {
          "code": "BLDCO",
          "display": "Cord blood",
          "target": [
            {
              "equivalence": "equivalent",
              "code": "BLDCO",
              "display": "Cord blood"
            }
          ]
        },
        {
          "code": "BLDV",
          "display": "Blood venous",
          "target": [
            {
              "equivalence": "equivalent",
              "code": "BLDV",
              "display": "Blood venous"
            }
          ]
        },
        {
          "code": "BLEB",
          "display": "Bleb",
          "target": [
            {
              "equivalence": "equivalent",
              "code": "BLEB",
              "display": "Bleb"
            }
          ]
        },
        {
          "code": "BLIST",
          "display": "Blister",
          "target": [
            {
              "equivalence": "equivalent",
              "code": "BLIST",
              "display": "Blister"
            }
          ]
        },
        {
          "code": "BOIL",
          "display": "Boil",
          "target": [
            {
              "equivalence": "equivalent",
              "code": "BOIL",
              "display": "Boil"
            }
          ]
        },
        {
          "code": "BON",
          "display": "Bone",
          "target": [
            {
              "equivalence": "equivalent",
              "code": "BON",
              "display": "Bone"
            }
          ]
        },
        {
          "code": "BOWL",
          "display": "Bowel contents",
          "target": [
            {
              "equivalence": "equivalent",
              "code": "BOWL",
              "display": "Bowel contents"
            }
          ]
        },
        {
          "code": "BPH",
          "display": "Basophils",
          "target": [
            {
              "equivalence": "equivalent",
              "code": "BPH",
              "display": "Basophils"
            }
          ]
        },
        {
          "code": "BPU",
          "display": "Blood product unit",
          "target": [
            {
              "equivalence": "equivalent",
              "code": "BPU",
              "display": "Blood product unit"
            }
          ]
        },
        {
          "code": "BRN",
          "display": "Burn",
          "target": [
            {
              "equivalence": "equivalent",
              "code": "BRN",
              "display": "Burn"
            }
          ]
        },
        {
          "code": "BRSH",
          "display": "Brush",
          "target": [
            {
              "equivalence": "equivalent",
              "code": "BRSH",
              "display": "Brush"
            }
          ]
        },
        {
          "code": "BRTH",
          "display": "Breath (use EXHLD)",
          "target": [
            {
              "equivalence": "equivalent",
              "code": "BRTH",
              "display": "Breath (use EXHLD)"
            }
          ]
        },
        {
          "code": "BRUS",
          "display": "Brushing",
          "target": [
            {
              "equivalence": "equivalent",
              "code": "BRUS",
              "display": "Brushing"
            }
          ]
        },
        {
          "code": "BUB",
          "display": "Bubo",
          "target": [
            {
              "equivalence": "equivalent",
              "code": "BUB",
              "display": "Bubo"
            }
          ]
        },
        {
          "code": "BULLA",
          "display": "Bulla/Bullae",
          "target": [
            {
              "equivalence": "equivalent",
              "code": "BULLA",
              "display": "Bulla/Bullae"
            }
          ]
        },
        {
          "code": "BX",
          "display": "Biopsy",
          "target": [
            {
              "equivalence": "equivalent",
              "code": "BX",
              "display": "Biopsy"
            }
          ]
        },
        {
          "code": "CALC",
          "display": "Calculus (=Stone)",
          "target": [
            {
              "equivalence": "equivalent",
              "code": "CALC",
              "display": "Calculus (=Stone)"
            }
          ]
        },
        {
          "code": "CARBU",
          "display": "Carbuncle",
          "target": [
            {
              "equivalence": "equivalent",
              "code": "CARBU",
              "display": "Carbuncle"
            }
          ]
        },
        {
          "code": "CAT",
          "display": "Catheter",
          "target": [
            {
              "equivalence": "equivalent",
              "code": "CAT",
              "display": "Catheter"
            }
          ]
        },
        {
          "code": "CBITE",
          "display": "Bite, Cat",
          "target": [
            {
              "equivalence": "equivalent",
              "code": "CBITE",
              "display": "Bite, Cat"
            }
          ]
        },
        {
          "code": "CDM",
          "display": "Cardiac muscle",
          "target": [
            {
              "equivalence": "equivalent",
              "code": "CDM",
              "display": "Cardiac muscle"
            }
          ]
        },
        {
          "code": "CLIPP",
          "display": "Clippings",
          "target": [
            {
              "equivalence": "equivalent",
              "code": "CLIPP",
              "display": "Clippings"
            }
          ]
        },
        {
          "code": "CNJT",
          "display": "Conjunctiva",
          "target": [
            {
              "equivalence": "equivalent",
              "code": "CNJT",
              "display": "Conjunctiva"
            }
          ]
        },
        {
          "code": "CNL",
          "display": "Cannula",
          "target": [
            {
              "equivalence": "equivalent",
              "code": "CNL",
              "display": "Cannula"
            }
          ]
        },
        {
          "code": "COL",
          "display": "Colostrum",
          "target": [
            {
              "equivalence": "equivalent",
              "code": "COL",
              "display": "Colostrum"
            }
          ]
        },
        {
          "code": "CONE",
          "display": "Biospy, Cone",
          "target": [
            {
              "equivalence": "equivalent",
              "code": "CONE",
              "display": "Biospy, Cone"
            }
          ]
        },
        {
          "code": "CSCR",
          "display": "Scratch, Cat",
          "target": [
            {
              "equivalence": "equivalent",
              "code": "CSCR",
              "display": "Scratch, Cat"
            }
          ]
        },
        {
          "code": "CSERU",
          "display": "Serum, Convalescent",
          "target": [
            {
              "equivalence": "equivalent",
              "code": "CSERU",
              "display": "Serum, Convalescent"
            }
          ]
        },
        {
          "code": "CSF",
          "display": "Cerebral spinal fluid",
          "target": [
            {
              "equivalence": "equivalent",
              "code": "CSF",
              "display": "Cerebral spinal fluid"
            }
          ]
        },
        {
          "code": "CSITE",
          "display": "Catheter Insertion Site",
          "target": [
            {
              "equivalence": "equivalent",
              "code": "CSITE",
              "display": "Catheter Insertion Site"
            }
          ]
        },
        {
          "code": "CSMY",
          "display": "Fluid, Cystostomy Tube",
          "target": [
            {
              "equivalence": "equivalent",
              "code": "CSMY",
              "display": "Fluid, Cystostomy Tube"
            }
          ]
        },
        {
          "code": "CST",
          "display": "Fluid, Cyst",
          "target": [
            {
              "equivalence": "equivalent",
              "code": "CST",
              "display": "Fluid, Cyst"
            }
          ]
        },
        {
          "code": "CSVR",
          "display": "Blood, Cell Saver",
          "target": [
            {
              "equivalence": "equivalent",
              "code": "CSVR",
              "display": "Blood, Cell Saver"
            }
          ]
        },
        {
          "code": "CTP",
          "display": "Catheter tip",
          "target": [
            {
              "equivalence": "equivalent",
              "code": "CTP",
              "display": "Catheter tip"
            }
          ]
        },
        {
          "code": "CUR",
          "display": "Curretage",
          "target": [
            {
              "equivalence": "equivalent",
              "code": "CUR",
              "display": "Curretage"
            }
          ]
        },
        {
          "code": "CVM",
          "display": "Cervical Mucus",
          "target": [
            {
              "equivalence": "equivalent",
              "code": "CVM",
              "display": "Cervical Mucus"
            }
          ]
        },
        {
          "code": "CVPS",
          "display": "Site, CVP",
          "target": [
            {
              "equivalence": "equivalent",
              "code": "CVPS",
              "display": "Site, CVP"
            }
          ]
        },
        {
          "code": "CVPT",
          "display": "Catheter Tip, CVP",
          "target": [
            {
              "equivalence": "equivalent",
              "code": "CVPT",
              "display": "Catheter Tip, CVP"
            }
          ]
        },
        {
          "code": "CYN",
          "display": "Nodule, Cystic",
          "target": [
            {
              "equivalence": "equivalent",
              "code": "CYN",
              "display": "Nodule, Cystic"
            }
          ]
        },
        {
          "code": "CYST",
          "display": "Cyst",
          "target": [
            {
              "equivalence": "equivalent",
              "code": "CYST",
              "display": "Cyst"
            }
          ]
        },
        {
          "code": "DBITE",
          "display": "Bite, Dog",
          "target": [
            {
              "equivalence": "equivalent",
              "code": "DBITE",
              "display": "Bite, Dog"
            }
          ]
        },
        {
          "code": "DCS",
          "display": "Sputum, Deep Cough",
          "target": [
            {
              "equivalence": "equivalent",
              "code": "DCS",
              "display": "Sputum, Deep Cough"
            }
          ]
        },
        {
          "code": "DEC",
          "display": "Ulcer, Decubitus",
          "target": [
            {
              "equivalence": "equivalent",
              "code": "DEC",
              "display": "Ulcer, Decubitus"
            }
          ]
        },
        {
          "code": "DEION",
          "display": "Environmental, Water (Deionized)",
          "target": [
            {
              "equivalence": "equivalent",
              "code": "DEION",
              "display": "Environmental, Water (Deionized)"
            }
          ]
        },
        {
          "code": "DIA",
          "display": "Dialysate",
          "target": [
            {
              "equivalence": "equivalent",
              "code": "DIA",
              "display": "Dialysate"
            }
          ]
        },
        {
          "code": "DIAF",
          "display": "Dialysis Fluid",
          "target": [
            {
              "equivalence": "equivalent",
              "code": "DIAF",
              "display": "Dialysis Fluid"
            }
          ]
        },
        {
          "code": "DISCHG",
          "display": "Discharge",
          "target": [
            {
              "equivalence": "equivalent",
              "code": "DISCHG",
              "display": "Discharge"
            }
          ]
        },
        {
          "code": "DIV",
          "display": "Diverticulum",
          "target": [
            {
              "equivalence": "equivalent",
              "code": "DIV",
              "display": "Diverticulum"
            }
          ]
        },
        {
          "code": "DRN",
          "display": "Drain",
          "target": [
            {
              "equivalence": "equivalent",
              "code": "DRN",
              "display": "Drain"
            }
          ]
        },
        {
          "code": "DRNG",
          "display": "Drainage, Tube",
          "target": [
            {
              "equivalence": "equivalent",
              "code": "DRNG",
              "display": "Drainage, Tube"
            }
          ]
        },
        {
          "code": "DRNGP",
          "display": "Drainage, Penrose",
          "target": [
            {
              "equivalence": "equivalent",
              "code": "DRNGP",
              "display": "Drainage, Penrose"
            }
          ]
        },
        {
          "code": "DUFL",
          "display": "Duodenal fluid",
          "target": [
            {
              "equivalence": "equivalent",
              "code": "DUFL",
              "display": "Duodenal fluid"
            }
          ]
        },
        {
          "code": "EARW",
          "display": "Ear wax (cerumen)",
          "target": [
            {
              "equivalence": "equivalent",
              "code": "EARW",
              "display": "Ear wax (cerumen)"
            }
          ]
        },
        {
          "code": "EBRUSH",
          "display": "Brush, Esophageal",
          "target": [
            {
              "equivalence": "equivalent",
              "code": "EBRUSH",
              "display": "Brush, Esophageal"
            }
          ]
        },
        {
          "code": "EEYE",
          "display": "Environmental, Eye Wash",
          "target": [
            {
              "equivalence": "equivalent",
              "code": "EEYE",
              "display": "Environmental, Eye Wash"
            }
          ]
        },
        {
          "code": "EFF",
          "display": "Environmental, Effluent",
          "target": [
            {
              "equivalence": "equivalent",
              "code": "EFF",
              "display": "Environmental, Effluent"
            }
          ]
        },
        {
          "code": "EFFUS",
          "display": "Effusion",
          "target": [
            {
              "equivalence": "equivalent",
              "code": "EFFUS",
              "display": "Effusion"
            }
          ]
        },
        {
          "code": "EFOD",
          "display": "Environmental, Food",
          "target": [
            {
              "equivalence": "equivalent",
              "code": "EFOD",
              "display": "Environmental, Food"
            }
          ]
        },
        {
          "code": "EISO",
          "display": "Environmental, Isolette",
          "target": [
            {
              "equivalence": "equivalent",
              "code": "EISO",
              "display": "Environmental, Isolette"
            }
          ]
        },
        {
          "code": "ELT",
          "display": "Electrode",
          "target": [
            {
              "equivalence": "equivalent",
              "code": "ELT",
              "display": "Electrode"
            }
          ]
        },
        {
          "code": "ENVIR",
          "display": "Environmental, Unidentified Substance",
          "target": [
            {
              "equivalence": "equivalent",
              "code": "ENVIR",
              "display": "Environmental, Unidentified Substance"
            }
          ]
        },
        {
          "code": "EOS",
          "display": "Eosinophils",
          "target": [
            {
              "equivalence": "equivalent",
              "code": "EOS",
              "display": "Eosinophils"
            }
          ]
        },
        {
          "code": "EOTH",
          "display": "Environmental, Other Substance",
          "target": [
            {
              "equivalence": "equivalent",
              "code": "EOTH",
              "display": "Environmental, Other Substance"
            }
          ]
        },
        {
          "code": "ESOI",
          "display": "Environmental, Soil",
          "target": [
            {
              "equivalence": "equivalent",
              "code": "ESOI",
              "display": "Environmental, Soil"
            }
          ]
        },
        {
          "code": "ESOS",
          "display": "Environmental, Solution (Sterile)",
          "target": [
            {
              "equivalence": "equivalent",
              "code": "ESOS",
              "display": "Environmental, Solution (Sterile)"
            }
          ]
        },
        {
          "code": "ETA",
          "display": "Aspirate, Endotrach",
          "target": [
            {
              "equivalence": "equivalent",
              "code": "ETA",
              "display": "Aspirate, Endotrach"
            }
          ]
        },
        {
          "code": "ETTP",
          "display": "Catheter Tip, Endotracheal",
          "target": [
            {
              "equivalence": "equivalent",
              "code": "ETTP",
              "display": "Catheter Tip, Endotracheal"
            }
          ]
        },
        {
          "code": "ETTUB",
          "display": "Tube, Endotracheal",
          "target": [
            {
              "equivalence": "equivalent",
              "code": "ETTUB",
              "display": "Tube, Endotracheal"
            }
          ]
        },
        {
          "code": "EWHI",
          "display": "Environmental, Whirlpool",
          "target": [
            {
              "equivalence": "equivalent",
              "code": "EWHI",
              "display": "Environmental, Whirlpool"
            }
          ]
        },
        {
          "code": "EXG",
          "display": "Gas, exhaled (=breath)",
          "target": [
            {
              "equivalence": "equivalent",
              "code": "EXG",
              "display": "Gas, exhaled (=breath)"
            }
          ]
        },
        {
          "code": "EXS",
          "display": "Shunt, External",
          "target": [
            {
              "equivalence": "equivalent",
              "code": "EXS",
              "display": "Shunt, External"
            }
          ]
        },
        {
          "code": "EXUDTE",
          "display": "Exudate",
          "target": [
            {
              "equivalence": "equivalent",
              "code": "EXUDTE",
              "display": "Exudate"
            }
          ]
        },
        {
          "code": "FAW",
          "display": "Environmental, Water (Well)",
          "target": [
            {
              "equivalence": "equivalent",
              "code": "FAW",
              "display": "Environmental, Water (Well)"
            }
          ]
        },
        {
          "code": "FBLOOD",
          "display": "Blood, Fetal",
          "target": [
            {
              "equivalence": "equivalent",
              "code": "FBLOOD",
              "display": "Blood, Fetal"
            }
          ]
        },
        {
          "code": "FGA",
          "display": "Fluid, Abdomen",
          "target": [
            {
              "equivalence": "equivalent",
              "code": "FGA",
              "display": "Fluid, Abdomen"
            }
          ]
        },
        {
          "code": "FIB",
          "display": "Fibroblasts",
          "target": [
            {
              "equivalence": "equivalent",
              "code": "FIB",
              "display": "Fibroblasts"
            }
          ]
        },
        {
          "code": "FIST",
          "display": "Fistula",
          "target": [
            {
              "equivalence": "equivalent",
              "code": "FIST",
              "display": "Fistula"
            }
          ]
        },
        {
          "code": "FLD",
          "display": "Fluid, Other",
          "target": [
            {
              "equivalence": "equivalent",
              "code": "FLD",
              "display": "Fluid, Other"
            }
          ]
        },
        {
          "code": "FLT",
          "display": "Filter",
          "target": [
            {
              "equivalence": "equivalent",
              "code": "FLT",
              "display": "Filter"
            }
          ]
        },
        {
          "code": "FLU",
          "display": "Fluid, Body unsp",
          "target": [
            {
              "equivalence": "equivalent",
              "code": "FLU",
              "display": "Fluid, Body unsp"
            }
          ]
        },
        {
          "code": "FLUID",
          "display": "Fluid",
          "target": [
            {
              "equivalence": "equivalent",
              "code": "FLUID",
              "display": "Fluid"
            }
          ]
        },
        {
          "code": "FOLEY",
          "display": "Catheter Tip, Foley",
          "target": [
            {
              "equivalence": "equivalent",
              "code": "FOLEY",
              "display": "Catheter Tip, Foley"
            }
          ]
        },
        {
          "code": "FRS",
          "display": "Fluid, Respiratory",
          "target": [
            {
              "equivalence": "equivalent",
              "code": "FRS",
              "display": "Fluid, Respiratory"
            }
          ]
        },
        {
          "code": "FSCLP",
          "display": "Scalp, Fetal",
          "target": [
            {
              "equivalence": "equivalent",
              "code": "FSCLP",
              "display": "Scalp, Fetal"
            }
          ]
        },
        {
          "code": "FUR",
          "display": "Furuncle",
          "target": [
            {
              "equivalence": "equivalent",
              "code": "FUR",
              "display": "Furuncle"
            }
          ]
        },
        {
          "code": "GAS",
          "display": "Gas",
          "target": [
            {
              "equivalence": "equivalent",
              "code": "GAS",
              "display": "Gas"
            }
          ]
        },
        {
          "code": "GASA",
          "display": "Aspirate, Gastric",
          "target": [
            {
              "equivalence": "equivalent",
              "code": "GASA",
              "display": "Aspirate, Gastric"
            }
          ]
        },
        {
          "code": "GASAN",
          "display": "Antrum, Gastric",
          "target": [
            {
              "equivalence": "equivalent",
              "code": "GASAN",
              "display": "Antrum, Gastric"
            }
          ]
        },
        {
          "code": "GASBR",
          "display": "Brushing, Gastric",
          "target": [
            {
              "equivalence": "equivalent",
              "code": "GASBR",
              "display": "Brushing, Gastric"
            }
          ]
        },
        {
          "code": "GASD",
          "display": "Drainage, Gastric",
          "target": [
            {
              "equivalence": "equivalent",
              "code": "GASD",
              "display": "Drainage, Gastric"
            }
          ]
        },
        {
          "code": "GAST",
          "display": "Fluid/contents, Gastric",
          "target": [
            {
              "equivalence": "equivalent",
              "code": "GAST",
              "display": "Fluid/contents, Gastric"
            }
          ]
        },
        {
          "code": "GENL",
          "display": "Genital lochia",
          "target": [
            {
              "equivalence": "equivalent",
              "code": "GENL",
              "display": "Genital lochia"
            }
          ]
        },
        {
          "code": "GENV",
          "display": "Genital vaginal",
          "target": [
            {
              "equivalence": "equivalent",
              "code": "GENV",
              "display": "Genital vaginal"
            }
          ]
        },
        {
          "code": "GRAFT",
          "display": "Graft",
          "target": [
            {
              "equivalence": "equivalent",
              "code": "GRAFT",
              "display": "Graft"
            }
          ]
        },
        {
          "code": "GRAFTS",
          "display": "Graft Site",
          "target": [
            {
              "equivalence": "equivalent",
              "code": "GRAFTS",
              "display": "Graft Site"
            }
          ]
        },
        {
          "code": "GRANU",
          "display": "Granuloma",
          "target": [
            {
              "equivalence": "equivalent",
              "code": "GRANU",
              "display": "Granuloma"
            }
          ]
        },
        {
          "code": "GROSH",
          "display": "Catheter, Groshong",
          "target": [
            {
              "equivalence": "equivalent",
              "code": "GROSH",
              "display": "Catheter, Groshong"
            }
          ]
        },
        {
          "code": "GSOL",
          "display": "Solution, Gastrostomy",
          "target": [
            {
              "equivalence": "equivalent",
              "code": "GSOL",
              "display": "Solution, Gastrostomy"
            }
          ]
        },
        {
          "code": "GSPEC",
          "display": "Biopsy, Gastric",
          "target": [
            {
              "equivalence": "equivalent",
              "code": "GSPEC",
              "display": "Biopsy, Gastric"
            }
          ]
        },
        {
          "code": "GT",
          "display": "Tube, Gastric",
          "target": [
            {
              "equivalence": "equivalent",
              "code": "GT",
              "display": "Tube, Gastric"
            }
          ]
        },
        {
          "code": "GTUBE",
          "display": "Drainage Tube, Drainage (Gastrostomy)",
          "target": [
            {
              "equivalence": "equivalent",
              "code": "GTUBE",
              "display": "Drainage Tube, Drainage (Gastrostomy)"
            }
          ]
        },
        {
          "code": "HAR",
          "display": "Hair",
          "target": [
            {
              "equivalence": "equivalent",
              "code": "HAR",
              "display": "Hair"
            }
          ]
        },
        {
          "code": "HBITE",
          "display": "Bite, Human",
          "target": [
            {
              "equivalence": "equivalent",
              "code": "HBITE",
              "display": "Bite, Human"
            }
          ]
        },
        {
          "code": "HBLUD",
          "display": "Blood, Autopsy",
          "target": [
            {
              "equivalence": "equivalent",
              "code": "HBLUD",
              "display": "Blood, Autopsy"
            }
          ]
        },
        {
          "code": "HEMAQ",
          "display": "Catheter Tip, Hemaquit",
          "target": [
            {
              "equivalence": "equivalent",
              "code": "HEMAQ",
              "display": "Catheter Tip, Hemaquit"
            }
          ]
        },
        {
          "code": "HEMO",
          "display": "Catheter Tip, Hemovac",
          "target": [
            {
              "equivalence": "equivalent",
              "code": "HEMO",
              "display": "Catheter Tip, Hemovac"
            }
          ]
        },
        {
          "code": "HERNI",
          "display": "Tissue, Herniated",
          "target": [
            {
              "equivalence": "equivalent",
              "code": "HERNI",
              "display": "Tissue, Herniated"
            }
          ]
        },
        {
          "code": "HEV",
          "display": "Drain, Hemovac",
          "target": [
            {
              "equivalence": "equivalent",
              "code": "HEV",
              "display": "Drain, Hemovac"
            }
          ]
        },
        {
          "code": "HIC",
          "display": "Catheter, Hickman",
          "target": [
            {
              "equivalence": "equivalent",
              "code": "HIC",
              "display": "Catheter, Hickman"
            }
          ]
        },
        {
          "code": "HYDC",
          "display": "Fluid, Hydrocele",
          "target": [
            {
              "equivalence": "equivalent",
              "code": "HYDC",
              "display": "Fluid, Hydrocele"
            }
          ]
        },
        {
          "code": "IBITE",
          "display": "Bite, Insect",
          "target": [
            {
              "equivalence": "equivalent",
              "code": "IBITE",
              "display": "Bite, Insect"
            }
          ]
        },
        {
          "code": "ICYST",
          "display": "Cyst, Inclusion",
          "target": [
            {
              "equivalence": "equivalent",
              "code": "ICYST",
              "display": "Cyst, Inclusion"
            }
          ]
        },
        {
          "code": "IDC",
          "display": "Catheter Tip, Indwelling",
          "target": [
            {
              "equivalence": "equivalent",
              "code": "IDC",
              "display": "Catheter Tip, Indwelling"
            }
          ]
        },
        {
          "code": "IHG",
          "display": "Gas, Inhaled",
          "target": [
            {
              "equivalence": "equivalent",
              "code": "IHG",
              "display": "Gas, Inhaled"
            }
          ]
        },
        {
          "code": "ILEO",
          "display": "Drainage, Ileostomy",
          "target": [
            {
              "equivalence": "equivalent",
              "code": "ILEO",
              "display": "Drainage, Ileostomy"
            }
          ]
        },
        {
          "code": "ILLEG",
          "display": "Source of Specimen Is Illegible",
          "target": [
            {
              "equivalence": "equivalent",
              "code": "ILLEG",
              "display": "Source of Specimen Is Illegible"
            }
          ]
        },
        {
          "code": "IMP",
          "display": "Implant",
          "target": [
            {
              "equivalence": "equivalent",
              "code": "IMP",
              "display": "Implant"
            }
          ]
        },
        {
          "code": "INCI",
          "display": "Site, Incision/Surgical",
          "target": [
            {
              "equivalence": "equivalent",
              "code": "INCI",
              "display": "Site, Incision/Surgical"
            }
          ]
        },
        {
          "code": "INFIL",
          "display": "Infiltrate",
          "target": [
            {
              "equivalence": "equivalent",
              "code": "INFIL",
              "display": "Infiltrate"
            }
          ]
        },
        {
          "code": "INS",
          "display": "Insect",
          "target": [
            {
              "equivalence": "equivalent",
              "code": "INS",
              "display": "Insect"
            }
          ]
        },
        {
          "code": "INTRD",
          "display": "Catheter Tip, Introducer",
          "target": [
            {
              "equivalence": "equivalent",
              "code": "INTRD",
              "display": "Catheter Tip, Introducer"
            }
          ]
        },
        {
          "code": "ISLT",
          "display": "Isolate",
          "target": [
            {
              "equivalence": "equivalent",
              "code": "ISLT",
              "display": "Isolate"
            }
          ]
        },
        {
          "code": "IT",
          "display": "Intubation tube",
          "target": [
            {
              "equivalence": "equivalent",
              "code": "IT",
              "display": "Intubation tube"
            }
          ]
        },
        {
          "code": "IUD",
          "display": "Intrauterine Device",
          "target": [
            {
              "equivalence": "equivalent",
              "code": "IUD",
              "display": "Intrauterine Device"
            }
          ]
        },
        {
          "code": "IVCAT",
          "display": "Catheter Tip, IV",
          "target": [
            {
              "equivalence": "equivalent",
              "code": "IVCAT",
              "display": "Catheter Tip, IV"
            }
          ]
        },
        {
          "code": "IVFLD",
          "display": "Fluid, IV",
          "target": [
            {
              "equivalence": "equivalent",
              "code": "IVFLD",
              "display": "Fluid, IV"
            }
          ]
        },
        {
          "code": "IVTIP",
          "display": "Tubing Tip, IV",
          "target": [
            {
              "equivalence": "equivalent",
              "code": "IVTIP",
              "display": "Tubing Tip, IV"
            }
          ]
        },
        {
          "code": "JEJU",
          "display": "Drainage, Jejunal",
          "target": [
            {
              "equivalence": "equivalent",
              "code": "JEJU",
              "display": "Drainage, Jejunal"
            }
          ]
        },
        {
          "code": "JNTFLD",
          "display": "Fluid, Joint",
          "target": [
            {
              "equivalence": "equivalent",
              "code": "JNTFLD",
              "display": "Fluid, Joint"
            }
          ]
        },
        {
          "code": "JP",
          "display": "Drainage, Jackson Pratt",
          "target": [
            {
              "equivalence": "equivalent",
              "code": "JP",
              "display": "Drainage, Jackson Pratt"
            }
          ]
        },
        {
          "code": "KELOI",
          "display": "Lavage",
          "target": [
            {
              "equivalence": "equivalent",
              "code": "KELOI",
              "display": "Lavage"
            }
          ]
        },
        {
          "code": "KIDFLD",
          "display": "Fluid, Kidney",
          "target": [
            {
              "equivalence": "equivalent",
              "code": "KIDFLD",
              "display": "Fluid, Kidney"
            }
          ]
        },
        {
          "code": "LAVG",
          "display": "Lavage, Bronhial",
          "target": [
            {
              "equivalence": "equivalent",
              "code": "LAVG",
              "display": "Lavage, Bronhial"
            }
          ]
        },
        {
          "code": "LAVGG",
          "display": "Lavage, Gastric",
          "target": [
            {
              "equivalence": "equivalent",
              "code": "LAVGG",
              "display": "Lavage, Gastric"
            }
          ]
        },
        {
          "code": "LAVGP",
          "display": "Lavage, Peritoneal",
          "target": [
            {
              "equivalence": "equivalent",
              "code": "LAVGP",
              "display": "Lavage, Peritoneal"
            }
          ]
        },
        {
          "code": "LAVPG",
          "display": "Lavage, Pre-Bronch",
          "target": [
            {
              "equivalence": "equivalent",
              "code": "LAVPG",
              "display": "Lavage, Pre-Bronch"
            }
          ]
        },
        {
          "code": "LENS1",
          "display": "Contact Lens",
          "target": [
            {
              "equivalence": "equivalent",
              "code": "LENS1",
              "display": "Contact Lens"
            }
          ]
        },
        {
          "code": "LENS2",
          "display": "Contact Lens Case",
          "target": [
            {
              "equivalence": "equivalent",
              "code": "LENS2",
              "display": "Contact Lens Case"
            }
          ]
        },
        {
          "code": "LESN",
          "display": "Lesion",
          "target": [
            {
              "equivalence": "equivalent",
              "code": "LESN",
              "display": "Lesion"
            }
          ]
        },
        {
          "code": "LIQ",
          "display": "Liquid, Unspecified",
          "target": [
            {
              "equivalence": "equivalent",
              "code": "LIQ",
              "display": "Liquid, Unspecified"
            }
          ]
        },
        {
          "code": "LIQO",
          "display": "Liquid, Other",
          "target": [
            {
              "equivalence": "equivalent",
              "code": "LIQO",
              "display": "Liquid, Other"
            }
          ]
        },
        {
          "code": "LNA",
          "display": "Line arterial",
          "target": [
            {
              "equivalence": "equivalent",
              "code": "LNA",
              "display": "Line arterial"
            }
          ]
        },
        {
          "code": "LNV",
          "display": "Line venous",
          "target": [
            {
              "equivalence": "equivalent",
              "code": "LNV",
              "display": "Line venous"
            }
          ]
        },
        {
          "code": "LSAC",
          "display": "Fluid, Lumbar Sac",
          "target": [
            {
              "equivalence": "equivalent",
              "code": "LSAC",
              "display": "Fluid, Lumbar Sac"
            }
          ]
        },
        {
          "code": "LYM",
          "display": "Lymphocytes",
          "target": [
            {
              "equivalence": "equivalent",
              "code": "LYM",
              "display": "Lymphocytes"
            }
          ]
        },
        {
          "code": "MAC",
          "display": "Macrophages",
          "target": [
            {
              "equivalence": "equivalent",
              "code": "MAC",
              "display": "Macrophages"
            }
          ]
        },
        {
          "code": "MAHUR",
          "display": "Catheter Tip, Makurkour",
          "target": [
            {
              "equivalence": "equivalent",
              "code": "MAHUR",
              "display": "Catheter Tip, Makurkour"
            }
          ]
        },
        {
          "code": "MAR",
          "display": "Marrow",
          "target": [
            {
              "equivalence": "equivalent",
              "code": "MAR",
              "display": "Marrow"
            }
          ]
        },
        {
          "code": "MASS",
          "display": "Mass",
          "target": [
            {
              "equivalence": "equivalent",
              "code": "MASS",
              "display": "Mass"
            }
          ]
        },
        {
          "code": "MBLD",
          "display": "Blood, Menstrual",
          "target": [
            {
              "equivalence": "equivalent",
              "code": "MBLD",
              "display": "Blood, Menstrual"
            }
          ]
        },
        {
          "code": "MEC",
          "display": "Meconium",
          "target": [
            {
              "equivalence": "equivalent",
              "code": "MEC",
              "display": "Meconium"
            }
          ]
        },
        {
          "code": "MILK",
          "display": "Breast milk",
          "target": [
            {
              "equivalence": "equivalent",
              "code": "MILK",
              "display": "Breast milk"
            }
          ]
        },
        {
          "code": "MLK",
          "display": "Milk",
          "target": [
            {
              "equivalence": "equivalent",
              "code": "MLK",
              "display": "Milk"
            }
          ]
        },
        {
          "code": "MUCOS",
          "display": "Mucosa",
          "target": [
            {
              "equivalence": "equivalent",
              "code": "MUCOS",
              "display": "Mucosa"
            }
          ]
        },
        {
          "code": "MUCUS",
          "display": "Mucus",
          "target": [
            {
              "equivalence": "equivalent",
              "code": "MUCUS",
              "display": "Mucus"
            }
          ]
        },
        {
          "code": "NAIL",
          "display": "Nail",
          "target": [
            {
              "equivalence": "equivalent",
              "code": "NAIL",
              "display": "Nail"
            }
          ]
        },
        {
          "code": "NASDR",
          "display": "Drainage, Nasal",
          "target": [
            {
              "equivalence": "equivalent",
              "code": "NASDR",
              "display": "Drainage, Nasal"
            }
          ]
        },
        {
          "code": "NEDL",
          "display": "Needle",
          "target": [
            {
              "equivalence": "equivalent",
              "code": "NEDL",
              "display": "Needle"
            }
          ]
        },
        {
          "code": "NEPH",
          "display": "Site, Nephrostomy",
          "target": [
            {
              "equivalence": "equivalent",
              "code": "NEPH",
              "display": "Site, Nephrostomy"
            }
          ]
        },
        {
          "code": "NGASP",
          "display": "Aspirate, Nasogastric",
          "target": [
            {
              "equivalence": "equivalent",
              "code": "NGASP",
              "display": "Aspirate, Nasogastric"
            }
          ]
        },
        {
          "code": "NGAST",
          "display": "Drainage, Nasogastric",
          "target": [
            {
              "equivalence": "equivalent",
              "code": "NGAST",
              "display": "Drainage, Nasogastric"
            }
          ]
        },
        {
          "code": "NGS",
          "display": "Site, Naso/Gastric",
          "target": [
            {
              "equivalence": "equivalent",
              "code": "NGS",
              "display": "Site, Naso/Gastric"
            }
          ]
        },
        {
          "code": "NODUL",
          "display": "Nodule(s)",
          "target": [
            {
              "equivalence": "equivalent",
              "code": "NODUL",
              "display": "Nodule(s)"
            }
          ]
        },
        {
          "code": "NSECR",
          "display": "Secretion, Nasal",
          "target": [
            {
              "equivalence": "equivalent",
              "code": "NSECR",
              "display": "Secretion, Nasal"
            }
          ]
        },
        {
          "code": "ORH",
          "display": "Other",
          "target": [
            {
              "equivalence": "equivalent",
              "code": "ORH",
              "display": "Other"
            }
          ]
        },
        {
          "code": "ORL",
          "display": "Lesion, Oral",
          "target": [
            {
              "equivalence": "equivalent",
              "code": "ORL",
              "display": "Lesion, Oral"
            }
          ]
        },
        {
          "code": "OTH",
          "display": "Source, Other",
          "target": [
            {
              "equivalence": "equivalent",
              "code": "OTH",
              "display": "Source, Other"
            }
          ]
        },
        {
          "code": "PACEM",
          "display": "Pacemaker",
          "target": [
            {
              "equivalence": "equivalent",
              "code": "PACEM",
              "display": "Pacemaker"
            }
          ]
        },
        {
          "code": "PAFL",
          "display": "Pancreatic fluid",
          "target": [
            {
              "equivalence": "equivalent",
              "code": "PAFL",
              "display": "Pancreatic fluid"
            }
          ]
        },
        {
          "code": "PCFL",
          "display": "Fluid, Pericardial",
          "target": [
            {
              "equivalence": "equivalent",
              "code": "PCFL",
              "display": "Fluid, Pericardial"
            }
          ]
        },
        {
          "code": "PDSIT",
          "display": "Site, Peritoneal Dialysis",
          "target": [
            {
              "equivalence": "equivalent",
              "code": "PDSIT",
              "display": "Site, Peritoneal Dialysis"
            }
          ]
        },
        {
          "code": "PDTS",
          "display": "Site, Peritoneal Dialysis Tunnel",
          "target": [
            {
              "equivalence": "equivalent",
              "code": "PDTS",
              "display": "Site, Peritoneal Dialysis Tunnel"
            }
          ]
        },
        {
          "code": "PELVA",
          "display": "Abscess, Pelvic",
          "target": [
            {
              "equivalence": "equivalent",
              "code": "PELVA",
              "display": "Abscess, Pelvic"
            }
          ]
        },
        {
          "code": "PENIL",
          "display": "Lesion, Penile",
          "target": [
            {
              "equivalence": "equivalent",
              "code": "PENIL",
              "display": "Lesion, Penile"
            }
          ]
        },
        {
          "code": "PERIA",
          "display": "Abscess, Perianal",
          "target": [
            {
              "equivalence": "equivalent",
              "code": "PERIA",
              "display": "Abscess, Perianal"
            }
          ]
        },
        {
          "code": "PILOC",
          "display": "Cyst, Pilonidal",
          "target": [
            {
              "equivalence": "equivalent",
              "code": "PILOC",
              "display": "Cyst, Pilonidal"
            }
          ]
        },
        {
          "code": "PINS",
          "display": "Site, Pin",
          "target": [
            {
              "equivalence": "equivalent",
              "code": "PINS",
              "display": "Site, Pin"
            }
          ]
        },
        {
          "code": "PIS",
          "display": "Site, Pacemaker Insetion",
          "target": [
            {
              "equivalence": "equivalent",
              "code": "PIS",
              "display": "Site, Pacemaker Insetion"
            }
          ]
        },
        {
          "code": "PLAN",
          "display": "Plant Material",
          "target": [
            {
              "equivalence": "equivalent",
              "code": "PLAN",
              "display": "Plant Material"
            }
          ]
        },
        {
          "code": "PLAS",
          "display": "Plasma",
          "target": [
            {
              "equivalence": "equivalent",
              "code": "PLAS",
              "display": "Plasma"
            }
          ]
        },
        {
          "code": "PLB",
          "display": "Plasma bag",
          "target": [
            {
              "equivalence": "equivalent",
              "code": "PLB",
              "display": "Plasma bag"
            }
          ]
        },
        {
          "code": "PLC",
          "display": "Placenta",
          "target": [
            {
              "equivalence": "equivalent",
              "code": "PLC",
              "display": "Placenta"
            }
          ]
        },
        {
          "code": "PLEVS",
          "display": "Serum, Peak Level",
          "target": [
            {
              "equivalence": "equivalent",
              "code": "PLEVS",
              "display": "Serum, Peak Level"
            }
          ]
        },
        {
          "code": "PLR",
          "display": "Pleural fluid (thoracentesis fluid)",
          "target": [
            {
              "equivalence": "equivalent",
              "code": "PLR",
              "display": "Pleural fluid (thoracentesis fluid)"
            }
          ]
        },
        {
          "code": "PMN",
          "display": "Polymorphonuclear neutrophils",
          "target": [
            {
              "equivalence": "equivalent",
              "code": "PMN",
              "display": "Polymorphonuclear neutrophils"
            }
          ]
        },
        {
          "code": "PND",
          "display": "Drainage, Penile",
          "target": [
            {
              "equivalence": "equivalent",
              "code": "PND",
              "display": "Drainage, Penile"
            }
          ]
        },
        {
          "code": "POL",
          "display": "Polyps",
          "target": [
            {
              "equivalence": "equivalent",
              "code": "POL",
              "display": "Polyps"
            }
          ]
        },
        {
          "code": "POPGS",
          "display": "Graft Site, Popliteal",
          "target": [
            {
              "equivalence": "equivalent",
              "code": "POPGS",
              "display": "Graft Site, Popliteal"
            }
          ]
        },
        {
          "code": "POPLG",
          "display": "Graft, Popliteal",
          "target": [
            {
              "equivalence": "equivalent",
              "code": "POPLG",
              "display": "Graft, Popliteal"
            }
          ]
        },
        {
          "code": "POPLV",
          "display": "Site, Popliteal Vein",
          "target": [
            {
              "equivalence": "equivalent",
              "code": "POPLV",
              "display": "Site, Popliteal Vein"
            }
          ]
        },
        {
          "code": "PORTA",
          "display": "Catheter, Porta",
          "target": [
            {
              "equivalence": "equivalent",
              "code": "PORTA",
              "display": "Catheter, Porta"
            }
          ]
        },
        {
          "code": "PPP",
          "display": "Plasma, Platelet poor",
          "target": [
            {
              "equivalence": "equivalent",
              "code": "PPP",
              "display": "Plasma, Platelet poor"
            }
          ]
        },
        {
          "code": "PROST",
          "display": "Prosthetic Device",
          "target": [
            {
              "equivalence": "equivalent",
              "code": "PROST",
              "display": "Prosthetic Device"
            }
          ]
        },
        {
          "code": "PRP",
          "display": "Plasma, Platelet rich",
          "target": [
            {
              "equivalence": "equivalent",
              "code": "PRP",
              "display": "Plasma, Platelet rich"
            }
          ]
        },
        {
          "code": "PSC",
          "display": "Pseudocyst",
          "target": [
            {
              "equivalence": "equivalent",
              "code": "PSC",
              "display": "Pseudocyst"
            }
          ]
        },
        {
          "code": "PUNCT",
          "display": "Wound, Puncture",
          "target": [
            {
              "equivalence": "equivalent",
              "code": "PUNCT",
              "display": "Wound, Puncture"
            }
          ]
        },
        {
          "code": "PUS",
          "display": "Pus",
          "target": [
            {
              "equivalence": "equivalent",
              "code": "PUS",
              "display": "Pus"
            }
          ]
        },
        {
          "code": "PUSFR",
          "display": "Pustule",
          "target": [
            {
              "equivalence": "equivalent",
              "code": "PUSFR",
              "display": "Pustule"
            }
          ]
        },
        {
          "code": "PUST",
          "display": "Pus",
          "target": [
            {
              "equivalence": "equivalent",
              "code": "PUST",
              "display": "Pus"
            }
          ]
        },
        {
          "code": "QC3",
          "display": "Quality Control",
          "target": [
            {
              "equivalence": "equivalent",
              "code": "QC3",
              "display": "Quality Control"
            }
          ]
        },
        {
          "code": "RANDU",
          "display": "Urine, Random",
          "target": [
            {
              "equivalence": "equivalent",
              "code": "RANDU",
              "display": "Urine, Random"
            }
          ]
        },
        {
          "code": "RBC",
          "display": "Erythrocytes",
          "target": [
            {
              "equivalence": "equivalent",
              "code": "RBC",
              "display": "Erythrocytes"
            }
          ]
        },
        {
          "code": "RBITE",
          "display": "Bite, Reptile",
          "target": [
            {
              "equivalence": "equivalent",
              "code": "RBITE",
              "display": "Bite, Reptile"
            }
          ]
        },
        {
          "code": "RECT",
          "display": "Drainage, Rectal",
          "target": [
            {
              "equivalence": "equivalent",
              "code": "RECT",
              "display": "Drainage, Rectal"
            }
          ]
        },
        {
          "code": "RECTA",
          "display": "Abscess, Rectal",
          "target": [
            {
              "equivalence": "equivalent",
              "code": "RECTA",
              "display": "Abscess, Rectal"
            }
          ]
        },
        {
          "code": "RENALC",
          "display": "Cyst, Renal",
          "target": [
            {
              "equivalence": "equivalent",
              "code": "RENALC",
              "display": "Cyst, Renal"
            }
          ]
        },
        {
          "code": "RENC",
          "display": "Fluid, Renal Cyst",
          "target": [
            {
              "equivalence": "equivalent",
              "code": "RENC",
              "display": "Fluid, Renal Cyst"
            }
          ]
        },
        {
          "code": "RES",
          "display": "Respiratory",
          "target": [
            {
              "equivalence": "equivalent",
              "code": "RES",
              "display": "Respiratory"
            }
          ]
        },
        {
          "code": "SAL",
          "display": "Saliva",
          "target": [
            {
              "equivalence": "equivalent",
              "code": "SAL",
              "display": "Saliva"
            }
          ]
        },
        {
          "code": "SCAR",
          "display": "Tissue, Keloid (Scar)",
          "target": [
            {
              "equivalence": "equivalent",
              "code": "SCAR",
              "display": "Tissue, Keloid (Scar)"
            }
          ]
        },
        {
          "code": "SCLV",
          "display": "Catheter Tip, Subclavian",
          "target": [
            {
              "equivalence": "equivalent",
              "code": "SCLV",
              "display": "Catheter Tip, Subclavian"
            }
          ]
        },
        {
          "code": "SCROA",
          "display": "Abscess, Scrotal",
          "target": [
            {
              "equivalence": "equivalent",
              "code": "SCROA",
              "display": "Abscess, Scrotal"
            }
          ]
        },
        {
          "code": "SECRE",
          "display": "Secretion(s)",
          "target": [
            {
              "equivalence": "equivalent",
              "code": "SECRE",
              "display": "Secretion(s)"
            }
          ]
        },
        {
          "code": "SER",
          "display": "Serum",
          "target": [
            {
              "equivalence": "equivalent",
              "code": "SER",
              "display": "Serum"
            }
          ]
        },
        {
          "code": "SHU",
          "display": "Site, Shunt",
          "target": [
            {
              "equivalence": "equivalent",
              "code": "SHU",
              "display": "Site, Shunt"
            }
          ]
        },
        {
          "code": "SHUNF",
          "display": "Fluid, Shunt",
          "target": [
            {
              "equivalence": "equivalent",
              "code": "SHUNF",
              "display": "Fluid, Shunt"
            }
          ]
        },
        {
          "code": "SHUNT",
          "display": "Shunt",
          "target": [
            {
              "equivalence": "equivalent",
              "code": "SHUNT",
              "display": "Shunt"
            }
          ]
        },
        {
          "code": "SITE",
          "display": "Site",
          "target": [
            {
              "equivalence": "equivalent",
              "code": "SITE",
              "display": "Site"
            }
          ]
        },
        {
          "code": "SKBP",
          "display": "Biopsy, Skin",
          "target": [
            {
              "equivalence": "equivalent",
              "code": "SKBP",
              "display": "Biopsy, Skin"
            }
          ]
        },
        {
          "code": "SKN",
          "display": "Skin",
          "target": [
            {
              "equivalence": "equivalent",
              "code": "SKN",
              "display": "Skin"
            }
          ]
        },
        {
          "code": "SMM",
          "display": "Mass, Sub-Mandibular",
          "target": [
            {
              "equivalence": "equivalent",
              "code": "SMM",
              "display": "Mass, Sub-Mandibular"
            }
          ]
        },
        {
          "code": "SMN",
          "display": "Seminal fluid",
          "target": [
            {
              "equivalence": "equivalent",
              "code": "SMN",
              "display": "Seminal fluid"
            }
          ]
        },
        {
          "code": "SNV",
          "display": "Fluid, synovial (Joint fluid)",
          "target": [
            {
              "equivalence": "equivalent",
              "code": "SNV",
              "display": "Fluid, synovial (Joint fluid)"
            }
          ]
        },
        {
          "code": "SPRM",
          "display": "Spermatozoa",
          "target": [
            {
              "equivalence": "equivalent",
              "code": "SPRM",
              "display": "Spermatozoa"
            }
          ]
        },
        {
          "code": "SPRP",
          "display": "Catheter Tip, Suprapubic",
          "target": [
            {
              "equivalence": "equivalent",
              "code": "SPRP",
              "display": "Catheter Tip, Suprapubic"
            }
          ]
        },
        {
          "code": "SPRPB",
          "display": "Cathether Tip, Suprapubic",
          "target": [
            {
              "equivalence": "equivalent",
              "code": "SPRPB",
              "display": "Cathether Tip, Suprapubic"
            }
          ]
        },
        {
          "code": "SPS",
          "display": "Environmental, Spore Strip",
          "target": [
            {
              "equivalence": "equivalent",
              "code": "SPS",
              "display": "Environmental, Spore Strip"
            }
          ]
        },
        {
          "code": "SPT",
          "display": "Sputum",
          "target": [
            {
              "equivalence": "equivalent",
              "code": "SPT",
              "display": "Sputum"
            }
          ]
        },
        {
          "code": "SPTC",
          "display": "Sputum - coughed",
          "target": [
            {
              "equivalence": "equivalent",
              "code": "SPTC",
              "display": "Sputum - coughed"
            }
          ]
        },
        {
          "code": "SPTT",
          "display": "Sputum - tracheal aspirate",
          "target": [
            {
              "equivalence": "equivalent",
              "code": "SPTT",
              "display": "Sputum - tracheal aspirate"
            }
          ]
        },
        {
          "code": "SPUT1",
          "display": "Sputum, Simulated",
          "target": [
            {
              "equivalence": "equivalent",
              "code": "SPUT1",
              "display": "Sputum, Simulated"
            }
          ]
        },
        {
          "code": "SPUTIN",
          "display": "Sputum, Inducted",
          "target": [
            {
              "equivalence": "equivalent",
              "code": "SPUTIN",
              "display": "Sputum, Inducted"
            }
          ]
        },
        {
          "code": "SPUTSP",
          "display": "Sputum, Spontaneous",
          "target": [
            {
              "equivalence": "equivalent",
              "code": "SPUTSP",
              "display": "Sputum, Spontaneous"
            }
          ]
        },
        {
          "code": "STER",
          "display": "Environmental, Sterrad",
          "target": [
            {
              "equivalence": "equivalent",
              "code": "STER",
              "display": "Environmental, Sterrad"
            }
          ]
        },
        {
          "code": "STL",
          "display": "Stool = Fecal",
          "target": [
            {
              "equivalence": "equivalent",
              "code": "STL",
              "display": "Stool = Fecal"
            }
          ]
        },
        {
          "code": "STONE",
          "display": "Stone, Kidney",
          "target": [
            {
              "equivalence": "equivalent",
              "code": "STONE",
              "display": "Stone, Kidney"
            }
          ]
        },
        {
          "code": "SUBMA",
          "display": "Abscess, Submandibular",
          "target": [
            {
              "equivalence": "equivalent",
              "code": "SUBMA",
              "display": "Abscess, Submandibular"
            }
          ]
        },
        {
          "code": "SUBMX",
          "display": "Abscess, Submaxillary",
          "target": [
            {
              "equivalence": "equivalent",
              "code": "SUBMX",
              "display": "Abscess, Submaxillary"
            }
          ]
        },
        {
          "code": "SUMP",
          "display": "Drainage, Sump",
          "target": [
            {
              "equivalence": "equivalent",
              "code": "SUMP",
              "display": "Drainage, Sump"
            }
          ]
        },
        {
          "code": "SUP",
          "display": "Suprapubic Tap",
          "target": [
            {
              "equivalence": "equivalent",
              "code": "SUP",
              "display": "Suprapubic Tap"
            }
          ]
        },
        {
          "code": "SUTUR",
          "display": "Suture",
          "target": [
            {
              "equivalence": "equivalent",
              "code": "SUTUR",
              "display": "Suture"
            }
          ]
        },
        {
          "code": "SWGZ",
          "display": "Catheter Tip, Swan Gantz",
          "target": [
            {
              "equivalence": "equivalent",
              "code": "SWGZ",
              "display": "Catheter Tip, Swan Gantz"
            }
          ]
        },
        {
          "code": "SWT",
          "display": "Sweat",
          "target": [
            {
              "equivalence": "equivalent",
              "code": "SWT",
              "display": "Sweat"
            }
          ]
        },
        {
          "code": "TASP",
          "display": "Aspirate, Tracheal",
          "target": [
            {
              "equivalence": "equivalent",
              "code": "TASP",
              "display": "Aspirate, Tracheal"
            }
          ]
        },
        {
          "code": "TEAR",
          "display": "Tears",
          "target": [
            {
              "equivalence": "equivalent",
              "code": "TEAR",
              "display": "Tears"
            }
          ]
        },
        {
          "code": "THRB",
          "display": "Thrombocyte (platelet)",
          "target": [
            {
              "equivalence": "equivalent",
              "code": "THRB",
              "display": "Thrombocyte (platelet)"
            }
          ]
        },
        {
          "code": "TISS",
          "display": "Tissue",
          "target": [
            {
              "equivalence": "equivalent",
              "code": "TISS",
              "display": "Tissue"
            }
          ]
        },
        {
          "code": "TISU",
          "display": "Tissue ulcer",
          "target": [
            {
              "equivalence": "equivalent",
              "code": "TISU",
              "display": "Tissue ulcer"
            }
          ]
        },
        {
          "code": "TLC",
          "display": "Cathether Tip, Triple Lumen",
          "target": [
            {
              "equivalence": "equivalent",
              "code": "TLC",
              "display": "Cathether Tip, Triple Lumen"
            }
          ]
        },
        {
          "code": "TRAC",
          "display": "Site, Tracheostomy",
          "target": [
            {
              "equivalence": "equivalent",
              "code": "TRAC",
              "display": "Site, Tracheostomy"
            }
          ]
        },
        {
          "code": "TRANS",
          "display": "Transudate",
          "target": [
            {
              "equivalence": "equivalent",
              "code": "TRANS",
              "display": "Transudate"
            }
          ]
        },
        {
          "code": "TSERU",
          "display": "Serum, Trough",
          "target": [
            {
              "equivalence": "equivalent",
              "code": "TSERU",
              "display": "Serum, Trough"
            }
          ]
        },
        {
          "code": "TSTES",
          "display": "Abscess, Testicular",
          "target": [
            {
              "equivalence": "equivalent",
              "code": "TSTES",
              "display": "Abscess, Testicular"
            }
          ]
        },
        {
          "code": "TTRA",
          "display": "Aspirate, Transtracheal",
          "target": [
            {
              "equivalence": "equivalent",
              "code": "TTRA",
              "display": "Aspirate, Transtracheal"
            }
          ]
        },
        {
          "code": "TUBES",
          "display": "Tubes",
          "target": [
            {
              "equivalence": "equivalent",
              "code": "TUBES",
              "display": "Tubes"
            }
          ]
        },
        {
          "code": "TUMOR",
          "display": "Tumor",
          "target": [
            {
              "equivalence": "equivalent",
              "code": "TUMOR",
              "display": "Tumor"
            }
          ]
        },
        {
          "code": "TZANC",
          "display": "Smear, Tzanck",
          "target": [
            {
              "equivalence": "equivalent",
              "code": "TZANC",
              "display": "Smear, Tzanck"
            }
          ]
        },
        {
          "code": "UDENT",
          "display": "Source, Unidentified",
          "target": [
            {
              "equivalence": "equivalent",
              "code": "UDENT",
              "display": "Source, Unidentified"
            }
          ]
        },
        {
          "code": "UMED",
          "display": "Unknown Medicine",
          "target": [
            {
              "equivalence": "equivalent",
              "code": "UMED",
              "display": "Unknown Medicine"
            }
          ]
        },
        {
          "code": "UR",
          "display": "Urine",
          "target": [
            {
              "equivalence": "equivalent",
              "code": "UR",
              "display": "Urine"
            }
          ]
        },
        {
          "code": "URC",
          "display": "Urine clean catch",
          "target": [
            {
              "equivalence": "equivalent",
              "code": "URC",
              "display": "Urine clean catch"
            }
          ]
        },
        {
          "code": "URINB",
          "display": "Urine, Bladder Washings",
          "target": [
            {
              "equivalence": "equivalent",
              "code": "URINB",
              "display": "Urine, Bladder Washings"
            }
          ]
        },
        {
          "code": "URINC",
          "display": "Urine, Catheterized",
          "target": [
            {
              "equivalence": "equivalent",
              "code": "URINC",
              "display": "Urine, Catheterized"
            }
          ]
        },
        {
          "code": "URINM",
          "display": "Urine, Midstream",
          "target": [
            {
              "equivalence": "equivalent",
              "code": "URINM",
              "display": "Urine, Midstream"
            }
          ]
        },
        {
          "code": "URINN",
          "display": "Urine, Nephrostomy",
          "target": [
            {
              "equivalence": "equivalent",
              "code": "URINN",
              "display": "Urine, Nephrostomy"
            }
          ]
        },
        {
          "code": "URINP",
          "display": "Urine, Pedibag",
          "target": [
            {
              "equivalence": "equivalent",
              "code": "URINP",
              "display": "Urine, Pedibag"
            }
          ]
        },
        {
          "code": "URNS",
          "display": "Urine sediment",
          "target": [
            {
              "equivalence": "equivalent",
              "code": "URNS",
              "display": "Urine sediment"
            }
          ]
        },
        {
          "code": "URT",
          "display": "Urine catheter",
          "target": [
            {
              "equivalence": "equivalent",
              "code": "URT",
              "display": "Urine catheter"
            }
          ]
        },
        {
          "code": "USCOP",
          "display": "Urine, Cystoscopy",
          "target": [
            {
              "equivalence": "equivalent",
              "code": "USCOP",
              "display": "Urine, Cystoscopy"
            }
          ]
        },
        {
          "code": "USPEC",
          "display": "Source, Unspecified",
          "target": [
            {
              "equivalence": "equivalent",
              "code": "USPEC",
              "display": "Source, Unspecified"
            }
          ]
        },
        {
          "code": "USUB",
          "display": "Unkown substance",
          "target": [
            {
              "equivalence": "equivalent",
              "code": "USUB",
              "display": "Unkown substance"
            }
          ]
        },
        {
          "code": "VASTIP",
          "display": "Catheter Tip, Vas",
          "target": [
            {
              "equivalence": "equivalent",
              "code": "VASTIP",
              "display": "Catheter Tip, Vas"
            }
          ]
        },
        {
          "code": "VENT",
          "display": "Catheter Tip, Ventricular",
          "target": [
            {
              "equivalence": "equivalent",
              "code": "VENT",
              "display": "Catheter Tip, Ventricular"
            }
          ]
        },
        {
          "code": "VITF",
          "display": "Vitreous Fluid",
          "target": [
            {
              "equivalence": "equivalent",
              "code": "VITF",
              "display": "Vitreous Fluid"
            }
          ]
        },
        {
          "code": "VOM",
          "display": "Vomitus",
          "target": [
            {
              "equivalence": "equivalent",
              "code": "VOM",
              "display": "Vomitus"
            }
          ]
        },
        {
          "code": "WASH",
          "display": "Wash",
          "target": [
            {
              "equivalence": "equivalent",
              "code": "WASH",
              "display": "Wash"
            }
          ]
        },
        {
          "code": "WASI",
          "display": "Washing, e.g. bronchial washing",
          "target": [
            {
              "equivalence": "equivalent",
              "code": "WASI",
              "display": "Washing, e.g. bronchial washing"
            }
          ]
        },
        {
          "code": "WAT",
          "display": "Water",
          "target": [
            {
              "equivalence": "equivalent",
              "code": "WAT",
              "display": "Water"
            }
          ]
        },
        {
          "code": "WB",
          "display": "Blood, Whole",
          "target": [
            {
              "equivalence": "equivalent",
              "code": "WB",
              "display": "Blood, Whole"
            }
          ]
        },
        {
          "code": "WBC",
          "display": "Leukocytes",
          "target": [
            {
              "equivalence": "equivalent",
              "code": "WBC",
              "display": "Leukocytes"
            }
          ]
        },
        {
          "code": "WEN",
          "display": "Wen",
          "target": [
            {
              "equivalence": "equivalent",
              "code": "WEN",
              "display": "Wen"
            }
          ]
        },
        {
          "code": "WICK",
          "display": "Wick",
          "target": [
            {
              "equivalence": "equivalent",
              "code": "WICK",
              "display": "Wick"
            }
          ]
        },
        {
          "code": "WND",
          "display": "Wound",
          "target": [
            {
              "equivalence": "equivalent",
              "code": "WND",
              "display": "Wound"
            }
          ]
        },
        {
          "code": "WNDA",
          "display": "Wound abscess",
          "target": [
            {
              "equivalence": "equivalent",
              "code": "WNDA",
              "display": "Wound abscess"
            }
          ]
        },
        {
          "code": "WNDD",
          "display": "Wound drainage",
          "target": [
            {
              "equivalence": "equivalent",
              "code": "WNDD",
              "display": "Wound drainage"
            }
          ]
        },
        {
          "code": "WNDE",
          "display": "Wound exudate",
          "target": [
            {
              "equivalence": "equivalent",
              "code": "WNDE",
              "display": "Wound exudate"
            }
          ]
        },
        {
          "code": "WORM",
          "display": "Worm",
          "target": [
            {
              "equivalence": "equivalent",
              "code": "WORM",
              "display": "Worm"
            }
          ]
        },
        {
          "code": "WRT",
          "display": "Wart",
          "target": [
            {
              "equivalence": "equivalent",
              "code": "WRT",
              "display": "Wart"
            }
          ]
        },
        {
          "code": "WWA",
          "display": "Environmental, Water",
          "target": [
            {
              "equivalence": "equivalent",
              "code": "WWA",
              "display": "Environmental, Water"
            }
          ]
        },
        {
          "code": "WWO",
          "display": "Environmental, Water (Ocean)",
          "target": [
            {
              "equivalence": "equivalent",
              "code": "WWO",
              "display": "Environmental, Water (Ocean)"
            }
          ]
        },
        {
          "code": "WWT",
          "display": "Environmental, Water (Tap)",
          "target": [
            {
              "equivalence": "equivalent",
              "code": "WWT",
              "display": "Environmental, Water (Tap)"
            }
          ]
        }
      ]
    }
  ]
}
