{
  "resourceType": "ConceptMap",
  "id": "datatype-cwe-to-identifier",
  "url": "http://hl7.org/fhir/uv/v2mappings/ConceptMap/datatype-cwe-to-identifier",
  "title": "Datatype CWE to Identifier Map",
  "description": "This ConceptMap represents a mapping from the HL7 V2 Datatype CWE to the FHIR Identifier Data Type.",
  "name": "DatatypeCWEToIdentifier",
  "version": "1.0",
  "status": "active",
  "experimental": true,
  "publisher": "HL7 International, Inc",
  "contact": [
    {
      "telecom": [
        {
          "system": "email",
          "value": "v2-to-fhir@lists.hl7.org"
        }
      ]
    }
  ],
  "date": "2025-08-23",
  "copyright": "Copyright (c) 2025, HL7 International, Inc., All Rights Reserved.",
  "extension": [
    {
      "url": "http://hl7.org/fhir/uv/v2mappings/StructureDefinition/RelatedArtifact",
      "extension": [
        {
          "url": "type",
          "valueCode": "derived-from"
        },
        {
          "url": "label",
          "valueString": "Datatype CWE to Identifier.fsh"
        },
        {
          "url": "url",
          "valueUri": "https://docs.google.com/spreadsheets/d/1uMJal5GjmIC2nJcjd6m0kDY0o7iuOb9O3oSwTjpHtYs/edit#gid=0"
        }
      ]
    }
  ],
  "group": [
    {
      "element": [
        {
          "code": "CWE.1",
          "extension": [
            {
              "url": "http://hl7.org/fhir/uv/v2mappings/StructureDefinition/TypeInfo",
              "extension": [
                {
                  "url": "type",
                  "valueCode": "ST"
                },
                {
                  "url": "cardinalityMin",
                  "valueInteger": 0
                },
                {
                  "url": "cardinalityMax",
                  "valueInteger": 1
                }
              ]
            }
          ],
          "display": "Identifier",
          "target": [
            {
              "equivalence": "equivalent",
              "code": "[1].value",
              "extension": [
                {
                  "url": "http://hl7.org/fhir/uv/v2mappings/StructureDefinition/TypeInfo",
                  "extension": [
                    {
                      "url": "type",
                      "valueCode": "string"
                    },
                    {
                      "url": "cardinalityMin",
                      "valueInteger": 1
                    },
                    {
                      "url": "cardinalityMax",
                      "valueInteger": 1
                    }
                  ]
                }
              ],
              "display": "[1].value"
            }
          ]
        },
        {
          "code": "CWE.2",
          "extension": [
            {
              "url": "http://hl7.org/fhir/uv/v2mappings/StructureDefinition/TypeInfo",
              "extension": [
                {
                  "url": "type",
                  "valueCode": "ST"
                },
                {
                  "url": "cardinalityMin",
                  "valueInteger": 0
                },
                {
                  "url": "cardinalityMax",
                  "valueInteger": 1
                }
              ]
            }
          ],
          "display": "Text",
          "target": [
            {
              "equivalence": "equivalent",
              "code": "[1].name",
              "extension": [
                {
                  "url": "http://hl7.org/fhir/uv/v2mappings/StructureDefinition/TypeInfo",
                  "extension": [
                    {
                      "url": "type",
                      "valueCode": "string"
                    },
                    {
                      "url": "cardinalityMin",
                      "valueInteger": 1
                    },
                    {
                      "url": "cardinalityMax",
                      "valueInteger": 1
                    }
                  ]
                }
              ],
              "display": "[1].name"
            }
          ]
        },
        {
          "code": "CWE.3",
          "extension": [
            {
              "url": "http://hl7.org/fhir/uv/v2mappings/StructureDefinition/TypeInfo",
              "extension": [
                {
                  "url": "type",
                  "valueCode": "ID"
                },
                {
                  "url": "cardinalityMin",
                  "valueInteger": 0
                },
                {
                  "url": "cardinalityMax",
                  "valueInteger": 1
                }
              ]
            }
          ],
          "display": "Name of Coding System",
          "target": [
            {
              "equivalence": "equivalent",
              "code": "[1].system",
              "extension": [
                {
                  "url": "http://hl7.org/fhir/uv/v2mappings/StructureDefinition/TypeInfo",
                  "extension": [
                    {
                      "url": "type",
                      "valueCode": "uri"
                    },
                    {
                      "url": "cardinalityMin",
                      "valueInteger": 1
                    },
                    {
                      "url": "cardinalityMax",
                      "valueInteger": 1
                    }
                  ]
                }
              ],
              "display": "[1].system",
              "comment": "Some mapping of the CWE.3 value to an actual uri will be necessary"
            }
          ]
        },
        {
          "code": "CWE.4",
          "extension": [
            {
              "url": "http://hl7.org/fhir/uv/v2mappings/StructureDefinition/TypeInfo",
              "extension": [
                {
                  "url": "type",
                  "valueCode": "ST"
                },
                {
                  "url": "cardinalityMin",
                  "valueInteger": 0
                },
                {
                  "url": "cardinalityMax",
                  "valueInteger": 1
                }
              ]
            }
          ],
          "display": "Alternate Identifier",
          "target": [
            {
              "equivalence": "equivalent",
              "code": "[2].value",
              "extension": [
                {
                  "url": "http://hl7.org/fhir/uv/v2mappings/StructureDefinition/TypeInfo",
                  "extension": [
                    {
                      "url": "type",
                      "valueCode": "string"
                    },
                    {
                      "url": "cardinalityMin",
                      "valueInteger": 1
                    },
                    {
                      "url": "cardinalityMax",
                      "valueInteger": 1
                    }
                  ]
                }
              ],
              "display": "[2].value"
            }
          ]
        },
        {
          "code": "CWE.5",
          "extension": [
            {
              "url": "http://hl7.org/fhir/uv/v2mappings/StructureDefinition/TypeInfo",
              "extension": [
                {
                  "url": "type",
                  "valueCode": "ST"
                },
                {
                  "url": "cardinalityMin",
                  "valueInteger": 0
                },
                {
                  "url": "cardinalityMax",
                  "valueInteger": 1
                }
              ]
            }
          ],
          "display": "Alternate Text",
          "target": [
            {
              "equivalence": "equivalent",
              "code": "[2].name",
              "extension": [
                {
                  "url": "http://hl7.org/fhir/uv/v2mappings/StructureDefinition/TypeInfo",
                  "extension": [
                    {
                      "url": "type",
                      "valueCode": "string"
                    },
                    {
                      "url": "cardinalityMin",
                      "valueInteger": 1
                    },
                    {
                      "url": "cardinalityMax",
                      "valueInteger": 1
                    }
                  ]
                }
              ],
              "display": "[2].name"
            }
          ]
        },
        {
          "code": "CWE.6",
          "extension": [
            {
              "url": "http://hl7.org/fhir/uv/v2mappings/StructureDefinition/TypeInfo",
              "extension": [
                {
                  "url": "type",
                  "valueCode": "ID"
                },
                {
                  "url": "cardinalityMin",
                  "valueInteger": 0
                },
                {
                  "url": "cardinalityMax",
                  "valueInteger": 1
                }
              ]
            }
          ],
          "display": "Name of Alternate Coding System",
          "target": [
            {
              "equivalence": "equivalent",
              "code": "[2].system",
              "extension": [
                {
                  "url": "http://hl7.org/fhir/uv/v2mappings/StructureDefinition/TypeInfo",
                  "extension": [
                    {
                      "url": "type",
                      "valueCode": "uri"
                    },
                    {
                      "url": "cardinalityMin",
                      "valueInteger": 1
                    },
                    {
                      "url": "cardinalityMax",
                      "valueInteger": 1
                    }
                  ]
                }
              ],
              "display": "[2].system",
              "comment": "Some mapping of the CWE.3 value to an actual uri will be necessary"
            }
          ]
        },
        {
          "code": "CWE.10",
          "extension": [
            {
              "url": "http://hl7.org/fhir/uv/v2mappings/StructureDefinition/TypeInfo",
              "extension": [
                {
                  "url": "type",
                  "valueCode": "ST"
                },
                {
                  "url": "cardinalityMin",
                  "valueInteger": 0
                },
                {
                  "url": "cardinalityMax",
                  "valueInteger": 1
                }
              ]
            }
          ],
          "display": "Second Alternate Identifier",
          "target": [
            {
              "equivalence": "equivalent",
              "code": "[3].value",
              "extension": [
                {
                  "url": "http://hl7.org/fhir/uv/v2mappings/StructureDefinition/TypeInfo",
                  "extension": [
                    {
                      "url": "type",
                      "valueCode": "string"
                    },
                    {
                      "url": "cardinalityMin",
                      "valueInteger": 1
                    },
                    {
                      "url": "cardinalityMax",
                      "valueInteger": 1
                    }
                  ]
                }
              ],
              "display": "[3].value"
            }
          ]
        },
        {
          "code": "CWE.11",
          "extension": [
            {
              "url": "http://hl7.org/fhir/uv/v2mappings/StructureDefinition/TypeInfo",
              "extension": [
                {
                  "url": "type",
                  "valueCode": "ST"
                },
                {
                  "url": "cardinalityMin",
                  "valueInteger": 0
                },
                {
                  "url": "cardinalityMax",
                  "valueInteger": 1
                }
              ]
            }
          ],
          "display": "Second Alternate Text",
          "target": [
            {
              "equivalence": "equivalent",
              "code": "[3].name",
              "extension": [
                {
                  "url": "http://hl7.org/fhir/uv/v2mappings/StructureDefinition/TypeInfo",
                  "extension": [
                    {
                      "url": "type",
                      "valueCode": "string"
                    },
                    {
                      "url": "cardinalityMin",
                      "valueInteger": 1
                    },
                    {
                      "url": "cardinalityMax",
                      "valueInteger": 1
                    }
                  ]
                }
              ],
              "display": "[3].name"
            }
          ]
        },
        {
          "code": "CWE.13",
          "extension": [
            {
              "url": "http://hl7.org/fhir/uv/v2mappings/StructureDefinition/TypeInfo",
              "extension": [
                {
                  "url": "type",
                  "valueCode": "ST"
                },
                {
                  "url": "cardinalityMin",
                  "valueInteger": 0
                },
                {
                  "url": "cardinalityMax",
                  "valueInteger": 1
                }
              ]
            }
          ],
          "display": "Second Alternate Coding System Version ID",
          "target": [
            {
              "equivalence": "equivalent",
              "code": "[3].system",
              "extension": [
                {
                  "url": "http://hl7.org/fhir/uv/v2mappings/StructureDefinition/TypeInfo",
                  "extension": [
                    {
                      "url": "type",
                      "valueCode": "uri"
                    },
                    {
                      "url": "cardinalityMin",
                      "valueInteger": 1
                    },
                    {
                      "url": "cardinalityMax",
                      "valueInteger": 1
                    }
                  ]
                }
              ],
              "display": "[3].system"
            }
          ]
        }
      ]
    }
  ]
}
