{
  "resourceType": "ConceptMap",
  "id": "table-hl70128-original-to-v2-0128",
  "url": "http://hl7.org/fhir/uv/v2mappings/ConceptMap/table-hl70128-original-to-v2-0128",
  "title": "Table HL70128 [original] to V2 0128 Map",
  "description": "This ConceptMap represents a mapping from the HL7 V2 Table HL70128 to the FHIR V2 0128 Value Set.",
  "name": "TableHL70128OriginalToV20128",
  "sourceUri": "http://terminology.hl7.org/ValueSet/v2-0128",
  "targetUri": "http://terminology.hl7.org/ValueSet/v2-0128",
  "version": "1.0",
  "status": "active",
  "experimental": true,
  "publisher": "HL7 International, Inc",
  "contact": [
    {
      "telecom": [
        {
          "system": "email",
          "value": "v2-to-fhir@lists.hl7.org"
        }
      ]
    }
  ],
  "date": "2025-08-23",
  "copyright": "Copyright (c) 2025, HL7 International, Inc., All Rights Reserved.",
  "extension": [
    {
      "url": "http://hl7.org/fhir/uv/v2mappings/StructureDefinition/RelatedArtifact",
      "extension": [
        {
          "url": "type",
          "valueCode": "derived-from"
        },
        {
          "url": "label",
          "valueString": "Table HL70128[original] to V2 0128.fsh"
        },
        {
          "url": "url",
          "valueUri": "https://docs.google.com/spreadsheets/d/1F3YGZuimTTxay5ngXQKu2Gvy5VvEom5xLvtWvHWJbkk/edit#gid=0"
        }
      ]
    }
  ],
  "group": [
    {
      "source": "http://terminology.hl7.org/CodeSystem/v2-0128",
      "target": "http://terminology.hl7.org/CodeSystem/v2-0128",
      "element": [
        {
          "code": "SV",
          "display": "Severe",
          "target": [
            {
              "equivalence": "equivalent",
              "code": "SV",
              "display": "Severe"
            }
          ]
        },
        {
          "code": "MO",
          "display": "Moderate",
          "target": [
            {
              "equivalence": "equivalent",
              "code": "MO",
              "display": "Moderate"
            }
          ]
        },
        {
          "code": "MI",
          "display": "Mild",
          "target": [
            {
              "equivalence": "equivalent",
              "code": "MI",
              "display": "Mild"
            }
          ]
        },
        {
          "code": "U",
          "display": "Unknown",
          "target": [
            {
              "equivalence": "equivalent",
              "code": "U",
              "display": "Unknown"
            }
          ]
        }
      ]
    }
  ]
}
