{
  "resourceType": "ConceptMap",
  "id": "segment-rxo-to-medicationrequest",
  "url": "http://hl7.org/fhir/uv/v2mappings/ConceptMap/segment-rxo-to-medicationrequest",
  "title": "Segment RXO to MedicationRequest Map",
  "description": "This ConceptMap represents a mapping from the HL7 V2 Segment RXO to the FHIR MedicationRequest Resource.",
  "name": "SegmentRXOToMedicationRequest",
  "version": "1.0",
  "status": "active",
  "experimental": true,
  "publisher": "HL7 International, Inc",
  "contact": [
    {
      "telecom": [
        {
          "system": "email",
          "value": "v2-to-fhir@lists.hl7.org"
        }
      ]
    }
  ],
  "date": "2025-08-23",
  "copyright": "Copyright (c) 2025, HL7 International, Inc., All Rights Reserved.",
  "extension": [
    {
      "url": "http://hl7.org/fhir/uv/v2mappings/StructureDefinition/RelatedArtifact",
      "extension": [
        {
          "url": "type",
          "valueCode": "derived-from"
        },
        {
          "url": "label",
          "valueString": "Segment RXO to MedicationRequest.fsh"
        },
        {
          "url": "url",
          "valueUri": "https://docs.google.com/spreadsheets/d/1IikDPobXAskISQ4b6rkBIBWPhBr02mrB4eUHy6eXzQ0/edit#gid=0"
        }
      ]
    }
  ],
  "group": [
    {
      "element": [
        {
          "code": "RXO",
          "target": [
            {
              "equivalence": "equivalent",
              "code": "intent",
              "extension": [
                {
                  "url": "http://hl7.org/fhir/uv/v2mappings/StructureDefinition/TypeInfo",
                  "extension": [
                    {
                      "url": "type",
                      "valueCode": "code"
                    }
                  ]
                }
              ],
              "display": "= \"original-order\""
            }
          ]
        },
        {
          "code": "RXO-1",
          "extension": [
            {
              "url": "http://hl7.org/fhir/uv/v2mappings/StructureDefinition/TypeInfo",
              "extension": [
                {
                  "url": "type",
                  "valueCode": "CWE"
                },
                {
                  "url": "cardinalityMin",
                  "valueInteger": 1
                },
                {
                  "url": "cardinalityMax",
                  "valueInteger": 1
                }
              ]
            }
          ],
          "display": "Requested Give Code",
          "target": [
            {
              "equivalence": "equivalent",
              "code": "medication(Medication.code)",
              "extension": [
                {
                  "url": "http://hl7.org/fhir/uv/v2mappings/StructureDefinition/TypeInfo",
                  "extension": [
                    {
                      "url": "type",
                      "valueCode": "CodeableConcept"
                    },
                    {
                      "url": "cardinalityMin",
                      "valueInteger": 1
                    }
                  ]
                }
              ],
              "display": "medication(Medication.code)"
            }
          ]
        },
        {
          "code": "RXO-2",
          "extension": [
            {
              "url": "http://hl7.org/fhir/uv/v2mappings/StructureDefinition/TypeInfo",
              "extension": [
                {
                  "url": "type",
                  "valueCode": "NM"
                },
                {
                  "url": "cardinalityMin",
                  "valueInteger": 1
                },
                {
                  "url": "cardinalityMax",
                  "valueInteger": 1
                }
              ]
            }
          ],
          "display": "Requested Give Amount - Minimum",
          "target": [
            {
              "equivalence": "equivalent",
              "code": "dosageInstruction.doseAndRate[1].doseRange.low.value",
              "extension": [
                {
                  "url": "http://hl7.org/fhir/uv/v2mappings/StructureDefinition/TypeInfo",
                  "extension": [
                    {
                      "url": "type",
                      "valueCode": "decimal"
                    }
                  ]
                }
              ],
              "display": "dosageInstruction.doseAndRate[1].doseRange.low.value"
            }
          ]
        },
        {
          "code": "RXO-2",
          "extension": [
            {
              "url": "http://hl7.org/fhir/uv/v2mappings/StructureDefinition/TypeInfo",
              "extension": [
                {
                  "url": "type",
                  "valueCode": "NM"
                },
                {
                  "url": "cardinalityMin",
                  "valueInteger": 1
                },
                {
                  "url": "cardinalityMax",
                  "valueInteger": 1
                }
              ]
            }
          ],
          "display": "Requested Give Amount - Minimum",
          "target": [
            {
              "equivalence": "equivalent",
              "code": "dosageInstruction.doseAndRate[1].type",
              "extension": [
                {
                  "url": "http://hl7.org/fhir/uv/v2mappings/StructureDefinition/TypeInfo",
                  "extension": [
                    {
                      "url": "assignment",
                      "valueString": "\"ordered\""
                    }
                  ]
                }
              ],
              "display": "dosageInstruction.doseAndRate[1].type"
            }
          ]
        },
        {
          "code": "RXO-3",
          "extension": [
            {
              "url": "http://hl7.org/fhir/uv/v2mappings/StructureDefinition/TypeInfo",
              "extension": [
                {
                  "url": "type",
                  "valueCode": "NM"
                },
                {
                  "url": "cardinalityMin",
                  "valueInteger": 1
                },
                {
                  "url": "cardinalityMax",
                  "valueInteger": 1
                }
              ]
            }
          ],
          "display": "Requested Give Amount - Maximum",
          "target": [
            {
              "equivalence": "equivalent",
              "code": "dosageInstruction.doseAndRate[1].doseRange.high.value",
              "extension": [
                {
                  "url": "http://hl7.org/fhir/uv/v2mappings/StructureDefinition/TypeInfo",
                  "extension": [
                    {
                      "url": "type",
                      "valueCode": "decimal"
                    }
                  ]
                }
              ],
              "display": "dosageInstruction.doseAndRate[1].doseRange.high.value"
            }
          ]
        },
        {
          "code": "RXO-4",
          "extension": [
            {
              "url": "http://hl7.org/fhir/uv/v2mappings/StructureDefinition/TypeInfo",
              "extension": [
                {
                  "url": "type",
                  "valueCode": "CWE"
                },
                {
                  "url": "cardinalityMin",
                  "valueInteger": 1
                },
                {
                  "url": "cardinalityMax",
                  "valueInteger": 1
                }
              ]
            }
          ],
          "display": "Requested Give Units",
          "target": [
            {
              "equivalence": "equivalent",
              "code": "dosageInstruction.doseAndRate[1].doseRange.low.code",
              "extension": [
                {
                  "url": "http://hl7.org/fhir/uv/v2mappings/StructureDefinition/TypeInfo",
                  "extension": [
                    {
                      "url": "type",
                      "valueCode": "code"
                    },
                    {
                      "url": "mappedVia",
                      "valueUrl": "unspecified_mapping"
                    }
                  ]
                }
              ],
              "display": "dosageInstruction.doseAndRate[1].doseRange.low.code",
              "dependsOn": [
                {
                  "property": "Computable-ANTLR",
                  "value": "IF RXO-2 IS VALUED AND (IF RXO-4.1 IS VALUED OR RXO-4.3 IS VALUED)"
                }
              ]
            }
          ]
        },
        {
          "code": "RXO-4",
          "extension": [
            {
              "url": "http://hl7.org/fhir/uv/v2mappings/StructureDefinition/TypeInfo",
              "extension": [
                {
                  "url": "type",
                  "valueCode": "CWE"
                },
                {
                  "url": "cardinalityMin",
                  "valueInteger": 1
                },
                {
                  "url": "cardinalityMax",
                  "valueInteger": 1
                }
              ]
            }
          ],
          "display": "Requested Give Units",
          "target": [
            {
              "equivalence": "equivalent",
              "code": "dosageInstruction.doseAndRate[1].doseRange.low.unit",
              "extension": [
                {
                  "url": "http://hl7.org/fhir/uv/v2mappings/StructureDefinition/TypeInfo",
                  "extension": [
                    {
                      "url": "type",
                      "valueCode": "string"
                    }
                  ]
                }
              ],
              "display": "dosageInstruction.doseAndRate[1].doseRange.low.unit",
              "dependsOn": [
                {
                  "property": "Computable-ANTLR",
                  "value": "IF RXO-2 IS VALUED AND (IF RXO-4.1 IS NOT VALUED AND RXO-4.3 IS NOT VALUED)"
                }
              ]
            }
          ]
        },
        {
          "code": "RXO-4",
          "extension": [
            {
              "url": "http://hl7.org/fhir/uv/v2mappings/StructureDefinition/TypeInfo",
              "extension": [
                {
                  "url": "type",
                  "valueCode": "CWE"
                },
                {
                  "url": "cardinalityMin",
                  "valueInteger": 1
                },
                {
                  "url": "cardinalityMax",
                  "valueInteger": 1
                }
              ]
            }
          ],
          "display": "Requested Give Units",
          "target": [
            {
              "equivalence": "equivalent",
              "code": "dosageInstruction.doseAndRate[1].doseRange.high.code",
              "extension": [
                {
                  "url": "http://hl7.org/fhir/uv/v2mappings/StructureDefinition/TypeInfo",
                  "extension": [
                    {
                      "url": "type",
                      "valueCode": "code"
                    }
                  ]
                }
              ],
              "display": "dosageInstruction.doseAndRate[1].doseRange.high.code",
              "dependsOn": [
                {
                  "property": "Computable-ANTLR",
                  "value": "IF RXO-2 IS VALUED AND (IF RXO-4.1 IS VALUED OR RXO-4.3 IS VALUED)"
                }
              ]
            }
          ]
        },
        {
          "code": "RXO-4",
          "extension": [
            {
              "url": "http://hl7.org/fhir/uv/v2mappings/StructureDefinition/TypeInfo",
              "extension": [
                {
                  "url": "type",
                  "valueCode": "CWE"
                },
                {
                  "url": "cardinalityMin",
                  "valueInteger": 1
                },
                {
                  "url": "cardinalityMax",
                  "valueInteger": 1
                }
              ]
            }
          ],
          "display": "Requested Give Units",
          "target": [
            {
              "equivalence": "equivalent",
              "code": "dosageInstruction.doseAndRate[1].doseRange.high.unit",
              "extension": [
                {
                  "url": "http://hl7.org/fhir/uv/v2mappings/StructureDefinition/TypeInfo",
                  "extension": [
                    {
                      "url": "type",
                      "valueCode": "string"
                    }
                  ]
                }
              ],
              "display": "dosageInstruction.doseAndRate[1].doseRange.high.unit",
              "dependsOn": [
                {
                  "property": "Computable-ANTLR",
                  "value": "IF RXO-2 IS VALUED AND (IF RXO-4.1 IS NOT VALUED AND RXO-4.3 IS NOT VALUED)"
                }
              ]
            }
          ]
        },
        {
          "code": "RXO-5",
          "extension": [
            {
              "url": "http://hl7.org/fhir/uv/v2mappings/StructureDefinition/TypeInfo",
              "extension": [
                {
                  "url": "type",
                  "valueCode": "CWE"
                },
                {
                  "url": "cardinalityMin",
                  "valueInteger": 1
                },
                {
                  "url": "cardinalityMax",
                  "valueInteger": 1
                }
              ]
            }
          ],
          "display": "Requested Dosage Form",
          "target": [
            {
              "equivalence": "equivalent",
              "code": "medication(Medication.doseForm)",
              "extension": [
                {
                  "url": "http://hl7.org/fhir/uv/v2mappings/StructureDefinition/TypeInfo",
                  "extension": [
                    {
                      "url": "type",
                      "valueCode": "CodeableConcept"
                    },
                    {
                      "url": "mappedVia",
                      "valueUrl": "unspecified_mapping"
                    }
                  ]
                }
              ],
              "display": "medication(Medication.doseForm)"
            }
          ]
        },
        {
          "code": "RXO-9",
          "extension": [
            {
              "url": "http://hl7.org/fhir/uv/v2mappings/StructureDefinition/TypeInfo",
              "extension": [
                {
                  "url": "type",
                  "valueCode": "ID"
                },
                {
                  "url": "cardinalityMin",
                  "valueInteger": 1
                },
                {
                  "url": "cardinalityMax",
                  "valueInteger": 1
                }
              ]
            }
          ],
          "display": "Allow Substitutions",
          "target": [
            {
              "equivalence": "equivalent",
              "code": "substitution.allowedCodeableConcept",
              "extension": [
                {
                  "url": "http://hl7.org/fhir/uv/v2mappings/StructureDefinition/TypeInfo",
                  "extension": [
                    {
                      "url": "type",
                      "valueCode": "CodeableConcept"
                    },
                    {
                      "url": "mappedVia",
                      "valueUrl": "ConceptMap/table-hl70161-to-v2-0161"
                    }
                  ]
                }
              ],
              "display": "substitution.allowedCodeableConcept"
            }
          ]
        },
        {
          "code": "RXO-11",
          "extension": [
            {
              "url": "http://hl7.org/fhir/uv/v2mappings/StructureDefinition/TypeInfo",
              "extension": [
                {
                  "url": "type",
                  "valueCode": "NM"
                },
                {
                  "url": "cardinalityMin",
                  "valueInteger": 1
                },
                {
                  "url": "cardinalityMax",
                  "valueInteger": 1
                }
              ]
            }
          ],
          "display": "Requested Dispense Amount",
          "target": [
            {
              "equivalence": "equivalent",
              "code": "dispenseRequest.quantity.value",
              "extension": [
                {
                  "url": "http://hl7.org/fhir/uv/v2mappings/StructureDefinition/TypeInfo",
                  "extension": [
                    {
                      "url": "type",
                      "valueCode": "decimal"
                    }
                  ]
                }
              ],
              "display": "dispenseRequest.quantity.value"
            }
          ]
        },
        {
          "code": "RXO-12",
          "extension": [
            {
              "url": "http://hl7.org/fhir/uv/v2mappings/StructureDefinition/TypeInfo",
              "extension": [
                {
                  "url": "type",
                  "valueCode": "CWE"
                },
                {
                  "url": "cardinalityMin",
                  "valueInteger": 1
                },
                {
                  "url": "cardinalityMax",
                  "valueInteger": 1
                }
              ]
            }
          ],
          "display": "Requested Dispense Units",
          "target": [
            {
              "equivalence": "equivalent",
              "code": "dispenseRequest.quantity.code",
              "extension": [
                {
                  "url": "http://hl7.org/fhir/uv/v2mappings/StructureDefinition/TypeInfo",
                  "extension": [
                    {
                      "url": "type",
                      "valueCode": "code"
                    },
                    {
                      "url": "mappedVia",
                      "valueUrl": "unspecified_mapping"
                    }
                  ]
                }
              ],
              "display": "dispenseRequest.quantity.code",
              "dependsOn": [
                {
                  "property": "Computable-ANTLR",
                  "value": "IF RXO-12.1 IS VALUED OR RXO-12.3 IS VALUED"
                }
              ]
            }
          ]
        },
        {
          "code": "RXO-12",
          "extension": [
            {
              "url": "http://hl7.org/fhir/uv/v2mappings/StructureDefinition/TypeInfo",
              "extension": [
                {
                  "url": "type",
                  "valueCode": "CWE"
                },
                {
                  "url": "cardinalityMin",
                  "valueInteger": 1
                },
                {
                  "url": "cardinalityMax",
                  "valueInteger": 1
                }
              ]
            }
          ],
          "display": "Requested Dispense Units",
          "target": [
            {
              "equivalence": "equivalent",
              "code": "dispenseRequest.quantity.unit",
              "extension": [
                {
                  "url": "http://hl7.org/fhir/uv/v2mappings/StructureDefinition/TypeInfo",
                  "extension": [
                    {
                      "url": "type",
                      "valueCode": "string"
                    }
                  ]
                }
              ],
              "display": "dispenseRequest.quantity.unit",
              "dependsOn": [
                {
                  "property": "Computable-ANTLR",
                  "value": "IF RXO-12.1 IS NOT VALUED AND RXO-12.3 IS NOT VALUED"
                }
              ]
            }
          ]
        },
        {
          "code": "RXO-13",
          "extension": [
            {
              "url": "http://hl7.org/fhir/uv/v2mappings/StructureDefinition/TypeInfo",
              "extension": [
                {
                  "url": "type",
                  "valueCode": "NM"
                },
                {
                  "url": "cardinalityMin",
                  "valueInteger": 1
                },
                {
                  "url": "cardinalityMax",
                  "valueInteger": 1
                }
              ]
            }
          ],
          "display": "Number Of Refills",
          "target": [
            {
              "equivalence": "equivalent",
              "code": "dispenseRequest.numberOfRepeatsAllowed",
              "extension": [
                {
                  "url": "http://hl7.org/fhir/uv/v2mappings/StructureDefinition/TypeInfo",
                  "extension": [
                    {
                      "url": "type",
                      "valueCode": "unsignedInt"
                    }
                  ]
                }
              ],
              "display": "dispenseRequest.numberOfRepeatsAllowed"
            }
          ]
        },
        {
          "code": "RXO-14",
          "extension": [
            {
              "url": "http://hl7.org/fhir/uv/v2mappings/StructureDefinition/TypeInfo",
              "extension": [
                {
                  "url": "type",
                  "valueCode": "XCN"
                },
                {
                  "url": "cardinalityMin",
                  "valueInteger": -1
                },
                {
                  "url": "cardinalityMax",
                  "valueInteger": -1
                }
              ]
            }
          ],
          "display": "Ordering Provider's DEA Number",
          "target": [
            {
              "equivalence": "equivalent",
              "code": "requester(Practitioner)",
              "extension": [
                {
                  "url": "http://hl7.org/fhir/uv/v2mappings/StructureDefinition/TypeInfo",
                  "extension": [
                    {
                      "url": "type",
                      "valueCode": "Reference"
                    }
                  ]
                }
              ],
              "display": "requester(Practitioner)"
            }
          ]
        },
        {
          "code": "RXO-18",
          "extension": [
            {
              "url": "http://hl7.org/fhir/uv/v2mappings/StructureDefinition/TypeInfo",
              "extension": [
                {
                  "url": "type",
                  "valueCode": "NM"
                },
                {
                  "url": "cardinalityMin",
                  "valueInteger": 1
                },
                {
                  "url": "cardinalityMax",
                  "valueInteger": 1
                }
              ]
            }
          ],
          "display": "Requested Give Strength",
          "target": [
            {
              "equivalence": "equivalent",
              "code": "medicationReference(Medication.ingredient.strength.numerator.value",
              "display": "medicationReference(Medication.ingredient.strength.numerator.value"
            }
          ]
        },
        {
          "code": "RXO-19",
          "extension": [
            {
              "url": "http://hl7.org/fhir/uv/v2mappings/StructureDefinition/TypeInfo",
              "extension": [
                {
                  "url": "type",
                  "valueCode": "CWE"
                },
                {
                  "url": "cardinalityMin",
                  "valueInteger": 1
                },
                {
                  "url": "cardinalityMax",
                  "valueInteger": 1
                }
              ]
            }
          ],
          "display": "Requested Give Strength Units",
          "target": [
            {
              "equivalence": "equivalent",
              "code": "medicationReference(Medication.ingredient.strength.numerator.code",
              "extension": [
                {
                  "url": "http://hl7.org/fhir/uv/v2mappings/StructureDefinition/TypeInfo",
                  "extension": [
                    {
                      "url": "type",
                      "valueCode": "code"
                    },
                    {
                      "url": "mappedVia",
                      "valueUrl": "unspecified_mapping"
                    }
                  ]
                }
              ],
              "display": "medicationReference(Medication.ingredient.strength.numerator.code",
              "dependsOn": [
                {
                  "property": "Computable-ANTLR",
                  "value": "IF RXO-19.1 IS VALUED OR RXO-19.3 IS VALUED"
                }
              ]
            }
          ]
        },
        {
          "code": "RXO-19",
          "extension": [
            {
              "url": "http://hl7.org/fhir/uv/v2mappings/StructureDefinition/TypeInfo",
              "extension": [
                {
                  "url": "type",
                  "valueCode": "CWE"
                },
                {
                  "url": "cardinalityMin",
                  "valueInteger": 1
                },
                {
                  "url": "cardinalityMax",
                  "valueInteger": 1
                }
              ]
            }
          ],
          "display": "Requested Give Strength Units",
          "target": [
            {
              "equivalence": "equivalent",
              "code": "medicationReference(Medication.ingredient.strength.numerator.unit",
              "extension": [
                {
                  "url": "http://hl7.org/fhir/uv/v2mappings/StructureDefinition/TypeInfo",
                  "extension": [
                    {
                      "url": "type",
                      "valueCode": "string"
                    }
                  ]
                }
              ],
              "display": "medicationReference(Medication.ingredient.strength.numerator.unit",
              "dependsOn": [
                {
                  "property": "Computable-ANTLR",
                  "value": "IF RXO-19.1 IS NOT VALUED AND RXO-19.3 IS NOT VALUED"
                }
              ]
            }
          ]
        },
        {
          "code": "RXE-19",
          "extension": [
            {
              "url": "http://hl7.org/fhir/uv/v2mappings/StructureDefinition/TypeInfo",
              "extension": [
                {
                  "url": "type",
                  "valueCode": "CQ"
                },
                {
                  "url": "cardinalityMin",
                  "valueInteger": 1
                },
                {
                  "url": "cardinalityMax",
                  "valueInteger": 1
                }
              ]
            }
          ],
          "display": "Total Daily Dose",
          "target": [
            {
              "equivalence": "equivalent",
              "code": "dosageInstruction.maxDosePerPeriod.numerator",
              "extension": [
                {
                  "url": "http://hl7.org/fhir/uv/v2mappings/StructureDefinition/TypeInfo",
                  "extension": [
                    {
                      "url": "type",
                      "valueCode": "Quantity"
                    },
                    {
                      "url": "cardinalityMin",
                      "valueInteger": 0
                    },
                    {
                      "url": "cardinalityMax",
                      "valueInteger": 1
                    }
                  ]
                }
              ],
              "display": "dosageInstruction.maxDosePerPeriod.numerator"
            }
          ]
        },
        {
          "code": "RXE-19",
          "extension": [
            {
              "url": "http://hl7.org/fhir/uv/v2mappings/StructureDefinition/TypeInfo",
              "extension": [
                {
                  "url": "type",
                  "valueCode": "CQ"
                },
                {
                  "url": "cardinalityMin",
                  "valueInteger": 1
                },
                {
                  "url": "cardinalityMax",
                  "valueInteger": 1
                }
              ]
            }
          ],
          "display": "Total Daily Dose",
          "target": [
            {
              "equivalence": "equivalent",
              "code": "dosageInstruction.maxDosePerPeriod.denominator.value",
              "extension": [
                {
                  "url": "http://hl7.org/fhir/uv/v2mappings/StructureDefinition/TypeInfo",
                  "extension": [
                    {
                      "url": "type",
                      "valueCode": "Quantity"
                    },
                    {
                      "url": "cardinalityMin",
                      "valueInteger": 0
                    },
                    {
                      "url": "cardinalityMax",
                      "valueInteger": 1
                    },
                    {
                      "url": "assignment",
                      "valueString": "\"1\""
                    }
                  ]
                }
              ],
              "display": "dosageInstruction.maxDosePerPeriod.denominator.value"
            }
          ]
        },
        {
          "code": "RXE-19",
          "extension": [
            {
              "url": "http://hl7.org/fhir/uv/v2mappings/StructureDefinition/TypeInfo",
              "extension": [
                {
                  "url": "type",
                  "valueCode": "CQ"
                },
                {
                  "url": "cardinalityMin",
                  "valueInteger": 1
                },
                {
                  "url": "cardinalityMax",
                  "valueInteger": 1
                }
              ]
            }
          ],
          "display": "Total Daily Dose",
          "target": [
            {
              "equivalence": "equivalent",
              "code": "dosageInstruction.maxDosePerPeriod.denominator.code",
              "extension": [
                {
                  "url": "http://hl7.org/fhir/uv/v2mappings/StructureDefinition/TypeInfo",
                  "extension": [
                    {
                      "url": "assignment",
                      "valueString": "\"d\""
                    }
                  ]
                }
              ],
              "display": "dosageInstruction.maxDosePerPeriod.denominator.code"
            }
          ]
        },
        {
          "code": "RXO-25",
          "extension": [
            {
              "url": "http://hl7.org/fhir/uv/v2mappings/StructureDefinition/TypeInfo",
              "extension": [
                {
                  "url": "type",
                  "valueCode": "NM"
                },
                {
                  "url": "cardinalityMin",
                  "valueInteger": 1
                },
                {
                  "url": "cardinalityMax",
                  "valueInteger": 1
                }
              ]
            }
          ],
          "display": "Requested Drug Strength Volume",
          "target": [
            {
              "equivalence": "equivalent",
              "code": "medicationReference(Medication.ingredient.strength.denominator.value",
              "extension": [
                {
                  "url": "http://hl7.org/fhir/uv/v2mappings/StructureDefinition/TypeInfo",
                  "extension": [
                    {
                      "url": "type",
                      "valueCode": "decimal"
                    }
                  ]
                }
              ],
              "display": "medicationReference(Medication.ingredient.strength.denominator.value"
            }
          ]
        },
        {
          "code": "RXO-26",
          "extension": [
            {
              "url": "http://hl7.org/fhir/uv/v2mappings/StructureDefinition/TypeInfo",
              "extension": [
                {
                  "url": "type",
                  "valueCode": "CWE"
                },
                {
                  "url": "cardinalityMin",
                  "valueInteger": 1
                },
                {
                  "url": "cardinalityMax",
                  "valueInteger": 1
                }
              ]
            }
          ],
          "display": "Requested Drug Strength Volume Units",
          "target": [
            {
              "equivalence": "equivalent",
              "code": "medicationReference(Medication.ingredient.strength.denominator.code",
              "extension": [
                {
                  "url": "http://hl7.org/fhir/uv/v2mappings/StructureDefinition/TypeInfo",
                  "extension": [
                    {
                      "url": "type",
                      "valueCode": "code"
                    },
                    {
                      "url": "mappedVia",
                      "valueUrl": "unspecified_mapping"
                    }
                  ]
                }
              ],
              "display": "medicationReference(Medication.ingredient.strength.denominator.code",
              "dependsOn": [
                {
                  "property": "Computable-ANTLR",
                  "value": "IF RXO-26.1 IS VALUED OR RXO-26.3 IS VALUED"
                }
              ]
            }
          ]
        },
        {
          "code": "RXO-26",
          "extension": [
            {
              "url": "http://hl7.org/fhir/uv/v2mappings/StructureDefinition/TypeInfo",
              "extension": [
                {
                  "url": "type",
                  "valueCode": "CWE"
                },
                {
                  "url": "cardinalityMin",
                  "valueInteger": 1
                },
                {
                  "url": "cardinalityMax",
                  "valueInteger": 1
                }
              ]
            }
          ],
          "display": "Requested Drug Strength Volume Units",
          "target": [
            {
              "equivalence": "equivalent",
              "code": "medicationReference(Medication.ingredient.strength.denominator.unit",
              "extension": [
                {
                  "url": "http://hl7.org/fhir/uv/v2mappings/StructureDefinition/TypeInfo",
                  "extension": [
                    {
                      "url": "type",
                      "valueCode": "string"
                    }
                  ]
                }
              ],
              "display": "medicationReference(Medication.ingredient.strength.denominator.unit",
              "dependsOn": [
                {
                  "property": "Computable-ANTLR",
                  "value": "IF RXO-26.1 IS NOT VALUED AND RXO-26.3 IS NOT VALUED"
                }
              ]
            }
          ]
        }
      ]
    }
  ]
}
