{
  "resourceType": "ConceptMap",
  "id": "message-vxu-v04-to-bundle",
  "url": "http://hl7.org/fhir/uv/v2mappings/ConceptMap/message-vxu-v04-to-bundle",
  "title": "Message VXU_V04 to Bundle Map",
  "description": "This ConceptMap represents a mapping from the HL7 V2 Message VXU_V04 to the FHIR Message Bundle.",
  "name": "MessageVXU_V04ToBundle",
  "version": "1.0",
  "status": "active",
  "experimental": true,
  "publisher": "HL7 International, Inc",
  "contact": [
    {
      "telecom": [
        {
          "system": "email",
          "value": "v2-to-fhir@lists.hl7.org"
        }
      ]
    }
  ],
  "date": "2025-08-23",
  "copyright": "Copyright (c) 2025, HL7 International, Inc., All Rights Reserved.",
  "extension": [
    {
      "url": "http://hl7.org/fhir/uv/v2mappings/StructureDefinition/RelatedArtifact",
      "extension": [
        {
          "url": "type",
          "valueCode": "derived-from"
        },
        {
          "url": "label",
          "valueString": "Message VXU:V04 to Bundle.fsh"
        },
        {
          "url": "url",
          "valueUri": "https://docs.google.com/spreadsheets/d/1_7maXDpc_qMMRzMm0x6d90-Hj6vvhGyO2kyFX0tpuZs/edit#gid=0"
        }
      ]
    }
  ],
  "group": [
    {
      "element": [
        {
          "code": "VXU_V04.MSH",
          "extension": [
            {
              "url": "http://hl7.org/fhir/uv/v2mappings/StructureDefinition/TypeInfo",
              "extension": [
                {
                  "url": "cardinalityMin",
                  "valueInteger": 1
                },
                {
                  "url": "cardinalityMax",
                  "valueInteger": 1
                }
              ]
            }
          ],
          "display": "Message Header",
          "target": [
            {
              "equivalence": "equivalent",
              "code": "Bundle",
              "display": "Bundle"
            }
          ]
        },
        {
          "code": "VXU_V04.MSH",
          "extension": [
            {
              "url": "http://hl7.org/fhir/uv/v2mappings/StructureDefinition/TypeInfo",
              "extension": [
                {
                  "url": "cardinalityMin",
                  "valueInteger": 1
                },
                {
                  "url": "cardinalityMax",
                  "valueInteger": 1
                }
              ]
            }
          ],
          "display": "Message Header Segment",
          "target": [
            {
              "equivalence": "equivalent",
              "code": "MessageHeader[1]",
              "display": "MessageHeader[1]",
              "comment": "Processing of the MSH segment results in the creation of a new MessageHeader resource"
            }
          ]
        },
        {
          "code": "VXU_V04.MSH",
          "extension": [
            {
              "url": "http://hl7.org/fhir/uv/v2mappings/StructureDefinition/TypeInfo",
              "extension": [
                {
                  "url": "cardinalityMin",
                  "valueInteger": 1
                },
                {
                  "url": "cardinalityMax",
                  "valueInteger": 1
                }
              ]
            }
          ],
          "display": "Message Header Segment",
          "target": [
            {
              "equivalence": "equivalent",
              "code": "Provenance[1]",
              "display": "Provenance[1]",
              "comment": "If the FHIR transformation does not yield a FHIR message, but only a set of resource (APIs, repository, etc.) than one should consider attaching this Provenance resource instance to the relevant FHIR resources generated.",
              "dependsOn": [
                {
                  "property": "Narrative-Condition",
                  "value": "If there is a source in MSH-4, or known based on the configuration."
                }
              ]
            }
          ]
        },
        {
          "code": "VXU_V04.MSH",
          "extension": [
            {
              "url": "http://hl7.org/fhir/uv/v2mappings/StructureDefinition/TypeInfo",
              "extension": [
                {
                  "url": "cardinalityMin",
                  "valueInteger": 1
                },
                {
                  "url": "cardinalityMax",
                  "valueInteger": 1
                }
              ]
            }
          ],
          "display": "Message Header Segment",
          "target": [
            {
              "equivalence": "equivalent",
              "code": "Provenance[2]",
              "display": "Provenance[2]",
              "comment": "If the FHIR transformation does not yield a FHIR Bunlde, but only a set of resource (APIs, repository, etc.) than one should consider attaching this Provenance resource instance to the relevant FHIR resources generated."
            }
          ]
        },
        {
          "code": "VXU_V04.SFT",
          "extension": [
            {
              "url": "http://hl7.org/fhir/uv/v2mappings/StructureDefinition/TypeInfo",
              "extension": [
                {
                  "url": "cardinalityMin",
                  "valueInteger": 0
                },
                {
                  "url": "cardinalityMax",
                  "valueInteger": -1
                }
              ]
            }
          ],
          "display": "Software",
          "target": [
            {
              "equivalence": "equivalent",
              "code": "Provenance[1].entity.what(Device)",
              "display": "Provenance[1].entity.what(Device)",
              "dependsOn": [
                {
                  "property": "Narrative-Condition",
                  "value": "If the software does represent not the original source system"
                }
              ]
            }
          ]
        },
        {
          "code": "VXU_V04.SFT",
          "extension": [
            {
              "url": "http://hl7.org/fhir/uv/v2mappings/StructureDefinition/TypeInfo",
              "extension": [
                {
                  "url": "cardinalityMin",
                  "valueInteger": 0
                },
                {
                  "url": "cardinalityMax",
                  "valueInteger": -1
                }
              ]
            }
          ],
          "display": "Software",
          "target": [
            {
              "equivalence": "equivalent",
              "code": "Provenance[1].entity.what(Device)",
              "display": "Provenance[1].entity.what(Device)",
              "dependsOn": [
                {
                  "property": "Narrative-Condition",
                  "value": "If the software represents the original source system"
                }
              ]
            }
          ]
        },
        {
          "code": "VXU_V04.PID",
          "extension": [
            {
              "url": "http://hl7.org/fhir/uv/v2mappings/StructureDefinition/TypeInfo",
              "extension": [
                {
                  "url": "cardinalityMin",
                  "valueInteger": 1
                },
                {
                  "url": "cardinalityMax",
                  "valueInteger": 1
                }
              ]
            }
          ],
          "display": "Patient Identification Segment",
          "target": [
            {
              "equivalence": "equivalent",
              "code": "Patient[1]",
              "display": "Patient[1]",
              "comment": "Processing of the PID segment results in the creation of a new Patient resource"
            }
          ]
        },
        {
          "code": "VXU_V04.PID",
          "extension": [
            {
              "url": "http://hl7.org/fhir/uv/v2mappings/StructureDefinition/TypeInfo",
              "extension": [
                {
                  "url": "cardinalityMin",
                  "valueInteger": 1
                },
                {
                  "url": "cardinalityMax",
                  "valueInteger": 1
                }
              ]
            }
          ],
          "display": "Patient Identification Segment",
          "target": [
            {
              "equivalence": "equivalent",
              "code": "Provenance[4]",
              "display": "Provenance[4]",
              "dependsOn": [
                {
                  "property": "Computable-ANTLR",
                  "value": "IF PID-33 AND PID-34 VALUED"
                },
                {
                  "property": "Narrative-Condition",
                  "value": "One  may drop PID-33 from the condition if PID-34 Last Update Facility is still sufficient without a date."
                }
              ]
            }
          ]
        },
        {
          "code": "VXU_V04.PD1",
          "extension": [
            {
              "url": "http://hl7.org/fhir/uv/v2mappings/StructureDefinition/TypeInfo",
              "extension": [
                {
                  "url": "cardinalityMin",
                  "valueInteger": 0
                },
                {
                  "url": "cardinalityMax",
                  "valueInteger": 1
                }
              ]
            }
          ],
          "display": "Additional Demographics",
          "target": [
            {
              "equivalence": "equivalent",
              "code": "Patient[1]",
              "display": "Patient[1]",
              "comment": "Incorporate PD1 content into the Patient created from the PID segment."
            }
          ]
        },
        {
          "code": "VXU_V04.PD1",
          "extension": [
            {
              "url": "http://hl7.org/fhir/uv/v2mappings/StructureDefinition/TypeInfo",
              "extension": [
                {
                  "url": "cardinalityMin",
                  "valueInteger": 0
                },
                {
                  "url": "cardinalityMax",
                  "valueInteger": 1
                }
              ]
            }
          ],
          "display": "Additional Demographics",
          "target": [
            {
              "equivalence": "equivalent",
              "code": "Observation[3]",
              "display": "Observation[3]",
              "dependsOn": [
                {
                  "property": "Computable-ANTLR",
                  "value": "IF PD1-7 VALUED"
                }
              ]
            }
          ]
        },
        {
          "code": "VXU_V04.NK1",
          "extension": [
            {
              "url": "http://hl7.org/fhir/uv/v2mappings/StructureDefinition/TypeInfo",
              "extension": [
                {
                  "url": "cardinalityMin",
                  "valueInteger": 0
                },
                {
                  "url": "cardinalityMax",
                  "valueInteger": -1
                }
              ]
            }
          ],
          "display": "Next of Kin/Associated Parties",
          "target": [
            {
              "equivalence": "equivalent",
              "code": "RelatedPerson[1]",
              "display": "RelatedPerson[1]",
              "comment": "Typically, each NK1 will be translated to either a new RelatedPerson resource or added as a new occurrence of Patient.contact, but it's possible to insert the NK1 data into both structures."
            }
          ]
        },
        {
          "code": "VXU_V04.NK1",
          "extension": [
            {
              "url": "http://hl7.org/fhir/uv/v2mappings/StructureDefinition/TypeInfo",
              "extension": [
                {
                  "url": "cardinalityMin",
                  "valueInteger": 0
                },
                {
                  "url": "cardinalityMax",
                  "valueInteger": -1
                }
              ]
            }
          ],
          "display": "Next of Kin/Associated Parties",
          "target": [
            {
              "equivalence": "equivalent",
              "code": "Patient[1]",
              "display": "Patient[1]"
            }
          ]
        },
        {
          "code": "VXU_V04.PATIENT_VISIT.PV1",
          "extension": [
            {
              "url": "http://hl7.org/fhir/uv/v2mappings/StructureDefinition/TypeInfo",
              "extension": [
                {
                  "url": "cardinalityMin",
                  "valueInteger": 1
                },
                {
                  "url": "cardinalityMax",
                  "valueInteger": 1
                }
              ]
            }
          ],
          "display": "Patient Visit",
          "target": [
            {
              "equivalence": "equivalent",
              "code": "Encounter[1]",
              "display": "Encounter[1]",
              "comment": "Processing of the PV1 segment results in the creation of a new Encounter resource",
              "dependsOn": [
                {
                  "property": "Narrative-Condition",
                  "value": "Only if the system wants to know about the encounter related to the immunization event"
                }
              ]
            }
          ]
        },
        {
          "code": "VXU_V04.PATIENT_VISIT.PV1",
          "extension": [
            {
              "url": "http://hl7.org/fhir/uv/v2mappings/StructureDefinition/TypeInfo",
              "extension": [
                {
                  "url": "cardinalityMin",
                  "valueInteger": 1
                },
                {
                  "url": "cardinalityMax",
                  "valueInteger": 1
                }
              ]
            }
          ],
          "display": "Patient Visit",
          "target": [
            {
              "equivalence": "equivalent",
              "code": "Basic",
              "display": "Basic",
              "dependsOn": [
                {
                  "property": "Computable-ANTLR",
                  "value": "IF PV1-43 VALUED"
                }
              ]
            }
          ]
        },
        {
          "code": "VXU_V04.PATIENT_VISIT.PV1",
          "extension": [
            {
              "url": "http://hl7.org/fhir/uv/v2mappings/StructureDefinition/TypeInfo",
              "extension": [
                {
                  "url": "cardinalityMin",
                  "valueInteger": 1
                },
                {
                  "url": "cardinalityMax",
                  "valueInteger": 1
                }
              ]
            }
          ],
          "display": "Patient Visit",
          "target": [
            {
              "equivalence": "equivalent",
              "code": "Patient[1]",
              "display": "Patient[1]"
            }
          ]
        },
        {
          "code": "VXU_V04.PATIENT_VISIT.PV1",
          "extension": [
            {
              "url": "http://hl7.org/fhir/uv/v2mappings/StructureDefinition/TypeInfo",
              "extension": [
                {
                  "url": "cardinalityMin",
                  "valueInteger": 1
                },
                {
                  "url": "cardinalityMax",
                  "valueInteger": 1
                }
              ]
            }
          ],
          "display": "Patient Visit",
          "target": [
            {
              "equivalence": "equivalent",
              "code": "Coverage[1]",
              "display": "Coverage[1]",
              "dependsOn": [
                {
                  "property": "Computable-ANTLR",
                  "value": "IF PV1-20 VALUE"
                }
              ]
            }
          ]
        },
        {
          "code": "VXU_V04.PATIENT_VISIT.PV2",
          "extension": [
            {
              "url": "http://hl7.org/fhir/uv/v2mappings/StructureDefinition/TypeInfo",
              "extension": [
                {
                  "url": "cardinalityMin",
                  "valueInteger": 0
                },
                {
                  "url": "cardinalityMax",
                  "valueInteger": 1
                }
              ]
            }
          ],
          "display": "Patient Visit – Additional Info",
          "target": [
            {
              "equivalence": "equivalent",
              "code": "Encounter[1]",
              "display": "Encounter[1]",
              "comment": "Incorporate PV2 content into the Encounter created from the PV1 segment."
            }
          ]
        },
        {
          "code": "VXU_V04.PERSON_OBSERVATION.OBX",
          "extension": [
            {
              "url": "http://hl7.org/fhir/uv/v2mappings/StructureDefinition/TypeInfo",
              "extension": [
                {
                  "url": "cardinalityMin",
                  "valueInteger": 1
                },
                {
                  "url": "cardinalityMax",
                  "valueInteger": 1
                }
              ]
            }
          ],
          "display": "Observation/Result",
          "target": [
            {
              "equivalence": "equivalent",
              "code": "Observation[1]",
              "display": "Observation[1]",
              "dependsOn": [
                {
                  "property": "Computable-ANTLR",
                  "value": "IF OBX-5 LST.count LESS THAN OR EQUALS 1 OR OBX-2 IS \"NA\""
                }
              ]
            }
          ]
        },
        {
          "code": "VXU_V04.PERSON_OBSERVATION.OBX",
          "extension": [
            {
              "url": "http://hl7.org/fhir/uv/v2mappings/StructureDefinition/TypeInfo",
              "extension": [
                {
                  "url": "cardinalityMin",
                  "valueInteger": 1
                },
                {
                  "url": "cardinalityMax",
                  "valueInteger": 1
                }
              ]
            }
          ],
          "display": "Observation/Result",
          "target": [
            {
              "equivalence": "equivalent",
              "code": "Observation[1]",
              "display": "Observation[1]",
              "comment": "Note that when OBX-5 repeats, the standard mapping is to use Observation.component (see OBX[Observation-Component] map) rather than creating separate Observation instances.  However, we are aware that some profiles and implementation guides do separate the OBX into multiple observations depending on the OBX-2 value.  This is an example of a non-standard interpretation as the OBX should have been separated into multiple OBX segments to start.  Please consider the local profiles and implementation guides on how to manage these variants.",
              "dependsOn": [
                {
                  "property": "Computable-ANTLR",
                  "value": "IF  OBX-5 LST.count GREATER THAN 1 AND OBX-2 IS NOT \"NA\""
                }
              ]
            }
          ]
        },
        {
          "code": "VXU_V04.PERSON_OBSERVATION.PRT",
          "extension": [
            {
              "url": "http://hl7.org/fhir/uv/v2mappings/StructureDefinition/TypeInfo",
              "extension": [
                {
                  "url": "cardinalityMin",
                  "valueInteger": 0
                },
                {
                  "url": "cardinalityMax",
                  "valueInteger": -1
                }
              ]
            }
          ],
          "display": "Participation (for Observation)",
          "target": [
            {
              "equivalence": "equivalent",
              "code": "Device[1]",
              "display": "Device[1]",
              "dependsOn": [
                {
                  "property": "Computable-ANTLR",
                  "value": "IF PRT-10 VALUED"
                }
              ]
            }
          ]
        },
        {
          "code": "VXU_V04.PERSON_OBSERVATION.PRT",
          "extension": [
            {
              "url": "http://hl7.org/fhir/uv/v2mappings/StructureDefinition/TypeInfo",
              "extension": [
                {
                  "url": "cardinalityMin",
                  "valueInteger": 0
                },
                {
                  "url": "cardinalityMax",
                  "valueInteger": -1
                }
              ]
            }
          ],
          "display": "Participation (for Observation)",
          "target": [
            {
              "equivalence": "equivalent",
              "code": "Observation[1]",
              "display": "Observation[1]",
              "comment": "At this time we don't know of a use case for sending a location PRT to a patient level observations. We've provided a mapping from PRT to Location but not way to link it to other resources in the Bundle. If there is a known use case, please comment on it so that we can develop a solution.",
              "dependsOn": [
                {
                  "property": "Computable-ANTLR",
                  "value": "IF PRT-9 VALUED OR IF PRT-14 VALUED"
                }
              ]
            }
          ]
        },
        {
          "code": "VXU_V04.PERSON_OBSERVATION.PRT",
          "extension": [
            {
              "url": "http://hl7.org/fhir/uv/v2mappings/StructureDefinition/TypeInfo",
              "extension": [
                {
                  "url": "cardinalityMin",
                  "valueInteger": 0
                },
                {
                  "url": "cardinalityMax",
                  "valueInteger": -1
                }
              ]
            }
          ],
          "display": "Participation (for Observation)",
          "target": [
            {
              "equivalence": "equivalent",
              "code": "PractitionerRole[1]",
              "display": "PractitionerRole[1]",
              "dependsOn": [
                {
                  "property": "Computable-ANTLR",
                  "value": "IF PRT-5 VALUED"
                }
              ]
            }
          ]
        },
        {
          "code": "VXU_V04.PERSON_OBSERVATION.NTE",
          "extension": [
            {
              "url": "http://hl7.org/fhir/uv/v2mappings/StructureDefinition/TypeInfo",
              "extension": [
                {
                  "url": "cardinalityMin",
                  "valueInteger": 0
                },
                {
                  "url": "cardinalityMax",
                  "valueInteger": -1
                }
              ]
            }
          ],
          "display": "Notes (Regarding Patient Observation)",
          "target": [
            {
              "equivalence": "equivalent",
              "code": "Observation[1].note",
              "display": "Observation[1].note"
            }
          ]
        },
        {
          "code": "VXU_V04.ORDER.ORC",
          "extension": [
            {
              "url": "http://hl7.org/fhir/uv/v2mappings/StructureDefinition/TypeInfo",
              "extension": [
                {
                  "url": "cardinalityMin",
                  "valueInteger": 1
                },
                {
                  "url": "cardinalityMax",
                  "valueInteger": 1
                }
              ]
            }
          ],
          "display": "Common Order",
          "target": [
            {
              "equivalence": "equivalent",
              "code": "Immunization[1]",
              "display": "Immunization[1]",
              "comment": "Processing of each ORC segment results in the creation of a new Immunization resource"
            }
          ]
        },
        {
          "code": "VXU_V04.ORDER.ORC",
          "extension": [
            {
              "url": "http://hl7.org/fhir/uv/v2mappings/StructureDefinition/TypeInfo",
              "extension": [
                {
                  "url": "cardinalityMin",
                  "valueInteger": 1
                },
                {
                  "url": "cardinalityMax",
                  "valueInteger": 1
                }
              ]
            }
          ],
          "display": "Common Order",
          "target": [
            {
              "equivalence": "equivalent",
              "code": "ServiceRequest[1]",
              "display": "ServiceRequest[1]",
              "comment": "Processing of each ORC segment results in the creation of a new ServiceRequest resource if the receiving system wants to know about the order that lead to the immunization event",
              "dependsOn": [
                {
                  "property": "Narrative-Condition",
                  "value": "Only if the system wants to know about the order that lead to the immunization event"
                }
              ]
            }
          ]
        },
        {
          "code": "VXU_V04.ORDER.PRT",
          "extension": [
            {
              "url": "http://hl7.org/fhir/uv/v2mappings/StructureDefinition/TypeInfo",
              "extension": [
                {
                  "url": "cardinalityMin",
                  "valueInteger": 0
                },
                {
                  "url": "cardinalityMax",
                  "valueInteger": -1
                }
              ]
            }
          ],
          "display": "Participation (for ORC)",
          "target": [
            {
              "equivalence": "equivalent",
              "code": "PractitionerRole[2]",
              "display": "PractitionerRole[2]",
              "comment": "Processing of each PRT segment typically results in the creation of a new Practitioner or PractitionerRole resource. \n\nThe decision between creating a Practitioner or PractitionerRole resource may depend on the availability of data related to the practitioner's role elsewhere in the message.\n\nIt may be possible to reuse a Practitioner resource in the bundle created from somewhere else in the bundle rather than creating a new resource for each PRT segment (eg, the same administering practictioner resource could be pointed to from multiple order segment groups) - if an implementer decides to do this, the system must be certain that it's the same person (same name, ID, etc) potentially even playing the same role (if the bundle uses PractitionerRole in addition to Practitioner).\\",
              "dependsOn": [
                {
                  "property": "Computable-ANTLR",
                  "value": "IF PRT-4.1 EQUALS \"OP\" AND PRT-4.3 EQUALS \"HL70443\""
                },
                {
                  "property": "Computable-FHIRPath",
                  "value": "(element(\"4.1\")=\"OP\")and(element(\"4.3\")=\"HL70443\")"
                }
              ]
            }
          ]
        },
        {
          "code": "VXU_V04.ORDER.PRT",
          "extension": [
            {
              "url": "http://hl7.org/fhir/uv/v2mappings/StructureDefinition/TypeInfo",
              "extension": [
                {
                  "url": "cardinalityMin",
                  "valueInteger": 0
                },
                {
                  "url": "cardinalityMax",
                  "valueInteger": -1
                }
              ]
            }
          ],
          "display": "Participation (for ORC)",
          "target": [
            {
              "equivalence": "equivalent",
              "code": "Immunization[1].performer.function.coding.code",
              "display": "= \"OP'\"",
              "dependsOn": [
                {
                  "property": "Computable-ANTLR",
                  "value": "IF PRT-4.1 EQUALS \"OP\" AND PRT-4.3 EQUALS \"HL70443\""
                },
                {
                  "property": "Computable-FHIRPath",
                  "value": "(element(\"4.1\")=\"OP\")and(element(\"4.3\")=\"HL70443\")"
                }
              ]
            }
          ]
        },
        {
          "code": "VXU_V04.ORDER.PRT",
          "extension": [
            {
              "url": "http://hl7.org/fhir/uv/v2mappings/StructureDefinition/TypeInfo",
              "extension": [
                {
                  "url": "cardinalityMin",
                  "valueInteger": 0
                },
                {
                  "url": "cardinalityMax",
                  "valueInteger": -1
                }
              ]
            }
          ],
          "display": "Participation (for ORC)",
          "target": [
            {
              "equivalence": "equivalent",
              "code": "Immunization[1].performer.function.coding.system",
              "display": "= \"http://terminology.hl7.org/CodeSystem/v2-0443\"",
              "dependsOn": [
                {
                  "property": "Computable-ANTLR",
                  "value": "IF PRT-4.1 EQUALS \"OP\" AND PRT-4.3 EQUALS \"HL70443\""
                },
                {
                  "property": "Computable-FHIRPath",
                  "value": "(element(\"4.1\")=\"OP\")and(element(\"4.3\")=\"HL70443\")"
                }
              ]
            }
          ]
        },
        {
          "code": "VXU_V04.ORDER.PRT",
          "extension": [
            {
              "url": "http://hl7.org/fhir/uv/v2mappings/StructureDefinition/TypeInfo",
              "extension": [
                {
                  "url": "cardinalityMin",
                  "valueInteger": 0
                },
                {
                  "url": "cardinalityMax",
                  "valueInteger": -1
                }
              ]
            }
          ],
          "display": "Participation (for ORC)",
          "target": [
            {
              "equivalence": "equivalent",
              "code": "PractitionerRole[3]",
              "display": "PractitionerRole[3]",
              "dependsOn": [
                {
                  "property": "Computable-ANTLR",
                  "value": "IF PRT-4.1 EQUALS \"AP\" AND PRT-4.3 EQUALS \"HL70443\""
                },
                {
                  "property": "Computable-FHIRPath",
                  "value": "(element(\"4.1\")=\"AP\")and(element(\"4.3\")=\"HL70443\")"
                }
              ]
            }
          ]
        },
        {
          "code": "VXU_V04.ORDER.PRT",
          "extension": [
            {
              "url": "http://hl7.org/fhir/uv/v2mappings/StructureDefinition/TypeInfo",
              "extension": [
                {
                  "url": "cardinalityMin",
                  "valueInteger": 0
                },
                {
                  "url": "cardinalityMax",
                  "valueInteger": -1
                }
              ]
            }
          ],
          "display": "Participation (for ORC)",
          "target": [
            {
              "equivalence": "equivalent",
              "code": "Immunization[1].performer.function.coding.code",
              "display": "= \"AP'\"",
              "dependsOn": [
                {
                  "property": "Computable-ANTLR",
                  "value": "IF PRT-4.1 EQUALS \"AP\" AND PRT-4.3 EQUALS \"HL70443\""
                },
                {
                  "property": "Computable-FHIRPath",
                  "value": "(element(\"4.1\")=\"AP\")and(element(\"4.3\")=\"HL70443\")"
                }
              ]
            }
          ]
        },
        {
          "code": "VXU_V04.ORDER.PRT",
          "extension": [
            {
              "url": "http://hl7.org/fhir/uv/v2mappings/StructureDefinition/TypeInfo",
              "extension": [
                {
                  "url": "cardinalityMin",
                  "valueInteger": 0
                },
                {
                  "url": "cardinalityMax",
                  "valueInteger": -1
                }
              ]
            }
          ],
          "display": "Participation (for ORC)",
          "target": [
            {
              "equivalence": "equivalent",
              "code": "Immunization[1].performer.function.coding.system",
              "display": "= \"http://terminology.hl7.org/CodeSystem/v2-0443\"",
              "dependsOn": [
                {
                  "property": "Computable-ANTLR",
                  "value": "IF PRT-4.1 EQUALS \"AP\" AND PRT-4.3 EQUALS \"HL70443\""
                },
                {
                  "property": "Computable-FHIRPath",
                  "value": "(element(\"4.1\")=\"AP\")and(element(\"4.3\")=\"HL70443\")"
                }
              ]
            }
          ]
        },
        {
          "code": "VXU_V04.ORDER.RXA",
          "extension": [
            {
              "url": "http://hl7.org/fhir/uv/v2mappings/StructureDefinition/TypeInfo",
              "extension": [
                {
                  "url": "cardinalityMin",
                  "valueInteger": 1
                },
                {
                  "url": "cardinalityMax",
                  "valueInteger": 1
                }
              ]
            }
          ],
          "display": "Pharmacy Administration Segment",
          "target": [
            {
              "equivalence": "equivalent",
              "code": "Immunization[1]",
              "display": "Immunization[1]",
              "comment": "Incorporate RXA content into the Immunization created from the ORC segment in the same segment group."
            }
          ]
        },
        {
          "code": "VXU_V04.ORDER.RXR",
          "extension": [
            {
              "url": "http://hl7.org/fhir/uv/v2mappings/StructureDefinition/TypeInfo",
              "extension": [
                {
                  "url": "cardinalityMin",
                  "valueInteger": 0
                },
                {
                  "url": "cardinalityMax",
                  "valueInteger": 1
                }
              ]
            }
          ],
          "display": "Pharmacy Route",
          "target": [
            {
              "equivalence": "equivalent",
              "code": "Immunization[1]",
              "display": "Immunization[1]",
              "comment": "Incorporate RXR content into the Immunization created from the ORC segment in the same segment group."
            }
          ]
        },
        {
          "code": "VXU_V04.ORDER.OBSERVATION.OBX",
          "extension": [
            {
              "url": "http://hl7.org/fhir/uv/v2mappings/StructureDefinition/TypeInfo",
              "extension": [
                {
                  "url": "cardinalityMin",
                  "valueInteger": 1
                },
                {
                  "url": "cardinalityMax",
                  "valueInteger": 1
                }
              ]
            }
          ],
          "display": "Observation/Result",
          "target": [
            {
              "equivalence": "equivalent",
              "code": "Observation[2]",
              "display": "Observation[2]",
              "dependsOn": [
                {
                  "property": "Computable-ANTLR",
                  "value": "IF OBX-5 LST.count LESS THAN OR EQUALS 1 AND OBX-2 IS \"NA\""
                },
                {
                  "property": "Narrative-Condition",
                  "value": "Some observations about the immunization may map to elements within the Immuniation resource rather than an independent Observation resource. For example, funding source, patient eligibility and educational material are often sent as OBX segments but map to Immunization elements.  Specific guidance on how to map, e.g., the US CDC implementation guide on immunizations, will be provided separately at a future time TBD."
                }
              ]
            }
          ]
        },
        {
          "code": "VXU_V04.ORDER.OBSERVATION.OBX",
          "extension": [
            {
              "url": "http://hl7.org/fhir/uv/v2mappings/StructureDefinition/TypeInfo",
              "extension": [
                {
                  "url": "cardinalityMin",
                  "valueInteger": 1
                },
                {
                  "url": "cardinalityMax",
                  "valueInteger": 1
                }
              ]
            }
          ],
          "display": "Observation/Result",
          "target": [
            {
              "equivalence": "equivalent",
              "code": "Observation[2]",
              "display": "Observation[2]",
              "dependsOn": [
                {
                  "property": "Computable-ANTLR",
                  "value": "IF OBX-5 LST.count GREATER THAN 1 AND OBX-2 IS NOT \"NA\""
                },
                {
                  "property": "Narrative-Condition",
                  "value": "Some observations about the immunization may map to elements within the Immuniation resource rather than an independent Observation resource. For example, funding source, patient eligibility and educational material are often sent as OBX segments but map to Immunization elements.  Specific guidance on how to map, e.g., the US CDC implementation guide on immunizations, will be provided separately at a future time TBD."
                }
              ]
            }
          ]
        },
        {
          "code": "VXU_V04.ORDER.OBSERVATION.PRT",
          "extension": [
            {
              "url": "http://hl7.org/fhir/uv/v2mappings/StructureDefinition/TypeInfo",
              "extension": [
                {
                  "url": "cardinalityMin",
                  "valueInteger": 0
                },
                {
                  "url": "cardinalityMax",
                  "valueInteger": -1
                }
              ]
            }
          ],
          "display": "Participation (for Observation)",
          "target": [
            {
              "equivalence": "equivalent",
              "code": "Device[2]",
              "display": "Device[2]",
              "dependsOn": [
                {
                  "property": "Computable-ANTLR",
                  "value": "IF PRT-10 VALUED"
                }
              ]
            }
          ]
        },
        {
          "code": "VXU_V04.ORDER.OBSERVATION.PRT",
          "extension": [
            {
              "url": "http://hl7.org/fhir/uv/v2mappings/StructureDefinition/TypeInfo",
              "extension": [
                {
                  "url": "cardinalityMin",
                  "valueInteger": 0
                },
                {
                  "url": "cardinalityMax",
                  "valueInteger": -1
                }
              ]
            }
          ],
          "display": "Participation (for Observation)",
          "target": [
            {
              "equivalence": "equivalent",
              "code": "Observation[2]",
              "display": "Observation[2]",
              "dependsOn": [
                {
                  "property": "Computable-ANTLR",
                  "value": "IF PRT-9 VALUED OR IF PRT-14 VALUED"
                }
              ]
            }
          ]
        },
        {
          "code": "VXU_V04.ORDER.OBSERVATION.PRT",
          "extension": [
            {
              "url": "http://hl7.org/fhir/uv/v2mappings/StructureDefinition/TypeInfo",
              "extension": [
                {
                  "url": "cardinalityMin",
                  "valueInteger": 0
                },
                {
                  "url": "cardinalityMax",
                  "valueInteger": -1
                }
              ]
            }
          ],
          "display": "Participation (for Observation)",
          "target": [
            {
              "equivalence": "equivalent",
              "code": "PractitionerRole[4]",
              "display": "PractitionerRole[4]",
              "dependsOn": [
                {
                  "property": "Computable-ANTLR",
                  "value": "IF PRT-5 VALUED"
                }
              ]
            }
          ]
        },
        {
          "code": "VXU_V04.ORDER.OBSERVATION.NTE",
          "extension": [
            {
              "url": "http://hl7.org/fhir/uv/v2mappings/StructureDefinition/TypeInfo",
              "extension": [
                {
                  "url": "cardinalityMin",
                  "valueInteger": 0
                },
                {
                  "url": "cardinalityMax",
                  "valueInteger": -1
                }
              ]
            }
          ],
          "display": "Notes (Regarding Immunization)",
          "target": [
            {
              "equivalence": "equivalent",
              "code": "Observation[2].note",
              "display": "Observation[2].note"
            }
          ]
        }
      ]
    }
  ]
}
