{
  "resourceType": "ConceptMap",
  "id": "table-hl70482-to-v3-rolecode",
  "url": "http://hl7.org/fhir/uv/v2mappings/ConceptMap/table-hl70482-to-v3-rolecode",
  "title": "Table HL70482 to V3 RoleCode Map",
  "description": "This ConceptMap represents a mapping from the HL7 V2 Table HL70482 to the FHIR V3 RoleCode Value Set.",
  "name": "TableHL70482ToV3RoleCode",
  "sourceUri": "http://terminology.hl7.org/ValueSet/v2-0482",
  "targetUri": "http://terminology.hl7.org/ValueSet/v3-RoleCode",
  "version": "1.0",
  "status": "active",
  "experimental": true,
  "publisher": "HL7 International, Inc",
  "contact": [
    {
      "telecom": [
        {
          "system": "email",
          "value": "v2-to-fhir@lists.hl7.org"
        }
      ]
    }
  ],
  "date": "2025-08-23",
  "copyright": "Copyright (c) 2025, HL7 International, Inc., All Rights Reserved.",
  "extension": [
    {
      "url": "http://hl7.org/fhir/uv/v2mappings/StructureDefinition/RelatedArtifact",
      "extension": [
        {
          "url": "type",
          "valueCode": "derived-from"
        },
        {
          "url": "label",
          "valueString": "Table HL70482 to V3 RoleCode.fsh"
        },
        {
          "url": "url",
          "valueUri": "https://docs.google.com/spreadsheets/d/1uTlF1ZBSs6GIksOREp3pcBLGNphcpxOrn5NBBEiRTd4/edit#gid=0"
        }
      ]
    }
  ],
  "group": [
    {
      "source": "http://terminology.hl7.org/CodeSystem/v2-0482",
      "target": "http://terminology.hl7.org/CodeSystem/v3-RoleCode",
      "element": [
        {
          "code": "I",
          "display": "Inpatient Order",
          "target": [
            {
              "equivalence": "equivalent",
              "code": "HOSP",
              "display": "Hospital"
            }
          ]
        },
        {
          "code": "O",
          "display": "Outpatient Order",
          "target": [
            {
              "equivalence": "equivalent",
              "code": "OF",
              "display": "Outpatient facility"
            }
          ]
        }
      ]
    }
  ]
}
