{
  "resourceType": "ConceptMap",
  "id": "datatype-dr-to-datetime",
  "url": "http://hl7.org/fhir/uv/v2mappings/ConceptMap/datatype-dr-to-datetime",
  "title": "Datatype DR to dateTime Map",
  "description": "This ConceptMap represents a mapping from the HL7 V2 Datatype DR to the FHIR dateTime Data Type.",
  "name": "DatatypeDRToDateTime",
  "version": "1.0",
  "status": "active",
  "experimental": true,
  "publisher": "HL7 International, Inc",
  "contact": [
    {
      "telecom": [
        {
          "system": "email",
          "value": "v2-to-fhir@lists.hl7.org"
        }
      ]
    }
  ],
  "date": "2025-08-23",
  "copyright": "Copyright (c) 2025, HL7 International, Inc., All Rights Reserved.",
  "extension": [
    {
      "url": "http://hl7.org/fhir/uv/v2mappings/StructureDefinition/RelatedArtifact",
      "extension": [
        {
          "url": "type",
          "valueCode": "derived-from"
        },
        {
          "url": "label",
          "valueString": "Datatype DR to dateTime.fsh"
        },
        {
          "url": "url",
          "valueUri": "https://docs.google.com/spreadsheets/d/1tE6xgT7ns7kFg0aBWUgKociuXfuKrdnm01Gy6nHWcOU/edit#gid=0"
        }
      ]
    }
  ],
  "group": [
    {
      "element": [
        {
          "code": "DR.1",
          "extension": [
            {
              "url": "http://hl7.org/fhir/uv/v2mappings/StructureDefinition/TypeInfo",
              "extension": [
                {
                  "url": "type",
                  "valueCode": "DTM"
                },
                {
                  "url": "cardinalityMin",
                  "valueInteger": 0
                },
                {
                  "url": "cardinalityMax",
                  "valueInteger": 1
                }
              ]
            }
          ],
          "display": "Range Start Date/Time",
          "target": [
            {
              "equivalence": "equivalent",
              "code": "$value",
              "extension": [
                {
                  "url": "http://hl7.org/fhir/uv/v2mappings/StructureDefinition/TypeInfo",
                  "extension": [
                    {
                      "url": "type",
                      "valueCode": "dateTime"
                    },
                    {
                      "url": "cardinalityMin",
                      "valueInteger": 1
                    },
                    {
                      "url": "cardinalityMax",
                      "valueInteger": 1
                    },
                    {
                      "url": "assignment",
                      "valueString": "/must convert v2 date time format to FHIR date time format before populating/"
                    }
                  ]
                }
              ],
              "display": "$value"
            }
          ]
        }
      ]
    }
  ]
}
