{
  "resourceType": "ConceptMap",
  "id": "datatype-ei-defaultassigner-to-identifier",
  "url": "http://hl7.org/fhir/uv/v2mappings/ConceptMap/datatype-ei-defaultassigner-to-identifier",
  "title": "Datatype EI [DefaultAssigner] to Identifier Map",
  "description": "This ConceptMap represents a mapping from the HL7 V2 Datatype EI to the FHIR Identifier Data Type.",
  "name": "DatatypeEIDefaultAssignerToIdentifier",
  "version": "1.0",
  "status": "active",
  "experimental": true,
  "publisher": "HL7 International, Inc",
  "contact": [
    {
      "telecom": [
        {
          "system": "email",
          "value": "v2-to-fhir@lists.hl7.org"
        }
      ]
    }
  ],
  "date": "2025-08-23",
  "copyright": "Copyright (c) 2025, HL7 International, Inc., All Rights Reserved.",
  "extension": [
    {
      "url": "http://hl7.org/fhir/uv/v2mappings/StructureDefinition/RelatedArtifact",
      "extension": [
        {
          "url": "type",
          "valueCode": "derived-from"
        },
        {
          "url": "label",
          "valueString": "Datatype EI[DefaultAssigner] to Identifier.fsh"
        },
        {
          "url": "url",
          "valueUri": "https://docs.google.com/spreadsheets/d/1P-B_L7iPadbO4VD2zcyjUGfEeXtjlYqgUNTd7idvohE/edit#gid=0"
        }
      ]
    }
  ],
  "group": [
    {
      "element": [
        {
          "code": "EI.1",
          "extension": [
            {
              "url": "http://hl7.org/fhir/uv/v2mappings/StructureDefinition/TypeInfo",
              "extension": [
                {
                  "url": "type",
                  "valueCode": "ST"
                },
                {
                  "url": "cardinalityMin",
                  "valueInteger": 0
                },
                {
                  "url": "cardinalityMax",
                  "valueInteger": 1
                }
              ]
            }
          ],
          "display": "Entity Identifier",
          "target": [
            {
              "equivalence": "equivalent",
              "code": "value",
              "display": "value"
            }
          ]
        }
      ]
    }
  ]
}
