{
  "resourceType": "ConceptMap",
  "id": "datatype-cq-to-unsignedint",
  "url": "http://hl7.org/fhir/uv/v2mappings/ConceptMap/datatype-cq-to-unsignedint",
  "title": "Datatype CQ to unsignedInt Map",
  "description": "This ConceptMap represents a mapping from the HL7 V2 Datatype CQ to the FHIR unsignedInt Data Type.",
  "name": "DatatypeCQToUnsignedInt",
  "version": "1.0",
  "status": "active",
  "experimental": true,
  "publisher": "HL7 International, Inc",
  "contact": [
    {
      "telecom": [
        {
          "system": "email",
          "value": "v2-to-fhir@lists.hl7.org"
        }
      ]
    }
  ],
  "date": "2025-08-23",
  "copyright": "Copyright (c) 2025, HL7 International, Inc., All Rights Reserved.",
  "extension": [
    {
      "url": "http://hl7.org/fhir/uv/v2mappings/StructureDefinition/RelatedArtifact",
      "extension": [
        {
          "url": "type",
          "valueCode": "derived-from"
        },
        {
          "url": "label",
          "valueString": "Datatype CQ to unsignedInt.fsh"
        },
        {
          "url": "url",
          "valueUri": "https://docs.google.com/spreadsheets/d/1vztiQ1Egc2E91ZVonjtUtB-aBsNq4jYOIFqqK6RnyHw/edit#gid=0"
        }
      ]
    }
  ],
  "group": [
    {
      "element": [
        {
          "code": "CQ.1",
          "extension": [
            {
              "url": "http://hl7.org/fhir/uv/v2mappings/StructureDefinition/TypeInfo",
              "extension": [
                {
                  "url": "type",
                  "valueCode": "NM"
                },
                {
                  "url": "cardinalityMin",
                  "valueInteger": 0
                },
                {
                  "url": "cardinalityMax",
                  "valueInteger": 1
                }
              ]
            }
          ],
          "display": "Quantity",
          "target": [
            {
              "equivalence": "equivalent",
              "code": "$value",
              "extension": [
                {
                  "url": "http://hl7.org/fhir/uv/v2mappings/StructureDefinition/TypeInfo",
                  "extension": [
                    {
                      "url": "type",
                      "valueCode": "unsignedInt"
                    },
                    {
                      "url": "cardinalityMin",
                      "valueInteger": 1
                    },
                    {
                      "url": "cardinalityMax",
                      "valueInteger": 1
                    },
                    {
                      "url": "assignment",
                      "valueString": "/convert to minutes based on CQ.2/"
                    }
                  ]
                }
              ],
              "display": "$value"
            }
          ]
        }
      ]
    }
  ]
}
