{
  "resourceType": "ConceptMap",
  "id": "table-hl70069-to-service-type",
  "url": "http://hl7.org/fhir/uv/v2mappings/ConceptMap/table-hl70069-to-service-type",
  "title": "Table HL70069 to Service Type Map",
  "description": "This ConceptMap represents a mapping from the HL7 V2 Table HL70069 to the FHIR Service Type Value Set.",
  "name": "TableHL70069ToServiceType",
  "sourceUri": "http://terminology.hl7.org/ValueSet/v2-0069",
  "version": "1.0",
  "status": "active",
  "experimental": true,
  "publisher": "HL7 International, Inc",
  "contact": [
    {
      "telecom": [
        {
          "system": "email",
          "value": "v2-to-fhir@lists.hl7.org"
        }
      ]
    }
  ],
  "date": "2025-08-23",
  "copyright": "Copyright (c) 2025, HL7 International, Inc., All Rights Reserved.",
  "extension": [
    {
      "url": "http://hl7.org/fhir/uv/v2mappings/StructureDefinition/RelatedArtifact",
      "extension": [
        {
          "url": "type",
          "valueCode": "derived-from"
        },
        {
          "url": "label",
          "valueString": "Table HL70069 to Service Type.fsh"
        },
        {
          "url": "url",
          "valueUri": "https://docs.google.com/spreadsheets/d/1fSIQqfva5y93Y_3UAE6SnSodQevLGUuumI2WFiedc8k/edit?gid=0#gid=0"
        }
      ]
    }
  ],
  "group": [
    {
      "source": "http://terminology.hl7.org/CodeSystem/v2-0069",
      "target": "http://terminology.hl7.org/CodeSystem/service-type",
      "element": [
        {
          "code": "MED",
          "display": "Medical Service",
          "target": [
            {
              "equivalence": "equivalent",
              "code": "382",
              "display": "Medical Services"
            }
          ]
        },
        {
          "code": "URO",
          "display": "Urology Service",
          "target": [
            {
              "equivalence": "equivalent",
              "code": "222",
              "display": "Urology"
            }
          ]
        }
      ]
    },
    {
      "source": "http://terminology.hl7.org/CodeSystem/v2-0069",
      "target": "http://terminology.hl7.org/CodeSystem/v2-0069",
      "element": [
        {
          "code": "SUR",
          "display": "Surgical Service",
          "target": [
            {
              "equivalence": "equivalent",
              "code": "SUR",
              "display": "Surgical Service"
            }
          ]
        },
        {
          "code": "PUL",
          "display": "Pulmonary Service",
          "target": [
            {
              "equivalence": "equivalent",
              "code": "PUL",
              "display": "Pulmonary Service"
            }
          ]
        },
        {
          "code": "CAR",
          "display": "Cardiac Service",
          "target": [
            {
              "equivalence": "equivalent",
              "code": "CAR",
              "display": "Cardiac Service"
            }
          ]
        }
      ]
    }
  ]
}
