{
  "resourceType": "ConceptMap",
  "id": "table-hl70161-to-v2-0161",
  "url": "http://hl7.org/fhir/uv/v2mappings/ConceptMap/table-hl70161-to-v2-0161",
  "title": "Table HL70161 to V2 0161 Map",
  "description": "This ConceptMap represents a mapping from the HL7 V2 Table HL70161 to the FHIR V2 0161 Value Set.",
  "name": "TableHL70161ToV20161",
  "sourceUri": "http://terminology.hl7.org/ValueSet/v2-0161",
  "targetUri": "http://terminology.hl7.org/ValueSet/v2-0161",
  "version": "1.0",
  "status": "active",
  "experimental": true,
  "publisher": "HL7 International, Inc",
  "contact": [
    {
      "telecom": [
        {
          "system": "email",
          "value": "v2-to-fhir@lists.hl7.org"
        }
      ]
    }
  ],
  "date": "2025-08-23",
  "copyright": "Copyright (c) 2025, HL7 International, Inc., All Rights Reserved.",
  "extension": [
    {
      "url": "http://hl7.org/fhir/uv/v2mappings/StructureDefinition/RelatedArtifact",
      "extension": [
        {
          "url": "type",
          "valueCode": "derived-from"
        },
        {
          "url": "label",
          "valueString": "Table HL70161 to V2 0161.fsh"
        },
        {
          "url": "url",
          "valueUri": "https://docs.google.com/spreadsheets/d/1giNdFr1kWkyyBeotwZ_o92J5HFKa440vbF8k48mFCcY/edit#gid=0"
        }
      ]
    }
  ],
  "group": [
    {
      "source": "http://terminology.hl7.org/CodeSystem/v2-0161",
      "target": "http://terminology.hl7.org/CodeSystem/v2-0161",
      "element": [
        {
          "code": "N",
          "display": "Substitutions are NOT authorized. (This is the default - null.)",
          "target": [
            {
              "equivalence": "equivalent",
              "code": "N",
              "display": "Substitutions are NOT authorized. (This is the default - null.)"
            }
          ]
        },
        {
          "code": "G",
          "display": "Allow generic substitutions.",
          "target": [
            {
              "equivalence": "equivalent",
              "code": "G",
              "display": "Allow generic substitutions."
            }
          ]
        },
        {
          "code": "T",
          "display": "Allow therapeutic substitutions",
          "target": [
            {
              "equivalence": "equivalent",
              "code": "T",
              "display": "Allow therapeutic substitutions"
            }
          ]
        }
      ]
    }
  ]
}
