{
  "resourceType": "ConceptMap",
  "id": "datatype-st-to-identifier",
  "url": "http://hl7.org/fhir/uv/v2mappings/ConceptMap/datatype-st-to-identifier",
  "title": "Datatype ST to Identifier Map",
  "description": "This ConceptMap represents a mapping from the HL7 V2 Datatype ST to the FHIR Identifier Data Type.",
  "name": "DatatypeSTToIdentifier",
  "version": "1.0",
  "status": "active",
  "experimental": true,
  "publisher": "HL7 International, Inc",
  "contact": [
    {
      "telecom": [
        {
          "system": "email",
          "value": "v2-to-fhir@lists.hl7.org"
        }
      ]
    }
  ],
  "date": "2025-08-23",
  "copyright": "Copyright (c) 2025, HL7 International, Inc., All Rights Reserved.",
  "extension": [
    {
      "url": "http://hl7.org/fhir/uv/v2mappings/StructureDefinition/RelatedArtifact",
      "extension": [
        {
          "url": "type",
          "valueCode": "derived-from"
        },
        {
          "url": "label",
          "valueString": "Datatype ST to Identifier.fsh"
        },
        {
          "url": "url",
          "valueUri": "https://docs.google.com/spreadsheets/d/1mtqV8SQ9eqsVe9kvrkTjWLEj9Adpnc5-iIb2B2oiqfM/edit#gid=0"
        }
      ]
    }
  ],
  "group": [
    {
      "element": [
        {
          "code": "ST.1",
          "extension": [
            {
              "url": "http://hl7.org/fhir/uv/v2mappings/StructureDefinition/TypeInfo",
              "extension": [
                {
                  "url": "type",
                  "valueCode": "String"
                },
                {
                  "url": "cardinalityMin",
                  "valueInteger": 0
                },
                {
                  "url": "cardinalityMax",
                  "valueInteger": 1
                }
              ]
            }
          ],
          "display": "String",
          "target": [
            {
              "equivalence": "equivalent",
              "code": "$value",
              "display": "$value"
            }
          ]
        }
      ]
    }
  ]
}
