{
  "resourceType": "ConceptMap",
  "id": "datatype-hd-endpoint-to-messageheader-destination",
  "url": "http://hl7.org/fhir/uv/v2mappings/ConceptMap/datatype-hd-endpoint-to-messageheader-destination",
  "title": "Datatype HD [endpoint] to MessageHeader.destination Map",
  "description": "This ConceptMap represents a mapping from the HL7 V2 Datatype HD to the FHIR MessageHeader.destination Data Type.",
  "name": "DatatypeHDEndpointToMessageHeaderDestination",
  "version": "1.0",
  "status": "active",
  "experimental": true,
  "publisher": "HL7 International, Inc",
  "contact": [
    {
      "telecom": [
        {
          "system": "email",
          "value": "v2-to-fhir@lists.hl7.org"
        }
      ]
    }
  ],
  "date": "2025-08-23",
  "copyright": "Copyright (c) 2025, HL7 International, Inc., All Rights Reserved.",
  "extension": [
    {
      "url": "http://hl7.org/fhir/uv/v2mappings/StructureDefinition/RelatedArtifact",
      "extension": [
        {
          "url": "type",
          "valueCode": "derived-from"
        },
        {
          "url": "label",
          "valueString": "Datatype HD[endpoint] to MessageHeader.destination.fsh"
        },
        {
          "url": "url",
          "valueUri": "https://docs.google.com/spreadsheets/d/1T99UdnCSjoGpbamAvfVEZMDN5wKRtc0gUlWZ0ufRd6c/edit#gid=0"
        }
      ]
    }
  ],
  "group": [
    {
      "element": [
        {
          "code": "HD.1",
          "extension": [
            {
              "url": "http://hl7.org/fhir/uv/v2mappings/StructureDefinition/TypeInfo",
              "extension": [
                {
                  "url": "type",
                  "valueCode": "IS"
                },
                {
                  "url": "cardinalityMin",
                  "valueInteger": 0
                },
                {
                  "url": "cardinalityMax",
                  "valueInteger": 1
                }
              ]
            }
          ],
          "display": "Namespace ID",
          "target": [
            {
              "equivalence": "equivalent",
              "code": "name",
              "extension": [
                {
                  "url": "http://hl7.org/fhir/uv/v2mappings/StructureDefinition/TypeInfo",
                  "extension": [
                    {
                      "url": "type",
                      "valueCode": "string"
                    }
                  ]
                }
              ],
              "display": "name",
              "comment": "Not sure whether used, and if used, what a reasonable extension name would be.  We believe that source.endpoint should be Universal ID when both Namespace ID and Universal ID are valued."
            }
          ]
        },
        {
          "code": "HD.2",
          "extension": [
            {
              "url": "http://hl7.org/fhir/uv/v2mappings/StructureDefinition/TypeInfo",
              "extension": [
                {
                  "url": "type",
                  "valueCode": "ST"
                },
                {
                  "url": "cardinalityMin",
                  "valueInteger": 0
                },
                {
                  "url": "cardinalityMax",
                  "valueInteger": 1
                }
              ]
            }
          ],
          "display": "Universal ID",
          "target": [
            {
              "equivalence": "equivalent",
              "code": "endpoint",
              "extension": [
                {
                  "url": "http://hl7.org/fhir/uv/v2mappings/StructureDefinition/TypeInfo",
                  "extension": [
                    {
                      "url": "type",
                      "valueCode": "uri"
                    },
                    {
                      "url": "cardinalityMin",
                      "valueInteger": 1
                    },
                    {
                      "url": "cardinalityMax",
                      "valueInteger": 1
                    },
                    {
                      "url": "assignment",
                      "valueString": "\"urn:oid:\"+HD.2"
                    }
                  ]
                }
              ],
              "display": "endpoint",
              "dependsOn": [
                {
                  "property": "Computable-ANTLR",
                  "value": "IF HD-3 = \"ISO\""
                }
              ]
            }
          ]
        },
        {
          "code": "HD.2",
          "extension": [
            {
              "url": "http://hl7.org/fhir/uv/v2mappings/StructureDefinition/TypeInfo",
              "extension": [
                {
                  "url": "type",
                  "valueCode": "ST"
                },
                {
                  "url": "cardinalityMin",
                  "valueInteger": 0
                },
                {
                  "url": "cardinalityMax",
                  "valueInteger": 1
                }
              ]
            }
          ],
          "display": "Universal ID",
          "target": [
            {
              "equivalence": "equivalent",
              "code": "endpoint",
              "extension": [
                {
                  "url": "http://hl7.org/fhir/uv/v2mappings/StructureDefinition/TypeInfo",
                  "extension": [
                    {
                      "url": "type",
                      "valueCode": "uri"
                    },
                    {
                      "url": "cardinalityMin",
                      "valueInteger": 1
                    },
                    {
                      "url": "cardinalityMax",
                      "valueInteger": 1
                    },
                    {
                      "url": "assignment",
                      "valueString": "\"urn:uuid:\"+HD.2"
                    }
                  ]
                }
              ],
              "display": "endpoint",
              "dependsOn": [
                {
                  "property": "Computable-ANTLR",
                  "value": "IF HD-3 = \"UUID\""
                }
              ]
            }
          ]
        },
        {
          "code": "HD.2",
          "extension": [
            {
              "url": "http://hl7.org/fhir/uv/v2mappings/StructureDefinition/TypeInfo",
              "extension": [
                {
                  "url": "type",
                  "valueCode": "ST"
                },
                {
                  "url": "cardinalityMin",
                  "valueInteger": 0
                },
                {
                  "url": "cardinalityMax",
                  "valueInteger": 1
                }
              ]
            }
          ],
          "display": "Universal ID",
          "target": [
            {
              "equivalence": "equivalent",
              "code": "endpoint",
              "extension": [
                {
                  "url": "http://hl7.org/fhir/uv/v2mappings/StructureDefinition/TypeInfo",
                  "extension": [
                    {
                      "url": "type",
                      "valueCode": "uri"
                    },
                    {
                      "url": "cardinalityMin",
                      "valueInteger": 1
                    },
                    {
                      "url": "cardinalityMax",
                      "valueInteger": 1
                    }
                  ]
                }
              ],
              "display": "endpoint",
              "dependsOn": [
                {
                  "property": "Computable-ANTLR",
                  "value": "IF HD-3 NOT IN (\"ISO\", \"UUID\")"
                }
              ]
            }
          ]
        },
        {
          "code": "HD.3",
          "extension": [
            {
              "url": "http://hl7.org/fhir/uv/v2mappings/StructureDefinition/TypeInfo",
              "extension": [
                {
                  "url": "type",
                  "valueCode": "ST"
                },
                {
                  "url": "cardinalityMin",
                  "valueInteger": 0
                },
                {
                  "url": "cardinalityMax",
                  "valueInteger": 1
                }
              ]
            }
          ],
          "display": "Univeral ID Type",
          "target": [
            {
              "equivalence": "equivalent",
              "code": "endpoint.extension.url",
              "extension": [
                {
                  "url": "http://hl7.org/fhir/uv/v2mappings/StructureDefinition/TypeInfo",
                  "extension": [
                    {
                      "url": "type",
                      "valueCode": "uri"
                    },
                    {
                      "url": "assignment",
                      "valueString": "\"http://hl7.org/fhir/StructureDefinition/data-absent-reason\""
                    }
                  ]
                }
              ],
              "display": "endpoint.extension.url",
              "dependsOn": [
                {
                  "property": "Computable-ANTLR",
                  "value": "IF NOT VALUED"
                }
              ]
            }
          ]
        },
        {
          "code": "HD.3",
          "extension": [
            {
              "url": "http://hl7.org/fhir/uv/v2mappings/StructureDefinition/TypeInfo",
              "extension": [
                {
                  "url": "type",
                  "valueCode": "ST"
                },
                {
                  "url": "cardinalityMin",
                  "valueInteger": 0
                },
                {
                  "url": "cardinalityMax",
                  "valueInteger": 1
                }
              ]
            }
          ],
          "display": "Univeral ID Type",
          "target": [
            {
              "equivalence": "equivalent",
              "code": "endpoint.extension.valueCode",
              "extension": [
                {
                  "url": "http://hl7.org/fhir/uv/v2mappings/StructureDefinition/TypeInfo",
                  "extension": [
                    {
                      "url": "type",
                      "valueCode": "code"
                    },
                    {
                      "url": "assignment",
                      "valueString": "\"unknown\""
                    }
                  ]
                }
              ],
              "display": "endpoint.extension.valueCode",
              "dependsOn": [
                {
                  "property": "Computable-ANTLR",
                  "value": "IF NOT VALUED"
                }
              ]
            }
          ]
        }
      ]
    }
  ]
}
