{
  "resourceType": "ConceptMap",
  "id": "segment-pv1-to-patient",
  "url": "http://hl7.org/fhir/uv/v2mappings/ConceptMap/segment-pv1-to-patient",
  "title": "Segment PV1 to Patient Map",
  "description": "This ConceptMap represents a mapping from the HL7 V2 Segment PV1 to the FHIR Patient Resource.",
  "name": "SegmentPV1ToPatient",
  "version": "1.0",
  "status": "active",
  "experimental": true,
  "publisher": "HL7 International, Inc",
  "contact": [
    {
      "telecom": [
        {
          "system": "email",
          "value": "v2-to-fhir@lists.hl7.org"
        }
      ]
    }
  ],
  "date": "2025-08-23",
  "copyright": "Copyright (c) 2025, HL7 International, Inc., All Rights Reserved.",
  "extension": [
    {
      "url": "http://hl7.org/fhir/uv/v2mappings/StructureDefinition/RelatedArtifact",
      "extension": [
        {
          "url": "type",
          "valueCode": "derived-from"
        },
        {
          "url": "label",
          "valueString": "Segment PV1 to Patient.fsh"
        },
        {
          "url": "url",
          "valueUri": "https://docs.google.com/spreadsheets/d/1SeTn6m72yUh4hho7jqN-YmuHbnO6LlGlZur7BVrpfrI/edit#gid=0"
        }
      ]
    }
  ],
  "group": [
    {
      "element": [
        {
          "code": "PV1-16",
          "extension": [
            {
              "url": "http://hl7.org/fhir/uv/v2mappings/StructureDefinition/TypeInfo",
              "extension": [
                {
                  "url": "type",
                  "valueCode": "CWE"
                },
                {
                  "url": "cardinalityMin",
                  "valueInteger": 1
                },
                {
                  "url": "cardinalityMax",
                  "valueInteger": 1
                }
              ]
            }
          ],
          "display": "VIP Indicator",
          "target": [
            {
              "equivalence": "equivalent",
              "code": "extension[1].url",
              "extension": [
                {
                  "url": "http://hl7.org/fhir/uv/v2mappings/StructureDefinition/TypeInfo",
                  "extension": [
                    {
                      "url": "type",
                      "valueCode": "uri"
                    },
                    {
                      "url": "cardinalityMin",
                      "valueInteger": 1
                    },
                    {
                      "url": "cardinalityMax",
                      "valueInteger": 1
                    },
                    {
                      "url": "assignment",
                      "valueString": "\"http://hl7.org/fhir/StructureDefinition/patient-importance\""
                    }
                  ]
                }
              ],
              "display": "extension[1].url",
              "dependsOn": [
                {
                  "property": "Narrative-Condition",
                  "value": "If person level VIP"
                }
              ]
            }
          ]
        },
        {
          "code": "PV1-16",
          "extension": [
            {
              "url": "http://hl7.org/fhir/uv/v2mappings/StructureDefinition/TypeInfo",
              "extension": [
                {
                  "url": "type",
                  "valueCode": "CWE"
                },
                {
                  "url": "cardinalityMin",
                  "valueInteger": 1
                },
                {
                  "url": "cardinalityMax",
                  "valueInteger": 1
                }
              ]
            }
          ],
          "display": "VIP Indicator",
          "target": [
            {
              "equivalence": "equivalent",
              "code": "extension[1].valueCodeableConcept",
              "extension": [
                {
                  "url": "http://hl7.org/fhir/uv/v2mappings/StructureDefinition/TypeInfo",
                  "extension": [
                    {
                      "url": "type",
                      "valueCode": "CodeableConcept"
                    },
                    {
                      "url": "cardinalityMin",
                      "valueInteger": 1
                    },
                    {
                      "url": "cardinalityMax",
                      "valueInteger": 1
                    },
                    {
                      "url": "mappedVia",
                      "valueUrl": "unspecified_mapping"
                    }
                  ]
                }
              ],
              "display": "extension[1].valueCodeableConcept",
              "dependsOn": [
                {
                  "property": "Narrative-Condition",
                  "value": "If person level VIP"
                }
              ]
            }
          ]
        }
      ]
    }
  ]
}
