{
  "resourceType": "ConceptMap",
  "id": "table-hl70201-to-contact-point-use",
  "url": "http://hl7.org/fhir/uv/v2mappings/ConceptMap/table-hl70201-to-contact-point-use",
  "title": "Table HL70201 to Contact Point Use Map",
  "description": "This ConceptMap represents a mapping from the HL7 V2 Table HL70201 to the FHIR Contact Point Use Value Set.",
  "name": "TableHL70201ToContactPointUse",
  "sourceUri": "http://terminology.hl7.org/ValueSet/v2-0201",
  "version": "1.0",
  "status": "active",
  "experimental": true,
  "publisher": "HL7 International, Inc",
  "contact": [
    {
      "telecom": [
        {
          "system": "email",
          "value": "v2-to-fhir@lists.hl7.org"
        }
      ]
    }
  ],
  "date": "2025-08-23",
  "copyright": "Copyright (c) 2025, HL7 International, Inc., All Rights Reserved.",
  "extension": [
    {
      "url": "http://hl7.org/fhir/uv/v2mappings/StructureDefinition/RelatedArtifact",
      "extension": [
        {
          "url": "type",
          "valueCode": "derived-from"
        },
        {
          "url": "label",
          "valueString": "Table HL70201 to Contact Point Use.fsh"
        },
        {
          "url": "url",
          "valueUri": "https://docs.google.com/spreadsheets/d/1EE3a5UIGXLi8wMDr49fWTEVx8QS2GFqYgitE3vLOQTQ/edit#gid=0"
        }
      ]
    }
  ],
  "group": [
    {
      "source": "http://terminology.hl7.org/CodeSystem/v2-0201",
      "target": "http://hl7.org/fhir/contact-point-use",
      "element": [
        {
          "code": "PRN",
          "display": "Primary Residence Number",
          "target": [
            {
              "equivalence": "equivalent",
              "code": "home",
              "display": "Home"
            }
          ]
        },
        {
          "code": "WPN",
          "display": "Work Number",
          "target": [
            {
              "equivalence": "equivalent",
              "code": "work",
              "display": "Work"
            }
          ]
        },
        {
          "code": "PRS",
          "display": "Personal",
          "target": [
            {
              "equivalence": "equivalent",
              "code": "mobile",
              "display": "Mobile"
            }
          ]
        }
      ]
    },
    {
      "source": "http://terminology.hl7.org/CodeSystem/v2-0201",
      "element": [
        {
          "code": "ORN",
          "display": "Other Residence Number",
          "target": [
            {
              "equivalence": "unmatched"
            }
          ]
        },
        {
          "code": "VHN",
          "display": "Vacation Home Number",
          "target": [
            {
              "equivalence": "unmatched"
            }
          ]
        },
        {
          "code": "ASN",
          "display": "Answering Service Number",
          "target": [
            {
              "equivalence": "unmatched"
            }
          ]
        },
        {
          "code": "EMR",
          "display": "Emergency Number",
          "target": [
            {
              "equivalence": "unmatched"
            }
          ]
        },
        {
          "code": "NET",
          "display": "Network (email) Address",
          "target": [
            {
              "equivalence": "unmatched"
            }
          ]
        },
        {
          "code": "BPN",
          "display": "Beeper Number",
          "target": [
            {
              "equivalence": "unmatched"
            }
          ]
        }
      ]
    }
  ]
}
