{
  "resourceType": "ConceptMap",
  "id": "table-hl70276-to-sct",
  "url": "http://hl7.org/fhir/uv/v2mappings/ConceptMap/table-hl70276-to-sct",
  "title": "Table HL70276 to Sct Map",
  "description": "This ConceptMap represents a mapping from the HL7 V2 Table HL70276 to the FHIR Sct Value Set.",
  "name": "TableHL70276ToSct",
  "sourceUri": "http://terminology.hl7.org/ValueSet/v2-0276",
  "version": "1.0",
  "status": "active",
  "experimental": true,
  "publisher": "HL7 International, Inc",
  "contact": [
    {
      "telecom": [
        {
          "system": "email",
          "value": "v2-to-fhir@lists.hl7.org"
        }
      ]
    }
  ],
  "date": "2025-08-23",
  "copyright": "Copyright (c) 2025, HL7 International, Inc., All Rights Reserved.",
  "extension": [
    {
      "url": "http://hl7.org/fhir/uv/v2mappings/StructureDefinition/RelatedArtifact",
      "extension": [
        {
          "url": "type",
          "valueCode": "derived-from"
        },
        {
          "url": "label",
          "valueString": "Table HL70276 to Sct.fsh"
        },
        {
          "url": "url",
          "valueUri": "https://docs.google.com/spreadsheets/d/13B4B6YFRgukI2tipC7QOJ1J8i4iNJ2aYzQRuirCyFBg/edit#gid=0"
        }
      ]
    }
  ],
  "group": [
    {
      "source": "http://terminology.hl7.org/CodeSystem/v2-0276",
      "target": "http://snomed.info/sct",
      "element": [
        {
          "code": "ROUTINE",
          "display": "Routine appointment - default if not valued",
          "target": [
            {
              "equivalence": "equivalent",
              "code": "3780001",
              "display": "Routine patient disposition, no follow-up planned"
            }
          ]
        },
        {
          "code": "CHECKUP",
          "display": "A routine check-up, such as an annual physical",
          "target": [
            {
              "equivalence": "equivalent",
              "code": "866149003",
              "display": "Annual visit (procedure)"
            }
          ]
        },
        {
          "code": "FOLLOWUP",
          "display": "A follow up visit from a previous appointment",
          "target": [
            {
              "equivalence": "equivalent",
              "code": "185389009",
              "display": "Follow-up visit (procedure)"
            }
          ]
        },
        {
          "code": "EMERGENCY",
          "display": "Emergency appointment",
          "target": [
            {
              "equivalence": "equivalent",
              "code": "373110003",
              "display": "Emergency procedure (procedure)"
            }
          ]
        }
      ]
    },
    {
      "source": "http://terminology.hl7.org/CodeSystem/v2-0276",
      "element": [
        {
          "code": "WALKIN",
          "display": "A previously unscheduled walk-in visit",
          "target": [
            {
              "equivalence": "unmatched"
            }
          ]
        }
      ]
    }
  ]
}
