{
  "resourceType": "ConceptMap",
  "id": "table-hl70399-to-iso-3166-1",
  "url": "http://hl7.org/fhir/uv/v2mappings/ConceptMap/table-hl70399-to-iso-3166-1",
  "title": "Table HL70399 to ISO 3166-1 Map",
  "description": "This ConceptMap represents a mapping from the HL7 V2 Table HL70399 to the FHIR ISO 3166-1 Value Set.",
  "name": "TableHL70399ToISO31661",
  "sourceUri": "http://terminology.hl7.org/ValueSet/v2-notAllCodes-0399",
  "targetUri": "http://hl7.org/fhir/ValueSet/iso3166-1-3",
  "version": "1.0",
  "status": "active",
  "experimental": true,
  "publisher": "HL7 International, Inc",
  "contact": [
    {
      "telecom": [
        {
          "system": "email",
          "value": "v2-to-fhir@lists.hl7.org"
        }
      ]
    }
  ],
  "date": "2025-08-23",
  "copyright": "Copyright (c) 2025, HL7 International, Inc., All Rights Reserved.",
  "extension": [
    {
      "url": "http://hl7.org/fhir/uv/v2mappings/StructureDefinition/RelatedArtifact",
      "extension": [
        {
          "url": "type",
          "valueCode": "derived-from"
        },
        {
          "url": "label",
          "valueString": "Table HL70399 to ISO 3166-1.fsh"
        },
        {
          "url": "url",
          "valueUri": "https://docs.google.com/spreadsheets/d/1LMZem4sRx927Ye02ZYEOCDHjjgVzdCcF5NIr7-Wfj-o/edit#gid=0"
        }
      ]
    }
  ],
  "group": [
    {
      "source": "urn:iso:std:iso:3166",
      "target": "urn:iso:std:iso:3166",
      "element": [
        {
          "code": "AFG",
          "display": "Afghanistan",
          "target": [
            {
              "equivalence": "equivalent",
              "code": "AFG",
              "display": "Afghanistan"
            }
          ]
        },
        {
          "code": "ALB",
          "display": "Albania",
          "target": [
            {
              "equivalence": "equivalent",
              "code": "ALB",
              "display": "Albania"
            }
          ]
        },
        {
          "code": "DZA",
          "display": "Algeria",
          "target": [
            {
              "equivalence": "equivalent",
              "code": "DZA",
              "display": "Algeria"
            }
          ]
        },
        {
          "code": "ASM",
          "display": "American Samoa",
          "target": [
            {
              "equivalence": "equivalent",
              "code": "ASM",
              "display": "American Samoa"
            }
          ]
        },
        {
          "code": "AND",
          "display": "Andorra",
          "target": [
            {
              "equivalence": "equivalent",
              "code": "AND",
              "display": "Andorra"
            }
          ]
        },
        {
          "code": "AGO",
          "display": "Angola",
          "target": [
            {
              "equivalence": "equivalent",
              "code": "AGO",
              "display": "Angola"
            }
          ]
        },
        {
          "code": "AIA",
          "display": "Anguilla",
          "target": [
            {
              "equivalence": "equivalent",
              "code": "AIA",
              "display": "Anguilla"
            }
          ]
        },
        {
          "code": "ATA",
          "display": "Antarctica",
          "target": [
            {
              "equivalence": "equivalent",
              "code": "ATA",
              "display": "Antarctica"
            }
          ]
        },
        {
          "code": "ATG",
          "display": "Antigua and Barbuda",
          "target": [
            {
              "equivalence": "equivalent",
              "code": "ATG",
              "display": "Antigua and Barbuda"
            }
          ]
        },
        {
          "code": "ARG",
          "display": "Argentina",
          "target": [
            {
              "equivalence": "equivalent",
              "code": "ARG",
              "display": "Argentina"
            }
          ]
        },
        {
          "code": "ARM",
          "display": "Armenia",
          "target": [
            {
              "equivalence": "equivalent",
              "code": "ARM",
              "display": "Armenia"
            }
          ]
        },
        {
          "code": "ABW",
          "display": "Aruba",
          "target": [
            {
              "equivalence": "equivalent",
              "code": "ABW",
              "display": "Aruba"
            }
          ]
        },
        {
          "code": "AUS",
          "display": "Australia",
          "target": [
            {
              "equivalence": "equivalent",
              "code": "AUS",
              "display": "Australia"
            }
          ]
        },
        {
          "code": "AUT",
          "display": "Austria",
          "target": [
            {
              "equivalence": "equivalent",
              "code": "AUT",
              "display": "Austria"
            }
          ]
        },
        {
          "code": "AZE",
          "display": "Azerbaijan",
          "target": [
            {
              "equivalence": "equivalent",
              "code": "AZE",
              "display": "Azerbaijan"
            }
          ]
        },
        {
          "code": "BHS",
          "display": "Bahamas (the)",
          "target": [
            {
              "equivalence": "equivalent",
              "code": "BHS",
              "display": "Bahamas (the)"
            }
          ]
        },
        {
          "code": "BHR",
          "display": "Bahrain",
          "target": [
            {
              "equivalence": "equivalent",
              "code": "BHR",
              "display": "Bahrain"
            }
          ]
        },
        {
          "code": "BGD",
          "display": "Bangladesh",
          "target": [
            {
              "equivalence": "equivalent",
              "code": "BGD",
              "display": "Bangladesh"
            }
          ]
        },
        {
          "code": "BRB",
          "display": "Barbados",
          "target": [
            {
              "equivalence": "equivalent",
              "code": "BRB",
              "display": "Barbados"
            }
          ]
        },
        {
          "code": "BLR",
          "display": "Belarus",
          "target": [
            {
              "equivalence": "equivalent",
              "code": "BLR",
              "display": "Belarus"
            }
          ]
        },
        {
          "code": "BEL",
          "display": "Belgium",
          "target": [
            {
              "equivalence": "equivalent",
              "code": "BEL",
              "display": "Belgium"
            }
          ]
        },
        {
          "code": "BLZ",
          "display": "Belize",
          "target": [
            {
              "equivalence": "equivalent",
              "code": "BLZ",
              "display": "Belize"
            }
          ]
        },
        {
          "code": "BEN",
          "display": "Benin",
          "target": [
            {
              "equivalence": "equivalent",
              "code": "BEN",
              "display": "Benin"
            }
          ]
        },
        {
          "code": "BMU",
          "display": "Bermuda",
          "target": [
            {
              "equivalence": "equivalent",
              "code": "BMU",
              "display": "Bermuda"
            }
          ]
        },
        {
          "code": "BTN",
          "display": "Bhutan",
          "target": [
            {
              "equivalence": "equivalent",
              "code": "BTN",
              "display": "Bhutan"
            }
          ]
        },
        {
          "code": "BOL",
          "display": "Bolivia (Plurinational State of)",
          "target": [
            {
              "equivalence": "equivalent",
              "code": "BOL",
              "display": "Bolivia (Plurinational State of)"
            }
          ]
        },
        {
          "code": "BES",
          "display": "Bonaire, Sint Eustatius and Saba",
          "target": [
            {
              "equivalence": "equivalent",
              "code": "BES",
              "display": "Bonaire, Sint Eustatius and Saba"
            }
          ]
        },
        {
          "code": "BIH",
          "display": "Bosnia and Herzegovina",
          "target": [
            {
              "equivalence": "equivalent",
              "code": "BIH",
              "display": "Bosnia and Herzegovina"
            }
          ]
        },
        {
          "code": "BWA",
          "display": "Botswana",
          "target": [
            {
              "equivalence": "equivalent",
              "code": "BWA",
              "display": "Botswana"
            }
          ]
        },
        {
          "code": "BVT",
          "display": "Bouvet Island",
          "target": [
            {
              "equivalence": "equivalent",
              "code": "BVT",
              "display": "Bouvet Island"
            }
          ]
        },
        {
          "code": "BRA",
          "display": "Brazil",
          "target": [
            {
              "equivalence": "equivalent",
              "code": "BRA",
              "display": "Brazil"
            }
          ]
        },
        {
          "code": "IOT",
          "display": "British Indian Ocean Territory (the)",
          "target": [
            {
              "equivalence": "equivalent",
              "code": "IOT",
              "display": "British Indian Ocean Territory (the)"
            }
          ]
        },
        {
          "code": "BRN",
          "display": "Brunei Darussalam",
          "target": [
            {
              "equivalence": "equivalent",
              "code": "BRN",
              "display": "Brunei Darussalam"
            }
          ]
        },
        {
          "code": "BGR",
          "display": "Bulgaria",
          "target": [
            {
              "equivalence": "equivalent",
              "code": "BGR",
              "display": "Bulgaria"
            }
          ]
        },
        {
          "code": "BFA",
          "display": "Burkina Faso",
          "target": [
            {
              "equivalence": "equivalent",
              "code": "BFA",
              "display": "Burkina Faso"
            }
          ]
        },
        {
          "code": "BDI",
          "display": "Burundi",
          "target": [
            {
              "equivalence": "equivalent",
              "code": "BDI",
              "display": "Burundi"
            }
          ]
        },
        {
          "code": "CPV",
          "display": "Cabo Verde",
          "target": [
            {
              "equivalence": "equivalent",
              "code": "CPV",
              "display": "Cabo Verde"
            }
          ]
        },
        {
          "code": "KHM",
          "display": "Cambodia",
          "target": [
            {
              "equivalence": "equivalent",
              "code": "KHM",
              "display": "Cambodia"
            }
          ]
        },
        {
          "code": "CMR",
          "display": "Cameroon",
          "target": [
            {
              "equivalence": "equivalent",
              "code": "CMR",
              "display": "Cameroon"
            }
          ]
        },
        {
          "code": "CAN",
          "display": "Canada",
          "target": [
            {
              "equivalence": "equivalent",
              "code": "CAN",
              "display": "Canada"
            }
          ]
        },
        {
          "code": "CYM",
          "display": "Cayman Islands (the)",
          "target": [
            {
              "equivalence": "equivalent",
              "code": "CYM",
              "display": "Cayman Islands (the)"
            }
          ]
        },
        {
          "code": "CAF",
          "display": "Central African Republic (the)",
          "target": [
            {
              "equivalence": "equivalent",
              "code": "CAF",
              "display": "Central African Republic (the)"
            }
          ]
        },
        {
          "code": "TCD",
          "display": "Chad",
          "target": [
            {
              "equivalence": "equivalent",
              "code": "TCD",
              "display": "Chad"
            }
          ]
        },
        {
          "code": "CHL",
          "display": "Chile",
          "target": [
            {
              "equivalence": "equivalent",
              "code": "CHL",
              "display": "Chile"
            }
          ]
        },
        {
          "code": "CHN",
          "display": "China",
          "target": [
            {
              "equivalence": "equivalent",
              "code": "CHN",
              "display": "China"
            }
          ]
        },
        {
          "code": "CXR",
          "display": "Christmas Island",
          "target": [
            {
              "equivalence": "equivalent",
              "code": "CXR",
              "display": "Christmas Island"
            }
          ]
        },
        {
          "code": "CCK",
          "display": "Cocos (Keeling) Islands (the)",
          "target": [
            {
              "equivalence": "equivalent",
              "code": "CCK",
              "display": "Cocos (Keeling) Islands (the)"
            }
          ]
        },
        {
          "code": "COL",
          "display": "Colombia",
          "target": [
            {
              "equivalence": "equivalent",
              "code": "COL",
              "display": "Colombia"
            }
          ]
        },
        {
          "code": "COM",
          "display": "Comoros (the)",
          "target": [
            {
              "equivalence": "equivalent",
              "code": "COM",
              "display": "Comoros (the)"
            }
          ]
        },
        {
          "code": "COD",
          "display": "Congo (the Democratic Republic of the)",
          "target": [
            {
              "equivalence": "equivalent",
              "code": "COD",
              "display": "Congo (the Democratic Republic of the)"
            }
          ]
        },
        {
          "code": "COG",
          "display": "Congo (the)",
          "target": [
            {
              "equivalence": "equivalent",
              "code": "COG",
              "display": "Congo (the)"
            }
          ]
        },
        {
          "code": "COK",
          "display": "Cook Islands (the)",
          "target": [
            {
              "equivalence": "equivalent",
              "code": "COK",
              "display": "Cook Islands (the)"
            }
          ]
        },
        {
          "code": "CRI",
          "display": "Costa Rica",
          "target": [
            {
              "equivalence": "equivalent",
              "code": "CRI",
              "display": "Costa Rica"
            }
          ]
        },
        {
          "code": "HRV",
          "display": "Croatia",
          "target": [
            {
              "equivalence": "equivalent",
              "code": "HRV",
              "display": "Croatia"
            }
          ]
        },
        {
          "code": "CUB",
          "display": "Cuba",
          "target": [
            {
              "equivalence": "equivalent",
              "code": "CUB",
              "display": "Cuba"
            }
          ]
        },
        {
          "code": "CUW",
          "display": "Curaçao",
          "target": [
            {
              "equivalence": "equivalent",
              "code": "CUW",
              "display": "Curaçao"
            }
          ]
        },
        {
          "code": "CYP",
          "display": "Cyprus",
          "target": [
            {
              "equivalence": "equivalent",
              "code": "CYP",
              "display": "Cyprus"
            }
          ]
        },
        {
          "code": "CZE",
          "display": "Czechia",
          "target": [
            {
              "equivalence": "equivalent",
              "code": "CZE",
              "display": "Czechia"
            }
          ]
        },
        {
          "code": "CIV",
          "display": "Côte d'Ivoire",
          "target": [
            {
              "equivalence": "equivalent",
              "code": "CIV",
              "display": "Côte d'Ivoire"
            }
          ]
        },
        {
          "code": "DNK",
          "display": "Denmark",
          "target": [
            {
              "equivalence": "equivalent",
              "code": "DNK",
              "display": "Denmark"
            }
          ]
        },
        {
          "code": "DJI",
          "display": "Djibouti",
          "target": [
            {
              "equivalence": "equivalent",
              "code": "DJI",
              "display": "Djibouti"
            }
          ]
        },
        {
          "code": "DMA",
          "display": "Dominica",
          "target": [
            {
              "equivalence": "equivalent",
              "code": "DMA",
              "display": "Dominica"
            }
          ]
        },
        {
          "code": "DOM",
          "display": "Dominican Republic (the)",
          "target": [
            {
              "equivalence": "equivalent",
              "code": "DOM",
              "display": "Dominican Republic (the)"
            }
          ]
        },
        {
          "code": "ECU",
          "display": "Ecuador",
          "target": [
            {
              "equivalence": "equivalent",
              "code": "ECU",
              "display": "Ecuador"
            }
          ]
        },
        {
          "code": "EGY",
          "display": "Egypt",
          "target": [
            {
              "equivalence": "equivalent",
              "code": "EGY",
              "display": "Egypt"
            }
          ]
        },
        {
          "code": "SLV",
          "display": "El Salvador",
          "target": [
            {
              "equivalence": "equivalent",
              "code": "SLV",
              "display": "El Salvador"
            }
          ]
        },
        {
          "code": "GNQ",
          "display": "Equatorial Guinea",
          "target": [
            {
              "equivalence": "equivalent",
              "code": "GNQ",
              "display": "Equatorial Guinea"
            }
          ]
        },
        {
          "code": "ERI",
          "display": "Eritrea",
          "target": [
            {
              "equivalence": "equivalent",
              "code": "ERI",
              "display": "Eritrea"
            }
          ]
        },
        {
          "code": "EST",
          "display": "Estonia",
          "target": [
            {
              "equivalence": "equivalent",
              "code": "EST",
              "display": "Estonia"
            }
          ]
        },
        {
          "code": "SWZ",
          "display": "Eswatini",
          "target": [
            {
              "equivalence": "equivalent",
              "code": "SWZ",
              "display": "Eswatini"
            }
          ]
        },
        {
          "code": "ETH",
          "display": "Ethiopia",
          "target": [
            {
              "equivalence": "equivalent",
              "code": "ETH",
              "display": "Ethiopia"
            }
          ]
        },
        {
          "code": "FLK",
          "display": "Falkland Islands (the) [Malvinas]",
          "target": [
            {
              "equivalence": "equivalent",
              "code": "FLK",
              "display": "Falkland Islands (the) [Malvinas]"
            }
          ]
        },
        {
          "code": "FRO",
          "display": "Faroe Islands (the)",
          "target": [
            {
              "equivalence": "equivalent",
              "code": "FRO",
              "display": "Faroe Islands (the)"
            }
          ]
        },
        {
          "code": "FJI",
          "display": "Fiji",
          "target": [
            {
              "equivalence": "equivalent",
              "code": "FJI",
              "display": "Fiji"
            }
          ]
        },
        {
          "code": "FIN",
          "display": "Finland",
          "target": [
            {
              "equivalence": "equivalent",
              "code": "FIN",
              "display": "Finland"
            }
          ]
        },
        {
          "code": "FRA",
          "display": "France",
          "target": [
            {
              "equivalence": "equivalent",
              "code": "FRA",
              "display": "France"
            }
          ]
        },
        {
          "code": "GUF",
          "display": "French Guiana",
          "target": [
            {
              "equivalence": "equivalent",
              "code": "GUF",
              "display": "French Guiana"
            }
          ]
        },
        {
          "code": "PYF",
          "display": "French Polynesia",
          "target": [
            {
              "equivalence": "equivalent",
              "code": "PYF",
              "display": "French Polynesia"
            }
          ]
        },
        {
          "code": "ATF",
          "display": "French Southern Territories (the)",
          "target": [
            {
              "equivalence": "equivalent",
              "code": "ATF",
              "display": "French Southern Territories (the)"
            }
          ]
        },
        {
          "code": "GAB",
          "display": "Gabon",
          "target": [
            {
              "equivalence": "equivalent",
              "code": "GAB",
              "display": "Gabon"
            }
          ]
        },
        {
          "code": "GMB",
          "display": "Gambia (the)",
          "target": [
            {
              "equivalence": "equivalent",
              "code": "GMB",
              "display": "Gambia (the)"
            }
          ]
        },
        {
          "code": "GEO",
          "display": "Georgia",
          "target": [
            {
              "equivalence": "equivalent",
              "code": "GEO",
              "display": "Georgia"
            }
          ]
        },
        {
          "code": "DEU",
          "display": "Germany",
          "target": [
            {
              "equivalence": "equivalent",
              "code": "DEU",
              "display": "Germany"
            }
          ]
        },
        {
          "code": "GHA",
          "display": "Ghana",
          "target": [
            {
              "equivalence": "equivalent",
              "code": "GHA",
              "display": "Ghana"
            }
          ]
        },
        {
          "code": "GIB",
          "display": "Gibraltar",
          "target": [
            {
              "equivalence": "equivalent",
              "code": "GIB",
              "display": "Gibraltar"
            }
          ]
        },
        {
          "code": "GRC",
          "display": "Greece",
          "target": [
            {
              "equivalence": "equivalent",
              "code": "GRC",
              "display": "Greece"
            }
          ]
        },
        {
          "code": "GRL",
          "display": "Greenland",
          "target": [
            {
              "equivalence": "equivalent",
              "code": "GRL",
              "display": "Greenland"
            }
          ]
        },
        {
          "code": "GRD",
          "display": "Grenada",
          "target": [
            {
              "equivalence": "equivalent",
              "code": "GRD",
              "display": "Grenada"
            }
          ]
        },
        {
          "code": "GLP",
          "display": "Guadeloupe",
          "target": [
            {
              "equivalence": "equivalent",
              "code": "GLP",
              "display": "Guadeloupe"
            }
          ]
        },
        {
          "code": "GUM",
          "display": "Guam",
          "target": [
            {
              "equivalence": "equivalent",
              "code": "GUM",
              "display": "Guam"
            }
          ]
        },
        {
          "code": "GTM",
          "display": "Guatemala",
          "target": [
            {
              "equivalence": "equivalent",
              "code": "GTM",
              "display": "Guatemala"
            }
          ]
        },
        {
          "code": "GGY",
          "display": "Guernsey",
          "target": [
            {
              "equivalence": "equivalent",
              "code": "GGY",
              "display": "Guernsey"
            }
          ]
        },
        {
          "code": "GIN",
          "display": "Guinea",
          "target": [
            {
              "equivalence": "equivalent",
              "code": "GIN",
              "display": "Guinea"
            }
          ]
        },
        {
          "code": "GNB",
          "display": "Guinea-Bissau",
          "target": [
            {
              "equivalence": "equivalent",
              "code": "GNB",
              "display": "Guinea-Bissau"
            }
          ]
        },
        {
          "code": "GUY",
          "display": "Guyana",
          "target": [
            {
              "equivalence": "equivalent",
              "code": "GUY",
              "display": "Guyana"
            }
          ]
        },
        {
          "code": "HTI",
          "display": "Haiti",
          "target": [
            {
              "equivalence": "equivalent",
              "code": "HTI",
              "display": "Haiti"
            }
          ]
        },
        {
          "code": "HMD",
          "display": "Heard Island and McDonald Islands",
          "target": [
            {
              "equivalence": "equivalent",
              "code": "HMD",
              "display": "Heard Island and McDonald Islands"
            }
          ]
        },
        {
          "code": "VAT",
          "display": "Holy See (the)",
          "target": [
            {
              "equivalence": "equivalent",
              "code": "VAT",
              "display": "Holy See (the)"
            }
          ]
        },
        {
          "code": "HND",
          "display": "Honduras",
          "target": [
            {
              "equivalence": "equivalent",
              "code": "HND",
              "display": "Honduras"
            }
          ]
        },
        {
          "code": "HKG",
          "display": "Hong Kong",
          "target": [
            {
              "equivalence": "equivalent",
              "code": "HKG",
              "display": "Hong Kong"
            }
          ]
        },
        {
          "code": "HUN",
          "display": "Hungary",
          "target": [
            {
              "equivalence": "equivalent",
              "code": "HUN",
              "display": "Hungary"
            }
          ]
        },
        {
          "code": "ISL",
          "display": "Iceland",
          "target": [
            {
              "equivalence": "equivalent",
              "code": "ISL",
              "display": "Iceland"
            }
          ]
        },
        {
          "code": "IND",
          "display": "India",
          "target": [
            {
              "equivalence": "equivalent",
              "code": "IND",
              "display": "India"
            }
          ]
        },
        {
          "code": "IDN",
          "display": "Indonesia",
          "target": [
            {
              "equivalence": "equivalent",
              "code": "IDN",
              "display": "Indonesia"
            }
          ]
        },
        {
          "code": "IRN",
          "display": "Iran (Islamic Republic of)",
          "target": [
            {
              "equivalence": "equivalent",
              "code": "IRN",
              "display": "Iran (Islamic Republic of)"
            }
          ]
        },
        {
          "code": "IRQ",
          "display": "Iraq",
          "target": [
            {
              "equivalence": "equivalent",
              "code": "IRQ",
              "display": "Iraq"
            }
          ]
        },
        {
          "code": "IRL",
          "display": "Ireland",
          "target": [
            {
              "equivalence": "equivalent",
              "code": "IRL",
              "display": "Ireland"
            }
          ]
        },
        {
          "code": "IMN",
          "display": "Isle of Man",
          "target": [
            {
              "equivalence": "equivalent",
              "code": "IMN",
              "display": "Isle of Man"
            }
          ]
        },
        {
          "code": "ISR",
          "display": "Israel",
          "target": [
            {
              "equivalence": "equivalent",
              "code": "ISR",
              "display": "Israel"
            }
          ]
        },
        {
          "code": "ITA",
          "display": "Italy",
          "target": [
            {
              "equivalence": "equivalent",
              "code": "ITA",
              "display": "Italy"
            }
          ]
        },
        {
          "code": "JAM",
          "display": "Jamaica",
          "target": [
            {
              "equivalence": "equivalent",
              "code": "JAM",
              "display": "Jamaica"
            }
          ]
        },
        {
          "code": "JPN",
          "display": "Japan",
          "target": [
            {
              "equivalence": "equivalent",
              "code": "JPN",
              "display": "Japan"
            }
          ]
        },
        {
          "code": "JEY",
          "display": "Jersey",
          "target": [
            {
              "equivalence": "equivalent",
              "code": "JEY",
              "display": "Jersey"
            }
          ]
        },
        {
          "code": "JOR",
          "display": "Jordan",
          "target": [
            {
              "equivalence": "equivalent",
              "code": "JOR",
              "display": "Jordan"
            }
          ]
        },
        {
          "code": "KAZ",
          "display": "Kazakhstan",
          "target": [
            {
              "equivalence": "equivalent",
              "code": "KAZ",
              "display": "Kazakhstan"
            }
          ]
        },
        {
          "code": "KEN",
          "display": "Kenya",
          "target": [
            {
              "equivalence": "equivalent",
              "code": "KEN",
              "display": "Kenya"
            }
          ]
        },
        {
          "code": "KIR",
          "display": "Kiribati",
          "target": [
            {
              "equivalence": "equivalent",
              "code": "KIR",
              "display": "Kiribati"
            }
          ]
        },
        {
          "code": "PRK",
          "display": "Korea (the Democratic People's Republic of)",
          "target": [
            {
              "equivalence": "equivalent",
              "code": "PRK",
              "display": "Korea (the Democratic People's Republic of)"
            }
          ]
        },
        {
          "code": "KOR",
          "display": "Korea (the Republic of)",
          "target": [
            {
              "equivalence": "equivalent",
              "code": "KOR",
              "display": "Korea (the Republic of)"
            }
          ]
        },
        {
          "code": "KWT",
          "display": "Kuwait",
          "target": [
            {
              "equivalence": "equivalent",
              "code": "KWT",
              "display": "Kuwait"
            }
          ]
        },
        {
          "code": "KGZ",
          "display": "Kyrgyzstan",
          "target": [
            {
              "equivalence": "equivalent",
              "code": "KGZ",
              "display": "Kyrgyzstan"
            }
          ]
        },
        {
          "code": "LAO",
          "display": "Lao People's Democratic Republic (the)",
          "target": [
            {
              "equivalence": "equivalent",
              "code": "LAO",
              "display": "Lao People's Democratic Republic (the)"
            }
          ]
        },
        {
          "code": "LVA",
          "display": "Latvia",
          "target": [
            {
              "equivalence": "equivalent",
              "code": "LVA",
              "display": "Latvia"
            }
          ]
        },
        {
          "code": "LBN",
          "display": "Lebanon",
          "target": [
            {
              "equivalence": "equivalent",
              "code": "LBN",
              "display": "Lebanon"
            }
          ]
        },
        {
          "code": "LSO",
          "display": "Lesotho",
          "target": [
            {
              "equivalence": "equivalent",
              "code": "LSO",
              "display": "Lesotho"
            }
          ]
        },
        {
          "code": "LBR",
          "display": "Liberia",
          "target": [
            {
              "equivalence": "equivalent",
              "code": "LBR",
              "display": "Liberia"
            }
          ]
        },
        {
          "code": "LBY",
          "display": "Libya",
          "target": [
            {
              "equivalence": "equivalent",
              "code": "LBY",
              "display": "Libya"
            }
          ]
        },
        {
          "code": "LIE",
          "display": "Liechtenstein",
          "target": [
            {
              "equivalence": "equivalent",
              "code": "LIE",
              "display": "Liechtenstein"
            }
          ]
        },
        {
          "code": "LTU",
          "display": "Lithuania",
          "target": [
            {
              "equivalence": "equivalent",
              "code": "LTU",
              "display": "Lithuania"
            }
          ]
        },
        {
          "code": "LUX",
          "display": "Luxembourg",
          "target": [
            {
              "equivalence": "equivalent",
              "code": "LUX",
              "display": "Luxembourg"
            }
          ]
        },
        {
          "code": "MAC",
          "display": "Macao",
          "target": [
            {
              "equivalence": "equivalent",
              "code": "MAC",
              "display": "Macao"
            }
          ]
        },
        {
          "code": "MDG",
          "display": "Madagascar",
          "target": [
            {
              "equivalence": "equivalent",
              "code": "MDG",
              "display": "Madagascar"
            }
          ]
        },
        {
          "code": "MWI",
          "display": "Malawi",
          "target": [
            {
              "equivalence": "equivalent",
              "code": "MWI",
              "display": "Malawi"
            }
          ]
        },
        {
          "code": "MYS",
          "display": "Malaysia",
          "target": [
            {
              "equivalence": "equivalent",
              "code": "MYS",
              "display": "Malaysia"
            }
          ]
        },
        {
          "code": "MDV",
          "display": "Maldives",
          "target": [
            {
              "equivalence": "equivalent",
              "code": "MDV",
              "display": "Maldives"
            }
          ]
        },
        {
          "code": "MLI",
          "display": "Mali",
          "target": [
            {
              "equivalence": "equivalent",
              "code": "MLI",
              "display": "Mali"
            }
          ]
        },
        {
          "code": "MLT",
          "display": "Malta",
          "target": [
            {
              "equivalence": "equivalent",
              "code": "MLT",
              "display": "Malta"
            }
          ]
        },
        {
          "code": "MHL",
          "display": "Marshall Islands (the)",
          "target": [
            {
              "equivalence": "equivalent",
              "code": "MHL",
              "display": "Marshall Islands (the)"
            }
          ]
        },
        {
          "code": "MTQ",
          "display": "Martinique",
          "target": [
            {
              "equivalence": "equivalent",
              "code": "MTQ",
              "display": "Martinique"
            }
          ]
        },
        {
          "code": "MRT",
          "display": "Mauritania",
          "target": [
            {
              "equivalence": "equivalent",
              "code": "MRT",
              "display": "Mauritania"
            }
          ]
        },
        {
          "code": "MUS",
          "display": "Mauritius",
          "target": [
            {
              "equivalence": "equivalent",
              "code": "MUS",
              "display": "Mauritius"
            }
          ]
        },
        {
          "code": "MYT",
          "display": "Mayotte",
          "target": [
            {
              "equivalence": "equivalent",
              "code": "MYT",
              "display": "Mayotte"
            }
          ]
        },
        {
          "code": "MEX",
          "display": "Mexico",
          "target": [
            {
              "equivalence": "equivalent",
              "code": "MEX",
              "display": "Mexico"
            }
          ]
        },
        {
          "code": "FSM",
          "display": "Micronesia (Federated States of)",
          "target": [
            {
              "equivalence": "equivalent",
              "code": "FSM",
              "display": "Micronesia (Federated States of)"
            }
          ]
        },
        {
          "code": "MDA",
          "display": "Moldova (the Republic of)",
          "target": [
            {
              "equivalence": "equivalent",
              "code": "MDA",
              "display": "Moldova (the Republic of)"
            }
          ]
        },
        {
          "code": "MCO",
          "display": "Monaco",
          "target": [
            {
              "equivalence": "equivalent",
              "code": "MCO",
              "display": "Monaco"
            }
          ]
        },
        {
          "code": "MNG",
          "display": "Mongolia",
          "target": [
            {
              "equivalence": "equivalent",
              "code": "MNG",
              "display": "Mongolia"
            }
          ]
        },
        {
          "code": "MNE",
          "display": "Montenegro",
          "target": [
            {
              "equivalence": "equivalent",
              "code": "MNE",
              "display": "Montenegro"
            }
          ]
        },
        {
          "code": "MSR",
          "display": "Montserrat",
          "target": [
            {
              "equivalence": "equivalent",
              "code": "MSR",
              "display": "Montserrat"
            }
          ]
        },
        {
          "code": "MAR",
          "display": "Morocco",
          "target": [
            {
              "equivalence": "equivalent",
              "code": "MAR",
              "display": "Morocco"
            }
          ]
        },
        {
          "code": "MOZ",
          "display": "Mozambique",
          "target": [
            {
              "equivalence": "equivalent",
              "code": "MOZ",
              "display": "Mozambique"
            }
          ]
        },
        {
          "code": "MMR",
          "display": "Myanmar",
          "target": [
            {
              "equivalence": "equivalent",
              "code": "MMR",
              "display": "Myanmar"
            }
          ]
        },
        {
          "code": "NAM",
          "display": "Namibia",
          "target": [
            {
              "equivalence": "equivalent",
              "code": "NAM",
              "display": "Namibia"
            }
          ]
        },
        {
          "code": "NRU",
          "display": "Nauru",
          "target": [
            {
              "equivalence": "equivalent",
              "code": "NRU",
              "display": "Nauru"
            }
          ]
        },
        {
          "code": "NPL",
          "display": "Nepal",
          "target": [
            {
              "equivalence": "equivalent",
              "code": "NPL",
              "display": "Nepal"
            }
          ]
        },
        {
          "code": "NLD",
          "display": "Netherlands (Kingdom of the)",
          "target": [
            {
              "equivalence": "equivalent",
              "code": "NLD",
              "display": "Netherlands (Kingdom of the)"
            }
          ]
        },
        {
          "code": "NCL",
          "display": "New Caledonia",
          "target": [
            {
              "equivalence": "equivalent",
              "code": "NCL",
              "display": "New Caledonia"
            }
          ]
        },
        {
          "code": "NZL",
          "display": "New Zealand",
          "target": [
            {
              "equivalence": "equivalent",
              "code": "NZL",
              "display": "New Zealand"
            }
          ]
        },
        {
          "code": "NIC",
          "display": "Nicaragua",
          "target": [
            {
              "equivalence": "equivalent",
              "code": "NIC",
              "display": "Nicaragua"
            }
          ]
        },
        {
          "code": "NER",
          "display": "Niger (the)",
          "target": [
            {
              "equivalence": "equivalent",
              "code": "NER",
              "display": "Niger (the)"
            }
          ]
        },
        {
          "code": "NGA",
          "display": "Nigeria",
          "target": [
            {
              "equivalence": "equivalent",
              "code": "NGA",
              "display": "Nigeria"
            }
          ]
        },
        {
          "code": "NIU",
          "display": "Niue",
          "target": [
            {
              "equivalence": "equivalent",
              "code": "NIU",
              "display": "Niue"
            }
          ]
        },
        {
          "code": "NFK",
          "display": "Norfolk Island",
          "target": [
            {
              "equivalence": "equivalent",
              "code": "NFK",
              "display": "Norfolk Island"
            }
          ]
        },
        {
          "code": "MKD",
          "display": "North Macedonia",
          "target": [
            {
              "equivalence": "equivalent",
              "code": "MKD",
              "display": "North Macedonia"
            }
          ]
        },
        {
          "code": "MNP",
          "display": "Northern Mariana Islands (the)",
          "target": [
            {
              "equivalence": "equivalent",
              "code": "MNP",
              "display": "Northern Mariana Islands (the)"
            }
          ]
        },
        {
          "code": "NOR",
          "display": "Norway",
          "target": [
            {
              "equivalence": "equivalent",
              "code": "NOR",
              "display": "Norway"
            }
          ]
        },
        {
          "code": "OMN",
          "display": "Oman",
          "target": [
            {
              "equivalence": "equivalent",
              "code": "OMN",
              "display": "Oman"
            }
          ]
        },
        {
          "code": "PAK",
          "display": "Pakistan",
          "target": [
            {
              "equivalence": "equivalent",
              "code": "PAK",
              "display": "Pakistan"
            }
          ]
        },
        {
          "code": "PLW",
          "display": "Palau",
          "target": [
            {
              "equivalence": "equivalent",
              "code": "PLW",
              "display": "Palau"
            }
          ]
        },
        {
          "code": "PSE",
          "display": "Palestine, State of",
          "target": [
            {
              "equivalence": "equivalent",
              "code": "PSE",
              "display": "Palestine, State of"
            }
          ]
        },
        {
          "code": "PAN",
          "display": "Panama",
          "target": [
            {
              "equivalence": "equivalent",
              "code": "PAN",
              "display": "Panama"
            }
          ]
        },
        {
          "code": "PNG",
          "display": "Papua New Guinea",
          "target": [
            {
              "equivalence": "equivalent",
              "code": "PNG",
              "display": "Papua New Guinea"
            }
          ]
        },
        {
          "code": "PRY",
          "display": "Paraguay",
          "target": [
            {
              "equivalence": "equivalent",
              "code": "PRY",
              "display": "Paraguay"
            }
          ]
        },
        {
          "code": "PER",
          "display": "Peru",
          "target": [
            {
              "equivalence": "equivalent",
              "code": "PER",
              "display": "Peru"
            }
          ]
        },
        {
          "code": "PHL",
          "display": "Philippines (the)",
          "target": [
            {
              "equivalence": "equivalent",
              "code": "PHL",
              "display": "Philippines (the)"
            }
          ]
        },
        {
          "code": "PCN",
          "display": "Pitcairn",
          "target": [
            {
              "equivalence": "equivalent",
              "code": "PCN",
              "display": "Pitcairn"
            }
          ]
        },
        {
          "code": "POL",
          "display": "Poland",
          "target": [
            {
              "equivalence": "equivalent",
              "code": "POL",
              "display": "Poland"
            }
          ]
        },
        {
          "code": "PRT",
          "display": "Portugal",
          "target": [
            {
              "equivalence": "equivalent",
              "code": "PRT",
              "display": "Portugal"
            }
          ]
        },
        {
          "code": "PRI",
          "display": "Puerto Rico",
          "target": [
            {
              "equivalence": "equivalent",
              "code": "PRI",
              "display": "Puerto Rico"
            }
          ]
        },
        {
          "code": "QAT",
          "display": "Qatar",
          "target": [
            {
              "equivalence": "equivalent",
              "code": "QAT",
              "display": "Qatar"
            }
          ]
        },
        {
          "code": "ROU",
          "display": "Romania",
          "target": [
            {
              "equivalence": "equivalent",
              "code": "ROU",
              "display": "Romania"
            }
          ]
        },
        {
          "code": "RUS",
          "display": "Russian Federation (the)",
          "target": [
            {
              "equivalence": "equivalent",
              "code": "RUS",
              "display": "Russian Federation (the)"
            }
          ]
        },
        {
          "code": "RWA",
          "display": "Rwanda",
          "target": [
            {
              "equivalence": "equivalent",
              "code": "RWA",
              "display": "Rwanda"
            }
          ]
        },
        {
          "code": "REU",
          "display": "Réunion",
          "target": [
            {
              "equivalence": "equivalent",
              "code": "REU",
              "display": "Réunion"
            }
          ]
        },
        {
          "code": "BLM",
          "display": "Saint Barthélemy",
          "target": [
            {
              "equivalence": "equivalent",
              "code": "BLM",
              "display": "Saint Barthélemy"
            }
          ]
        },
        {
          "code": "SHN",
          "display": "Saint Helena, Ascension and Tristan da Cunha",
          "target": [
            {
              "equivalence": "equivalent",
              "code": "SHN",
              "display": "Saint Helena, Ascension and Tristan da Cunha"
            }
          ]
        },
        {
          "code": "KNA",
          "display": "Saint Kitts and Nevis",
          "target": [
            {
              "equivalence": "equivalent",
              "code": "KNA",
              "display": "Saint Kitts and Nevis"
            }
          ]
        },
        {
          "code": "LCA",
          "display": "Saint Lucia",
          "target": [
            {
              "equivalence": "equivalent",
              "code": "LCA",
              "display": "Saint Lucia"
            }
          ]
        },
        {
          "code": "MAF",
          "display": "Saint Martin (French part)",
          "target": [
            {
              "equivalence": "equivalent",
              "code": "MAF",
              "display": "Saint Martin (French part)"
            }
          ]
        },
        {
          "code": "SPM",
          "display": "Saint Pierre and Miquelon",
          "target": [
            {
              "equivalence": "equivalent",
              "code": "SPM",
              "display": "Saint Pierre and Miquelon"
            }
          ]
        },
        {
          "code": "VCT",
          "display": "Saint Vincent and the Grenadines",
          "target": [
            {
              "equivalence": "equivalent",
              "code": "VCT",
              "display": "Saint Vincent and the Grenadines"
            }
          ]
        },
        {
          "code": "WSM",
          "display": "Samoa",
          "target": [
            {
              "equivalence": "equivalent",
              "code": "WSM",
              "display": "Samoa"
            }
          ]
        },
        {
          "code": "SMR",
          "display": "San Marino",
          "target": [
            {
              "equivalence": "equivalent",
              "code": "SMR",
              "display": "San Marino"
            }
          ]
        },
        {
          "code": "STP",
          "display": "Sao Tome and Principe",
          "target": [
            {
              "equivalence": "equivalent",
              "code": "STP",
              "display": "Sao Tome and Principe"
            }
          ]
        },
        {
          "code": "SAU",
          "display": "Saudi Arabia",
          "target": [
            {
              "equivalence": "equivalent",
              "code": "SAU",
              "display": "Saudi Arabia"
            }
          ]
        },
        {
          "code": "SEN",
          "display": "Senegal",
          "target": [
            {
              "equivalence": "equivalent",
              "code": "SEN",
              "display": "Senegal"
            }
          ]
        },
        {
          "code": "SRB",
          "display": "Serbia",
          "target": [
            {
              "equivalence": "equivalent",
              "code": "SRB",
              "display": "Serbia"
            }
          ]
        },
        {
          "code": "SYC",
          "display": "Seychelles",
          "target": [
            {
              "equivalence": "equivalent",
              "code": "SYC",
              "display": "Seychelles"
            }
          ]
        },
        {
          "code": "SLE",
          "display": "Sierra Leone",
          "target": [
            {
              "equivalence": "equivalent",
              "code": "SLE",
              "display": "Sierra Leone"
            }
          ]
        },
        {
          "code": "SGP",
          "display": "Singapore",
          "target": [
            {
              "equivalence": "equivalent",
              "code": "SGP",
              "display": "Singapore"
            }
          ]
        },
        {
          "code": "SXM",
          "display": "Sint Maarten (Dutch part)",
          "target": [
            {
              "equivalence": "equivalent",
              "code": "SXM",
              "display": "Sint Maarten (Dutch part)"
            }
          ]
        },
        {
          "code": "SVK",
          "display": "Slovakia",
          "target": [
            {
              "equivalence": "equivalent",
              "code": "SVK",
              "display": "Slovakia"
            }
          ]
        },
        {
          "code": "SVN",
          "display": "Slovenia",
          "target": [
            {
              "equivalence": "equivalent",
              "code": "SVN",
              "display": "Slovenia"
            }
          ]
        },
        {
          "code": "SLB",
          "display": "Solomon Islands",
          "target": [
            {
              "equivalence": "equivalent",
              "code": "SLB",
              "display": "Solomon Islands"
            }
          ]
        },
        {
          "code": "SOM",
          "display": "Somalia",
          "target": [
            {
              "equivalence": "equivalent",
              "code": "SOM",
              "display": "Somalia"
            }
          ]
        },
        {
          "code": "ZAF",
          "display": "South Africa",
          "target": [
            {
              "equivalence": "equivalent",
              "code": "ZAF",
              "display": "South Africa"
            }
          ]
        },
        {
          "code": "SGS",
          "display": "South Georgia and the South Sandwich Islands",
          "target": [
            {
              "equivalence": "equivalent",
              "code": "SGS",
              "display": "South Georgia and the South Sandwich Islands"
            }
          ]
        },
        {
          "code": "SSD",
          "display": "South Sudan",
          "target": [
            {
              "equivalence": "equivalent",
              "code": "SSD",
              "display": "South Sudan"
            }
          ]
        },
        {
          "code": "ESP",
          "display": "Spain",
          "target": [
            {
              "equivalence": "equivalent",
              "code": "ESP",
              "display": "Spain"
            }
          ]
        },
        {
          "code": "LKA",
          "display": "Sri Lanka",
          "target": [
            {
              "equivalence": "equivalent",
              "code": "LKA",
              "display": "Sri Lanka"
            }
          ]
        },
        {
          "code": "SDN",
          "display": "Sudan (the)",
          "target": [
            {
              "equivalence": "equivalent",
              "code": "SDN",
              "display": "Sudan (the)"
            }
          ]
        },
        {
          "code": "SUR",
          "display": "Suriname",
          "target": [
            {
              "equivalence": "equivalent",
              "code": "SUR",
              "display": "Suriname"
            }
          ]
        },
        {
          "code": "SJM",
          "display": "Svalbard and Jan Mayen",
          "target": [
            {
              "equivalence": "equivalent",
              "code": "SJM",
              "display": "Svalbard and Jan Mayen"
            }
          ]
        },
        {
          "code": "SWE",
          "display": "Sweden",
          "target": [
            {
              "equivalence": "equivalent",
              "code": "SWE",
              "display": "Sweden"
            }
          ]
        },
        {
          "code": "CHE",
          "display": "Switzerland",
          "target": [
            {
              "equivalence": "equivalent",
              "code": "CHE",
              "display": "Switzerland"
            }
          ]
        },
        {
          "code": "SYR",
          "display": "Syrian Arab Republic (the)",
          "target": [
            {
              "equivalence": "equivalent",
              "code": "SYR",
              "display": "Syrian Arab Republic (the)"
            }
          ]
        },
        {
          "code": "TWN",
          "display": "Taiwan (Province of China)",
          "target": [
            {
              "equivalence": "equivalent",
              "code": "TWN",
              "display": "Taiwan (Province of China)"
            }
          ]
        },
        {
          "code": "TJK",
          "display": "Tajikistan",
          "target": [
            {
              "equivalence": "equivalent",
              "code": "TJK",
              "display": "Tajikistan"
            }
          ]
        },
        {
          "code": "TZA",
          "display": "Tanzania, the United Republic of",
          "target": [
            {
              "equivalence": "equivalent",
              "code": "TZA",
              "display": "Tanzania, the United Republic of"
            }
          ]
        },
        {
          "code": "THA",
          "display": "Thailand",
          "target": [
            {
              "equivalence": "equivalent",
              "code": "THA",
              "display": "Thailand"
            }
          ]
        },
        {
          "code": "TLS",
          "display": "Timor-Leste",
          "target": [
            {
              "equivalence": "equivalent",
              "code": "TLS",
              "display": "Timor-Leste"
            }
          ]
        },
        {
          "code": "TGO",
          "display": "Togo",
          "target": [
            {
              "equivalence": "equivalent",
              "code": "TGO",
              "display": "Togo"
            }
          ]
        },
        {
          "code": "TKL",
          "display": "Tokelau",
          "target": [
            {
              "equivalence": "equivalent",
              "code": "TKL",
              "display": "Tokelau"
            }
          ]
        },
        {
          "code": "TON",
          "display": "Tonga",
          "target": [
            {
              "equivalence": "equivalent",
              "code": "TON",
              "display": "Tonga"
            }
          ]
        },
        {
          "code": "TTO",
          "display": "Trinidad and Tobago",
          "target": [
            {
              "equivalence": "equivalent",
              "code": "TTO",
              "display": "Trinidad and Tobago"
            }
          ]
        },
        {
          "code": "TUN",
          "display": "Tunisia",
          "target": [
            {
              "equivalence": "equivalent",
              "code": "TUN",
              "display": "Tunisia"
            }
          ]
        },
        {
          "code": "TKM",
          "display": "Turkmenistan",
          "target": [
            {
              "equivalence": "equivalent",
              "code": "TKM",
              "display": "Turkmenistan"
            }
          ]
        },
        {
          "code": "TCA",
          "display": "Turks and Caicos Islands (the)",
          "target": [
            {
              "equivalence": "equivalent",
              "code": "TCA",
              "display": "Turks and Caicos Islands (the)"
            }
          ]
        },
        {
          "code": "TUV",
          "display": "Tuvalu",
          "target": [
            {
              "equivalence": "equivalent",
              "code": "TUV",
              "display": "Tuvalu"
            }
          ]
        },
        {
          "code": "TUR",
          "display": "Türkiye",
          "target": [
            {
              "equivalence": "equivalent",
              "code": "TUR",
              "display": "Türkiye"
            }
          ]
        },
        {
          "code": "UGA",
          "display": "Uganda",
          "target": [
            {
              "equivalence": "equivalent",
              "code": "UGA",
              "display": "Uganda"
            }
          ]
        },
        {
          "code": "UKR",
          "display": "Ukraine",
          "target": [
            {
              "equivalence": "equivalent",
              "code": "UKR",
              "display": "Ukraine"
            }
          ]
        },
        {
          "code": "ARE",
          "display": "United Arab Emirates (the)",
          "target": [
            {
              "equivalence": "equivalent",
              "code": "ARE",
              "display": "United Arab Emirates (the)"
            }
          ]
        },
        {
          "code": "GBR",
          "display": "United Kingdom of Great Britain and Northern Ireland (the)",
          "target": [
            {
              "equivalence": "equivalent",
              "code": "GBR",
              "display": "United Kingdom of Great Britain and Northern Ireland (the)"
            }
          ]
        },
        {
          "code": "UMI",
          "display": "United States Minor Outlying Islands (the)",
          "target": [
            {
              "equivalence": "equivalent",
              "code": "UMI",
              "display": "United States Minor Outlying Islands (the)"
            }
          ]
        },
        {
          "code": "USA",
          "display": "United States of America (the)",
          "target": [
            {
              "equivalence": "equivalent",
              "code": "USA",
              "display": "United States of America (the)"
            }
          ]
        },
        {
          "code": "URY",
          "display": "Uruguay",
          "target": [
            {
              "equivalence": "equivalent",
              "code": "URY",
              "display": "Uruguay"
            }
          ]
        },
        {
          "code": "UZB",
          "display": "Uzbekistan",
          "target": [
            {
              "equivalence": "equivalent",
              "code": "UZB",
              "display": "Uzbekistan"
            }
          ]
        },
        {
          "code": "VUT",
          "display": "Vanuatu",
          "target": [
            {
              "equivalence": "equivalent",
              "code": "VUT",
              "display": "Vanuatu"
            }
          ]
        },
        {
          "code": "VEN",
          "display": "Venezuela (Bolivarian Republic of)",
          "target": [
            {
              "equivalence": "equivalent",
              "code": "VEN",
              "display": "Venezuela (Bolivarian Republic of)"
            }
          ]
        },
        {
          "code": "VNM",
          "display": "Viet Nam",
          "target": [
            {
              "equivalence": "equivalent",
              "code": "VNM",
              "display": "Viet Nam"
            }
          ]
        },
        {
          "code": "VGB",
          "display": "Virgin Islands (British)",
          "target": [
            {
              "equivalence": "equivalent",
              "code": "VGB",
              "display": "Virgin Islands (British)"
            }
          ]
        },
        {
          "code": "VIR",
          "display": "Virgin Islands (U.S.)",
          "target": [
            {
              "equivalence": "equivalent",
              "code": "VIR",
              "display": "Virgin Islands (U.S.)"
            }
          ]
        },
        {
          "code": "WLF",
          "display": "Wallis and Futuna",
          "target": [
            {
              "equivalence": "equivalent",
              "code": "WLF",
              "display": "Wallis and Futuna"
            }
          ]
        },
        {
          "code": "ESH",
          "display": "Western Sahara*",
          "target": [
            {
              "equivalence": "equivalent",
              "code": "ESH",
              "display": "Western Sahara*"
            }
          ]
        },
        {
          "code": "YEM",
          "display": "Yemen",
          "target": [
            {
              "equivalence": "equivalent",
              "code": "YEM",
              "display": "Yemen"
            }
          ]
        },
        {
          "code": "ZMB",
          "display": "Zambia",
          "target": [
            {
              "equivalence": "equivalent",
              "code": "ZMB",
              "display": "Zambia"
            }
          ]
        },
        {
          "code": "ZWE",
          "display": "Zimbabwe",
          "target": [
            {
              "equivalence": "equivalent",
              "code": "ZWE",
              "display": "Zimbabwe"
            }
          ]
        },
        {
          "code": "ALA",
          "display": "Åland Islands",
          "target": [
            {
              "equivalence": "equivalent",
              "code": "ALA",
              "display": "Åland Islands"
            }
          ]
        }
      ]
    }
  ]
}
