{
  "resourceType": "ConceptMap",
  "id": "table-hl70190-to-address-use",
  "url": "http://hl7.org/fhir/uv/v2mappings/ConceptMap/table-hl70190-to-address-use",
  "title": "Table HL70190 to Address Use Map",
  "description": "This ConceptMap represents a mapping from the HL7 V2 Table HL70190 to the FHIR Address Use Value Set.",
  "name": "TableHL70190ToAddressUse",
  "sourceUri": "http://terminology.hl7.org/ValueSet/v2-0190",
  "version": "1.0",
  "status": "active",
  "experimental": true,
  "publisher": "HL7 International, Inc",
  "contact": [
    {
      "telecom": [
        {
          "system": "email",
          "value": "v2-to-fhir@lists.hl7.org"
        }
      ]
    }
  ],
  "date": "2025-08-23",
  "copyright": "Copyright (c) 2025, HL7 International, Inc., All Rights Reserved.",
  "extension": [
    {
      "url": "http://hl7.org/fhir/uv/v2mappings/StructureDefinition/RelatedArtifact",
      "extension": [
        {
          "url": "type",
          "valueCode": "derived-from"
        },
        {
          "url": "label",
          "valueString": "Table HL70190 to Address Use.fsh"
        },
        {
          "url": "url",
          "valueUri": "https://docs.google.com/spreadsheets/d/1eJAihkIzcTOd9SY-xoXaboRDdUM6T8Wabi73wurU1hA/edit#gid=0"
        }
      ]
    }
  ],
  "group": [
    {
      "source": "http://terminology.hl7.org/CodeSystem/v2-0190",
      "target": "http://hl7.org/fhir/address-use",
      "element": [
        {
          "code": "BA",
          "display": "Bad address",
          "target": [
            {
              "equivalence": "equivalent",
              "code": "old",
              "display": "Old / Incorrect"
            }
          ]
        },
        {
          "code": "BI",
          "display": "Billing Address",
          "target": [
            {
              "equivalence": "equivalent",
              "code": "billing",
              "display": "Billing"
            }
          ]
        },
        {
          "code": "C",
          "display": "Current Or Temporary",
          "target": [
            {
              "equivalence": "equivalent",
              "code": "temp",
              "display": "Temporary"
            }
          ]
        },
        {
          "code": "B",
          "display": "Firm/Business",
          "target": [
            {
              "equivalence": "equivalent",
              "code": "work",
              "display": "Work"
            }
          ]
        },
        {
          "code": "H",
          "display": "Home",
          "target": [
            {
              "equivalence": "equivalent",
              "code": "home",
              "display": "Home"
            }
          ]
        },
        {
          "code": "O",
          "display": "Office/Business",
          "target": [
            {
              "equivalence": "equivalent",
              "code": "work",
              "display": "Work"
            }
          ]
        }
      ]
    },
    {
      "source": "http://terminology.hl7.org/CodeSystem/v2-0190",
      "element": [
        {
          "code": "N",
          "display": "Birth (nee) (birth address, not otherwise specified)",
          "target": [
            {
              "equivalence": "unmatched"
            }
          ]
        },
        {
          "code": "BDL",
          "display": "Birth delivery location (address where birth occurred)",
          "target": [
            {
              "equivalence": "unmatched"
            }
          ]
        },
        {
          "code": "F",
          "display": "Country Of Origin",
          "target": [
            {
              "equivalence": "unmatched"
            }
          ]
        },
        {
          "code": "L",
          "display": "Legal Address",
          "target": [
            {
              "equivalence": "unmatched"
            }
          ]
        },
        {
          "code": "M",
          "display": "Mailing",
          "target": [
            {
              "equivalence": "unmatched"
            }
          ]
        },
        {
          "code": "P",
          "display": "Permanent",
          "target": [
            {
              "equivalence": "unmatched"
            }
          ]
        },
        {
          "code": "RH",
          "display": "Registry home. Refers to the information system, typically managed by a public health agency, that stores patient information such as immunization histories or cancer data, regardless of where the patient obtains services.",
          "target": [
            {
              "equivalence": "unmatched"
            }
          ]
        },
        {
          "code": "BR",
          "display": "Residence at birth (home address at time of birth)",
          "target": [
            {
              "equivalence": "unmatched"
            }
          ]
        },
        {
          "code": "S",
          "display": "Service Location",
          "target": [
            {
              "equivalence": "unmatched"
            }
          ]
        },
        {
          "code": "SH",
          "display": "Shipping Address",
          "target": [
            {
              "equivalence": "unmatched"
            }
          ]
        },
        {
          "code": "TM",
          "display": "Tube Address",
          "target": [
            {
              "equivalence": "unmatched"
            }
          ]
        },
        {
          "code": "V",
          "display": "Vacation",
          "target": [
            {
              "equivalence": "unmatched"
            }
          ]
        }
      ]
    }
  ]
}
