{
  "resourceType": "ConceptMap",
  "id": "datatype-nm-to-positiveint",
  "url": "http://hl7.org/fhir/uv/v2mappings/ConceptMap/datatype-nm-to-positiveint",
  "title": "Datatype NM to positiveInt Map",
  "description": "This ConceptMap represents a mapping from the HL7 V2 Datatype NM to the FHIR positiveInt Data Type.",
  "name": "DatatypeNMToPositiveInt",
  "version": "1.0",
  "status": "active",
  "experimental": true,
  "publisher": "HL7 International, Inc",
  "contact": [
    {
      "telecom": [
        {
          "system": "email",
          "value": "v2-to-fhir@lists.hl7.org"
        }
      ]
    }
  ],
  "date": "2025-08-23",
  "copyright": "Copyright (c) 2025, HL7 International, Inc., All Rights Reserved.",
  "extension": [
    {
      "url": "http://hl7.org/fhir/uv/v2mappings/StructureDefinition/RelatedArtifact",
      "extension": [
        {
          "url": "type",
          "valueCode": "derived-from"
        },
        {
          "url": "label",
          "valueString": "Datatype NM to positiveInt.fsh"
        },
        {
          "url": "url",
          "valueUri": "https://docs.google.com/spreadsheets/d/1I1IbZW4etDX-TRXqeYr3mmLJZq55pILgoOOBx4gwBJU/edit#gid=0"
        }
      ]
    }
  ],
  "group": [
    {
      "element": [
        {
          "code": "NM.1",
          "extension": [
            {
              "url": "http://hl7.org/fhir/uv/v2mappings/StructureDefinition/TypeInfo",
              "extension": [
                {
                  "url": "type",
                  "valueCode": "ST"
                }
              ]
            }
          ],
          "display": "Numeric",
          "target": [
            {
              "equivalence": "equivalent",
              "code": "$value",
              "extension": [
                {
                  "url": "http://hl7.org/fhir/uv/v2mappings/StructureDefinition/TypeInfo",
                  "extension": [
                    {
                      "url": "type",
                      "valueCode": "integer"
                    },
                    {
                      "url": "cardinalityMin",
                      "valueInteger": 1
                    },
                    {
                      "url": "cardinalityMax",
                      "valueInteger": 1
                    }
                  ]
                }
              ],
              "display": "$value",
              "dependsOn": [
                {
                  "property": "Narrative-Condition",
                  "value": "If positive"
                }
              ]
            }
          ]
        }
      ]
    }
  ]
}
