{
  "resourceType": "ConceptMap",
  "id": "segment-pd1-livingwill-to-observation",
  "url": "http://hl7.org/fhir/uv/v2mappings/ConceptMap/segment-pd1-livingwill-to-observation",
  "title": "Segment PD1 [LivingWill] to Observation Map",
  "description": "This ConceptMap represents a mapping from the HL7 V2 Segment PD1 to the FHIR Observation Resource.",
  "name": "SegmentPD1LivingWillToObservation",
  "version": "1.0",
  "status": "active",
  "experimental": true,
  "publisher": "HL7 International, Inc",
  "contact": [
    {
      "telecom": [
        {
          "system": "email",
          "value": "v2-to-fhir@lists.hl7.org"
        }
      ]
    }
  ],
  "date": "2025-08-23",
  "copyright": "Copyright (c) 2025, HL7 International, Inc., All Rights Reserved.",
  "extension": [
    {
      "url": "http://hl7.org/fhir/uv/v2mappings/StructureDefinition/RelatedArtifact",
      "extension": [
        {
          "url": "type",
          "valueCode": "derived-from"
        },
        {
          "url": "label",
          "valueString": "Segment PD1[LivingWill] to Observation.fsh"
        },
        {
          "url": "url",
          "valueUri": "https://docs.google.com/spreadsheets/d/1v2Ip_zAEz8INIx7tLmTa4PwyG6IfEUD1wjzVLJls4Ik/edit#gid=0"
        }
      ]
    }
  ],
  "group": [
    {
      "element": [
        {
          "code": "PD1-7",
          "extension": [
            {
              "url": "http://hl7.org/fhir/uv/v2mappings/StructureDefinition/TypeInfo",
              "extension": [
                {
                  "url": "type",
                  "valueCode": "CWE"
                },
                {
                  "url": "cardinalityMin",
                  "valueInteger": 1
                },
                {
                  "url": "cardinalityMax",
                  "valueInteger": 1
                }
              ]
            }
          ],
          "display": "Living Will Code",
          "target": [
            {
              "equivalence": "equivalent",
              "code": "valueCodeableConcept",
              "extension": [
                {
                  "url": "http://hl7.org/fhir/uv/v2mappings/StructureDefinition/TypeInfo",
                  "extension": [
                    {
                      "url": "type",
                      "valueCode": "CodeableConcept"
                    },
                    {
                      "url": "cardinalityMin",
                      "valueInteger": 0
                    },
                    {
                      "url": "cardinalityMax",
                      "valueInteger": 1
                    },
                    {
                      "url": "mappedVia",
                      "valueUrl": "ConceptMap/table-hl70315-to-v2-0315"
                    }
                  ]
                }
              ],
              "display": "valueCodeableConcept"
            }
          ]
        }
      ]
    }
  ]
}
