{
  "resourceType": "ConceptMap",
  "id": "message-adt-a06-to-bundle",
  "url": "http://hl7.org/fhir/uv/v2mappings/ConceptMap/message-adt-a06-to-bundle",
  "title": "Message ADT_A06 to Bundle Map",
  "description": "This ConceptMap represents a mapping from the HL7 V2 Message ADT_A06 to the FHIR Message Bundle.",
  "name": "MessageADT_A06ToBundle",
  "version": "1.0",
  "status": "active",
  "experimental": true,
  "publisher": "HL7 International, Inc",
  "contact": [
    {
      "telecom": [
        {
          "system": "email",
          "value": "v2-to-fhir@lists.hl7.org"
        }
      ]
    }
  ],
  "date": "2025-08-23",
  "copyright": "Copyright (c) 2025, HL7 International, Inc., All Rights Reserved.",
  "extension": [
    {
      "url": "http://hl7.org/fhir/uv/v2mappings/StructureDefinition/RelatedArtifact",
      "extension": [
        {
          "url": "type",
          "valueCode": "derived-from"
        },
        {
          "url": "label",
          "valueString": "Message ADT:A06 to Bundle.fsh"
        },
        {
          "url": "url",
          "valueUri": "https://docs.google.com/spreadsheets/d/1jG7x_d9Pc1ZIRRxPTAw-twONy61hPpH5zc10UxAA9cw/edit#gid=0"
        }
      ]
    }
  ],
  "group": [
    {
      "element": [
        {
          "code": "ADT_A06.MSH",
          "extension": [
            {
              "url": "http://hl7.org/fhir/uv/v2mappings/StructureDefinition/TypeInfo",
              "extension": [
                {
                  "url": "cardinalityMin",
                  "valueInteger": 1
                },
                {
                  "url": "cardinalityMax",
                  "valueInteger": 1
                }
              ]
            }
          ],
          "display": "Message Header",
          "target": [
            {
              "equivalence": "equivalent",
              "code": "Bundle",
              "display": "Bundle"
            }
          ]
        },
        {
          "code": "ADT_A06.MSH",
          "extension": [
            {
              "url": "http://hl7.org/fhir/uv/v2mappings/StructureDefinition/TypeInfo",
              "extension": [
                {
                  "url": "cardinalityMin",
                  "valueInteger": 1
                },
                {
                  "url": "cardinalityMax",
                  "valueInteger": 1
                }
              ]
            }
          ],
          "display": "Message Header",
          "target": [
            {
              "equivalence": "equivalent",
              "code": "MessageHeader[1]",
              "display": "MessageHeader[1]",
              "comment": "Processing of the MSH segment results in the creation of a new MessageHeader resource."
            }
          ]
        },
        {
          "code": "ADT_A06.MSH",
          "extension": [
            {
              "url": "http://hl7.org/fhir/uv/v2mappings/StructureDefinition/TypeInfo",
              "extension": [
                {
                  "url": "cardinalityMin",
                  "valueInteger": 1
                },
                {
                  "url": "cardinalityMax",
                  "valueInteger": 1
                }
              ]
            }
          ],
          "display": "Message Header",
          "target": [
            {
              "equivalence": "equivalent",
              "code": "Provenance[1]",
              "display": "Provenance[1]",
              "comment": "If the FHIR transformation does not yield a FHIR message, but only a set of resource (APIs, repository, etc.) than one should consider attaching this Provenance resource instance to the relevant FHIR resources generated.",
              "dependsOn": [
                {
                  "property": "Narrative-Condition",
                  "value": "If there is a source in MSH-4, or known based on the configuration."
                }
              ]
            }
          ]
        },
        {
          "code": "ADT_A06.MSH",
          "extension": [
            {
              "url": "http://hl7.org/fhir/uv/v2mappings/StructureDefinition/TypeInfo",
              "extension": [
                {
                  "url": "cardinalityMin",
                  "valueInteger": 1
                },
                {
                  "url": "cardinalityMax",
                  "valueInteger": 1
                }
              ]
            }
          ],
          "display": "Message Header",
          "target": [
            {
              "equivalence": "equivalent",
              "code": "Provenance[2]",
              "display": "Provenance[2]",
              "comment": "If the FHIR transformation does not yield a FHIR Bunlde, but only a set of resource (APIs, repository, etc.) than one should consider attaching this Provenance resource instance to the relevant FHIR resources generated."
            }
          ]
        },
        {
          "code": "ADT_A06.SFT",
          "extension": [
            {
              "url": "http://hl7.org/fhir/uv/v2mappings/StructureDefinition/TypeInfo",
              "extension": [
                {
                  "url": "cardinalityMin",
                  "valueInteger": 0
                },
                {
                  "url": "cardinalityMax",
                  "valueInteger": -1
                }
              ]
            }
          ],
          "display": "Software Segment",
          "target": [
            {
              "equivalence": "equivalent",
              "code": "Provenance[1].entity.what(Device)",
              "display": "Provenance[1].entity.what(Device)",
              "dependsOn": [
                {
                  "property": "Narrative-Condition",
                  "value": "If the software does represent not the original source system"
                }
              ]
            }
          ]
        },
        {
          "code": "ADT_A06.SFT",
          "extension": [
            {
              "url": "http://hl7.org/fhir/uv/v2mappings/StructureDefinition/TypeInfo",
              "extension": [
                {
                  "url": "cardinalityMin",
                  "valueInteger": 0
                },
                {
                  "url": "cardinalityMax",
                  "valueInteger": -1
                }
              ]
            }
          ],
          "display": "Software Segment",
          "target": [
            {
              "equivalence": "equivalent",
              "code": "Provenance[1].entity.what(Device)",
              "display": "Provenance[1].entity.what(Device)",
              "dependsOn": [
                {
                  "property": "Narrative-Condition",
                  "value": "If the software represents the original source system"
                }
              ]
            }
          ]
        },
        {
          "code": "ADT_A06.EVN",
          "extension": [
            {
              "url": "http://hl7.org/fhir/uv/v2mappings/StructureDefinition/TypeInfo",
              "extension": [
                {
                  "url": "cardinalityMin",
                  "valueInteger": 1
                },
                {
                  "url": "cardinalityMax",
                  "valueInteger": 1
                }
              ]
            }
          ],
          "display": "Event Type",
          "target": [
            {
              "equivalence": "equivalent",
              "code": "Provenance[3]",
              "display": "Provenance[3]"
            }
          ]
        },
        {
          "code": "ADT_A06.EVN",
          "extension": [
            {
              "url": "http://hl7.org/fhir/uv/v2mappings/StructureDefinition/TypeInfo",
              "extension": [
                {
                  "url": "cardinalityMin",
                  "valueInteger": 1
                },
                {
                  "url": "cardinalityMax",
                  "valueInteger": 1
                }
              ]
            }
          ],
          "display": "Event Type",
          "target": [
            {
              "equivalence": "equivalent",
              "code": "Provenance[3]",
              "display": "Provenance[3]",
              "comment": "If EVN-5 is not valued, then the MSH may have either the sending responsible organization (MSH-22) or the sending facility (MSH-4) to reasonable approximate the agent relevant for this Provenance instance.",
              "dependsOn": [
                {
                  "property": "Computable-ANTLR",
                  "value": "IF EVN-5 NOT VALUED AND (MSH-22 IS VALUED OR MSH-4 IS VALUED)"
                }
              ]
            }
          ]
        },
        {
          "code": "ADT_A06.PID",
          "extension": [
            {
              "url": "http://hl7.org/fhir/uv/v2mappings/StructureDefinition/TypeInfo",
              "extension": [
                {
                  "url": "cardinalityMin",
                  "valueInteger": 1
                },
                {
                  "url": "cardinalityMax",
                  "valueInteger": 1
                }
              ]
            }
          ],
          "display": "Patient Identification",
          "target": [
            {
              "equivalence": "equivalent",
              "code": "Patient[1]",
              "display": "Patient[1]",
              "comment": "Processing of the PID segment results in the creation of a new Patient resource"
            }
          ]
        },
        {
          "code": "ADT_A06.PID",
          "extension": [
            {
              "url": "http://hl7.org/fhir/uv/v2mappings/StructureDefinition/TypeInfo",
              "extension": [
                {
                  "url": "cardinalityMin",
                  "valueInteger": 1
                },
                {
                  "url": "cardinalityMax",
                  "valueInteger": 1
                }
              ]
            }
          ],
          "display": "Patient Identification",
          "target": [
            {
              "equivalence": "equivalent",
              "code": "Account[1]",
              "display": "Account[1]"
            }
          ]
        },
        {
          "code": "ADT_A06.PID",
          "extension": [
            {
              "url": "http://hl7.org/fhir/uv/v2mappings/StructureDefinition/TypeInfo",
              "extension": [
                {
                  "url": "cardinalityMin",
                  "valueInteger": 1
                },
                {
                  "url": "cardinalityMax",
                  "valueInteger": 1
                }
              ]
            }
          ],
          "display": "Patient Identification",
          "target": [
            {
              "equivalence": "equivalent",
              "code": "Provenance[4]",
              "display": "Provenance[4]",
              "dependsOn": [
                {
                  "property": "Computable-ANTLR",
                  "value": "IF PID-33 AND PID-34 VALUED"
                },
                {
                  "property": "Narrative-Condition",
                  "value": "One  may drop PID-33 from the condition if PID-34 Last Update Facility is still sufficient without a date."
                }
              ]
            }
          ]
        },
        {
          "code": "ADT_A06.PD1",
          "extension": [
            {
              "url": "http://hl7.org/fhir/uv/v2mappings/StructureDefinition/TypeInfo",
              "extension": [
                {
                  "url": "cardinalityMin",
                  "valueInteger": 0
                },
                {
                  "url": "cardinalityMax",
                  "valueInteger": 1
                }
              ]
            }
          ],
          "display": "Additional Demographics",
          "target": [
            {
              "equivalence": "equivalent",
              "code": "Patient[1]",
              "display": "Patient[1]",
              "comment": "Incorporate PD1 content into the Patient created from the PID segment."
            }
          ]
        },
        {
          "code": "ADT_A01.PD1",
          "extension": [
            {
              "url": "http://hl7.org/fhir/uv/v2mappings/StructureDefinition/TypeInfo",
              "extension": [
                {
                  "url": "cardinalityMin",
                  "valueInteger": 0
                },
                {
                  "url": "cardinalityMax",
                  "valueInteger": 1
                }
              ]
            }
          ],
          "display": "Additional Demographics",
          "target": [
            {
              "equivalence": "equivalent",
              "code": "Observation[1]",
              "display": "Observation[1]",
              "dependsOn": [
                {
                  "property": "Computable-ANTLR",
                  "value": "IF PD1-7 VALUED"
                }
              ]
            }
          ]
        },
        {
          "code": "ADT_A06:follow:PID.ROL",
          "extension": [
            {
              "url": "http://hl7.org/fhir/uv/v2mappings/StructureDefinition/TypeInfo",
              "extension": [
                {
                  "url": "cardinalityMin",
                  "valueInteger": 0
                },
                {
                  "url": "cardinalityMax",
                  "valueInteger": -1
                }
              ]
            }
          ],
          "display": "Role",
          "target": [
            {
              "equivalence": "equivalent",
              "code": "Patient[1]",
              "display": "Patient[1]",
              "dependsOn": [
                {
                  "property": "Computable-ANTLR",
                  "value": "IF ROL-3.1 EQUALS \"PP\" AND ROL-3.3 EQUALS \"HL70443\""
                },
                {
                  "property": "Computable-FHIRPath",
                  "value": "(element(\"3.1\")=\"PP\")and(element(\"3.3\")=\"HL70443\")"
                }
              ]
            }
          ]
        },
        {
          "code": "ADT_A06:follow:PID.ROL",
          "extension": [
            {
              "url": "http://hl7.org/fhir/uv/v2mappings/StructureDefinition/TypeInfo",
              "extension": [
                {
                  "url": "cardinalityMin",
                  "valueInteger": 0
                },
                {
                  "url": "cardinalityMax",
                  "valueInteger": -1
                }
              ]
            }
          ],
          "display": "Role",
          "target": [
            {
              "equivalence": "equivalent",
              "code": "CareTeam[1]",
              "display": "CareTeam[1]",
              "dependsOn": [
                {
                  "property": "Computable-ANTLR",
                  "value": "IF ROL-3.3 EQUALS \"HL70443\" AND ROL-3.1 IS NOT \"PP\""
                },
                {
                  "property": "Computable-FHIRPath",
                  "value": "(element(\"3.1\")!=\"PP\")or(element(\"3.3\")!=\"HL70443\")"
                },
                {
                  "property": "Narrative-Condition",
                  "value": "When the ROL includes entries with roles in Table HL70443 other than \"PP\", then they may be candidates for CareTeam, but not all.  That is implementation specific."
                }
              ]
            }
          ]
        },
        {
          "code": "ADT_A06:follow:PID.PRT",
          "extension": [
            {
              "url": "http://hl7.org/fhir/uv/v2mappings/StructureDefinition/TypeInfo",
              "extension": [
                {
                  "url": "cardinalityMin",
                  "valueInteger": 0
                },
                {
                  "url": "cardinalityMax",
                  "valueInteger": -1
                }
              ]
            }
          ],
          "display": "Participation",
          "target": [
            {
              "equivalence": "equivalent",
              "code": "Patient[1]",
              "display": "Patient[1]",
              "dependsOn": [
                {
                  "property": "Computable-ANTLR",
                  "value": "IF PRT-4 IS \"PP\""
                }
              ]
            }
          ]
        },
        {
          "code": "ADT_A06:follow:PID.PRT",
          "extension": [
            {
              "url": "http://hl7.org/fhir/uv/v2mappings/StructureDefinition/TypeInfo",
              "extension": [
                {
                  "url": "cardinalityMin",
                  "valueInteger": 0
                },
                {
                  "url": "cardinalityMax",
                  "valueInteger": -1
                }
              ]
            }
          ],
          "display": "Participation",
          "target": [
            {
              "equivalence": "equivalent",
              "code": "CareTeam[1]",
              "display": "CareTeam[1]",
              "dependsOn": [
                {
                  "property": "Computable-ANTLR",
                  "value": "IF PRT-4 IS IN (\"AD\", \"AP\", \"ARI\", \"AT\", \"CP\", \"FHCP\", \"OP\", \"PH\", \"PP\", \"PRI\", \"RP\", \"RT\", \"VP\", \"PO\")"
                }
              ]
            }
          ]
        },
        {
          "code": "ADT_A06.MRG",
          "extension": [
            {
              "url": "http://hl7.org/fhir/uv/v2mappings/StructureDefinition/TypeInfo",
              "extension": [
                {
                  "url": "cardinalityMin",
                  "valueInteger": 0
                },
                {
                  "url": "cardinalityMax",
                  "valueInteger": 1
                }
              ]
            }
          ],
          "display": "Merge Information",
          "target": [
            {
              "equivalence": "equivalent",
              "code": "Account[2]",
              "display": "Account[2]",
              "comment": "It will be left to implementation negotiation to determine whether disparate systems merely change the patient class, or close and open a new account.  The current active account number should appear in field PID-18 - Patient Account Number; the prior account number can be included optionally in MRG-3 - Prior Patient Account Number. \nDepending on the relationship between the old and new account, the implementer should consider whether Account.partOf should be used as well to link the two accounts appropriately.\\"
            }
          ]
        },
        {
          "code": "ADT_A06.NEXT_OF_KIN.NK1",
          "extension": [
            {
              "url": "http://hl7.org/fhir/uv/v2mappings/StructureDefinition/TypeInfo",
              "extension": [
                {
                  "url": "cardinalityMin",
                  "valueInteger": 1
                },
                {
                  "url": "cardinalityMax",
                  "valueInteger": 1
                }
              ]
            }
          ],
          "display": "Next of Kin / Associated Parties",
          "target": [
            {
              "equivalence": "equivalent",
              "code": "RelatedPerson[2]",
              "display": "RelatedPerson[2]",
              "comment": "Typically, each NK1 will be translated to either a new RelatedPerson resource or added as a new occurrence of Patient.contact, but it's possible to insert the NK1 data into both structures."
            }
          ]
        },
        {
          "code": "ADT_A06.NEXT_OF_KIN.NK1",
          "extension": [
            {
              "url": "http://hl7.org/fhir/uv/v2mappings/StructureDefinition/TypeInfo",
              "extension": [
                {
                  "url": "cardinalityMin",
                  "valueInteger": 1
                },
                {
                  "url": "cardinalityMax",
                  "valueInteger": 1
                }
              ]
            }
          ],
          "display": "Next of Kin / Associated Parties",
          "target": [
            {
              "equivalence": "equivalent",
              "code": "Patient[1]",
              "display": "Patient[1]"
            }
          ]
        },
        {
          "code": "ADT_A06.PV1",
          "extension": [
            {
              "url": "http://hl7.org/fhir/uv/v2mappings/StructureDefinition/TypeInfo",
              "extension": [
                {
                  "url": "cardinalityMin",
                  "valueInteger": 1
                },
                {
                  "url": "cardinalityMax",
                  "valueInteger": 1
                }
              ]
            }
          ],
          "display": "Patient Visit",
          "target": [
            {
              "equivalence": "equivalent",
              "code": "Encounter[1]",
              "display": "Encounter[1]",
              "comment": "Processing of the PV1 segment results in the creation of a new Encounter resource.  Note also that per A06 and A07 trigger event definitions PV1-19 - Visit Number may also be changed during this event."
            }
          ]
        },
        {
          "code": "ADT_A06.PV1",
          "extension": [
            {
              "url": "http://hl7.org/fhir/uv/v2mappings/StructureDefinition/TypeInfo",
              "extension": [
                {
                  "url": "cardinalityMin",
                  "valueInteger": 1
                },
                {
                  "url": "cardinalityMax",
                  "valueInteger": 1
                }
              ]
            }
          ],
          "display": "Patient Visit",
          "target": [
            {
              "equivalence": "equivalent",
              "code": "Basic",
              "display": "Basic",
              "dependsOn": [
                {
                  "property": "Computable-ANTLR",
                  "value": "IF PV1-43 VALUED"
                }
              ]
            }
          ]
        },
        {
          "code": "ADT_A06.PV1",
          "extension": [
            {
              "url": "http://hl7.org/fhir/uv/v2mappings/StructureDefinition/TypeInfo",
              "extension": [
                {
                  "url": "cardinalityMin",
                  "valueInteger": 1
                },
                {
                  "url": "cardinalityMax",
                  "valueInteger": 1
                }
              ]
            }
          ],
          "display": "Patient Visit",
          "target": [
            {
              "equivalence": "equivalent",
              "code": "Patient[1]",
              "display": "Patient[1]"
            }
          ]
        },
        {
          "code": "ADT_A06.PV1",
          "extension": [
            {
              "url": "http://hl7.org/fhir/uv/v2mappings/StructureDefinition/TypeInfo",
              "extension": [
                {
                  "url": "cardinalityMin",
                  "valueInteger": 1
                },
                {
                  "url": "cardinalityMax",
                  "valueInteger": 1
                }
              ]
            }
          ],
          "display": "Patient Visit",
          "target": [
            {
              "equivalence": "equivalent",
              "code": "Coverage[1]",
              "display": "Coverage[1]",
              "dependsOn": [
                {
                  "property": "Computable-ANTLR",
                  "value": "IF PV1-20 VALUE"
                }
              ]
            }
          ]
        },
        {
          "code": "ADT_A06.PV2",
          "extension": [
            {
              "url": "http://hl7.org/fhir/uv/v2mappings/StructureDefinition/TypeInfo",
              "extension": [
                {
                  "url": "cardinalityMin",
                  "valueInteger": 0
                },
                {
                  "url": "cardinalityMax",
                  "valueInteger": 1
                }
              ]
            }
          ],
          "display": "Patient Visit - Additional Info.",
          "target": [
            {
              "equivalence": "equivalent",
              "code": "Encounter[1]",
              "display": "Encounter[1]",
              "comment": "Incorporate PV2 content into the Encounter created from the PV1 segment."
            }
          ]
        },
        {
          "code": "ADT_A06:follow:PV1.ROL",
          "extension": [
            {
              "url": "http://hl7.org/fhir/uv/v2mappings/StructureDefinition/TypeInfo",
              "extension": [
                {
                  "url": "cardinalityMin",
                  "valueInteger": 0
                },
                {
                  "url": "cardinalityMax",
                  "valueInteger": -1
                }
              ]
            }
          ],
          "display": "Role",
          "target": [
            {
              "equivalence": "equivalent",
              "code": "Encounter[1]",
              "display": "Encounter[1]"
            }
          ]
        },
        {
          "code": "ADT_A06.OBSERVATION.OBX",
          "extension": [
            {
              "url": "http://hl7.org/fhir/uv/v2mappings/StructureDefinition/TypeInfo",
              "extension": [
                {
                  "url": "cardinalityMin",
                  "valueInteger": 1
                },
                {
                  "url": "cardinalityMax",
                  "valueInteger": 1
                }
              ]
            }
          ],
          "display": "Observation/Result",
          "target": [
            {
              "equivalence": "equivalent",
              "code": "Observation[3]",
              "display": "Observation[3]",
              "comment": "One cannot determine whether this observation made during the PV1/PV2 communicated above, or from a prior visit/stay. It is therefore up to the implementer whether to populate Observation.encounter.reference with the Encounter[1].id or not.  Only when the ADT message involves an event before the encounter occurs, e.g., the intiial registration, it is clear that the observation is NOT associated with Encounter[1].",
              "dependsOn": [
                {
                  "property": "Computable-ANTLR",
                  "value": "IF OBX-5 LST.count LESS THAN OR EQUALS 1 OR OBX-2 IS \"NA\""
                }
              ]
            }
          ]
        },
        {
          "code": "ADT_A06.OBSERVATION.OBX",
          "extension": [
            {
              "url": "http://hl7.org/fhir/uv/v2mappings/StructureDefinition/TypeInfo",
              "extension": [
                {
                  "url": "cardinalityMin",
                  "valueInteger": 1
                },
                {
                  "url": "cardinalityMax",
                  "valueInteger": 1
                }
              ]
            }
          ],
          "display": "Observation/Result",
          "target": [
            {
              "equivalence": "equivalent",
              "code": "Observation[3]",
              "display": "Observation[3]",
              "comment": "One cannot determine whether this observation made during the PV1/PV2 communicated above, or from a prior visit/stay. It is therefore up to the implementer whether to populate Observation.encounter.reference with the Encounter[1].id or not.  Only when the ADT message involves an event before the encounter occurs, e.g., the intiial registration, it is clear that the observation is NOT associated with Encounter[1].",
              "dependsOn": [
                {
                  "property": "Computable-ANTLR",
                  "value": "IF  OBX-5 LST.count GREATER THAN 1 AND OBX-2 IS NOT \"NA\""
                }
              ]
            }
          ]
        },
        {
          "code": "ADT_A06.AL1",
          "extension": [
            {
              "url": "http://hl7.org/fhir/uv/v2mappings/StructureDefinition/TypeInfo",
              "extension": [
                {
                  "url": "cardinalityMin",
                  "valueInteger": 0
                },
                {
                  "url": "cardinalityMax",
                  "valueInteger": -1
                }
              ]
            }
          ],
          "display": "Allergy Information",
          "target": [
            {
              "equivalence": "equivalent",
              "code": "AllergyIntolerance",
              "display": "AllergyIntolerance",
              "comment": "Processing of the AL1 segment results in the creation of a new AllergyIntolerance resource"
            }
          ]
        },
        {
          "code": "ADT_A06.DG1",
          "extension": [
            {
              "url": "http://hl7.org/fhir/uv/v2mappings/StructureDefinition/TypeInfo",
              "extension": [
                {
                  "url": "cardinalityMin",
                  "valueInteger": 0
                },
                {
                  "url": "cardinalityMax",
                  "valueInteger": -1
                }
              ]
            }
          ],
          "display": "Diagnosis Information",
          "target": [
            {
              "equivalence": "equivalent",
              "code": "Condition[1]",
              "display": "Condition[1]",
              "comment": "Processing of the DG1 segment results in the creation of a new Condition resource",
              "dependsOn": [
                {
                  "property": "Narrative-Condition",
                  "value": "If in context of the patient"
                }
              ]
            }
          ]
        },
        {
          "code": "ADT_A06.DG1",
          "extension": [
            {
              "url": "http://hl7.org/fhir/uv/v2mappings/StructureDefinition/TypeInfo",
              "extension": [
                {
                  "url": "cardinalityMin",
                  "valueInteger": 0
                },
                {
                  "url": "cardinalityMax",
                  "valueInteger": -1
                }
              ]
            }
          ],
          "display": "Diagnosis Information",
          "target": [
            {
              "equivalence": "equivalent",
              "code": "Encounter[1]",
              "display": "Encounter[1]",
              "dependsOn": [
                {
                  "property": "Narrative-Condition",
                  "value": "If in context of an encounter"
                }
              ]
            }
          ]
        },
        {
          "code": "ADT_A06.DG1",
          "extension": [
            {
              "url": "http://hl7.org/fhir/uv/v2mappings/StructureDefinition/TypeInfo",
              "extension": [
                {
                  "url": "cardinalityMin",
                  "valueInteger": 0
                },
                {
                  "url": "cardinalityMax",
                  "valueInteger": -1
                }
              ]
            }
          ],
          "display": "Diagnosis Information",
          "target": [
            {
              "equivalence": "equivalent",
              "code": "EpisodeOfCare[1]",
              "display": "EpisodeOfCare[1]",
              "dependsOn": [
                {
                  "property": "Narrative-Condition",
                  "value": "If in context of a episode of care"
                }
              ]
            }
          ]
        },
        {
          "code": "ADT_A06.PROCEDURE.PR1",
          "extension": [
            {
              "url": "http://hl7.org/fhir/uv/v2mappings/StructureDefinition/TypeInfo",
              "extension": [
                {
                  "url": "cardinalityMin",
                  "valueInteger": 1
                },
                {
                  "url": "cardinalityMax",
                  "valueInteger": 1
                }
              ]
            }
          ],
          "display": "Procedures",
          "target": [
            {
              "equivalence": "equivalent",
              "code": "Procedure",
              "display": "Procedure"
            }
          ]
        },
        {
          "code": "ADT_A06.INSURANCE.IN1",
          "extension": [
            {
              "url": "http://hl7.org/fhir/uv/v2mappings/StructureDefinition/TypeInfo",
              "extension": [
                {
                  "url": "cardinalityMin",
                  "valueInteger": 1
                },
                {
                  "url": "cardinalityMax",
                  "valueInteger": 1
                }
              ]
            }
          ],
          "display": "Insurance",
          "target": [
            {
              "equivalence": "equivalent",
              "code": "Coverage[1]",
              "display": "Coverage[1]",
              "comment": "Processing of the IN1 segment results in the creation of a new Coverage resource"
            }
          ]
        },
        {
          "code": "ADT_A06.INSURANCE.IN3",
          "extension": [
            {
              "url": "http://hl7.org/fhir/uv/v2mappings/StructureDefinition/TypeInfo",
              "extension": [
                {
                  "url": "cardinalityMin",
                  "valueInteger": 0
                },
                {
                  "url": "cardinalityMax",
                  "valueInteger": -1
                }
              ]
            }
          ],
          "display": "Insurance Additional Info - Cert.",
          "target": [
            {
              "equivalence": "equivalent",
              "code": "CareTeam[1].participant[2]",
              "display": "CareTeam[1].participant[2]",
              "comment": "Incorporate IN3 content into the Coverage created from the IN1 segment."
            }
          ]
        }
      ]
    }
  ]
}
