{
  "resourceType": "ConceptMap",
  "id": "table-hl70062-to-v3-actreason",
  "url": "http://hl7.org/fhir/uv/v2mappings/ConceptMap/table-hl70062-to-v3-actreason",
  "title": "Table HL70062 to V3 ActReason Map",
  "description": "This ConceptMap represents a mapping from the HL7 V2 Table HL70062 to the FHIR V3 ActReason Value Set.",
  "name": "TableHL70062ToV3ActReason",
  "sourceUri": "http://terminology.hl7.org/ValueSet/v2-0062",
  "version": "1.0",
  "status": "active",
  "experimental": true,
  "publisher": "HL7 International, Inc",
  "contact": [
    {
      "telecom": [
        {
          "system": "email",
          "value": "v2-to-fhir@lists.hl7.org"
        }
      ]
    }
  ],
  "date": "2025-08-23",
  "copyright": "Copyright (c) 2025, HL7 International, Inc., All Rights Reserved.",
  "extension": [
    {
      "url": "http://hl7.org/fhir/uv/v2mappings/StructureDefinition/RelatedArtifact",
      "extension": [
        {
          "url": "type",
          "valueCode": "derived-from"
        },
        {
          "url": "label",
          "valueString": "Table HL70062 to V3 ActReason.fsh"
        },
        {
          "url": "url",
          "valueUri": "https://docs.google.com/spreadsheets/d/15frIhGeIKMZUXJ2DEsM7clJCSFWrYjCug5M5p_z4qOo/edit#gid=0"
        }
      ]
    }
  ],
  "group": [
    {
      "source": "http://terminology.hl7.org/CodeSystem/v2-0062",
      "target": "http://terminology.hl7.org/CodeSystem/v3-ActReason",
      "element": [
        {
          "code": "01",
          "display": "Patient request",
          "target": [
            {
              "equivalence": "equivalent",
              "code": "PATRQT",
              "display": "patient requested"
            }
          ]
        },
        {
          "code": "02",
          "display": "Physician/health practitioner order",
          "target": [
            {
              "equivalence": "equivalent",
              "code": "TREAT",
              "display": "treatment"
            }
          ]
        },
        {
          "code": "03",
          "display": "Census management",
          "target": [
            {
              "equivalence": "equivalent",
              "code": "HOPERAT",
              "display": "healthcare operations"
            }
          ]
        }
      ]
    },
    {
      "source": "http://terminology.hl7.org/CodeSystem/v2-0062",
      "target": "http://terminology.hl7.org/CodeSystem/v2-0062",
      "element": [
        {
          "code": "O",
          "display": "Other",
          "target": [
            {
              "equivalence": "equivalent",
              "code": "O",
              "display": "Other"
            }
          ]
        },
        {
          "code": "U",
          "display": "Unknown",
          "target": [
            {
              "equivalence": "equivalent",
              "code": "U",
              "display": "Unknown"
            }
          ]
        }
      ]
    }
  ]
}
