{
  "resourceType": "ConceptMap",
  "id": "table-hl70074-to-v2-0074",
  "url": "http://hl7.org/fhir/uv/v2mappings/ConceptMap/table-hl70074-to-v2-0074",
  "title": "Table HL70074 to V2 0074 Map",
  "description": "This ConceptMap represents a mapping from the HL7 V2 Table HL70074 to the FHIR V2 0074 Value Set.",
  "name": "TableHL70074ToV20074",
  "sourceUri": "http://terminology.hl7.org/ValueSet/v2-0074",
  "targetUri": "http://terminology.hl7.org/ValueSet/v2-0074",
  "version": "1.0",
  "status": "active",
  "experimental": true,
  "publisher": "HL7 International, Inc",
  "contact": [
    {
      "telecom": [
        {
          "system": "email",
          "value": "v2-to-fhir@lists.hl7.org"
        }
      ]
    }
  ],
  "date": "2025-08-23",
  "copyright": "Copyright (c) 2025, HL7 International, Inc., All Rights Reserved.",
  "extension": [
    {
      "url": "http://hl7.org/fhir/uv/v2mappings/StructureDefinition/RelatedArtifact",
      "extension": [
        {
          "url": "type",
          "valueCode": "derived-from"
        },
        {
          "url": "label",
          "valueString": "Table HL70074 to V2 0074.fsh"
        },
        {
          "url": "url",
          "valueUri": "https://docs.google.com/spreadsheets/d/190IK3DXu5_bpGgesA5ZZ_YxN009gyutbuT5yztzB3BI/edit#gid=0"
        }
      ]
    }
  ],
  "group": [
    {
      "source": "http://terminology.hl7.org/CodeSystem/v2-0074",
      "target": "http://terminology.hl7.org/CodeSystem/v2-0074",
      "element": [
        {
          "code": "AU",
          "display": "Audiology",
          "target": [
            {
              "equivalence": "equivalent",
              "code": "AU",
              "display": "Audiology"
            }
          ]
        },
        {
          "code": "BG",
          "display": "Blood Gases",
          "target": [
            {
              "equivalence": "equivalent",
              "code": "BG",
              "display": "Blood Gases"
            }
          ]
        },
        {
          "code": "BLB",
          "display": "Blood Bank",
          "target": [
            {
              "equivalence": "equivalent",
              "code": "BLB",
              "display": "Blood Bank"
            }
          ]
        },
        {
          "code": "CG",
          "display": "Cytogenetics",
          "target": [
            {
              "equivalence": "equivalent",
              "code": "CG",
              "display": "Cytogenetics"
            }
          ]
        },
        {
          "code": "CUS",
          "display": "Cardiac Ultrasound",
          "target": [
            {
              "equivalence": "equivalent",
              "code": "CUS",
              "display": "Cardiac Ultrasound"
            }
          ]
        },
        {
          "code": "CTH",
          "display": "Cardiac Catheterization",
          "target": [
            {
              "equivalence": "equivalent",
              "code": "CTH",
              "display": "Cardiac Catheterization"
            }
          ]
        },
        {
          "code": "CT",
          "display": "CAT Scan",
          "target": [
            {
              "equivalence": "equivalent",
              "code": "CT",
              "display": "CAT Scan"
            }
          ]
        },
        {
          "code": "CH",
          "display": "Chemistry",
          "target": [
            {
              "equivalence": "equivalent",
              "code": "CH",
              "display": "Chemistry"
            }
          ]
        },
        {
          "code": "CP",
          "display": "Cytopathology",
          "target": [
            {
              "equivalence": "equivalent",
              "code": "CP",
              "display": "Cytopathology"
            }
          ]
        },
        {
          "code": "EC",
          "display": "Electrocardiac (e.g., EKG, EEC, Holter)",
          "target": [
            {
              "equivalence": "equivalent",
              "code": "EC",
              "display": "Electrocardiac (e.g., EKG, EEC, Holter)"
            }
          ]
        },
        {
          "code": "EN",
          "display": "Electroneuro (EEG, EMG,EP,PSG)",
          "target": [
            {
              "equivalence": "equivalent",
              "code": "EN",
              "display": "Electroneuro (EEG, EMG,EP,PSG)"
            }
          ]
        },
        {
          "code": "GE",
          "display": "Genetics",
          "target": [
            {
              "equivalence": "equivalent",
              "code": "GE",
              "display": "Genetics"
            }
          ]
        },
        {
          "code": "HM",
          "display": "Hematology",
          "target": [
            {
              "equivalence": "equivalent",
              "code": "HM",
              "display": "Hematology"
            }
          ]
        },
        {
          "code": "ICU",
          "display": "Bedside ICU Monitoring",
          "target": [
            {
              "equivalence": "equivalent",
              "code": "ICU",
              "display": "Bedside ICU Monitoring"
            }
          ]
        },
        {
          "code": "IMM",
          "display": "Immunology",
          "target": [
            {
              "equivalence": "equivalent",
              "code": "IMM",
              "display": "Immunology"
            }
          ]
        },
        {
          "code": "LAB",
          "display": "Laboratory",
          "target": [
            {
              "equivalence": "equivalent",
              "code": "LAB",
              "display": "Laboratory"
            }
          ]
        },
        {
          "code": "MB",
          "display": "Microbiology",
          "target": [
            {
              "equivalence": "equivalent",
              "code": "MB",
              "display": "Microbiology"
            }
          ]
        },
        {
          "code": "MCB",
          "display": "Mycobacteriology",
          "target": [
            {
              "equivalence": "equivalent",
              "code": "MCB",
              "display": "Mycobacteriology"
            }
          ]
        },
        {
          "code": "MYC",
          "display": "Mycology",
          "target": [
            {
              "equivalence": "equivalent",
              "code": "MYC",
              "display": "Mycology"
            }
          ]
        },
        {
          "code": "NMS",
          "display": "Nuclear Medicine Scan",
          "target": [
            {
              "equivalence": "equivalent",
              "code": "NMS",
              "display": "Nuclear Medicine Scan"
            }
          ]
        },
        {
          "code": "NMR",
          "display": "Nuclear Magnetic Resonance",
          "target": [
            {
              "equivalence": "equivalent",
              "code": "NMR",
              "display": "Nuclear Magnetic Resonance"
            }
          ]
        },
        {
          "code": "NRS",
          "display": "Nursing Service Measures",
          "target": [
            {
              "equivalence": "equivalent",
              "code": "NRS",
              "display": "Nursing Service Measures"
            }
          ]
        },
        {
          "code": "OUS",
          "display": "OB Ultrasound",
          "target": [
            {
              "equivalence": "equivalent",
              "code": "OUS",
              "display": "OB Ultrasound"
            }
          ]
        },
        {
          "code": "OT",
          "display": "Occupational Therapy",
          "target": [
            {
              "equivalence": "equivalent",
              "code": "OT",
              "display": "Occupational Therapy"
            }
          ]
        },
        {
          "code": "OTH",
          "display": "Other",
          "target": [
            {
              "equivalence": "equivalent",
              "code": "OTH",
              "display": "Other"
            }
          ]
        },
        {
          "code": "OSL",
          "display": "Outside Lab",
          "target": [
            {
              "equivalence": "equivalent",
              "code": "OSL",
              "display": "Outside Lab"
            }
          ]
        },
        {
          "code": "PHR",
          "display": "Pharmacy",
          "target": [
            {
              "equivalence": "equivalent",
              "code": "PHR",
              "display": "Pharmacy"
            }
          ]
        },
        {
          "code": "PT",
          "display": "Physical Therapy",
          "target": [
            {
              "equivalence": "equivalent",
              "code": "PT",
              "display": "Physical Therapy"
            }
          ]
        },
        {
          "code": "PHY",
          "display": "Physician (Hx. Dx, admission note, etc.)",
          "target": [
            {
              "equivalence": "equivalent",
              "code": "PHY",
              "display": "Physician (Hx. Dx, admission note, etc.)"
            }
          ]
        },
        {
          "code": "PF",
          "display": "Pulmonary Function",
          "target": [
            {
              "equivalence": "equivalent",
              "code": "PF",
              "display": "Pulmonary Function"
            }
          ]
        },
        {
          "code": "RAD",
          "display": "Radiology",
          "target": [
            {
              "equivalence": "equivalent",
              "code": "RAD",
              "display": "Radiology"
            }
          ]
        },
        {
          "code": "RX",
          "display": "Radiograph",
          "target": [
            {
              "equivalence": "equivalent",
              "code": "RX",
              "display": "Radiograph"
            }
          ]
        },
        {
          "code": "RUS",
          "display": "Radiology Ultrasound",
          "target": [
            {
              "equivalence": "equivalent",
              "code": "RUS",
              "display": "Radiology Ultrasound"
            }
          ]
        },
        {
          "code": "RC",
          "display": "Respiratory Care (therapy)",
          "target": [
            {
              "equivalence": "equivalent",
              "code": "RC",
              "display": "Respiratory Care (therapy)"
            }
          ]
        },
        {
          "code": "RT",
          "display": "Radiation Therapy",
          "target": [
            {
              "equivalence": "equivalent",
              "code": "RT",
              "display": "Radiation Therapy"
            }
          ]
        },
        {
          "code": "SR",
          "display": "Serology",
          "target": [
            {
              "equivalence": "equivalent",
              "code": "SR",
              "display": "Serology"
            }
          ]
        },
        {
          "code": "SP",
          "display": "Surgical Pathology",
          "target": [
            {
              "equivalence": "equivalent",
              "code": "SP",
              "display": "Surgical Pathology"
            }
          ]
        },
        {
          "code": "TX",
          "display": "Toxicology",
          "target": [
            {
              "equivalence": "equivalent",
              "code": "TX",
              "display": "Toxicology"
            }
          ]
        },
        {
          "code": "VUS",
          "display": "Vascular Ultrasound",
          "target": [
            {
              "equivalence": "equivalent",
              "code": "VUS",
              "display": "Vascular Ultrasound"
            }
          ]
        },
        {
          "code": "VR",
          "display": "Virology",
          "target": [
            {
              "equivalence": "equivalent",
              "code": "VR",
              "display": "Virology"
            }
          ]
        },
        {
          "code": "XRC",
          "display": "Cineradiograph",
          "target": [
            {
              "equivalence": "equivalent",
              "code": "XRC",
              "display": "Cineradiograph"
            }
          ]
        }
      ]
    }
  ]
}
