{
  "resourceType": "ConceptMap",
  "id": "table-hl70162-to-v2-0162",
  "url": "http://hl7.org/fhir/uv/v2mappings/ConceptMap/table-hl70162-to-v2-0162",
  "title": "Table HL70162 to V2 0162 Map",
  "description": "This ConceptMap represents a mapping from the HL7 V2 Table HL70162 to the FHIR V2 0162 Value Set.",
  "name": "TableHL70162ToV20162",
  "sourceUri": "http://terminology.hl7.org/ValueSet/v2-0162",
  "version": "1.0",
  "status": "active",
  "experimental": true,
  "publisher": "HL7 International, Inc",
  "contact": [
    {
      "telecom": [
        {
          "system": "email",
          "value": "v2-to-fhir@lists.hl7.org"
        }
      ]
    }
  ],
  "date": "2025-08-23",
  "copyright": "Copyright (c) 2025, HL7 International, Inc., All Rights Reserved.",
  "extension": [
    {
      "url": "http://hl7.org/fhir/uv/v2mappings/StructureDefinition/RelatedArtifact",
      "extension": [
        {
          "url": "type",
          "valueCode": "derived-from"
        },
        {
          "url": "label",
          "valueString": "Table HL70162 to V2 0162.fsh"
        },
        {
          "url": "url",
          "valueUri": "https://docs.google.com/spreadsheets/d/1JlVL70OZfA5iSB-i4oLScSBH31scFuyI0Abs_88nmzc/edit#gid=0"
        }
      ]
    }
  ],
  "group": [
    {
      "source": "http://terminology.hl7.org/CodeSystem/v2-0162",
      "target": "http://terminology.hl7.org/CodeSystem/v2-0162",
      "element": [
        {
          "code": "AP",
          "display": "Apply Externally",
          "target": [
            {
              "equivalence": "equivalent",
              "code": "AP",
              "display": "Apply Externally"
            }
          ]
        },
        {
          "code": "B",
          "display": "Buccal",
          "target": [
            {
              "equivalence": "equivalent",
              "code": "B",
              "display": "Buccal"
            }
          ]
        },
        {
          "code": "DT",
          "display": "Dental",
          "target": [
            {
              "equivalence": "equivalent",
              "code": "DT",
              "display": "Dental"
            }
          ]
        },
        {
          "code": "EP",
          "display": "Epidural",
          "target": [
            {
              "equivalence": "equivalent",
              "code": "EP",
              "display": "Epidural"
            }
          ]
        },
        {
          "code": "ET",
          "display": "Endotrachial Tube",
          "target": [
            {
              "equivalence": "equivalent",
              "code": "ET",
              "display": "Endotrachial Tube"
            }
          ]
        },
        {
          "code": "GTT",
          "display": "Gastrostomy Tube",
          "target": [
            {
              "equivalence": "equivalent",
              "code": "GTT",
              "display": "Gastrostomy Tube"
            }
          ]
        },
        {
          "code": "GU",
          "display": "GU Irrigant",
          "target": [
            {
              "equivalence": "equivalent",
              "code": "GU",
              "display": "GU Irrigant"
            }
          ]
        },
        {
          "code": "IMR",
          "display": "Immerse (Soak) Body Part",
          "target": [
            {
              "equivalence": "equivalent",
              "code": "IMR",
              "display": "Immerse (Soak) Body Part"
            }
          ]
        },
        {
          "code": "IA",
          "display": "Intra-arterial",
          "target": [
            {
              "equivalence": "equivalent",
              "code": "IA",
              "display": "Intra-arterial"
            }
          ]
        },
        {
          "code": "IB",
          "display": "Intrabursal",
          "target": [
            {
              "equivalence": "equivalent",
              "code": "IB",
              "display": "Intrabursal"
            }
          ]
        },
        {
          "code": "IC",
          "display": "Intracardiac",
          "target": [
            {
              "equivalence": "equivalent",
              "code": "IC",
              "display": "Intracardiac"
            }
          ]
        },
        {
          "code": "ICV",
          "display": "Intracervical (uterus)",
          "target": [
            {
              "equivalence": "equivalent",
              "code": "ICV",
              "display": "Intracervical (uterus)"
            }
          ]
        },
        {
          "code": "IH",
          "display": "Inhalation",
          "target": [
            {
              "equivalence": "equivalent",
              "code": "IH",
              "display": "Inhalation"
            }
          ]
        },
        {
          "code": "IHA",
          "display": "Intrahepatic Artery",
          "target": [
            {
              "equivalence": "equivalent",
              "code": "IHA",
              "display": "Intrahepatic Artery"
            }
          ]
        },
        {
          "code": "IN",
          "display": "Intranasal",
          "target": [
            {
              "equivalence": "equivalent",
              "code": "IN",
              "display": "Intranasal"
            }
          ]
        },
        {
          "code": "IO",
          "display": "Intraocular",
          "target": [
            {
              "equivalence": "equivalent",
              "code": "IO",
              "display": "Intraocular"
            }
          ]
        },
        {
          "code": "IP",
          "display": "Intraperitoneal",
          "target": [
            {
              "equivalence": "equivalent",
              "code": "IP",
              "display": "Intraperitoneal"
            }
          ]
        },
        {
          "code": "IS",
          "display": "Intrasynovial",
          "target": [
            {
              "equivalence": "equivalent",
              "code": "IS",
              "display": "Intrasynovial"
            }
          ]
        },
        {
          "code": "IT",
          "display": "Intrathecal",
          "target": [
            {
              "equivalence": "equivalent",
              "code": "IT",
              "display": "Intrathecal"
            }
          ]
        },
        {
          "code": "IU",
          "display": "Intrauterine",
          "target": [
            {
              "equivalence": "equivalent",
              "code": "IU",
              "display": "Intrauterine"
            }
          ]
        },
        {
          "code": "MTH",
          "display": "Mouth/Throat",
          "target": [
            {
              "equivalence": "equivalent",
              "code": "MTH",
              "display": "Mouth/Throat"
            }
          ]
        },
        {
          "code": "MM",
          "display": "Mucous Membrane",
          "target": [
            {
              "equivalence": "equivalent",
              "code": "MM",
              "display": "Mucous Membrane"
            }
          ]
        },
        {
          "code": "NS",
          "display": "Nasal",
          "target": [
            {
              "equivalence": "equivalent",
              "code": "NS",
              "display": "Nasal"
            }
          ]
        },
        {
          "code": "NG",
          "display": "Nasogastric",
          "target": [
            {
              "equivalence": "equivalent",
              "code": "NG",
              "display": "Nasogastric"
            }
          ]
        },
        {
          "code": "NP",
          "display": "Nasal Prongs",
          "target": [
            {
              "equivalence": "equivalent",
              "code": "NP",
              "display": "Nasal Prongs"
            }
          ]
        },
        {
          "code": "NT",
          "display": "Nasotrachial Tube",
          "target": [
            {
              "equivalence": "equivalent",
              "code": "NT",
              "display": "Nasotrachial Tube"
            }
          ]
        },
        {
          "code": "OP",
          "display": "Ophthalmic",
          "target": [
            {
              "equivalence": "equivalent",
              "code": "OP",
              "display": "Ophthalmic"
            }
          ]
        },
        {
          "code": "OT",
          "display": "Otic",
          "target": [
            {
              "equivalence": "equivalent",
              "code": "OT",
              "display": "Otic"
            }
          ]
        },
        {
          "code": "OTH",
          "display": "Other/Miscellaneous",
          "target": [
            {
              "equivalence": "equivalent",
              "code": "OTH",
              "display": "Other/Miscellaneous"
            }
          ]
        },
        {
          "code": "PF",
          "display": "Perfusion",
          "target": [
            {
              "equivalence": "equivalent",
              "code": "PF",
              "display": "Perfusion"
            }
          ]
        },
        {
          "code": "PR",
          "display": "Rectal",
          "target": [
            {
              "equivalence": "equivalent",
              "code": "PR",
              "display": "Rectal"
            }
          ]
        },
        {
          "code": "RM",
          "display": "Rebreather Mask",
          "target": [
            {
              "equivalence": "equivalent",
              "code": "RM",
              "display": "Rebreather Mask"
            }
          ]
        },
        {
          "code": "SD",
          "display": "Soaked Dressing",
          "target": [
            {
              "equivalence": "equivalent",
              "code": "SD",
              "display": "Soaked Dressing"
            }
          ]
        },
        {
          "code": "SL",
          "display": "Sublingual",
          "target": [
            {
              "equivalence": "equivalent",
              "code": "SL",
              "display": "Sublingual"
            }
          ]
        },
        {
          "code": "TP",
          "display": "Topical",
          "target": [
            {
              "equivalence": "equivalent",
              "code": "TP",
              "display": "Topical"
            }
          ]
        },
        {
          "code": "TRA",
          "display": "Tracheostomy",
          "target": [
            {
              "equivalence": "equivalent",
              "code": "TRA",
              "display": "Tracheostomy"
            }
          ]
        },
        {
          "code": "TL",
          "display": "Translingual",
          "target": [
            {
              "equivalence": "equivalent",
              "code": "TL",
              "display": "Translingual"
            }
          ]
        },
        {
          "code": "UR",
          "display": "Urethral",
          "target": [
            {
              "equivalence": "equivalent",
              "code": "UR",
              "display": "Urethral"
            }
          ]
        },
        {
          "code": "VG",
          "display": "Vaginal",
          "target": [
            {
              "equivalence": "equivalent",
              "code": "VG",
              "display": "Vaginal"
            }
          ]
        },
        {
          "code": "VM",
          "display": "Ventimask",
          "target": [
            {
              "equivalence": "equivalent",
              "code": "VM",
              "display": "Ventimask"
            }
          ]
        },
        {
          "code": "WND",
          "display": "Wound",
          "target": [
            {
              "equivalence": "equivalent",
              "code": "WND",
              "display": "Wound"
            }
          ]
        }
      ]
    },
    {
      "source": "http://terminology.hl7.org/CodeSystem/v2-0162",
      "target": "http://terminology.hl7.org/CodeSystem/v3-RouteOfAdministration",
      "element": [
        {
          "code": "ID",
          "display": "Intradermal",
          "target": [
            {
              "equivalence": "equivalent",
              "code": "IDINJ",
              "display": "Injection, intradermal"
            }
          ]
        },
        {
          "code": "IM",
          "display": "Intramuscular",
          "target": [
            {
              "equivalence": "equivalent",
              "code": "IM",
              "display": "Injection, intramuscular"
            }
          ]
        },
        {
          "code": "IV",
          "display": "Intravenous",
          "target": [
            {
              "equivalence": "equivalent",
              "code": "IVINJ",
              "display": "Injection, intravenous"
            }
          ]
        },
        {
          "code": "PO",
          "display": "Oral",
          "target": [
            {
              "equivalence": "equivalent",
              "code": "PO",
              "display": "Swallow, oral"
            }
          ]
        },
        {
          "code": "SC",
          "display": "Subcutaneous",
          "target": [
            {
              "equivalence": "equivalent",
              "code": "SQ",
              "display": "Injection, subcutaneous"
            }
          ]
        },
        {
          "code": "TD",
          "display": "Transdermal",
          "target": [
            {
              "equivalence": "equivalent",
              "code": "TRNSDERM",
              "display": "Transdermal"
            }
          ]
        }
      ]
    }
  ]
}
