{
  "resourceType": "ConceptMap",
  "id": "table-hl70432-to-v2-0432",
  "url": "http://hl7.org/fhir/uv/v2mappings/ConceptMap/table-hl70432-to-v2-0432",
  "title": "Table HL70432 to V2 0432 Map",
  "description": "This ConceptMap represents a mapping from the HL7 V2 Table HL70432 to the FHIR V2 0432 Value Set.",
  "name": "TableHL70432ToV20432",
  "sourceUri": "http://terminology.hl7.org/ValueSet/v2-0432",
  "targetUri": "http://terminology.hl7.org/ValueSet/v2-0432",
  "version": "1.0",
  "status": "active",
  "experimental": true,
  "publisher": "HL7 International, Inc",
  "contact": [
    {
      "telecom": [
        {
          "system": "email",
          "value": "v2-to-fhir@lists.hl7.org"
        }
      ]
    }
  ],
  "date": "2025-08-23",
  "copyright": "Copyright (c) 2025, HL7 International, Inc., All Rights Reserved.",
  "extension": [
    {
      "url": "http://hl7.org/fhir/uv/v2mappings/StructureDefinition/RelatedArtifact",
      "extension": [
        {
          "url": "type",
          "valueCode": "derived-from"
        },
        {
          "url": "label",
          "valueString": "Table HL70432 to V2 0432.fsh"
        },
        {
          "url": "url",
          "valueUri": "https://docs.google.com/spreadsheets/d/1Va5F4KJWOsdZ02fAh_LpIR_FBhHn99uJnNqxGoaFcnc/edit#gid=0"
        }
      ]
    }
  ],
  "group": [
    {
      "source": "http://terminology.hl7.org/CodeSystem/v2-0432",
      "target": "http://terminology.hl7.org/CodeSystem/v2-0432",
      "element": [
        {
          "code": "AC",
          "display": "Acute",
          "target": [
            {
              "equivalence": "equivalent",
              "code": "AC",
              "display": "Acute"
            }
          ]
        },
        {
          "code": "CH",
          "display": "Chronic",
          "target": [
            {
              "equivalence": "equivalent",
              "code": "CH",
              "display": "Chronic"
            }
          ]
        },
        {
          "code": "CO",
          "display": "Comatose",
          "target": [
            {
              "equivalence": "equivalent",
              "code": "CO",
              "display": "Comatose"
            }
          ]
        },
        {
          "code": "CR",
          "display": "Critical",
          "target": [
            {
              "equivalence": "equivalent",
              "code": "CR",
              "display": "Critical"
            }
          ]
        },
        {
          "code": "IM",
          "display": "Improved",
          "target": [
            {
              "equivalence": "equivalent",
              "code": "IM",
              "display": "Improved"
            }
          ]
        },
        {
          "code": "MO",
          "display": "Moribund",
          "target": [
            {
              "equivalence": "equivalent",
              "code": "MO",
              "display": "Moribund"
            }
          ]
        }
      ]
    }
  ]
}
