{
  "resourceType": "ConceptMap",
  "id": "datatype-cwe-durationunit-to-timing",
  "url": "http://hl7.org/fhir/uv/v2mappings/ConceptMap/datatype-cwe-durationunit-to-timing",
  "title": "Datatype CWE [DurationUnit] to Timing Map",
  "description": "This ConceptMap represents a mapping from the HL7 V2 Datatype CWE to the FHIR Timing Data Type.",
  "name": "DatatypeCWEDurationUnitToTiming",
  "version": "1.0",
  "status": "active",
  "experimental": true,
  "publisher": "HL7 International, Inc",
  "contact": [
    {
      "telecom": [
        {
          "system": "email",
          "value": "v2-to-fhir@lists.hl7.org"
        }
      ]
    }
  ],
  "date": "2025-08-23",
  "copyright": "Copyright (c) 2025, HL7 International, Inc., All Rights Reserved.",
  "extension": [
    {
      "url": "http://hl7.org/fhir/uv/v2mappings/StructureDefinition/RelatedArtifact",
      "extension": [
        {
          "url": "type",
          "valueCode": "derived-from"
        },
        {
          "url": "label",
          "valueString": "Datatype CWE[DurationUnit] to Timing.fsh"
        },
        {
          "url": "url",
          "valueUri": "https://docs.google.com/spreadsheets/d/1peXd1bfzbP54t4Ns267PTNjDR1wX1HqF28C6o5P_-LY/edit#gid=0"
        }
      ]
    }
  ],
  "group": [
    {
      "element": [
        {
          "code": "CWE.1",
          "extension": [
            {
              "url": "http://hl7.org/fhir/uv/v2mappings/StructureDefinition/TypeInfo",
              "extension": [
                {
                  "url": "type",
                  "valueCode": "ST"
                },
                {
                  "url": "cardinalityMin",
                  "valueInteger": 0
                },
                {
                  "url": "cardinalityMax",
                  "valueInteger": 1
                }
              ]
            }
          ],
          "display": "Identifier",
          "target": [
            {
              "equivalence": "equivalent",
              "code": "repeat.durationUnit",
              "extension": [
                {
                  "url": "http://hl7.org/fhir/uv/v2mappings/StructureDefinition/TypeInfo",
                  "extension": [
                    {
                      "url": "type",
                      "valueCode": "code"
                    },
                    {
                      "url": "cardinalityMin",
                      "valueInteger": 1
                    },
                    {
                      "url": "cardinalityMax",
                      "valueInteger": 1
                    },
                    {
                      "url": "mappedVia",
                      "valueUrl": "unspecified_mapping"
                    }
                  ]
                }
              ],
              "display": "repeat.durationUnit",
              "comment": "The durationUnit is limited to a required set of UCUM units"
            }
          ]
        }
      ]
    }
  ]
}
