{
  "resourceType": "ConceptMap",
  "id": "segment-al1-to-allergyintolerance",
  "url": "http://hl7.org/fhir/uv/v2mappings/ConceptMap/segment-al1-to-allergyintolerance",
  "title": "Segment AL1 to AllergyIntolerance Map",
  "description": "This ConceptMap represents a mapping from the HL7 V2 Segment AL1 to the FHIR AllergyIntolerance Resource.",
  "name": "SegmentAL1ToAllergyIntolerance",
  "version": "1.0",
  "status": "active",
  "experimental": true,
  "publisher": "HL7 International, Inc",
  "contact": [
    {
      "telecom": [
        {
          "system": "email",
          "value": "v2-to-fhir@lists.hl7.org"
        }
      ]
    }
  ],
  "date": "2025-08-23",
  "copyright": "Copyright (c) 2025, HL7 International, Inc., All Rights Reserved.",
  "extension": [
    {
      "url": "http://hl7.org/fhir/uv/v2mappings/StructureDefinition/RelatedArtifact",
      "extension": [
        {
          "url": "type",
          "valueCode": "derived-from"
        },
        {
          "url": "label",
          "valueString": "Segment AL1 to AllergyIntolerance.fsh"
        },
        {
          "url": "url",
          "valueUri": "https://docs.google.com/spreadsheets/d/10aUgY2Kw3sYlbaw-QHykWri8J3Fb3J_Xc7DvCY_nzyE/edit?usp=sharing"
        }
      ]
    }
  ],
  "group": [
    {
      "element": [
        {
          "code": "AL1",
          "target": [
            {
              "equivalence": "equivalent",
              "code": "clinicalStatus.coding.code",
              "extension": [
                {
                  "url": "http://hl7.org/fhir/uv/v2mappings/StructureDefinition/TypeInfo",
                  "extension": [
                    {
                      "url": "type",
                      "valueCode": "code"
                    },
                    {
                      "url": "cardinalityMin",
                      "valueInteger": 0
                    },
                    {
                      "url": "cardinalityMax",
                      "valueInteger": 1
                    },
                    {
                      "url": "assignment",
                      "valueString": "\"active\""
                    }
                  ]
                }
              ],
              "display": "clinicalStatus.coding.code",
              "comment": "While .clinicalStatus is not required, constraint ait-1 (AllergyIntolerance.clinicalStatus SHALL be present if verificationStatus is not entered-in-error.) does necessitate populating this element in the map as it's not possible to infer a verificationStatus of \"entered-in-error\" based on the data in AL1."
            }
          ]
        },
        {
          "code": "AL1",
          "target": [
            {
              "equivalence": "equivalent",
              "code": "clinicalStatus.coding.system",
              "extension": [
                {
                  "url": "http://hl7.org/fhir/uv/v2mappings/StructureDefinition/TypeInfo",
                  "extension": [
                    {
                      "url": "type",
                      "valueCode": "uri"
                    },
                    {
                      "url": "cardinalityMin",
                      "valueInteger": 0
                    },
                    {
                      "url": "cardinalityMax",
                      "valueInteger": 1
                    },
                    {
                      "url": "assignment",
                      "valueString": "\"http://terminology.hl7.org/CodeSystem/allergyintolerance-clinical\""
                    }
                  ]
                }
              ],
              "display": "clinicalStatus.coding.system"
            }
          ]
        },
        {
          "code": "AL1-2",
          "extension": [
            {
              "url": "http://hl7.org/fhir/uv/v2mappings/StructureDefinition/TypeInfo",
              "extension": [
                {
                  "url": "type",
                  "valueCode": "CWE"
                },
                {
                  "url": "cardinalityMin",
                  "valueInteger": 1
                },
                {
                  "url": "cardinalityMax",
                  "valueInteger": 1
                }
              ]
            }
          ],
          "display": "Allergen Type Code",
          "target": [
            {
              "equivalence": "equivalent",
              "code": "category",
              "extension": [
                {
                  "url": "http://hl7.org/fhir/uv/v2mappings/StructureDefinition/TypeInfo",
                  "extension": [
                    {
                      "url": "type",
                      "valueCode": "code"
                    },
                    {
                      "url": "cardinalityMin",
                      "valueInteger": 0
                    },
                    {
                      "url": "cardinalityMax",
                      "valueInteger": -1
                    },
                    {
                      "url": "mappedVia",
                      "valueUrl": "ConceptMap/table-hl70127-to-allergy-intolerance-category"
                    }
                  ]
                }
              ],
              "display": "category",
              "comment": "The FHIR table has a \"required\" binding. Do we need to expand the values in the FHIR table?\n\nCould other be used for:\nMiscellaneous allergy\nMiscellaneous contraindication\nAnimal Allergy\n\nHL70127 is a user defined table\\"
            }
          ]
        },
        {
          "code": "AL1-2",
          "extension": [
            {
              "url": "http://hl7.org/fhir/uv/v2mappings/StructureDefinition/TypeInfo",
              "extension": [
                {
                  "url": "type",
                  "valueCode": "CWE"
                },
                {
                  "url": "cardinalityMin",
                  "valueInteger": 1
                },
                {
                  "url": "cardinalityMax",
                  "valueInteger": 1
                }
              ]
            }
          ],
          "display": "Allergen Type Code",
          "target": [
            {
              "equivalence": "equivalent",
              "code": "category.extension[1].url",
              "extension": [
                {
                  "url": "http://hl7.org/fhir/uv/v2mappings/StructureDefinition/TypeInfo",
                  "extension": [
                    {
                      "url": "type",
                      "valueCode": "uri"
                    },
                    {
                      "url": "cardinalityMin",
                      "valueInteger": 1
                    },
                    {
                      "url": "cardinalityMax",
                      "valueInteger": 1
                    },
                    {
                      "url": "assignment",
                      "valueString": "\"http://hl7.org/fhir/StructureDefinition/alternate-codes\""
                    }
                  ]
                }
              ],
              "display": "category.extension[1].url"
            }
          ]
        },
        {
          "code": "AL1-2",
          "extension": [
            {
              "url": "http://hl7.org/fhir/uv/v2mappings/StructureDefinition/TypeInfo",
              "extension": [
                {
                  "url": "type",
                  "valueCode": "CWE"
                },
                {
                  "url": "cardinalityMin",
                  "valueInteger": 1
                },
                {
                  "url": "cardinalityMax",
                  "valueInteger": 1
                }
              ]
            }
          ],
          "display": "Allergen Type Code",
          "target": [
            {
              "equivalence": "equivalent",
              "code": "category.extension[1].valueCodeableConcept",
              "extension": [
                {
                  "url": "http://hl7.org/fhir/uv/v2mappings/StructureDefinition/TypeInfo",
                  "extension": [
                    {
                      "url": "type",
                      "valueCode": "CodeableConcept"
                    },
                    {
                      "url": "cardinalityMin",
                      "valueInteger": 1
                    },
                    {
                      "url": "cardinalityMax",
                      "valueInteger": 1
                    },
                    {
                      "url": "mappedVia",
                      "valueUrl": "ConceptMap/table-hl70127-to-v2-0127"
                    }
                  ]
                }
              ],
              "display": "category.extension[1].valueCodeableConcept"
            }
          ]
        },
        {
          "code": "AL1-2",
          "extension": [
            {
              "url": "http://hl7.org/fhir/uv/v2mappings/StructureDefinition/TypeInfo",
              "extension": [
                {
                  "url": "type",
                  "valueCode": "CWE"
                },
                {
                  "url": "cardinalityMin",
                  "valueInteger": 1
                },
                {
                  "url": "cardinalityMax",
                  "valueInteger": 1
                }
              ]
            }
          ],
          "display": "Allergen Type Code",
          "target": [
            {
              "equivalence": "equivalent",
              "code": "type",
              "extension": [
                {
                  "url": "http://hl7.org/fhir/uv/v2mappings/StructureDefinition/TypeInfo",
                  "extension": [
                    {
                      "url": "type",
                      "valueCode": "code"
                    },
                    {
                      "url": "cardinalityMin",
                      "valueInteger": 0
                    },
                    {
                      "url": "cardinalityMax",
                      "valueInteger": 1
                    },
                    {
                      "url": "mappedVia",
                      "valueUrl": "ConceptMap/table-hl70127-to-allergy-intolerance-type"
                    }
                  ]
                }
              ],
              "display": "type"
            }
          ]
        },
        {
          "code": "AL1-3",
          "extension": [
            {
              "url": "http://hl7.org/fhir/uv/v2mappings/StructureDefinition/TypeInfo",
              "extension": [
                {
                  "url": "type",
                  "valueCode": "CWE"
                },
                {
                  "url": "cardinalityMin",
                  "valueInteger": 1
                },
                {
                  "url": "cardinalityMax",
                  "valueInteger": 1
                }
              ]
            }
          ],
          "display": "Allergen Code/Mnemonic/Description",
          "target": [
            {
              "equivalence": "equivalent",
              "code": "code",
              "extension": [
                {
                  "url": "http://hl7.org/fhir/uv/v2mappings/StructureDefinition/TypeInfo",
                  "extension": [
                    {
                      "url": "type",
                      "valueCode": "CodeableConcept"
                    },
                    {
                      "url": "cardinalityMin",
                      "valueInteger": 0
                    },
                    {
                      "url": "cardinalityMax",
                      "valueInteger": 1
                    }
                  ]
                }
              ],
              "display": "code"
            }
          ]
        },
        {
          "code": "AL1-4",
          "extension": [
            {
              "url": "http://hl7.org/fhir/uv/v2mappings/StructureDefinition/TypeInfo",
              "extension": [
                {
                  "url": "type",
                  "valueCode": "CWE"
                },
                {
                  "url": "cardinalityMin",
                  "valueInteger": 1
                },
                {
                  "url": "cardinalityMax",
                  "valueInteger": 1
                }
              ]
            }
          ],
          "display": "Allergy Severity Code",
          "target": [
            {
              "equivalence": "equivalent",
              "code": "criticality",
              "extension": [
                {
                  "url": "http://hl7.org/fhir/uv/v2mappings/StructureDefinition/TypeInfo",
                  "extension": [
                    {
                      "url": "type",
                      "valueCode": "code"
                    },
                    {
                      "url": "cardinalityMin",
                      "valueInteger": 0
                    },
                    {
                      "url": "cardinalityMax",
                      "valueInteger": 1
                    },
                    {
                      "url": "mappedVia",
                      "valueUrl": "ConceptMap/table-hl70128-to-allergy-intolerance-criticality"
                    }
                  ]
                }
              ],
              "display": "criticality",
              "comment": "Note that AllergyIntolerance.reaction.severity is available in FHIR but from a base standard perspective that is actually not the most appropriate and would require that AL1-6 is valued as well.  However, a local implementation may have used vocabulary that better fits AllergyIntolerance.reaction.severity and should then consider that instead as a local variation.  Note that the .reaction though is at a particular time, while .criticality is an overall assement that matches HL7 v2 generally better.",
              "dependsOn": [
                {
                  "property": "Narrative-Condition",
                  "value": "If severity was used equivalent to criticality"
                }
              ]
            }
          ]
        },
        {
          "code": "AL1-4",
          "extension": [
            {
              "url": "http://hl7.org/fhir/uv/v2mappings/StructureDefinition/TypeInfo",
              "extension": [
                {
                  "url": "type",
                  "valueCode": "CWE"
                },
                {
                  "url": "cardinalityMin",
                  "valueInteger": 1
                },
                {
                  "url": "cardinalityMax",
                  "valueInteger": 1
                }
              ]
            }
          ],
          "display": "Allergy Severity Code",
          "target": [
            {
              "equivalence": "equivalent",
              "code": "criticality.extension[1].url",
              "extension": [
                {
                  "url": "http://hl7.org/fhir/uv/v2mappings/StructureDefinition/TypeInfo",
                  "extension": [
                    {
                      "url": "type",
                      "valueCode": "uri"
                    },
                    {
                      "url": "cardinalityMin",
                      "valueInteger": 1
                    },
                    {
                      "url": "cardinalityMax",
                      "valueInteger": 1
                    },
                    {
                      "url": "assignment",
                      "valueString": "\"http://hl7.org/fhir/StructureDefinition/alternate-codes\""
                    }
                  ]
                }
              ],
              "display": "criticality.extension[1].url",
              "dependsOn": [
                {
                  "property": "Narrative-Condition",
                  "value": "If severity was used equivalent to criticality"
                }
              ]
            }
          ]
        },
        {
          "code": "AL1-4",
          "extension": [
            {
              "url": "http://hl7.org/fhir/uv/v2mappings/StructureDefinition/TypeInfo",
              "extension": [
                {
                  "url": "type",
                  "valueCode": "CWE"
                },
                {
                  "url": "cardinalityMin",
                  "valueInteger": 1
                },
                {
                  "url": "cardinalityMax",
                  "valueInteger": 1
                }
              ]
            }
          ],
          "display": "Allergy Severity Code",
          "target": [
            {
              "equivalence": "equivalent",
              "code": "criticality.extension[1].valueCodeableConcept",
              "extension": [
                {
                  "url": "http://hl7.org/fhir/uv/v2mappings/StructureDefinition/TypeInfo",
                  "extension": [
                    {
                      "url": "type",
                      "valueCode": "CodeableConcept"
                    },
                    {
                      "url": "cardinalityMin",
                      "valueInteger": 1
                    },
                    {
                      "url": "cardinalityMax",
                      "valueInteger": 1
                    },
                    {
                      "url": "mappedVia",
                      "valueUrl": "ConceptMap/table-hl70128-original-to-v2-0128"
                    }
                  ]
                }
              ],
              "display": "criticality.extension[1].valueCodeableConcept",
              "dependsOn": [
                {
                  "property": "Narrative-Condition",
                  "value": "If severity was used equivalent to criticality"
                }
              ]
            }
          ]
        },
        {
          "code": "AL1-4",
          "extension": [
            {
              "url": "http://hl7.org/fhir/uv/v2mappings/StructureDefinition/TypeInfo",
              "extension": [
                {
                  "url": "type",
                  "valueCode": "CWE"
                },
                {
                  "url": "cardinalityMin",
                  "valueInteger": 1
                },
                {
                  "url": "cardinalityMax",
                  "valueInteger": 1
                }
              ]
            }
          ],
          "display": "Allergy Severity Code",
          "target": [
            {
              "equivalence": "equivalent",
              "code": "reaction.severity",
              "extension": [
                {
                  "url": "http://hl7.org/fhir/uv/v2mappings/StructureDefinition/TypeInfo",
                  "extension": [
                    {
                      "url": "type",
                      "valueCode": "code"
                    },
                    {
                      "url": "cardinalityMin",
                      "valueInteger": 0
                    },
                    {
                      "url": "cardinalityMax",
                      "valueInteger": 1
                    },
                    {
                      "url": "mappedVia",
                      "valueUrl": "ConceptMap/table-hl70128-to-reaction-event-severity"
                    }
                  ]
                }
              ],
              "display": "reaction.severity",
              "dependsOn": [
                {
                  "property": "Narrative-Condition",
                  "value": "If severity was not used equivalent to criticality"
                }
              ]
            }
          ]
        },
        {
          "code": "AL1-5",
          "extension": [
            {
              "url": "http://hl7.org/fhir/uv/v2mappings/StructureDefinition/TypeInfo",
              "extension": [
                {
                  "url": "type",
                  "valueCode": "ST"
                },
                {
                  "url": "cardinalityMin",
                  "valueInteger": -1
                },
                {
                  "url": "cardinalityMax",
                  "valueInteger": -1
                }
              ]
            }
          ],
          "display": "Allergy Reaction Code",
          "target": [
            {
              "equivalence": "equivalent",
              "code": "reaction.manifestation.text",
              "extension": [
                {
                  "url": "http://hl7.org/fhir/uv/v2mappings/StructureDefinition/TypeInfo",
                  "extension": [
                    {
                      "url": "type",
                      "valueCode": "CodeableConcept"
                    },
                    {
                      "url": "cardinalityMin",
                      "valueInteger": 0
                    },
                    {
                      "url": "cardinalityMax",
                      "valueInteger": 1
                    }
                  ]
                }
              ],
              "display": "reaction.manifestation.text",
              "comment": "AllergyIntolerance.reaction can repeat, presumably to capture both multiple manifestations of the reaction (rash and nausea) as well as reactions to independent exposures (last week and last month) - we may want to confirm this understanding.\\"
            }
          ]
        },
        {
          "code": "AL1-6",
          "extension": [
            {
              "url": "http://hl7.org/fhir/uv/v2mappings/StructureDefinition/TypeInfo",
              "extension": [
                {
                  "url": "type",
                  "valueCode": "DT"
                },
                {
                  "url": "cardinalityMin",
                  "valueInteger": 1
                },
                {
                  "url": "cardinalityMax",
                  "valueInteger": 1
                }
              ]
            }
          ],
          "display": "Identification Date",
          "target": [
            {
              "equivalence": "equivalent",
              "code": "onsetDateTime",
              "extension": [
                {
                  "url": "http://hl7.org/fhir/uv/v2mappings/StructureDefinition/TypeInfo",
                  "extension": [
                    {
                      "url": "type",
                      "valueCode": "dateTime"
                    },
                    {
                      "url": "cardinalityMin",
                      "valueInteger": 0
                    },
                    {
                      "url": "cardinalityMax",
                      "valueInteger": 1
                    }
                  ]
                }
              ],
              "display": "onsetDateTime",
              "comment": "Withdrawn as of 2.7, Refer to IAM-11 Onset or IAM-13 Reported Date"
            }
          ]
        }
      ]
    }
  ]
}
