{
  "resourceType": "ConceptMap",
  "id": "segment-obx-to-documentreference",
  "url": "http://hl7.org/fhir/uv/v2mappings/ConceptMap/segment-obx-to-documentreference",
  "title": "Segment OBX to DocumentReference Map",
  "description": "This ConceptMap represents a mapping from the HL7 V2 Segment OBX to the FHIR DocumentReference Resource.",
  "name": "SegmentOBXToDocumentReference",
  "version": "1.0",
  "status": "active",
  "experimental": true,
  "publisher": "HL7 International, Inc",
  "contact": [
    {
      "telecom": [
        {
          "system": "email",
          "value": "v2-to-fhir@lists.hl7.org"
        }
      ]
    }
  ],
  "date": "2025-08-23",
  "copyright": "Copyright (c) 2025, HL7 International, Inc., All Rights Reserved.",
  "extension": [
    {
      "url": "http://hl7.org/fhir/uv/v2mappings/StructureDefinition/RelatedArtifact",
      "extension": [
        {
          "url": "type",
          "valueCode": "derived-from"
        },
        {
          "url": "label",
          "valueString": "Segment OBX to DocumentReference.fsh"
        },
        {
          "url": "url",
          "valueUri": "https://docs.google.com/spreadsheets/d/1CqIMtAqzUDiqaBOdyoJ76jPrHCRAVQTlKFxaf1JF07Q/edit#gid=0"
        }
      ]
    }
  ],
  "group": [
    {
      "element": [
        {
          "code": "OBX-5",
          "extension": [
            {
              "url": "http://hl7.org/fhir/uv/v2mappings/StructureDefinition/TypeInfo",
              "extension": [
                {
                  "url": "type",
                  "valueCode": "varies"
                },
                {
                  "url": "cardinalityMin",
                  "valueInteger": -1
                },
                {
                  "url": "cardinalityMax",
                  "valueInteger": -1
                }
              ]
            }
          ],
          "display": "Observation Value",
          "target": [
            {
              "equivalence": "equivalent",
              "code": "content[1].attachment",
              "extension": [
                {
                  "url": "http://hl7.org/fhir/uv/v2mappings/StructureDefinition/TypeInfo",
                  "extension": [
                    {
                      "url": "type",
                      "valueCode": "Attachment"
                    }
                  ]
                }
              ],
              "display": "content[1].attachment",
              "comment": "When OBX-5 repeats, each repeat yields a new .content instance.",
              "dependsOn": [
                {
                  "property": "Computable-ANTLR",
                  "value": "IF OBX-2=\"ED\""
                }
              ]
            }
          ]
        },
        {
          "code": "OBX-5",
          "extension": [
            {
              "url": "http://hl7.org/fhir/uv/v2mappings/StructureDefinition/TypeInfo",
              "extension": [
                {
                  "url": "type",
                  "valueCode": "varies"
                },
                {
                  "url": "cardinalityMin",
                  "valueInteger": -1
                },
                {
                  "url": "cardinalityMax",
                  "valueInteger": -1
                }
              ]
            }
          ],
          "display": "Observation Value",
          "target": [
            {
              "equivalence": "equivalent",
              "code": "content[2].data",
              "extension": [
                {
                  "url": "http://hl7.org/fhir/uv/v2mappings/StructureDefinition/TypeInfo",
                  "extension": [
                    {
                      "url": "type",
                      "valueCode": "binary64"
                    }
                  ]
                }
              ],
              "display": "content[2].data",
              "comment": "When OBX-5 repeats, each repeat yields a line feed within .content[2].data",
              "dependsOn": [
                {
                  "property": "Computable-ANTLR",
                  "value": "IF OBX-2=\"FT\""
                }
              ]
            }
          ]
        },
        {
          "code": "OBX-5",
          "extension": [
            {
              "url": "http://hl7.org/fhir/uv/v2mappings/StructureDefinition/TypeInfo",
              "extension": [
                {
                  "url": "type",
                  "valueCode": "varies"
                },
                {
                  "url": "cardinalityMin",
                  "valueInteger": -1
                },
                {
                  "url": "cardinalityMax",
                  "valueInteger": -1
                }
              ]
            }
          ],
          "display": "Observation Value",
          "target": [
            {
              "equivalence": "equivalent",
              "code": "content[2].contentType",
              "extension": [
                {
                  "url": "http://hl7.org/fhir/uv/v2mappings/StructureDefinition/TypeInfo",
                  "extension": [
                    {
                      "url": "type",
                      "valueCode": "code"
                    },
                    {
                      "url": "assignment",
                      "valueString": "\"text/hl7v2\""
                    }
                  ]
                }
              ],
              "display": "content[2].contentType",
              "dependsOn": [
                {
                  "property": "Computable-ANTLR",
                  "value": "IF OBX-2=\"FT\""
                }
              ]
            }
          ]
        },
        {
          "code": "OBX-5",
          "extension": [
            {
              "url": "http://hl7.org/fhir/uv/v2mappings/StructureDefinition/TypeInfo",
              "extension": [
                {
                  "url": "type",
                  "valueCode": "varies"
                },
                {
                  "url": "cardinalityMin",
                  "valueInteger": -1
                },
                {
                  "url": "cardinalityMax",
                  "valueInteger": -1
                }
              ]
            }
          ],
          "display": "Observation Value",
          "target": [
            {
              "equivalence": "equivalent",
              "code": "content[3].url",
              "extension": [
                {
                  "url": "http://hl7.org/fhir/uv/v2mappings/StructureDefinition/TypeInfo",
                  "extension": [
                    {
                      "url": "type",
                      "valueCode": "uri"
                    }
                  ]
                }
              ],
              "display": "content[3].url",
              "comment": "When OBX-5 repeats, each repeat yields a new .content instance.",
              "dependsOn": [
                {
                  "property": "Computable-ANTLR",
                  "value": "IF OBX-2=\"RP\""
                }
              ]
            }
          ]
        },
        {
          "code": "OBX-5",
          "extension": [
            {
              "url": "http://hl7.org/fhir/uv/v2mappings/StructureDefinition/TypeInfo",
              "extension": [
                {
                  "url": "type",
                  "valueCode": "varies"
                },
                {
                  "url": "cardinalityMin",
                  "valueInteger": -1
                },
                {
                  "url": "cardinalityMax",
                  "valueInteger": -1
                }
              ]
            }
          ],
          "display": "Observation Value",
          "target": [
            {
              "equivalence": "equivalent",
              "code": "content[4].data",
              "extension": [
                {
                  "url": "http://hl7.org/fhir/uv/v2mappings/StructureDefinition/TypeInfo",
                  "extension": [
                    {
                      "url": "type",
                      "valueCode": "binary64"
                    }
                  ]
                }
              ],
              "display": "content[4].data",
              "comment": "When OBX-5 repeats, each repeat yields a line feed within .content[4].data",
              "dependsOn": [
                {
                  "property": "Computable-ANTLR",
                  "value": "IF OBX-2=\"TX\""
                }
              ]
            }
          ]
        },
        {
          "code": "OBX-5",
          "extension": [
            {
              "url": "http://hl7.org/fhir/uv/v2mappings/StructureDefinition/TypeInfo",
              "extension": [
                {
                  "url": "type",
                  "valueCode": "varies"
                },
                {
                  "url": "cardinalityMin",
                  "valueInteger": -1
                },
                {
                  "url": "cardinalityMax",
                  "valueInteger": -1
                }
              ]
            }
          ],
          "display": "Observation Value",
          "target": [
            {
              "equivalence": "equivalent",
              "code": "content[4].contentType",
              "extension": [
                {
                  "url": "http://hl7.org/fhir/uv/v2mappings/StructureDefinition/TypeInfo",
                  "extension": [
                    {
                      "url": "type",
                      "valueCode": "code"
                    },
                    {
                      "url": "assignment",
                      "valueString": "\"application/text\""
                    }
                  ]
                }
              ],
              "display": "content[4].contentType",
              "dependsOn": [
                {
                  "property": "Computable-ANTLR",
                  "value": "IF OBX-2=\"TX\""
                }
              ]
            }
          ]
        }
      ]
    }
  ]
}
