{
  "resourceType": "ConceptMap",
  "id": "table-hl70485-to-request-priority",
  "url": "http://hl7.org/fhir/uv/v2mappings/ConceptMap/table-hl70485-to-request-priority",
  "title": "Table HL70485 to Request Priority Map",
  "description": "This ConceptMap represents a mapping from the HL7 V2 Table HL70485 to the FHIR Request Priority Value Set.",
  "name": "TableHL70485ToRequestPriority",
  "sourceUri": "http://terminology.hl7.org/ValueSet/v2-0485",
  "version": "1.0",
  "status": "active",
  "experimental": true,
  "publisher": "HL7 International, Inc",
  "contact": [
    {
      "telecom": [
        {
          "system": "email",
          "value": "v2-to-fhir@lists.hl7.org"
        }
      ]
    }
  ],
  "date": "2025-08-23",
  "copyright": "Copyright (c) 2025, HL7 International, Inc., All Rights Reserved.",
  "extension": [
    {
      "url": "http://hl7.org/fhir/uv/v2mappings/StructureDefinition/RelatedArtifact",
      "extension": [
        {
          "url": "type",
          "valueCode": "derived-from"
        },
        {
          "url": "label",
          "valueString": "Table HL70485 to Request Priority.fsh"
        },
        {
          "url": "url",
          "valueUri": "https://docs.google.com/spreadsheets/d/1fGyQTjdnP2McZispMSnCjbNoCkcPvw9F4tLIw-5AXJU/edit#gid=0"
        }
      ]
    }
  ],
  "group": [
    {
      "source": "http://terminology.hl7.org/CodeSystem/v2-0485",
      "target": "http://hl7.org/fhir/request-priority",
      "element": [
        {
          "code": "S",
          "display": "Stat",
          "target": [
            {
              "equivalence": "equivalent",
              "code": "stat",
              "display": "STAT"
            }
          ]
        },
        {
          "code": "A",
          "display": "ASAP",
          "target": [
            {
              "equivalence": "equivalent",
              "code": "asap",
              "display": "ASAP"
            }
          ]
        },
        {
          "code": "R",
          "display": "Routine",
          "target": [
            {
              "equivalence": "equivalent",
              "code": "routine",
              "display": "Routine"
            }
          ]
        }
      ]
    },
    {
      "source": "http://terminology.hl7.org/CodeSystem/v2-0485",
      "element": [
        {
          "code": "P",
          "display": "Preop",
          "target": [
            {
              "equivalence": "unmatched"
            }
          ]
        },
        {
          "code": "C",
          "display": "Callback",
          "target": [
            {
              "equivalence": "unmatched"
            }
          ]
        },
        {
          "code": "T",
          "display": "Timing critical",
          "target": [
            {
              "equivalence": "unmatched"
            }
          ]
        },
        {
          "code": "TS<integer>",
          "display": "Timing critical within <integer> seconds.",
          "target": [
            {
              "equivalence": "unmatched"
            }
          ]
        },
        {
          "code": "TM<integer>",
          "display": "Timing critical within <integer> minutes.",
          "target": [
            {
              "equivalence": "unmatched"
            }
          ]
        },
        {
          "code": "TH<integer>",
          "display": "Timing critical within <integer> hours.",
          "target": [
            {
              "equivalence": "unmatched"
            }
          ]
        },
        {
          "code": "TD<integer>",
          "display": "Timing critical within <integer> days.",
          "target": [
            {
              "equivalence": "unmatched"
            }
          ]
        },
        {
          "code": "TW<integer>",
          "display": "Timing critical within <integer> weeks.",
          "target": [
            {
              "equivalence": "unmatched"
            }
          ]
        },
        {
          "code": "TL<integer>",
          "display": "Timing critical within <integer> months.",
          "target": [
            {
              "equivalence": "unmatched"
            }
          ]
        },
        {
          "code": "PRN",
          "display": "As needed",
          "target": [
            {
              "equivalence": "unmatched"
            }
          ]
        }
      ]
    }
  ]
}
