{
  "resourceType": "ImplementationGuide",
  "id": "hl7.fhir.uv.v2mappings",
  "extension": [
    {
      "url": "http://hl7.org/fhir/StructureDefinition/structuredefinition-wg",
      "valueCode": "oo"
    },
    {
      "url": "http://hl7.org/fhir/StructureDefinition/structuredefinition-fmm",
      "valueInteger": 1
    },
    {
      "url": "http://hl7.org/fhir/StructureDefinition/structuredefinition-standards-status",
      "valueCode": "trial-use"
    }
  ],
  "url": "http://hl7.org/fhir/uv/v2mappings/ImplementationGuide/hl7.fhir.uv.v2mappings",
  "version": "1.0.0",
  "name": "HL7Version2toFHIR",
  "title": "HL7 Version 2 to FHIR",
  "status": "active",
  "publisher": "HL7 International / Orders and Observations",
  "contact": [
    {
      "name": "HL7 Orders and Observations Workgroup",
      "telecom": [
        {
          "system": "url",
          "value": "http://www.hl7.org/Special/committees/orders"
        }
      ]
    }
  ],
  "description": "The HL7 V2 to FHIR Implementation Guide supports the mapping of HL7 Version 2 messages segments, datatypes and vocabulary to HL7 FHIR Release 4.0 Bundles, Resources, Data Types and Coding Systems.",
  "jurisdiction": [
    {
      "coding": [
        {
          "code": "001",
          "system": "http://unstats.un.org/unsd/methods/m49/m49.htm"
        }
      ]
    }
  ],
  "packageId": "hl7.fhir.uv.v2mappings",
  "license": "CC0-1.0",
  "fhirVersion": [
    "4.0.1"
  ],
  "definition": {
    "resource": [
      {
        "reference": {
          "reference": "ConceptMap/datatype-ce-to-codeableconcept"
        },
        "name": "Datatype CE to CodeableConcept Map",
        "description": "This ConceptMap represents a mapping from the HL7 V2 Datatype CE to the FHIR CodeableConcept Data Type.",
        "exampleBoolean": false
      },
      {
        "reference": {
          "reference": "ConceptMap/datatype-cf-to-codeableconcept"
        },
        "name": "Datatype CF to CodeableConcept Map",
        "description": "This ConceptMap represents a mapping from the HL7 V2 Datatype CF to the FHIR CodeableConcept Data Type.",
        "exampleBoolean": false
      },
      {
        "reference": {
          "reference": "ConceptMap/datatype-cne-to-codeableconcept"
        },
        "name": "Datatype CNE to CodeableConcept Map",
        "description": "This ConceptMap represents a mapping from the HL7 V2 Datatype CNE to the FHIR CodeableConcept Data Type.",
        "exampleBoolean": false
      },
      {
        "reference": {
          "reference": "ConceptMap/datatype-cnn-to-practitioner"
        },
        "name": "Datatype CNN to Practitioner Map",
        "description": "This ConceptMap represents a mapping from the HL7 V2 Datatype CNN to the FHIR Practitioner Resource.",
        "exampleBoolean": false
      },
      {
        "reference": {
          "reference": "ConceptMap/datatype-cq-to-code"
        },
        "name": "Datatype CQ to code Map",
        "description": "This ConceptMap represents a mapping from the HL7 V2 Datatype CQ to the FHIR code Data Type.",
        "exampleBoolean": false
      },
      {
        "reference": {
          "reference": "ConceptMap/datatype-cq-to-decimal"
        },
        "name": "Datatype CQ to decimal Map",
        "description": "This ConceptMap represents a mapping from the HL7 V2 Datatype CQ to the FHIR decimal Data Type.",
        "exampleBoolean": false
      },
      {
        "reference": {
          "reference": "ConceptMap/datatype-cq-to-quantity"
        },
        "name": "Datatype CQ to Quantity Map",
        "description": "This ConceptMap represents a mapping from the HL7 V2 Datatype CQ to the FHIR Quantity Data Type.",
        "exampleBoolean": false
      },
      {
        "reference": {
          "reference": "ConceptMap/datatype-cq-to-unsignedint"
        },
        "name": "Datatype CQ to unsignedInt Map",
        "description": "This ConceptMap represents a mapping from the HL7 V2 Datatype CQ to the FHIR unsignedInt Data Type.",
        "exampleBoolean": false
      },
      {
        "reference": {
          "reference": "ConceptMap/datatype-cwe-to-annotation"
        },
        "name": "Datatype CWE to Annotation Map",
        "description": "This ConceptMap represents a mapping from the HL7 V2 Datatype CWE to the FHIR Annotation Data Type.",
        "exampleBoolean": false
      },
      {
        "reference": {
          "reference": "ConceptMap/datatype-cwe-to-code"
        },
        "name": "Datatype CWE to code Map",
        "description": "This ConceptMap represents a mapping from the HL7 V2 Datatype CWE to the FHIR code Data Type.",
        "exampleBoolean": false
      },
      {
        "reference": {
          "reference": "ConceptMap/datatype-cwe-to-codeableconcept"
        },
        "name": "Datatype CWE to CodeableConcept Map",
        "description": "This ConceptMap represents a mapping from the HL7 V2 Datatype CWE to the FHIR CodeableConcept Data Type.",
        "exampleBoolean": false
      },
      {
        "reference": {
          "reference": "ConceptMap/datatype-cwe-to-coding"
        },
        "name": "Datatype CWE to Coding Map",
        "description": "This ConceptMap represents a mapping from the HL7 V2 Datatype CWE to the FHIR Coding Data Type.",
        "exampleBoolean": false
      },
      {
        "reference": {
          "reference": "ConceptMap/datatype-cwe-to-device"
        },
        "name": "Datatype CWE to Device Map",
        "description": "This ConceptMap represents a mapping from the HL7 V2 Datatype CWE to the FHIR Device Resource.",
        "exampleBoolean": false
      },
      {
        "reference": {
          "reference": "ConceptMap/datatype-cwe-to-duration"
        },
        "name": "Datatype CWE to Duration Map",
        "description": "This ConceptMap represents a mapping from the HL7 V2 Datatype CWE to the FHIR Duration Data Type.",
        "exampleBoolean": false
      },
      {
        "reference": {
          "reference": "ConceptMap/datatype-cwe-to-identifier"
        },
        "name": "Datatype CWE to Identifier Map",
        "description": "This ConceptMap represents a mapping from the HL7 V2 Datatype CWE to the FHIR Identifier Data Type.",
        "exampleBoolean": false
      },
      {
        "reference": {
          "reference": "ConceptMap/datatype-cwe-to-organization"
        },
        "name": "Datatype CWE to Organization Map",
        "description": "This ConceptMap represents a mapping from the HL7 V2 Datatype CWE to the FHIR Organization Resource.",
        "exampleBoolean": false
      },
      {
        "reference": {
          "reference": "ConceptMap/datatype-cwe-to-practitionerrole"
        },
        "name": "Datatype CWE to PractitionerRole Map",
        "description": "This ConceptMap represents a mapping from the HL7 V2 Datatype CWE to the FHIR PractitionerRole Resource.",
        "exampleBoolean": false
      },
      {
        "reference": {
          "reference": "ConceptMap/datatype-cwe-to-quantity"
        },
        "name": "Datatype CWE to Quantity Map",
        "description": "This ConceptMap represents a mapping from the HL7 V2 Datatype CWE to the FHIR Quantity Data Type.",
        "exampleBoolean": false
      },
      {
        "reference": {
          "reference": "ConceptMap/datatype-cwe-to-string"
        },
        "name": "Datatype CWE to string Map",
        "description": "This ConceptMap represents a mapping from the HL7 V2 Datatype CWE to the FHIR string Data Type.",
        "exampleBoolean": false
      },
      {
        "reference": {
          "reference": "ConceptMap/datatype-cwe-to-uri"
        },
        "name": "Datatype CWE to uri Map",
        "description": "This ConceptMap represents a mapping from the HL7 V2 Datatype CWE to the FHIR uri Data Type.",
        "exampleBoolean": false
      },
      {
        "reference": {
          "reference": "ConceptMap/datatype-cwe-durationunit-to-timing"
        },
        "name": "Datatype CWE [DurationUnit] to Timing Map",
        "description": "This ConceptMap represents a mapping from the HL7 V2 Datatype CWE to the FHIR Timing Data Type.",
        "exampleBoolean": false
      },
      {
        "reference": {
          "reference": "ConceptMap/datatype-cwe-supportinginfo-to-observation"
        },
        "name": "Datatype CWE [SupportingInfo] to Observation Map",
        "description": "This ConceptMap represents a mapping from the HL7 V2 Datatype CWE to the FHIR Observation Resource.",
        "exampleBoolean": false
      },
      {
        "reference": {
          "reference": "ConceptMap/datatype-cx-to-identifier"
        },
        "name": "Datatype CX to Identifier Map",
        "description": "This ConceptMap represents a mapping from the HL7 V2 Datatype CX to the FHIR Identifier Data Type.",
        "exampleBoolean": false
      },
      {
        "reference": {
          "reference": "ConceptMap/datatype-cx-to-string"
        },
        "name": "Datatype CX to string Map",
        "description": "This ConceptMap represents a mapping from the HL7 V2 Datatype CX to the FHIR string Data Type.",
        "exampleBoolean": false
      },
      {
        "reference": {
          "reference": "ConceptMap/datatype-cx-mother-to-relatedperson"
        },
        "name": "Datatype CX [Mother] to RelatedPerson Map",
        "description": "This ConceptMap represents a mapping from the HL7 V2 Datatype CX to the FHIR RelatedPerson Resource.",
        "exampleBoolean": false
      },
      {
        "reference": {
          "reference": "ConceptMap/datatype-dld-discharge-to-location"
        },
        "name": "Datatype DLD [Discharge] to Location Map",
        "description": "This ConceptMap represents a mapping from the HL7 V2 Datatype DLD to the FHIR Location Resource.",
        "exampleBoolean": false
      },
      {
        "reference": {
          "reference": "ConceptMap/datatype-dln-to-identifier"
        },
        "name": "Datatype DLN to Identifier Map",
        "description": "This ConceptMap represents a mapping from the HL7 V2 Datatype DLN to the FHIR Identifier Data Type.",
        "exampleBoolean": false
      },
      {
        "reference": {
          "reference": "ConceptMap/datatype-dr-to-datetime"
        },
        "name": "Datatype DR to dateTime Map",
        "description": "This ConceptMap represents a mapping from the HL7 V2 Datatype DR to the FHIR dateTime Data Type.",
        "exampleBoolean": false
      },
      {
        "reference": {
          "reference": "ConceptMap/datatype-dr-to-period"
        },
        "name": "Datatype DR to Period Map",
        "description": "This ConceptMap represents a mapping from the HL7 V2 Datatype DR to the FHIR Period Data Type.",
        "exampleBoolean": false
      },
      {
        "reference": {
          "reference": "ConceptMap/datatype-dtm-to-datetime"
        },
        "name": "Datatype DTM to dateTime Map",
        "description": "This ConceptMap represents a mapping from the HL7 V2 Datatype DTM to the FHIR dateTime Data Type.",
        "exampleBoolean": false
      },
      {
        "reference": {
          "reference": "ConceptMap/datatype-dtm-time-to-annotation"
        },
        "name": "Datatype DTM [Time] to Annotation Map",
        "description": "This ConceptMap represents a mapping from the HL7 V2 Datatype DTM to the FHIR Annotation Data Type.",
        "exampleBoolean": false
      },
      {
        "reference": {
          "reference": "ConceptMap/datatype-ed-to-attachment"
        },
        "name": "Datatype ED to Attachment Map",
        "description": "This ConceptMap represents a mapping from the HL7 V2 Datatype ED to the FHIR Attachment Data Type.",
        "exampleBoolean": false
      },
      {
        "reference": {
          "reference": "ConceptMap/datatype-ed-to-documentreference"
        },
        "name": "Datatype ED to DocumentReference Map",
        "description": "This ConceptMap represents a mapping from the HL7 V2 Datatype ED to the FHIR DocumentReference Resource.",
        "exampleBoolean": false
      },
      {
        "reference": {
          "reference": "ConceptMap/datatype-ei-to-coding"
        },
        "name": "Datatype EI to Coding Map",
        "description": "This ConceptMap represents a mapping from the HL7 V2 Datatype EI to the FHIR Coding Data Type.",
        "exampleBoolean": false
      },
      {
        "reference": {
          "reference": "ConceptMap/datatype-ei-to-condition"
        },
        "name": "Datatype EI to Condition Map",
        "description": "This ConceptMap represents a mapping from the HL7 V2 Datatype EI to the FHIR Condition Resource.",
        "exampleBoolean": false
      },
      {
        "reference": {
          "reference": "ConceptMap/datatype-ei-to-procedure"
        },
        "name": "Datatype EI to Procedure Map",
        "description": "This ConceptMap represents a mapping from the HL7 V2 Datatype EI to the FHIR Procedure Resource.",
        "exampleBoolean": false
      },
      {
        "reference": {
          "reference": "ConceptMap/datatype-ei-defaultassigner-to-identifier"
        },
        "name": "Datatype EI [DefaultAssigner] to Identifier Map",
        "description": "This ConceptMap represents a mapping from the HL7 V2 Datatype EI to the FHIR Identifier Data Type.",
        "exampleBoolean": false
      },
      {
        "reference": {
          "reference": "ConceptMap/datatype-ei-extension-to-identifier"
        },
        "name": "Datatype EI [Extension] to Identifier Map",
        "description": "This ConceptMap represents a mapping from the HL7 V2 Datatype EI to the FHIR Identifier Data Type.",
        "exampleBoolean": false
      },
      {
        "reference": {
          "reference": "ConceptMap/datatype-ei-organization-to-identifier"
        },
        "name": "Datatype EI [Organization] to Identifier Map",
        "description": "This ConceptMap represents a mapping from the HL7 V2 Datatype EI to the FHIR Identifier Data Type.",
        "exampleBoolean": false
      },
      {
        "reference": {
          "reference": "ConceptMap/datatype-ei-system-to-identifier"
        },
        "name": "Datatype EI [System] to Identifier Map",
        "description": "This ConceptMap represents a mapping from the HL7 V2 Datatype EI to the FHIR Identifier Data Type.",
        "exampleBoolean": false
      },
      {
        "reference": {
          "reference": "ConceptMap/datatype-ei-udicarrier-to-device"
        },
        "name": "Datatype EI [udiCarrier] to Device Map",
        "description": "This ConceptMap represents a mapping from the HL7 V2 Datatype EI to the FHIR Device Resource.",
        "exampleBoolean": false
      },
      {
        "reference": {
          "reference": "ConceptMap/datatype-eip-fillerassignedidentifier-to-identifier"
        },
        "name": "Datatype EIP [FillerAssignedIdentifier] to Identifier Map",
        "description": "This ConceptMap represents a mapping from the HL7 V2 Datatype EIP to the FHIR Identifier Data Type.",
        "exampleBoolean": false
      },
      {
        "reference": {
          "reference": "ConceptMap/datatype-eip-placerassignedidentifier-to-identifier"
        },
        "name": "Datatype EIP [PlacerAssignedIdentifier] to Identifier Map",
        "description": "This ConceptMap represents a mapping from the HL7 V2 Datatype EIP to the FHIR Identifier Data Type.",
        "exampleBoolean": false
      },
      {
        "reference": {
          "reference": "ConceptMap/datatype-fn-to-humanname"
        },
        "name": "Datatype FN to HumanName Map",
        "description": "This ConceptMap represents a mapping from the HL7 V2 Datatype FN to the FHIR HumanName Data Type.",
        "exampleBoolean": false
      },
      {
        "reference": {
          "reference": "ConceptMap/datatype-ft-comment-to-annotation"
        },
        "name": "Datatype FT [Comment] to Annotation Map",
        "description": "This ConceptMap represents a mapping from the HL7 V2 Datatype FT to the FHIR Annotation Data Type.",
        "exampleBoolean": false
      },
      {
        "reference": {
          "reference": "ConceptMap/datatype-hd-to-device"
        },
        "name": "Datatype HD to Device Map",
        "description": "This ConceptMap represents a mapping from the HL7 V2 Datatype HD to the FHIR Device Resource.",
        "exampleBoolean": false
      },
      {
        "reference": {
          "reference": "ConceptMap/datatype-hd-to-identifier"
        },
        "name": "Datatype HD to Identifier Map",
        "description": "This ConceptMap represents a mapping from the HL7 V2 Datatype HD to the FHIR Identifier Data Type.",
        "exampleBoolean": false
      },
      {
        "reference": {
          "reference": "ConceptMap/datatype-hd-to-location"
        },
        "name": "Datatype HD to Location Map",
        "description": "This ConceptMap represents a mapping from the HL7 V2 Datatype HD to the FHIR Location Resource.",
        "exampleBoolean": false
      },
      {
        "reference": {
          "reference": "ConceptMap/datatype-hd-to-organization"
        },
        "name": "Datatype HD to Organization Map",
        "description": "This ConceptMap represents a mapping from the HL7 V2 Datatype HD to the FHIR Organization Resource.",
        "exampleBoolean": false
      },
      {
        "reference": {
          "reference": "ConceptMap/datatype-hd-to-uri"
        },
        "name": "Datatype HD to uri Map",
        "description": "This ConceptMap represents a mapping from the HL7 V2 Datatype HD to the FHIR uri Data Type.",
        "exampleBoolean": false
      },
      {
        "reference": {
          "reference": "ConceptMap/datatype-hd-endpoint-to-messageheader-destination"
        },
        "name": "Datatype HD [endpoint] to MessageHeader.destination Map",
        "description": "This ConceptMap represents a mapping from the HL7 V2 Datatype HD to the FHIR MessageHeader.destination Data Type.",
        "exampleBoolean": false
      },
      {
        "reference": {
          "reference": "ConceptMap/datatype-hd-endpoint-to-messageheader-source"
        },
        "name": "Datatype HD [endpoint] to MessageHeader.source Map",
        "description": "This ConceptMap represents a mapping from the HL7 V2 Datatype HD to the FHIR MessageHeader.source Data Type.",
        "exampleBoolean": false
      },
      {
        "reference": {
          "reference": "ConceptMap/datatype-hd-name-to-messageheader-destination"
        },
        "name": "Datatype HD [name] to MessageHeader.destination Map",
        "description": "This ConceptMap represents a mapping from the HL7 V2 Datatype HD to the FHIR MessageHeader.destination Data Type.",
        "exampleBoolean": false
      },
      {
        "reference": {
          "reference": "ConceptMap/datatype-hd-name-to-messageheader-source"
        },
        "name": "Datatype HD [name] to MessageHeader.source Map",
        "description": "This ConceptMap represents a mapping from the HL7 V2 Datatype HD to the FHIR MessageHeader.source Data Type.",
        "exampleBoolean": false
      },
      {
        "reference": {
          "reference": "ConceptMap/datatype-id-to-boolean"
        },
        "name": "Datatype ID to boolean Map",
        "description": "This ConceptMap represents a mapping from the HL7 V2 Datatype ID to the FHIR boolean Data Type.",
        "exampleBoolean": false
      },
      {
        "reference": {
          "reference": "ConceptMap/datatype-id-to-code"
        },
        "name": "Datatype ID to code Map",
        "description": "This ConceptMap represents a mapping from the HL7 V2 Datatype ID to the FHIR code Data Type.",
        "exampleBoolean": false
      },
      {
        "reference": {
          "reference": "ConceptMap/datatype-id-to-codeableconcept"
        },
        "name": "Datatype ID to CodeableConcept Map",
        "description": "This ConceptMap represents a mapping from the HL7 V2 Datatype ID to the FHIR CodeableConcept Data Type.",
        "exampleBoolean": false
      },
      {
        "reference": {
          "reference": "ConceptMap/datatype-id-to-coding"
        },
        "name": "Datatype ID to Coding Map",
        "description": "This ConceptMap represents a mapping from the HL7 V2 Datatype ID to the FHIR Coding Data Type.",
        "exampleBoolean": false
      },
      {
        "reference": {
          "reference": "ConceptMap/datatype-id-to-string"
        },
        "name": "Datatype ID to string Map",
        "description": "This ConceptMap represents a mapping from the HL7 V2 Datatype ID to the FHIR string Data Type.",
        "exampleBoolean": false
      },
      {
        "reference": {
          "reference": "ConceptMap/datatype-id-universalid-to-codeableconcept"
        },
        "name": "Datatype ID [UniversalID] to CodeableConcept Map",
        "description": "This ConceptMap represents a mapping from the HL7 V2 Datatype ID to the FHIR CodeableConcept Data Type.",
        "exampleBoolean": false
      },
      {
        "reference": {
          "reference": "ConceptMap/datatype-is-to-code"
        },
        "name": "Datatype IS to code Map",
        "description": "This ConceptMap represents a mapping from the HL7 V2 Datatype IS to the FHIR code Data Type.",
        "exampleBoolean": false
      },
      {
        "reference": {
          "reference": "ConceptMap/datatype-is-to-codeableconcept"
        },
        "name": "Datatype IS to CodeableConcept Map",
        "description": "This ConceptMap represents a mapping from the HL7 V2 Datatype IS to the FHIR CodeableConcept Data Type.",
        "exampleBoolean": false
      },
      {
        "reference": {
          "reference": "ConceptMap/datatype-is-to-string"
        },
        "name": "Datatype IS to string Map",
        "description": "This ConceptMap represents a mapping from the HL7 V2 Datatype IS to the FHIR string Data Type.",
        "exampleBoolean": false
      },
      {
        "reference": {
          "reference": "ConceptMap/datatype-msg-to-code"
        },
        "name": "Datatype MSG to code Map",
        "description": "This ConceptMap represents a mapping from the HL7 V2 Datatype MSG to the FHIR code Data Type.",
        "exampleBoolean": false
      },
      {
        "reference": {
          "reference": "ConceptMap/datatype-msg-to-coding"
        },
        "name": "Datatype MSG to Coding Map",
        "description": "This ConceptMap represents a mapping from the HL7 V2 Datatype MSG to the FHIR Coding Data Type.",
        "exampleBoolean": false
      },
      {
        "reference": {
          "reference": "ConceptMap/datatype-msg-to-messageheader"
        },
        "name": "Datatype MSG to MessageHeader Map",
        "description": "This ConceptMap represents a mapping from the HL7 V2 Datatype MSG to the FHIR MessageHeader Resource.",
        "exampleBoolean": false
      },
      {
        "reference": {
          "reference": "ConceptMap/datatype-na-to-sampleddata"
        },
        "name": "Datatype NA to SampledData Map",
        "description": "This ConceptMap represents a mapping from the HL7 V2 Datatype NA to the FHIR SampledData Data Type.",
        "exampleBoolean": false
      },
      {
        "reference": {
          "reference": "ConceptMap/datatype-ndl-to-practitionerrole"
        },
        "name": "Datatype NDL to PractitionerRole Map",
        "description": "This ConceptMap represents a mapping from the HL7 V2 Datatype NDL to the FHIR PractitionerRole Resource.",
        "exampleBoolean": false
      },
      {
        "reference": {
          "reference": "ConceptMap/datatype-nm-to-positiveint"
        },
        "name": "Datatype NM to positiveInt Map",
        "description": "This ConceptMap represents a mapping from the HL7 V2 Datatype NM to the FHIR positiveInt Data Type.",
        "exampleBoolean": false
      },
      {
        "reference": {
          "reference": "ConceptMap/datatype-nm-to-quantity"
        },
        "name": "Datatype NM to Quantity Map",
        "description": "This ConceptMap represents a mapping from the HL7 V2 Datatype NM to the FHIR Quantity Data Type.",
        "exampleBoolean": false
      },
      {
        "reference": {
          "reference": "ConceptMap/datatype-nm-lengthofstay-to-quantity"
        },
        "name": "Datatype NM [LengthOfStay] to Quantity Map",
        "description": "This ConceptMap represents a mapping from the HL7 V2 Datatype NM to the FHIR Quantity Data Type.",
        "exampleBoolean": false
      },
      {
        "reference": {
          "reference": "ConceptMap/datatype-nr-to-range"
        },
        "name": "Datatype NR to Range Map",
        "description": "This ConceptMap represents a mapping from the HL7 V2 Datatype NR to the FHIR Range Data Type.",
        "exampleBoolean": false
      },
      {
        "reference": {
          "reference": "ConceptMap/datatype-og-subidentifier-to-extension"
        },
        "name": "Datatype OG [Subidentifier] to Extension Map",
        "description": "This ConceptMap represents a mapping from the HL7 V2 Datatype OG to the FHIR Extension Data Type.",
        "exampleBoolean": false
      },
      {
        "reference": {
          "reference": "ConceptMap/datatype-pl-to-location"
        },
        "name": "Datatype PL to Location Map",
        "description": "This ConceptMap represents a mapping from the HL7 V2 Datatype PL to the FHIR Location Resource.",
        "exampleBoolean": false
      },
      {
        "reference": {
          "reference": "ConceptMap/datatype-pln-to-identifier"
        },
        "name": "Datatype PLN to Identifier Map",
        "description": "This ConceptMap represents a mapping from the HL7 V2 Datatype PLN to the FHIR Identifier Data Type.",
        "exampleBoolean": false
      },
      {
        "reference": {
          "reference": "ConceptMap/datatype-pt-to-meta"
        },
        "name": "Datatype PT to Meta Map",
        "description": "This ConceptMap represents a mapping from the HL7 V2 Datatype PT to the FHIR Meta Data Type.",
        "exampleBoolean": false
      },
      {
        "reference": {
          "reference": "ConceptMap/datatype-ri-to-timing"
        },
        "name": "Datatype RI to Timing Map",
        "description": "This ConceptMap represents a mapping from the HL7 V2 Datatype RI to the FHIR Timing Data Type.",
        "exampleBoolean": false
      },
      {
        "reference": {
          "reference": "ConceptMap/datatype-rp-to-attachment"
        },
        "name": "Datatype RP to Attachment Map",
        "description": "This ConceptMap represents a mapping from the HL7 V2 Datatype RP to the FHIR Attachment Data Type.",
        "exampleBoolean": false
      },
      {
        "reference": {
          "reference": "ConceptMap/datatype-rp-to-documentreference"
        },
        "name": "Datatype RP to DocumentReference Map",
        "description": "This ConceptMap represents a mapping from the HL7 V2 Datatype RP to the FHIR DocumentReference Resource.",
        "exampleBoolean": false
      },
      {
        "reference": {
          "reference": "ConceptMap/datatype-rpt-to-timing"
        },
        "name": "Datatype RPT to Timing Map",
        "description": "This ConceptMap represents a mapping from the HL7 V2 Datatype RPT to the FHIR Timing Data Type.",
        "exampleBoolean": false
      },
      {
        "reference": {
          "reference": "ConceptMap/datatype-sad-to-address"
        },
        "name": "Datatype SAD to Address Map",
        "description": "This ConceptMap represents a mapping from the HL7 V2 Datatype SAD to the FHIR Address Data Type.",
        "exampleBoolean": false
      },
      {
        "reference": {
          "reference": "ConceptMap/datatype-sn-to-quantity"
        },
        "name": "Datatype SN to Quantity Map",
        "description": "This ConceptMap represents a mapping from the HL7 V2 Datatype SN to the FHIR Quantity Data Type.",
        "exampleBoolean": false
      },
      {
        "reference": {
          "reference": "ConceptMap/datatype-sn-to-range"
        },
        "name": "Datatype SN to Range Map",
        "description": "This ConceptMap represents a mapping from the HL7 V2 Datatype SN to the FHIR Range Data Type.",
        "exampleBoolean": false
      },
      {
        "reference": {
          "reference": "ConceptMap/datatype-sn-to-ratio"
        },
        "name": "Datatype SN to Ratio Map",
        "description": "This ConceptMap represents a mapping from the HL7 V2 Datatype SN to the FHIR Ratio Data Type.",
        "exampleBoolean": false
      },
      {
        "reference": {
          "reference": "ConceptMap/datatype-sps-source-to-specimen"
        },
        "name": "Datatype SPS [Source] to Specimen Map",
        "description": "This ConceptMap represents a mapping from the HL7 V2 Datatype SPS to the FHIR Specimen Resource.",
        "exampleBoolean": false
      },
      {
        "reference": {
          "reference": "ConceptMap/datatype-st-to-codeableconcept"
        },
        "name": "Datatype ST to CodeableConcept Map",
        "description": "This ConceptMap represents a mapping from the HL7 V2 Datatype ST to the FHIR CodeableConcept Data Type.",
        "exampleBoolean": false
      },
      {
        "reference": {
          "reference": "ConceptMap/datatype-st-to-identifier"
        },
        "name": "Datatype ST to Identifier Map",
        "description": "This ConceptMap represents a mapping from the HL7 V2 Datatype ST to the FHIR Identifier Data Type.",
        "exampleBoolean": false
      },
      {
        "reference": {
          "reference": "ConceptMap/datatype-tq-to-appointment"
        },
        "name": "Datatype TQ to Appointment Map",
        "description": "This ConceptMap represents a mapping from the HL7 V2 Datatype TQ to the FHIR Appointment Resource.",
        "exampleBoolean": false
      },
      {
        "reference": {
          "reference": "ConceptMap/datatype-tq-to-medicationrequest"
        },
        "name": "Datatype TQ to MedicationRequest Map",
        "description": "This ConceptMap represents a mapping from the HL7 V2 Datatype TQ to the FHIR MedicationRequest Resource.",
        "exampleBoolean": false
      },
      {
        "reference": {
          "reference": "ConceptMap/datatype-tq-to-servicerequest"
        },
        "name": "Datatype TQ to ServiceRequest Map",
        "description": "This ConceptMap represents a mapping from the HL7 V2 Datatype TQ to the FHIR ServiceRequest Resource.",
        "exampleBoolean": false
      },
      {
        "reference": {
          "reference": "ConceptMap/datatype-tq-executionperiod-to-task"
        },
        "name": "Datatype TQ [ExecutionPeriod] to Task Map",
        "description": "This ConceptMap represents a mapping from the HL7 V2 Datatype TQ to the FHIR Task Resource.",
        "exampleBoolean": false
      },
      {
        "reference": {
          "reference": "ConceptMap/datatype-tq-priority-to-task"
        },
        "name": "Datatype TQ [Priority] to Task Map",
        "description": "This ConceptMap represents a mapping from the HL7 V2 Datatype TQ to the FHIR Task Resource.",
        "exampleBoolean": false
      },
      {
        "reference": {
          "reference": "ConceptMap/datatype-ts-to-datetime"
        },
        "name": "Datatype TS to dateTime Map",
        "description": "This ConceptMap represents a mapping from the HL7 V2 Datatype TS to the FHIR dateTime Data Type.",
        "exampleBoolean": false
      },
      {
        "reference": {
          "reference": "ConceptMap/datatype-xad-to-address"
        },
        "name": "Datatype XAD to Address Map",
        "description": "This ConceptMap represents a mapping from the HL7 V2 Datatype XAD to the FHIR Address Data Type.",
        "exampleBoolean": false
      },
      {
        "reference": {
          "reference": "ConceptMap/datatype-xcn-to-patient"
        },
        "name": "Datatype XCN to Patient Map",
        "description": "This ConceptMap represents a mapping from the HL7 V2 Datatype XCN to the FHIR Patient Resource.",
        "exampleBoolean": false
      },
      {
        "reference": {
          "reference": "ConceptMap/datatype-xcn-to-practitioner"
        },
        "name": "Datatype XCN to Practitioner Map",
        "description": "This ConceptMap represents a mapping from the HL7 V2 Datatype XCN to the FHIR Practitioner Resource.",
        "exampleBoolean": false
      },
      {
        "reference": {
          "reference": "ConceptMap/datatype-xcn-to-practitionerrole"
        },
        "name": "Datatype XCN to PractitionerRole Map",
        "description": "This ConceptMap represents a mapping from the HL7 V2 Datatype XCN to the FHIR PractitionerRole Resource.",
        "exampleBoolean": false
      },
      {
        "reference": {
          "reference": "ConceptMap/datatype-xcn-to-relatedperson"
        },
        "name": "Datatype XCN to RelatedPerson Map",
        "description": "This ConceptMap represents a mapping from the HL7 V2 Datatype XCN to the FHIR RelatedPerson Resource.",
        "exampleBoolean": false
      },
      {
        "reference": {
          "reference": "ConceptMap/datatype-xcn-author-to-annotation"
        },
        "name": "Datatype XCN [Author] to Annotation Map",
        "description": "This ConceptMap represents a mapping from the HL7 V2 Datatype XCN to the FHIR Annotation Data Type.",
        "exampleBoolean": false
      },
      {
        "reference": {
          "reference": "ConceptMap/datatype-xon-to-location"
        },
        "name": "Datatype XON to Location Map",
        "description": "This ConceptMap represents a mapping from the HL7 V2 Datatype XON to the FHIR Location Resource.",
        "exampleBoolean": false
      },
      {
        "reference": {
          "reference": "ConceptMap/datatype-xon-to-organization"
        },
        "name": "Datatype XON to Organization Map",
        "description": "This ConceptMap represents a mapping from the HL7 V2 Datatype XON to the FHIR Organization Resource.",
        "exampleBoolean": false
      },
      {
        "reference": {
          "reference": "ConceptMap/datatype-xon-to-string"
        },
        "name": "Datatype XON to string Map",
        "description": "This ConceptMap represents a mapping from the HL7 V2 Datatype XON to the FHIR string Data Type.",
        "exampleBoolean": false
      },
      {
        "reference": {
          "reference": "ConceptMap/datatype-xpn-to-humanname"
        },
        "name": "Datatype XPN to HumanName Map",
        "description": "This ConceptMap represents a mapping from the HL7 V2 Datatype XPN to the FHIR HumanName Data Type.",
        "exampleBoolean": false
      },
      {
        "reference": {
          "reference": "ConceptMap/datatype-xpn-to-string"
        },
        "name": "Datatype XPN to string Map",
        "description": "This ConceptMap represents a mapping from the HL7 V2 Datatype XPN to the FHIR string Data Type.",
        "exampleBoolean": false
      },
      {
        "reference": {
          "reference": "ConceptMap/datatype-xtn-to-contactpoint"
        },
        "name": "Datatype XTN to ContactPoint Map",
        "description": "This ConceptMap represents a mapping from the HL7 V2 Datatype XTN to the FHIR ContactPoint Data Type.",
        "exampleBoolean": false
      },
      {
        "reference": {
          "reference": "ConceptMap/message-adt-a01-to-bundle"
        },
        "name": "Message ADT_A01 to Bundle Map",
        "description": "This ConceptMap represents a mapping from the HL7 V2 Message ADT_A01 to the FHIR Message Bundle.",
        "exampleBoolean": false
      },
      {
        "reference": {
          "reference": "ConceptMap/message-adt-a02-to-bundle"
        },
        "name": "Message ADT_A02 to Bundle Map",
        "description": "This ConceptMap represents a mapping from the HL7 V2 Message ADT_A02 to the FHIR Message Bundle.",
        "exampleBoolean": false
      },
      {
        "reference": {
          "reference": "ConceptMap/message-adt-a05-to-bundle"
        },
        "name": "Message ADT_A05 to Bundle Map",
        "description": "This ConceptMap represents a mapping from the HL7 V2 Message ADT_A05 to the FHIR Message Bundle.",
        "exampleBoolean": false
      },
      {
        "reference": {
          "reference": "ConceptMap/message-adt-a06-to-bundle"
        },
        "name": "Message ADT_A06 to Bundle Map",
        "description": "This ConceptMap represents a mapping from the HL7 V2 Message ADT_A06 to the FHIR Message Bundle.",
        "exampleBoolean": false
      },
      {
        "reference": {
          "reference": "ConceptMap/message-adt-a09-to-bundle"
        },
        "name": "Message ADT_A09 to Bundle Map",
        "description": "This ConceptMap represents a mapping from the HL7 V2 Message ADT_A09 to the FHIR Message Bundle.",
        "exampleBoolean": false
      },
      {
        "reference": {
          "reference": "ConceptMap/message-adt-a11-to-bundle"
        },
        "name": "Message ADT_A11 to Bundle Map",
        "description": "This ConceptMap represents a mapping from the HL7 V2 Message ADT_A11 to the FHIR Message Bundle.",
        "exampleBoolean": false
      },
      {
        "reference": {
          "reference": "ConceptMap/message-adt-a17-to-bundle"
        },
        "name": "Message ADT_A17 to Bundle Map",
        "description": "This ConceptMap represents a mapping from the HL7 V2 Message ADT_A17 to the FHIR Message Bundle.",
        "exampleBoolean": false
      },
      {
        "reference": {
          "reference": "ConceptMap/message-mdm-t02-to-bundle"
        },
        "name": "Message MDM_T02 to Bundle Map",
        "description": "This ConceptMap represents a mapping from the HL7 V2 Message MDM_T02 to the FHIR Message Bundle.",
        "exampleBoolean": false
      },
      {
        "reference": {
          "reference": "ConceptMap/message-oml-o21-to-bundle"
        },
        "name": "Message OML_O21 to Bundle Map",
        "description": "This ConceptMap represents a mapping from the HL7 V2 Message OML_O21 to the FHIR Message Bundle.",
        "exampleBoolean": false
      },
      {
        "reference": {
          "reference": "ConceptMap/message-orm-o01-to-bundle"
        },
        "name": "Message ORM_O01 to Bundle Map",
        "description": "This ConceptMap represents a mapping from the HL7 V2 Message ORM_O01 to the FHIR Message Bundle.",
        "exampleBoolean": false
      },
      {
        "reference": {
          "reference": "ConceptMap/message-oru-r01-to-bundle"
        },
        "name": "Message ORU_R01 to Bundle Map",
        "description": "This ConceptMap represents a mapping from the HL7 V2 Message ORU_R01 to the FHIR Message Bundle.",
        "exampleBoolean": false
      },
      {
        "reference": {
          "reference": "ConceptMap/message-siu-s12-to-bundle"
        },
        "name": "Message SIU_S12 to Bundle Map",
        "description": "This ConceptMap represents a mapping from the HL7 V2 Message SIU_S12 to the FHIR Message Bundle.",
        "exampleBoolean": false
      },
      {
        "reference": {
          "reference": "ConceptMap/message-vxu-v04-to-bundle"
        },
        "name": "Message VXU_V04 to Bundle Map",
        "description": "This ConceptMap represents a mapping from the HL7 V2 Message VXU_V04 to the FHIR Message Bundle.",
        "exampleBoolean": false
      },
      {
        "reference": {
          "reference": "CodeSystem/provenance-activity-type-v2-to-fhir"
        },
        "name": "Provenance Activity Type CodeSystem - V2 To FHIR",
        "description": "Provenance Activity Type codes for V2 To FHIR transformation.",
        "exampleBoolean": false
      },
      {
        "reference": {
          "reference": "StructureDefinition/RelatedArtifact"
        },
        "name": "RelatedArtifact",
        "description": "Related artifacts for a ConceptMap",
        "exampleBoolean": false
      },
      {
        "reference": {
          "reference": "ConceptMap/segment-aig-to-appointment"
        },
        "name": "Segment AIG to Appointment Map",
        "description": "This ConceptMap represents a mapping from the HL7 V2 Segment AIG to the FHIR Appointment Resource.",
        "exampleBoolean": false
      },
      {
        "reference": {
          "reference": "ConceptMap/segment-ail-to-appointment"
        },
        "name": "Segment AIL to Appointment Map",
        "description": "This ConceptMap represents a mapping from the HL7 V2 Segment AIL to the FHIR Appointment Resource.",
        "exampleBoolean": false
      },
      {
        "reference": {
          "reference": "ConceptMap/segment-aip-to-appointment"
        },
        "name": "Segment AIP to Appointment Map",
        "description": "This ConceptMap represents a mapping from the HL7 V2 Segment AIP to the FHIR Appointment Resource.",
        "exampleBoolean": false
      },
      {
        "reference": {
          "reference": "ConceptMap/segment-ais-to-appointment"
        },
        "name": "Segment AIS to Appointment Map",
        "description": "This ConceptMap represents a mapping from the HL7 V2 Segment AIS to the FHIR Appointment Resource.",
        "exampleBoolean": false
      },
      {
        "reference": {
          "reference": "ConceptMap/segment-ais-to-servicerequest"
        },
        "name": "Segment AIS to ServiceRequest Map",
        "description": "This ConceptMap represents a mapping from the HL7 V2 Segment AIS to the FHIR ServiceRequest Resource.",
        "exampleBoolean": false
      },
      {
        "reference": {
          "reference": "ConceptMap/segment-al1-to-allergyintolerance"
        },
        "name": "Segment AL1 to AllergyIntolerance Map",
        "description": "This ConceptMap represents a mapping from the HL7 V2 Segment AL1 to the FHIR AllergyIntolerance Resource.",
        "exampleBoolean": false
      },
      {
        "reference": {
          "reference": "ConceptMap/segment-dg1-to-condition"
        },
        "name": "Segment DG1 to Condition Map",
        "description": "This ConceptMap represents a mapping from the HL7 V2 Segment DG1 to the FHIR Condition Resource.",
        "exampleBoolean": false
      },
      {
        "reference": {
          "reference": "ConceptMap/segment-dg1-to-encounter"
        },
        "name": "Segment DG1 to Encounter Map",
        "description": "This ConceptMap represents a mapping from the HL7 V2 Segment DG1 to the FHIR Encounter Resource.",
        "exampleBoolean": false
      },
      {
        "reference": {
          "reference": "ConceptMap/segment-dg1-to-episodeofcare"
        },
        "name": "Segment DG1 to EpisodeOfCare Map",
        "description": "This ConceptMap represents a mapping from the HL7 V2 Segment DG1 to the FHIR EpisodeOfCare Resource.",
        "exampleBoolean": false
      },
      {
        "reference": {
          "reference": "ConceptMap/segment-evn-to-provenance"
        },
        "name": "Segment EVN to Provenance Map",
        "description": "This ConceptMap represents a mapping from the HL7 V2 Segment EVN to the FHIR Provenance Resource.",
        "exampleBoolean": false
      },
      {
        "reference": {
          "reference": "ConceptMap/segment-iam-to-allergyintolerance"
        },
        "name": "Segment IAM to AllergyIntolerance Map",
        "description": "This ConceptMap represents a mapping from the HL7 V2 Segment IAM to the FHIR AllergyIntolerance Resource.",
        "exampleBoolean": false
      },
      {
        "reference": {
          "reference": "ConceptMap/segment-in1-to-coverage"
        },
        "name": "Segment IN1 to Coverage Map",
        "description": "This ConceptMap represents a mapping from the HL7 V2 Segment IN1 to the FHIR Coverage Resource.",
        "exampleBoolean": false
      },
      {
        "reference": {
          "reference": "ConceptMap/segment-in3-to-careteam"
        },
        "name": "Segment IN3 to CareTeam Map",
        "description": "This ConceptMap represents a mapping from the HL7 V2 Segment IN3 to the FHIR CareTeam Resource.",
        "exampleBoolean": false
      },
      {
        "reference": {
          "reference": "ConceptMap/segment-mrg-to-account"
        },
        "name": "Segment MRG to Account Map",
        "description": "This ConceptMap represents a mapping from the HL7 V2 Segment MRG to the FHIR Account Resource.",
        "exampleBoolean": false
      },
      {
        "reference": {
          "reference": "ConceptMap/segment-msa-to-messageheader"
        },
        "name": "Segment MSA to MessageHeader Map",
        "description": "This ConceptMap represents a mapping from the HL7 V2 Segment MSA to the FHIR MessageHeader Resource.",
        "exampleBoolean": false
      },
      {
        "reference": {
          "reference": "ConceptMap/segment-msh-to-bundle"
        },
        "name": "Segment MSH to Bundle Map",
        "description": "This ConceptMap represents a mapping from the HL7 V2 Segment MSH to the FHIR Bundle Resource.",
        "exampleBoolean": false
      },
      {
        "reference": {
          "reference": "ConceptMap/segment-msh-to-encounter"
        },
        "name": "Segment MSH to Encounter Map",
        "description": "This ConceptMap represents a mapping from the HL7 V2 Segment MSH to the FHIR Encounter Resource.",
        "exampleBoolean": false
      },
      {
        "reference": {
          "reference": "ConceptMap/segment-msh-to-messageheader"
        },
        "name": "Segment MSH to MessageHeader Map",
        "description": "This ConceptMap represents a mapping from the HL7 V2 Segment MSH to the FHIR MessageHeader Resource.",
        "exampleBoolean": false
      },
      {
        "reference": {
          "reference": "ConceptMap/segment-msh-operator-to-provenance"
        },
        "name": "Segment MSH [Operator] to Provenance Map",
        "description": "This ConceptMap represents a mapping from the HL7 V2 Segment MSH to the FHIR Provenance Resource.",
        "exampleBoolean": false
      },
      {
        "reference": {
          "reference": "ConceptMap/segment-msh-source-to-provenance"
        },
        "name": "Segment MSH [Source] to Provenance Map",
        "description": "This ConceptMap represents a mapping from the HL7 V2 Segment MSH to the FHIR Provenance Resource.",
        "exampleBoolean": false
      },
      {
        "reference": {
          "reference": "ConceptMap/segment-msh-transformation-to-provenance"
        },
        "name": "Segment MSH [Transformation] to Provenance Map",
        "description": "This ConceptMap represents a mapping from the HL7 V2 Segment MSH to the FHIR Provenance Resource.",
        "exampleBoolean": false
      },
      {
        "reference": {
          "reference": "ConceptMap/segment-nk1-to-patient"
        },
        "name": "Segment NK1 to Patient Map",
        "description": "This ConceptMap represents a mapping from the HL7 V2 Segment NK1 to the FHIR Patient Resource.",
        "exampleBoolean": false
      },
      {
        "reference": {
          "reference": "ConceptMap/segment-nk1-to-relatedperson"
        },
        "name": "Segment NK1 to RelatedPerson Map",
        "description": "This ConceptMap represents a mapping from the HL7 V2 Segment NK1 to the FHIR RelatedPerson Resource.",
        "exampleBoolean": false
      },
      {
        "reference": {
          "reference": "ConceptMap/segment-nte-to-documentreference"
        },
        "name": "Segment NTE to DocumentReference Map",
        "description": "This ConceptMap represents a mapping from the HL7 V2 Segment NTE to the FHIR DocumentReference Resource.",
        "exampleBoolean": false
      },
      {
        "reference": {
          "reference": "ConceptMap/segment-nte-to-observation"
        },
        "name": "Segment NTE to Observation Map",
        "description": "This ConceptMap represents a mapping from the HL7 V2 Segment NTE to the FHIR Observation Resource.",
        "exampleBoolean": false
      },
      {
        "reference": {
          "reference": "ConceptMap/segment-nte-to-servicerequest"
        },
        "name": "Segment NTE to ServiceRequest Map",
        "description": "This ConceptMap represents a mapping from the HL7 V2 Segment NTE to the FHIR ServiceRequest Resource.",
        "exampleBoolean": false
      },
      {
        "reference": {
          "reference": "ConceptMap/segment-nte-comment-to-appointment"
        },
        "name": "Segment NTE [Comment] to Appointment Map",
        "description": "This ConceptMap represents a mapping from the HL7 V2 Segment NTE to the FHIR Appointment Resource.",
        "exampleBoolean": false
      },
      {
        "reference": {
          "reference": "ConceptMap/segment-obr-to-diagnosticreport"
        },
        "name": "Segment OBR to DiagnosticReport Map",
        "description": "This ConceptMap represents a mapping from the HL7 V2 Segment OBR to the FHIR DiagnosticReport Resource.",
        "exampleBoolean": false
      },
      {
        "reference": {
          "reference": "ConceptMap/segment-obr-to-servicerequest"
        },
        "name": "Segment OBR to ServiceRequest Map",
        "description": "This ConceptMap represents a mapping from the HL7 V2 Segment OBR to the FHIR ServiceRequest Resource.",
        "exampleBoolean": false
      },
      {
        "reference": {
          "reference": "ConceptMap/segment-obr-to-specimen"
        },
        "name": "Segment OBR to Specimen Map",
        "description": "This ConceptMap represents a mapping from the HL7 V2 Segment OBR to the FHIR Specimen Resource.",
        "exampleBoolean": false
      },
      {
        "reference": {
          "reference": "ConceptMap/segment-obx-to-documentreference"
        },
        "name": "Segment OBX to DocumentReference Map",
        "description": "This ConceptMap represents a mapping from the HL7 V2 Segment OBX to the FHIR DocumentReference Resource.",
        "exampleBoolean": false
      },
      {
        "reference": {
          "reference": "ConceptMap/segment-obx-to-observation"
        },
        "name": "Segment OBX to Observation Map",
        "description": "This ConceptMap represents a mapping from the HL7 V2 Segment OBX to the FHIR Observation Resource.",
        "exampleBoolean": false
      },
      {
        "reference": {
          "reference": "ConceptMap/segment-obx-component-to-observation"
        },
        "name": "Segment OBX [Component] to Observation Map",
        "description": "This ConceptMap represents a mapping from the HL7 V2 Segment OBX to the FHIR Observation Resource.",
        "exampleBoolean": false
      },
      {
        "reference": {
          "reference": "ConceptMap/segment-orc-to-diagnosticreport"
        },
        "name": "Segment ORC to DiagnosticReport Map",
        "description": "This ConceptMap represents a mapping from the HL7 V2 Segment ORC to the FHIR DiagnosticReport Resource.",
        "exampleBoolean": false
      },
      {
        "reference": {
          "reference": "ConceptMap/segment-orc-to-immunization"
        },
        "name": "Segment ORC to Immunization Map",
        "description": "This ConceptMap represents a mapping from the HL7 V2 Segment ORC to the FHIR Immunization Resource.",
        "exampleBoolean": false
      },
      {
        "reference": {
          "reference": "ConceptMap/segment-orc-to-medicationadministration"
        },
        "name": "Segment ORC to MedicationAdministration Map",
        "description": "This ConceptMap represents a mapping from the HL7 V2 Segment ORC to the FHIR MedicationAdministration Resource.",
        "exampleBoolean": false
      },
      {
        "reference": {
          "reference": "ConceptMap/segment-orc-to-provenance"
        },
        "name": "Segment ORC to Provenance Map",
        "description": "This ConceptMap represents a mapping from the HL7 V2 Segment ORC to the FHIR Provenance Resource.",
        "exampleBoolean": false
      },
      {
        "reference": {
          "reference": "ConceptMap/segment-orc-to-servicerequest"
        },
        "name": "Segment ORC to ServiceRequest Map",
        "description": "This ConceptMap represents a mapping from the HL7 V2 Segment ORC to the FHIR ServiceRequest Resource.",
        "exampleBoolean": false
      },
      {
        "reference": {
          "reference": "ConceptMap/segment-pd1-to-patient"
        },
        "name": "Segment PD1 to Patient Map",
        "description": "This ConceptMap represents a mapping from the HL7 V2 Segment PD1 to the FHIR Patient Resource.",
        "exampleBoolean": false
      },
      {
        "reference": {
          "reference": "ConceptMap/segment-pd1-livingwill-to-observation"
        },
        "name": "Segment PD1 [LivingWill] to Observation Map",
        "description": "This ConceptMap represents a mapping from the HL7 V2 Segment PD1 to the FHIR Observation Resource.",
        "exampleBoolean": false
      },
      {
        "reference": {
          "reference": "ConceptMap/segment-pid-to-account"
        },
        "name": "Segment PID to Account Map",
        "description": "This ConceptMap represents a mapping from the HL7 V2 Segment PID to the FHIR Account Resource.",
        "exampleBoolean": false
      },
      {
        "reference": {
          "reference": "ConceptMap/segment-pid-to-appointment"
        },
        "name": "Segment PID to Appointment Map",
        "description": "This ConceptMap represents a mapping from the HL7 V2 Segment PID to the FHIR Appointment Resource.",
        "exampleBoolean": false
      },
      {
        "reference": {
          "reference": "ConceptMap/segment-pid-to-patient"
        },
        "name": "Segment PID to Patient Map",
        "description": "This ConceptMap represents a mapping from the HL7 V2 Segment PID to the FHIR Patient Resource.",
        "exampleBoolean": false
      },
      {
        "reference": {
          "reference": "ConceptMap/segment-pid-patient-to-provenance"
        },
        "name": "Segment PID [Patient] to Provenance Map",
        "description": "This ConceptMap represents a mapping from the HL7 V2 Segment PID to the FHIR Provenance Resource.",
        "exampleBoolean": false
      },
      {
        "reference": {
          "reference": "ConceptMap/segment-pr1-to-procedure"
        },
        "name": "Segment PR1 to Procedure Map",
        "description": "This ConceptMap represents a mapping from the HL7 V2 Segment PR1 to the FHIR Procedure Resource.",
        "exampleBoolean": false
      },
      {
        "reference": {
          "reference": "ConceptMap/segment-prt-to-careteam"
        },
        "name": "Segment PRT to CareTeam Map",
        "description": "This ConceptMap represents a mapping from the HL7 V2 Segment PRT to the FHIR CareTeam Resource.",
        "exampleBoolean": false
      },
      {
        "reference": {
          "reference": "ConceptMap/segment-prt-to-device"
        },
        "name": "Segment PRT to Device Map",
        "description": "This ConceptMap represents a mapping from the HL7 V2 Segment PRT to the FHIR Device Resource.",
        "exampleBoolean": false
      },
      {
        "reference": {
          "reference": "ConceptMap/segment-prt-to-practitionerrole"
        },
        "name": "Segment PRT to PractitionerRole Map",
        "description": "This ConceptMap represents a mapping from the HL7 V2 Segment PRT to the FHIR PractitionerRole Resource.",
        "exampleBoolean": false
      },
      {
        "reference": {
          "reference": "ConceptMap/segment-prt-to-relatedperson"
        },
        "name": "Segment PRT to RelatedPerson Map",
        "description": "This ConceptMap represents a mapping from the HL7 V2 Segment PRT to the FHIR RelatedPerson Resource.",
        "exampleBoolean": false
      },
      {
        "reference": {
          "reference": "ConceptMap/segment-prt-generalpractitioner-practitionerrole-to-patient"
        },
        "name": "Segment PRT [GeneralPractitioner-PractitionerRole] to Patient Map",
        "description": "This ConceptMap represents a mapping from the HL7 V2 Segment PRT to the FHIR Patient Resource.",
        "exampleBoolean": false
      },
      {
        "reference": {
          "reference": "ConceptMap/segment-prt-generalpractitioner-practitioner-to-patient"
        },
        "name": "Segment PRT [GeneralPractitioner-Practitioner] to Patient Map",
        "description": "This ConceptMap represents a mapping from the HL7 V2 Segment PRT to the FHIR Patient Resource.",
        "exampleBoolean": false
      },
      {
        "reference": {
          "reference": "ConceptMap/segment-prt-location-to-observation"
        },
        "name": "Segment PRT [Location] to Observation Map",
        "description": "This ConceptMap represents a mapping from the HL7 V2 Segment PRT to the FHIR Observation Resource.",
        "exampleBoolean": false
      },
      {
        "reference": {
          "reference": "ConceptMap/segment-pv1-to-coverage"
        },
        "name": "Segment PV1 to Coverage Map",
        "description": "This ConceptMap represents a mapping from the HL7 V2 Segment PV1 to the FHIR Coverage Resource.",
        "exampleBoolean": false
      },
      {
        "reference": {
          "reference": "ConceptMap/segment-pv1-to-encounter"
        },
        "name": "Segment PV1 to Encounter Map",
        "description": "This ConceptMap represents a mapping from the HL7 V2 Segment PV1 to the FHIR Encounter Resource.",
        "exampleBoolean": false
      },
      {
        "reference": {
          "reference": "ConceptMap/segment-pv1-to-patient"
        },
        "name": "Segment PV1 to Patient Map",
        "description": "This ConceptMap represents a mapping from the HL7 V2 Segment PV1 to the FHIR Patient Resource.",
        "exampleBoolean": false
      },
      {
        "reference": {
          "reference": "ConceptMap/segment-pv1-encounterhistory-to-basic"
        },
        "name": "Segment PV1 [EncounterHistory] to Basic Map",
        "description": "This ConceptMap represents a mapping from the HL7 V2 Segment PV1 to the FHIR Basic Resource.",
        "exampleBoolean": false
      },
      {
        "reference": {
          "reference": "ConceptMap/segment-pv2-to-encounter"
        },
        "name": "Segment PV2 to Encounter Map",
        "description": "This ConceptMap represents a mapping from the HL7 V2 Segment PV2 to the FHIR Encounter Resource.",
        "exampleBoolean": false
      },
      {
        "reference": {
          "reference": "ConceptMap/segment-rol-to-careteam"
        },
        "name": "Segment ROL to CareTeam Map",
        "description": "This ConceptMap represents a mapping from the HL7 V2 Segment ROL to the FHIR CareTeam Resource.",
        "exampleBoolean": false
      },
      {
        "reference": {
          "reference": "ConceptMap/segment-rol-to-relatedperson"
        },
        "name": "Segment ROL to RelatedPerson Map",
        "description": "This ConceptMap represents a mapping from the HL7 V2 Segment ROL to the FHIR RelatedPerson Resource.",
        "exampleBoolean": false
      },
      {
        "reference": {
          "reference": "ConceptMap/segment-rol-generalpractitioner-to-patient"
        },
        "name": "Segment ROL [GeneralPractitioner] to Patient Map",
        "description": "This ConceptMap represents a mapping from the HL7 V2 Segment ROL to the FHIR Patient Resource.",
        "exampleBoolean": false
      },
      {
        "reference": {
          "reference": "ConceptMap/segment-rol-practitionerrole-to-encounter"
        },
        "name": "Segment ROL [PractitionerRole] to Encounter Map",
        "description": "This ConceptMap represents a mapping from the HL7 V2 Segment ROL to the FHIR Encounter Resource.",
        "exampleBoolean": false
      },
      {
        "reference": {
          "reference": "ConceptMap/segment-rxa-to-immunization"
        },
        "name": "Segment RXA to Immunization Map",
        "description": "This ConceptMap represents a mapping from the HL7 V2 Segment RXA to the FHIR Immunization Resource.",
        "exampleBoolean": false
      },
      {
        "reference": {
          "reference": "ConceptMap/segment-rxo-to-medicationrequest"
        },
        "name": "Segment RXO to MedicationRequest Map",
        "description": "This ConceptMap represents a mapping from the HL7 V2 Segment RXO to the FHIR MedicationRequest Resource.",
        "exampleBoolean": false
      },
      {
        "reference": {
          "reference": "ConceptMap/segment-rxr-to-immunization"
        },
        "name": "Segment RXR to Immunization Map",
        "description": "This ConceptMap represents a mapping from the HL7 V2 Segment RXR to the FHIR Immunization Resource.",
        "exampleBoolean": false
      },
      {
        "reference": {
          "reference": "ConceptMap/segment-rxr-to-medicationrequest"
        },
        "name": "Segment RXR to MedicationRequest Map",
        "description": "This ConceptMap represents a mapping from the HL7 V2 Segment RXR to the FHIR MedicationRequest Resource.",
        "exampleBoolean": false
      },
      {
        "reference": {
          "reference": "ConceptMap/segment-sch-to-appointment"
        },
        "name": "Segment SCH to Appointment Map",
        "description": "This ConceptMap represents a mapping from the HL7 V2 Segment SCH to the FHIR Appointment Resource.",
        "exampleBoolean": false
      },
      {
        "reference": {
          "reference": "ConceptMap/segment-sch-to-provenance"
        },
        "name": "Segment SCH to Provenance Map",
        "description": "This ConceptMap represents a mapping from the HL7 V2 Segment SCH to the FHIR Provenance Resource.",
        "exampleBoolean": false
      },
      {
        "reference": {
          "reference": "ConceptMap/segment-sch-to-servicerequest"
        },
        "name": "Segment SCH to ServiceRequest Map",
        "description": "This ConceptMap represents a mapping from the HL7 V2 Segment SCH to the FHIR ServiceRequest Resource.",
        "exampleBoolean": false
      },
      {
        "reference": {
          "reference": "ConceptMap/segment-sft-to-device"
        },
        "name": "Segment SFT to Device Map",
        "description": "This ConceptMap represents a mapping from the HL7 V2 Segment SFT to the FHIR Device Resource.",
        "exampleBoolean": false
      },
      {
        "reference": {
          "reference": "ConceptMap/segment-sft-to-messageheader"
        },
        "name": "Segment SFT to MessageHeader Map",
        "description": "This ConceptMap represents a mapping from the HL7 V2 Segment SFT to the FHIR MessageHeader Resource.",
        "exampleBoolean": false
      },
      {
        "reference": {
          "reference": "ConceptMap/segment-spm-to-specimen"
        },
        "name": "Segment SPM to Specimen Map",
        "description": "This ConceptMap represents a mapping from the HL7 V2 Segment SPM to the FHIR Specimen Resource.",
        "exampleBoolean": false
      },
      {
        "reference": {
          "reference": "ConceptMap/segment-tq1-to-medicationrequest"
        },
        "name": "Segment TQ1 to MedicationRequest Map",
        "description": "This ConceptMap represents a mapping from the HL7 V2 Segment TQ1 to the FHIR MedicationRequest Resource.",
        "exampleBoolean": false
      },
      {
        "reference": {
          "reference": "ConceptMap/segment-tq1-to-servicerequest"
        },
        "name": "Segment TQ1 to ServiceRequest Map",
        "description": "This ConceptMap represents a mapping from the HL7 V2 Segment TQ1 to the FHIR ServiceRequest Resource.",
        "exampleBoolean": false
      },
      {
        "reference": {
          "reference": "ConceptMap/segment-txa-to-documentreference"
        },
        "name": "Segment TXA to DocumentReference Map",
        "description": "This ConceptMap represents a mapping from the HL7 V2 Segment TXA to the FHIR DocumentReference Resource.",
        "exampleBoolean": false
      },
      {
        "reference": {
          "reference": "ConceptMap/segment-txa-to-provenance"
        },
        "name": "Segment TXA to Provenance Map",
        "description": "This ConceptMap represents a mapping from the HL7 V2 Segment TXA to the FHIR Provenance Resource.",
        "exampleBoolean": false
      },
      {
        "reference": {
          "reference": "ConceptMap/table-hl70001-to-administrative-gender"
        },
        "name": "Table HL70001 to Administrative Gender Map",
        "description": "This ConceptMap represents a mapping from the HL7 V2 Table HL70001 to the FHIR Administrative Gender Value Set.",
        "exampleBoolean": false
      },
      {
        "reference": {
          "reference": "ConceptMap/table-hl70002-to-v3-maritalstatus"
        },
        "name": "Table HL70002 to V3 MaritalStatus Map",
        "description": "This ConceptMap represents a mapping from the HL7 V2 Table HL70002 to the FHIR V3 MaritalStatus Value Set.",
        "exampleBoolean": false
      },
      {
        "reference": {
          "reference": "ConceptMap/table-hl70003-to-encounter-status"
        },
        "name": "Table HL70003 to Encounter Status Map",
        "description": "This ConceptMap represents a mapping from the HL7 V2 Table HL70003 to the FHIR Encounter Status Value Set.",
        "exampleBoolean": false
      },
      {
        "reference": {
          "reference": "ConceptMap/table-hl70003-to-v2-0003"
        },
        "name": "Table HL70003 to V2 0003 Map",
        "description": "This ConceptMap represents a mapping from the HL7 V2 Table HL70003 to the FHIR V2 0003 Value Set.",
        "exampleBoolean": false
      },
      {
        "reference": {
          "reference": "ConceptMap/table-hl70004-to-encounter-status"
        },
        "name": "Table HL70004 to Encounter Status Map",
        "description": "This ConceptMap represents a mapping from the HL7 V2 Table HL70004 to the FHIR Encounter Status Value Set.",
        "exampleBoolean": false
      },
      {
        "reference": {
          "reference": "ConceptMap/table-hl70004-to-v3-actcode"
        },
        "name": "Table HL70004 to V3 ActCode Map",
        "description": "This ConceptMap represents a mapping from the HL7 V2 Table HL70004 to the FHIR V3 ActCode Value Set.",
        "exampleBoolean": false
      },
      {
        "reference": {
          "reference": "ConceptMap/table-hl70006-to-v3-religiousaffiliation"
        },
        "name": "Table HL70006 to V3 ReligiousAffiliation Map",
        "description": "This ConceptMap represents a mapping from the HL7 V2 Table HL70006 to the FHIR V3 ReligiousAffiliation Value Set.",
        "exampleBoolean": false
      },
      {
        "reference": {
          "reference": "ConceptMap/table-hl70007-to-v2-0007"
        },
        "name": "Table HL70007 to V2 0007 Map",
        "description": "This ConceptMap represents a mapping from the HL7 V2 Table HL70007 to the FHIR V2 0007 Value Set.",
        "exampleBoolean": false
      },
      {
        "reference": {
          "reference": "ConceptMap/table-hl70052-to-diagnosis-role"
        },
        "name": "Table HL70052 to Diagnosis Role Map",
        "description": "This ConceptMap represents a mapping from the HL7 V2 Table HL70052 to the FHIR Diagnosis Role Value Set.",
        "exampleBoolean": false
      },
      {
        "reference": {
          "reference": "ConceptMap/table-hl70062-to-v3-actreason"
        },
        "name": "Table HL70062 to V3 ActReason Map",
        "description": "This ConceptMap represents a mapping from the HL7 V2 Table HL70062 to the FHIR V3 ActReason Value Set.",
        "exampleBoolean": false
      },
      {
        "reference": {
          "reference": "ConceptMap/table-hl70063-to-v3-rolecode"
        },
        "name": "Table HL70063 to V3 RoleCode Map",
        "description": "This ConceptMap represents a mapping from the HL7 V2 Table HL70063 to the FHIR V3 RoleCode Value Set.",
        "exampleBoolean": false
      },
      {
        "reference": {
          "reference": "ConceptMap/table-hl70069-to-service-type"
        },
        "name": "Table HL70069 to Service Type Map",
        "description": "This ConceptMap represents a mapping from the HL7 V2 Table HL70069 to the FHIR Service Type Value Set.",
        "exampleBoolean": false
      },
      {
        "reference": {
          "reference": "ConceptMap/table-hl70074-to-v2-0074"
        },
        "name": "Table HL70074 to V2 0074 Map",
        "description": "This ConceptMap represents a mapping from the HL7 V2 Table HL70074 to the FHIR V2 0074 Value Set.",
        "exampleBoolean": false
      },
      {
        "reference": {
          "reference": "ConceptMap/table-hl70078-to-v3-observationinterpretation"
        },
        "name": "Table HL70078 to V3 ObservationInterpretation Map",
        "description": "This ConceptMap represents a mapping from the HL7 V2 Table HL70078 to the FHIR V3 ObservationInterpretation Value Set.",
        "exampleBoolean": false
      },
      {
        "reference": {
          "reference": "ConceptMap/table-hl70080-to-v2-0080"
        },
        "name": "Table HL70080 to V2 0080 Map",
        "description": "This ConceptMap represents a mapping from the HL7 V2 Table HL70080 to the FHIR V2 0080 Value Set.",
        "exampleBoolean": false
      },
      {
        "reference": {
          "reference": "ConceptMap/table-hl70085-to-observation-status"
        },
        "name": "Table HL70085 to Observation Status Map",
        "description": "This ConceptMap represents a mapping from the HL7 V2 Table HL70085 to the FHIR Observation Status Value Set.",
        "exampleBoolean": false
      },
      {
        "reference": {
          "reference": "ConceptMap/table-hl70092-to-v2-0092"
        },
        "name": "Table HL70092 to V2 0092 Map",
        "description": "This ConceptMap represents a mapping from the HL7 V2 Table HL70092 to the FHIR V2 0092 Value Set.",
        "exampleBoolean": false
      },
      {
        "reference": {
          "reference": "ConceptMap/table-hl70116-to-v2-0116"
        },
        "name": "Table HL70116 to V2 0116 Map",
        "description": "This ConceptMap represents a mapping from the HL7 V2 Table HL70116 to the FHIR V2 0116 Value Set.",
        "exampleBoolean": false
      },
      {
        "reference": {
          "reference": "ConceptMap/table-hl70119-to-request-status"
        },
        "name": "Table HL70119 to Request Status Map",
        "description": "This ConceptMap represents a mapping from the HL7 V2 Table HL70119 to the FHIR Request Status Value Set.",
        "exampleBoolean": false
      },
      {
        "reference": {
          "reference": "ConceptMap/table-hl70123-queries-to-diagnostic-report-status"
        },
        "name": "Table HL70123 [Queries] to Diagnostic Report Status Map",
        "description": "This ConceptMap represents a mapping from the HL7 V2 Table HL70123 to the FHIR Diagnostic Report Status Value Set.",
        "exampleBoolean": false
      },
      {
        "reference": {
          "reference": "ConceptMap/table-hl70127-to-allergy-intolerance-category"
        },
        "name": "Table HL70127 to Allergy Intolerance Category Map",
        "description": "This ConceptMap represents a mapping from the HL7 V2 Table HL70127 to the FHIR Allergy Intolerance Category Value Set.",
        "exampleBoolean": false
      },
      {
        "reference": {
          "reference": "ConceptMap/table-hl70127-to-allergy-intolerance-type"
        },
        "name": "Table HL70127 to Allergy Intolerance Type Map",
        "description": "This ConceptMap represents a mapping from the HL7 V2 Table HL70127 to the FHIR Allergy Intolerance Type Value Set.",
        "exampleBoolean": false
      },
      {
        "reference": {
          "reference": "ConceptMap/table-hl70127-to-v2-0127"
        },
        "name": "Table HL70127 to V2 0127 Map",
        "description": "This ConceptMap represents a mapping from the HL7 V2 Table HL70127 to the FHIR V2 0127 Value Set.",
        "exampleBoolean": false
      },
      {
        "reference": {
          "reference": "ConceptMap/table-hl70128-to-allergy-intolerance-criticality"
        },
        "name": "Table HL70128 to Allergy Intolerance Criticality Map",
        "description": "This ConceptMap represents a mapping from the HL7 V2 Table HL70128 to the FHIR Allergy Intolerance Criticality Value Set.",
        "exampleBoolean": false
      },
      {
        "reference": {
          "reference": "ConceptMap/table-hl70128-to-reaction-event-severity"
        },
        "name": "Table HL70128 to Reaction Event Severity Map",
        "description": "This ConceptMap represents a mapping from the HL7 V2 Table HL70128 to the FHIR Reaction Event Severity Value Set.",
        "exampleBoolean": false
      },
      {
        "reference": {
          "reference": "ConceptMap/table-hl70128-original-to-v2-0128"
        },
        "name": "Table HL70128 [original] to V2 0128 Map",
        "description": "This ConceptMap represents a mapping from the HL7 V2 Table HL70128 to the FHIR V2 0128 Value Set.",
        "exampleBoolean": false
      },
      {
        "reference": {
          "reference": "ConceptMap/table-hl70130-to-v2-0130"
        },
        "name": "Table HL70130 to V2 0130 Map",
        "description": "This ConceptMap represents a mapping from the HL7 V2 Table HL70130 to the FHIR V2 0130 Value Set.",
        "exampleBoolean": false
      },
      {
        "reference": {
          "reference": "ConceptMap/table-hl70131-to-v2-0131"
        },
        "name": "Table HL70131 to V2 0131 Map",
        "description": "This ConceptMap represents a mapping from the HL7 V2 Table HL70131 to the FHIR V2 0131 Value Set.",
        "exampleBoolean": false
      },
      {
        "reference": {
          "reference": "ConceptMap/table-hl70136-to-special-values"
        },
        "name": "Table HL70136 to Special Values Map",
        "description": "This ConceptMap represents a mapping from the HL7 V2 Table HL70136 to the FHIR Special Values Value Set.",
        "exampleBoolean": false
      },
      {
        "reference": {
          "reference": "ConceptMap/table-hl70136-to-specimen-status"
        },
        "name": "Table HL70136 to Specimen Status Map",
        "description": "This ConceptMap represents a mapping from the HL7 V2 Table HL70136 to the FHIR Specimen Status Value Set.",
        "exampleBoolean": false
      },
      {
        "reference": {
          "reference": "ConceptMap/table-hl70161-to-v2-0161"
        },
        "name": "Table HL70161 to V2 0161 Map",
        "description": "This ConceptMap represents a mapping from the HL7 V2 Table HL70161 to the FHIR V2 0161 Value Set.",
        "exampleBoolean": false
      },
      {
        "reference": {
          "reference": "ConceptMap/table-hl70162-to-v2-0162"
        },
        "name": "Table HL70162 to V2 0162 Map",
        "description": "This ConceptMap represents a mapping from the HL7 V2 Table HL70162 to the FHIR V2 0162 Value Set.",
        "exampleBoolean": false
      },
      {
        "reference": {
          "reference": "ConceptMap/table-hl70163-to-v2-0163"
        },
        "name": "Table HL70163 to V2 0163 Map",
        "description": "This ConceptMap represents a mapping from the HL7 V2 Table HL70163 to the FHIR V2 0163 Value Set.",
        "exampleBoolean": false
      },
      {
        "reference": {
          "reference": "ConceptMap/table-hl70165-to-sct"
        },
        "name": "Table HL70165 to Sct Map",
        "description": "This ConceptMap represents a mapping from the HL7 V2 Table HL70165 to the FHIR Sct Value Set.",
        "exampleBoolean": false
      },
      {
        "reference": {
          "reference": "ConceptMap/table-hl70177-to-v3-confidentiality"
        },
        "name": "Table HL70177 to V3 Confidentiality Map",
        "description": "This ConceptMap represents a mapping from the HL7 V2 Table HL70177 to the FHIR V3 Confidentiality Value Set.",
        "exampleBoolean": false
      },
      {
        "reference": {
          "reference": "ConceptMap/table-hl70185-to-v2-0185"
        },
        "name": "Table HL70185 to V2 0185 Map",
        "description": "This ConceptMap represents a mapping from the HL7 V2 Table HL70185 to the FHIR V2 0185 Value Set.",
        "exampleBoolean": false
      },
      {
        "reference": {
          "reference": "ConceptMap/table-hl70190-to-address-type"
        },
        "name": "Table HL70190 to Address Type Map",
        "description": "This ConceptMap represents a mapping from the HL7 V2 Table HL70190 to the FHIR Address Type Value Set.",
        "exampleBoolean": false
      },
      {
        "reference": {
          "reference": "ConceptMap/table-hl70190-to-address-use"
        },
        "name": "Table HL70190 to Address Use Map",
        "description": "This ConceptMap represents a mapping from the HL7 V2 Table HL70190 to the FHIR Address Use Value Set.",
        "exampleBoolean": false
      },
      {
        "reference": {
          "reference": "ConceptMap/table-hl70200-to-name-use"
        },
        "name": "Table HL70200 to Name Use Map",
        "description": "This ConceptMap represents a mapping from the HL7 V2 Table HL70200 to the FHIR Name Use Value Set.",
        "exampleBoolean": false
      },
      {
        "reference": {
          "reference": "ConceptMap/table-hl70201-to-contact-point-use"
        },
        "name": "Table HL70201 to Contact Point Use Map",
        "description": "This ConceptMap represents a mapping from the HL7 V2 Table HL70201 to the FHIR Contact Point Use Value Set.",
        "exampleBoolean": false
      },
      {
        "reference": {
          "reference": "ConceptMap/table-hl70202-to-contact-point-system"
        },
        "name": "Table HL70202 to Contact Point System Map",
        "description": "This ConceptMap represents a mapping from the HL7 V2 Table HL70202 to the FHIR Contact Point System Value Set.",
        "exampleBoolean": false
      },
      {
        "reference": {
          "reference": "ConceptMap/table-hl70203-to-v2-0203"
        },
        "name": "Table HL70203 to V2 0203 Map",
        "description": "This ConceptMap represents a mapping from the HL7 V2 Table HL70203 to the FHIR V2 0203 Value Set.",
        "exampleBoolean": false
      },
      {
        "reference": {
          "reference": "ConceptMap/table-hl70204-to-v2-0204"
        },
        "name": "Table HL70204 to V2 0204 Map",
        "description": "This ConceptMap represents a mapping from the HL7 V2 Table HL70204 to the FHIR V2 0204 Value Set.",
        "exampleBoolean": false
      },
      {
        "reference": {
          "reference": "ConceptMap/table-hl70215-to-v2-0215"
        },
        "name": "Table HL70215 to V2 0215 Map",
        "description": "This ConceptMap represents a mapping from the HL7 V2 Table HL70215 to the FHIR V2 0215 Value Set.",
        "exampleBoolean": false
      },
      {
        "reference": {
          "reference": "ConceptMap/table-hl70217-to-v3-actpriority"
        },
        "name": "Table HL70217 to V3 ActPriority Map",
        "description": "This ConceptMap represents a mapping from the HL7 V2 Table HL70217 to the FHIR V3 ActPriority Value Set.",
        "exampleBoolean": false
      },
      {
        "reference": {
          "reference": "ConceptMap/table-hl70272-to-v2-0272"
        },
        "name": "Table HL70272 to V2 0272 Map",
        "description": "This ConceptMap represents a mapping from the HL7 V2 Table HL70272 to the FHIR V2 0272 Value Set.",
        "exampleBoolean": false
      },
      {
        "reference": {
          "reference": "ConceptMap/table-hl70276-to-sct"
        },
        "name": "Table HL70276 to Sct Map",
        "description": "This ConceptMap represents a mapping from the HL7 V2 Table HL70276 to the FHIR Sct Value Set.",
        "exampleBoolean": false
      },
      {
        "reference": {
          "reference": "ConceptMap/table-hl70277-to-v2-0277"
        },
        "name": "Table HL70277 to V2 0277 Map",
        "description": "This ConceptMap represents a mapping from the HL7 V2 Table HL70277 to the FHIR V2 0277 Value Set.",
        "exampleBoolean": false
      },
      {
        "reference": {
          "reference": "ConceptMap/table-hl70278-to-appointmentstatus"
        },
        "name": "Table HL70278 to Appointmentstatus Map",
        "description": "This ConceptMap represents a mapping from the HL7 V2 Table HL70278 to the FHIR Appointmentstatus Value Set.",
        "exampleBoolean": false
      },
      {
        "reference": {
          "reference": "ConceptMap/table-hl70301-to-v2-0301"
        },
        "name": "Table HL70301 to V2 0301 Map",
        "description": "This ConceptMap represents a mapping from the HL7 V2 Table HL70301 to the FHIR V2 0301 Value Set.",
        "exampleBoolean": false
      },
      {
        "reference": {
          "reference": "ConceptMap/table-hl70315-to-v2-0315"
        },
        "name": "Table HL70315 to V2 0315 Map",
        "description": "This ConceptMap represents a mapping from the HL7 V2 Table HL70315 to the FHIR V2 0315 Value Set.",
        "exampleBoolean": false
      },
      {
        "reference": {
          "reference": "ConceptMap/table-hl70322-to-event-status"
        },
        "name": "Table HL70322 to Event Status Map",
        "description": "This ConceptMap represents a mapping from the HL7 V2 Table HL70322 to the FHIR Event Status Value Set.",
        "exampleBoolean": false
      },
      {
        "reference": {
          "reference": "ConceptMap/table-hl70335-to-v2-0335"
        },
        "name": "Table HL70335 to V2 0335 Map",
        "description": "This ConceptMap represents a mapping from the HL7 V2 Table HL70335 to the FHIR V2 0335 Value Set.",
        "exampleBoolean": false
      },
      {
        "reference": {
          "reference": "ConceptMap/table-hl70360-to-v2-0360"
        },
        "name": "Table HL70360 to V2 0360 Map",
        "description": "This ConceptMap represents a mapping from the HL7 V2 Table HL70360 to the FHIR V2 0360 Value Set.",
        "exampleBoolean": false
      },
      {
        "reference": {
          "reference": "ConceptMap/table-hl70364-to-v2-0364"
        },
        "name": "Table HL70364 to V2 0364 Map",
        "description": "This ConceptMap represents a mapping from the HL7 V2 Table HL70364 to the FHIR V2 0364 Value Set.",
        "exampleBoolean": false
      },
      {
        "reference": {
          "reference": "ConceptMap/table-hl70371-to-v2-0371"
        },
        "name": "Table HL70371 to V2 0371 Map",
        "description": "This ConceptMap represents a mapping from the HL7 V2 Table HL70371 to the FHIR V2 0371 Value Set.",
        "exampleBoolean": false
      },
      {
        "reference": {
          "reference": "ConceptMap/table-hl70399-to-iso-3166-1"
        },
        "name": "Table HL70399 to ISO 3166-1 Map",
        "description": "This ConceptMap represents a mapping from the HL7 V2 Table HL70399 to the FHIR ISO 3166-1 Value Set.",
        "exampleBoolean": false
      },
      {
        "reference": {
          "reference": "ConceptMap/table-hl70430-to-v2-0430"
        },
        "name": "Table HL70430 to V2 0430 Map",
        "description": "This ConceptMap represents a mapping from the HL7 V2 Table HL70430 to the FHIR V2 0430 Value Set.",
        "exampleBoolean": false
      },
      {
        "reference": {
          "reference": "ConceptMap/table-hl70432-to-v2-0432"
        },
        "name": "Table HL70432 to V2 0432 Map",
        "description": "This ConceptMap represents a mapping from the HL7 V2 Table HL70432 to the FHIR V2 0432 Value Set.",
        "exampleBoolean": false
      },
      {
        "reference": {
          "reference": "ConceptMap/table-hl70443-to-v3-participationtype"
        },
        "name": "Table HL70443 to V3 ParticipationType Map",
        "description": "This ConceptMap represents a mapping from the HL7 V2 Table HL70443 to the FHIR V3 ParticipationType Value Set.",
        "exampleBoolean": false
      },
      {
        "reference": {
          "reference": "ConceptMap/table-hl70444-to-v2-0444"
        },
        "name": "Table HL70444 to V2 0444 Map",
        "description": "This ConceptMap represents a mapping from the HL7 V2 Table HL70444 to the FHIR V2 0444 Value Set.",
        "exampleBoolean": false
      },
      {
        "reference": {
          "reference": "ConceptMap/table-hl70482-to-v3-rolecode"
        },
        "name": "Table HL70482 to V3 RoleCode Map",
        "description": "This ConceptMap represents a mapping from the HL7 V2 Table HL70482 to the FHIR V3 RoleCode Value Set.",
        "exampleBoolean": false
      },
      {
        "reference": {
          "reference": "ConceptMap/table-hl70485-to-request-priority"
        },
        "name": "Table HL70485 to Request Priority Map",
        "description": "This ConceptMap represents a mapping from the HL7 V2 Table HL70485 to the FHIR Request Priority Value Set.",
        "exampleBoolean": false
      },
      {
        "reference": {
          "reference": "ConceptMap/table-hl70487-to-v2-0487"
        },
        "name": "Table HL70487 to V2 0487 Map",
        "description": "This ConceptMap represents a mapping from the HL7 V2 Table HL70487 to the FHIR V2 0487 Value Set.",
        "exampleBoolean": false
      },
      {
        "reference": {
          "reference": "ConceptMap/table-hl70488-to-v2-0488"
        },
        "name": "Table HL70488 to V2 0488 Map",
        "description": "This ConceptMap represents a mapping from the HL7 V2 Table HL70488 to the FHIR V2 0488 Value Set.",
        "exampleBoolean": false
      },
      {
        "reference": {
          "reference": "ConceptMap/table-hl70490-to-v2-0490"
        },
        "name": "Table HL70490 to V2 0490 Map",
        "description": "This ConceptMap represents a mapping from the HL7 V2 Table HL70490 to the FHIR V2 0490 Value Set.",
        "exampleBoolean": false
      },
      {
        "reference": {
          "reference": "ConceptMap/table-hl70493-to-v2-0493"
        },
        "name": "Table HL70493 to V2 0493 Map",
        "description": "This ConceptMap represents a mapping from the HL7 V2 Table HL70493 to the FHIR V2 0493 Value Set.",
        "exampleBoolean": false
      },
      {
        "reference": {
          "reference": "ConceptMap/table-hl70528-to-v3-timingevent"
        },
        "name": "Table HL70528 to V3 TimingEvent Map",
        "description": "This ConceptMap represents a mapping from the HL7 V2 Table HL70528 to the FHIR V3 TimingEvent Value Set.",
        "exampleBoolean": false
      },
      {
        "reference": {
          "reference": "ConceptMap/table-hl70550-to-v2-0550"
        },
        "name": "Table HL70550 to V2 0550 Map",
        "description": "This ConceptMap represents a mapping from the HL7 V2 Table HL70550 to the FHIR V2 0550 Value Set.",
        "exampleBoolean": false
      },
      {
        "reference": {
          "reference": "ConceptMap/table-hl70912-to-practitioner-role"
        },
        "name": "Table HL70912 to Practitioner Role Map",
        "description": "This ConceptMap represents a mapping from the HL7 V2 Table HL70912 to the FHIR Practitioner Role Value Set.",
        "exampleBoolean": false
      },
      {
        "reference": {
          "reference": "StructureDefinition/TypeInfo"
        },
        "name": "TypeInfo",
        "description": "Type information for conversion",
        "exampleBoolean": false
      }
    ],
    "page": {
      "nameUrl": "toc.html",
      "title": "Table of Contents",
      "generation": "html",
      "page": [
        {
          "nameUrl": "index.html",
          "title": "V2 to FHIR",
          "generation": "markdown"
        },
        {
          "nameUrl": "introduction.html",
          "title": "Introduction",
          "generation": "markdown"
        },
        {
          "nameUrl": "mapping_guidelines.html",
          "title": "Mapping Guidelines",
          "generation": "markdown"
        },
        {
          "nameUrl": "questions.html",
          "title": "Questions",
          "generation": "markdown"
        },
        {
          "nameUrl": "glossary.html",
          "title": "Glossary",
          "generation": "markdown"
        },
        {
          "nameUrl": "acknowledgements.html",
          "title": "Acknowledgements",
          "generation": "markdown"
        },
        {
          "nameUrl": "analysis.html",
          "title": "IP Acknowledgements & IG Analysis",
          "generation": "markdown"
        },
        {
          "nameUrl": "mappings.html",
          "title": "Mappings",
          "generation": "markdown"
        },
        {
          "nameUrl": "message_maps.html",
          "title": "Message Maps",
          "generation": "markdown"
        },
        {
          "nameUrl": "segment_maps.html",
          "title": "Segment Maps",
          "generation": "markdown"
        },
        {
          "nameUrl": "datatype_maps.html",
          "title": "Datatype Maps",
          "generation": "markdown"
        },
        {
          "nameUrl": "coding_system_maps.html",
          "title": "Coding System Maps",
          "generation": "markdown"
        },
        {
          "nameUrl": "implementation_considerations.html",
          "title": "Implementation Considerations",
          "generation": "markdown"
        },
        {
          "nameUrl": "validation.html",
          "title": "Validation",
          "generation": "markdown"
        },
        {
          "nameUrl": "test_conversions.html",
          "title": "Test Conversions",
          "generation": "markdown"
        },
        {
          "nameUrl": "profiles.html",
          "title": "Profiles",
          "generation": "markdown"
        },
        {
          "nameUrl": "antlr_condition_syntax.html",
          "title": "ANTLR Condition Syntax",
          "generation": "markdown"
        },
        {
          "nameUrl": "links.html",
          "title": "Links",
          "generation": "markdown"
        },
        {
          "nameUrl": "unspecified_mapping.html",
          "title": "Unspecified Mapping",
          "generation": "markdown"
        }
      ]
    },
    "parameter": [
      {
        "code": "copyrightyear",
        "value": "2020+"
      },
      {
        "code": "releaselabel",
        "value": "STU 1"
      },
      {
        "code": "show-inherited-invariants",
        "value": "false"
      },
      {
        "code": "apply-contact",
        "value": "true"
      },
      {
        "code": "apply-context",
        "value": "true"
      },
      {
        "code": "apply-copyright",
        "value": "true"
      },
      {
        "code": "apply-jurisdiction",
        "value": "true"
      },
      {
        "code": "apply-license",
        "value": "true"
      },
      {
        "code": "apply-publisher",
        "value": "true"
      },
      {
        "code": "apply-version",
        "value": "true"
      },
      {
        "code": "path-history",
        "value": "http://hl7.org/fhir/uv/v2mappings/history.html"
      }
    ]
  }
}
