{
  "resourceType": "StructureDefinition",
  "id": "RelatedArtifact",
  "url": "http://hl7.org/fhir/uv/v2mappings/StructureDefinition/RelatedArtifact",
  "name": "RelatedArtifact",
  "status": "active",
  "description": "Related artifacts for a ConceptMap",
  "jurisdiction": [
    {
      "coding": [
        {
          "code": "001",
          "system": "http://unstats.un.org/unsd/methods/m49/m49.htm"
        }
      ]
    }
  ],
  "fhirVersion": "4.0.1",
  "kind": "complex-type",
  "abstract": false,
  "context": [
    {
      "expression": "ConceptMap",
      "type": "element"
    }
  ],
  "type": "Extension",
  "baseDefinition": "http://hl7.org/fhir/StructureDefinition/Extension",
  "derivation": "constraint",
  "differential": {
    "element": [
      {
        "id": "Extension",
        "path": "Extension",
        "definition": "Related artifacts for a ConceptMap"
      },
      {
        "id": "Extension.extension",
        "path": "Extension.extension",
        "min": 3
      },
      {
        "id": "Extension.extension:type",
        "path": "Extension.extension",
        "sliceName": "type",
        "min": 1,
        "max": "1",
        "mustSupport": true
      },
      {
        "id": "Extension.extension:type.extension",
        "path": "Extension.extension.extension",
        "max": "0"
      },
      {
        "id": "Extension.extension:type.url",
        "path": "Extension.extension.url",
        "fixedUri": "type"
      },
      {
        "id": "Extension.extension:type.value[x]",
        "path": "Extension.extension.value[x]",
        "type": [
          {
            "code": "code"
          }
        ],
        "binding": {
          "strength": "required",
          "valueSet": "http://hl7.org/fhir/ValueSet/related-artifact-type"
        }
      },
      {
        "id": "Extension.extension:label",
        "path": "Extension.extension",
        "sliceName": "label",
        "min": 1,
        "max": "1",
        "mustSupport": true
      },
      {
        "id": "Extension.extension:label.extension",
        "path": "Extension.extension.extension",
        "max": "0"
      },
      {
        "id": "Extension.extension:label.url",
        "path": "Extension.extension.url",
        "fixedUri": "label"
      },
      {
        "id": "Extension.extension:label.value[x]",
        "path": "Extension.extension.value[x]",
        "min": 1,
        "type": [
          {
            "code": "string"
          }
        ]
      },
      {
        "id": "Extension.extension:url",
        "path": "Extension.extension",
        "sliceName": "url",
        "min": 1,
        "max": "1",
        "mustSupport": true
      },
      {
        "id": "Extension.extension:url.extension",
        "path": "Extension.extension.extension",
        "max": "0"
      },
      {
        "id": "Extension.extension:url.url",
        "path": "Extension.extension.url",
        "fixedUri": "url"
      },
      {
        "id": "Extension.extension:url.value[x]",
        "path": "Extension.extension.value[x]",
        "min": 1,
        "type": [
          {
            "code": "uri"
          }
        ]
      },
      {
        "id": "Extension.extension:description",
        "path": "Extension.extension",
        "sliceName": "description",
        "min": 0,
        "max": "1",
        "mustSupport": true
      },
      {
        "id": "Extension.extension:description.extension",
        "path": "Extension.extension.extension",
        "max": "0"
      },
      {
        "id": "Extension.extension:description.url",
        "path": "Extension.extension.url",
        "fixedUri": "description"
      },
      {
        "id": "Extension.extension:description.value[x]",
        "path": "Extension.extension.value[x]",
        "min": 1,
        "type": [
          {
            "code": "string"
          }
        ]
      },
      {
        "id": "Extension.url",
        "path": "Extension.url",
        "fixedUri": "http://hl7.org/fhir/uv/v2mappings/StructureDefinition/RelatedArtifact"
      },
      {
        "id": "Extension.value[x]",
        "path": "Extension.value[x]",
        "max": "0"
      }
    ]
  }
}
