<?xml version="1.0" encoding="UTF-8"?>

<ConceptMap xmlns="http://hl7.org/fhir">
  <id value="table-hl70185-to-v2-0185"/>
  <text>
    <status value="generated"/><div xmlns="http://www.w3.org/1999/xhtml"><p class="res-header-id"><b>Generated Narrative: ConceptMap table-hl70185-to-v2-0185</b></p><a name="table-hl70185-to-v2-0185"> </a><a name="hctable-hl70185-to-v2-0185"> </a><p>Mapping from <a href="http://terminology.hl7.org/6.5.0/ValueSet-v2-0185.html">hl7VS-preferredMethodOfContrct</a> to <a href="http://terminology.hl7.org/6.5.0/ValueSet-v2-0185.html">hl7VS-preferredMethodOfContrct</a></p><br/><p><b>Group 1 </b>Mapping from <a href="http://terminology.hl7.org/6.5.0/CodeSystem-v2-0185.html">preferredMethodOfContact</a> to <a href="http://terminology.hl7.org/6.5.0/CodeSystem-v2-0185.html">preferredMethodOfContact</a></p><table class="grid"><tr><td><b>Source Code</b></td><td><b>Relationship</b></td><td><b>Target Code</b></td></tr><tr><td>B (Beeper Number)</td><td><a href="http://hl7.org/fhir/R5/codesystem-concept-map-relationship.html#equivalent" title="equivalent">is equivalent to</a></td><td>B (Beeper Number)</td></tr><tr><td>C (Cellular Phone Number)</td><td><a href="http://hl7.org/fhir/R5/codesystem-concept-map-relationship.html#equivalent" title="equivalent">is equivalent to</a></td><td>C (Cellular Phone Number)</td></tr><tr><td>E (E-Mail Address (for backward compatibility))</td><td><a href="http://hl7.org/fhir/R5/codesystem-concept-map-relationship.html#equivalent" title="equivalent">is equivalent to</a></td><td>E (E-Mail Address (for backward compatibility))</td></tr><tr><td>F (FAX Number)</td><td><a href="http://hl7.org/fhir/R5/codesystem-concept-map-relationship.html#equivalent" title="equivalent">is equivalent to</a></td><td>F (FAX Number)</td></tr><tr><td>H (Home Phone Number)</td><td><a href="http://hl7.org/fhir/R5/codesystem-concept-map-relationship.html#equivalent" title="equivalent">is equivalent to</a></td><td>H (Home Phone Number)</td></tr><tr><td>O (Office Phone Number)</td><td><a href="http://hl7.org/fhir/R5/codesystem-concept-map-relationship.html#equivalent" title="equivalent">is equivalent to</a></td><td>O (Office Phone Number)</td></tr></table></div>
  </text>
  <extension url="http://hl7.org/fhir/uv/v2mappings/StructureDefinition/RelatedArtifact">
    <extension url="type">
      <valueCode value="derived-from"/>
    </extension>
    <extension url="label">
      <valueString value="Table HL70185 to V2 0185.fsh"/>
    </extension>
    <extension url="url">
      <valueUri value="https://docs.google.com/spreadsheets/d/1L_AfyPgHtp2gKwuLLUtqYwT7FZPpqtfQaxaJAkLqj04/edit#gid=0"/>
    </extension>
  </extension>
  <extension url="http://hl7.org/fhir/StructureDefinition/structuredefinition-wg">
    <valueCode value="oo"/>
  </extension>
  <extension url="http://hl7.org/fhir/StructureDefinition/structuredefinition-standards-status">
    <valueCode value="informative">
      <extension url="http://hl7.org/fhir/StructureDefinition/structuredefinition-conformance-derivedFrom">
        <valueCanonical value="http://hl7.org/fhir/uv/v2mappings/ImplementationGuide/hl7.fhir.uv.v2mappings"/>
      </extension>
    </valueCode>
  </extension>
  <url value="http://hl7.org/fhir/uv/v2mappings/ConceptMap/table-hl70185-to-v2-0185"/>
  <version value="1.0.0"/>
  <name value="TableHL70185ToV20185"/>
  <title value="Table HL70185 to V2 0185 Map"/>
  <status value="active"/>
  <experimental value="true"/>
  <date value="2025-08-23"/>
  <publisher value="HL7 International / Orders and Observations"/>
  <contact>
    <name value="HL7 Orders and Observations Workgroup"/>
    <telecom>
      <system value="url"/>
      <value value="http://www.hl7.org/Special/committees/orders"/>
    </telecom>
  </contact>
  <description value="This ConceptMap represents a mapping from the HL7 V2 Table HL70185 to the FHIR V2 0185 Value Set."/>
  <jurisdiction>
    <coding>
      <system value="http://unstats.un.org/unsd/methods/m49/m49.htm"/>
      <code value="001"/>
    </coding>
  </jurisdiction>
  <copyright value="Copyright (c) 2025, HL7 International, Inc., All Rights Reserved."/>
  <sourceUri value="http://terminology.hl7.org/ValueSet/v2-0185"/>
  <targetUri value="http://terminology.hl7.org/ValueSet/v2-0185"/>
  <group>
    <source value="http://terminology.hl7.org/CodeSystem/v2-0185"/>
    <target value="http://terminology.hl7.org/CodeSystem/v2-0185"/>
    <element>
      <code value="B"/>
      <display value="Beeper Number"/>
      <target>
        <code value="B"/>
        <display value="Beeper Number"/>
        <equivalence value="equivalent"/>
      </target>
    </element>
    <element>
      <code value="C"/>
      <display value="Cellular Phone Number"/>
      <target>
        <code value="C"/>
        <display value="Cellular Phone Number"/>
        <equivalence value="equivalent"/>
      </target>
    </element>
    <element>
      <code value="E"/>
      <display value="E-Mail Address (for backward compatibility)"/>
      <target>
        <code value="E"/>
        <display value="E-Mail Address (for backward compatibility)"/>
        <equivalence value="equivalent"/>
      </target>
    </element>
    <element>
      <code value="F"/>
      <display value="FAX Number"/>
      <target>
        <code value="F"/>
        <display value="FAX Number"/>
        <equivalence value="equivalent"/>
      </target>
    </element>
    <element>
      <code value="H"/>
      <display value="Home Phone Number"/>
      <target>
        <code value="H"/>
        <display value="Home Phone Number"/>
        <equivalence value="equivalent"/>
      </target>
    </element>
    <element>
      <code value="O"/>
      <display value="Office Phone Number"/>
      <target>
        <code value="O"/>
        <display value="Office Phone Number"/>
        <equivalence value="equivalent"/>
      </target>
    </element>
  </group>
</ConceptMap>