<?xml version="1.0" encoding="UTF-8"?>

<ConceptMap xmlns="http://hl7.org/fhir">
  <id value="table-hl70371-to-v2-0371"/>
  <text>
    <status value="generated"/><div xmlns="http://www.w3.org/1999/xhtml"><p class="res-header-id"><b>Generated Narrative: ConceptMap table-hl70371-to-v2-0371</b></p><a name="table-hl70371-to-v2-0371"> </a><a name="hctable-hl70371-to-v2-0371"> </a><p>Mapping from <a href="http://terminology.hl7.org/6.5.0/ValueSet-v2-0371.html">hl7VS-additivePreservative</a> to <a href="http://terminology.hl7.org/6.5.0/ValueSet-v2-0371.html">hl7VS-additivePreservative</a></p><br/><p><b>Group 1 </b>Mapping from <a href="http://terminology.hl7.org/6.5.0/CodeSystem-v2-0371.html">additivePreservative</a> to <a href="http://terminology.hl7.org/6.5.0/CodeSystem-v2-0371.html">additivePreservative</a></p><table class="grid"><tr><td><b>Source Code</b></td><td><b>Relationship</b></td><td><b>Target Code</b></td></tr><tr><td>F10 (10% Formalin)</td><td><a href="http://hl7.org/fhir/R5/codesystem-concept-map-relationship.html#equivalent" title="equivalent">is equivalent to</a></td><td>F10 (10% Formalin)</td></tr><tr><td>C32 (3.2% Citrate)</td><td><a href="http://hl7.org/fhir/R5/codesystem-concept-map-relationship.html#equivalent" title="equivalent">is equivalent to</a></td><td>C32 (3.2% Citrate)</td></tr><tr><td>C38 (3.8% Citrate)</td><td><a href="http://hl7.org/fhir/R5/codesystem-concept-map-relationship.html#equivalent" title="equivalent">is equivalent to</a></td><td>C38 (3.8% Citrate)</td></tr><tr><td>HCL6 (6N HCL)</td><td><a href="http://hl7.org/fhir/R5/codesystem-concept-map-relationship.html#equivalent" title="equivalent">is equivalent to</a></td><td>HCL6 (6N HCL)</td></tr><tr><td>ACDA (ACD Solution A)</td><td><a href="http://hl7.org/fhir/R5/codesystem-concept-map-relationship.html#equivalent" title="equivalent">is equivalent to</a></td><td>ACDA (ACD Solution A)</td></tr><tr><td>ACDB (ACD Solution B)</td><td><a href="http://hl7.org/fhir/R5/codesystem-concept-map-relationship.html#equivalent" title="equivalent">is equivalent to</a></td><td>ACDB (ACD Solution B)</td></tr><tr><td>ACET (Acetic Acid)</td><td><a href="http://hl7.org/fhir/R5/codesystem-concept-map-relationship.html#equivalent" title="equivalent">is equivalent to</a></td><td>ACET (Acetic Acid)</td></tr><tr><td>AMIES (Amies transport medium)</td><td><a href="http://hl7.org/fhir/R5/codesystem-concept-map-relationship.html#equivalent" title="equivalent">is equivalent to</a></td><td>AMIES (Amies transport medium)</td></tr><tr><td>HEPA (Ammonium heparin)</td><td><a href="http://hl7.org/fhir/R5/codesystem-concept-map-relationship.html#equivalent" title="equivalent">is equivalent to</a></td><td>HEPA (Ammonium heparin)</td></tr><tr><td>BACTM (Bacterial Transport medium)</td><td><a href="http://hl7.org/fhir/R5/codesystem-concept-map-relationship.html#equivalent" title="equivalent">is equivalent to</a></td><td>BACTM (Bacterial Transport medium)</td></tr><tr><td>BOR (Borate Boric Acid)</td><td><a href="http://hl7.org/fhir/R5/codesystem-concept-map-relationship.html#equivalent" title="equivalent">is equivalent to</a></td><td>BOR (Borate Boric Acid)</td></tr><tr><td>BOUIN (Bouin's solution)</td><td><a href="http://hl7.org/fhir/R5/codesystem-concept-map-relationship.html#equivalent" title="equivalent">is equivalent to</a></td><td>BOUIN (Bouin's solution)</td></tr><tr><td>BF10 (Buffered 10% formalin)</td><td><a href="http://hl7.org/fhir/R5/codesystem-concept-map-relationship.html#equivalent" title="equivalent">is equivalent to</a></td><td>BF10 (Buffered 10% formalin)</td></tr><tr><td>WEST (Buffered Citrate (Westergren Sedimentation Rate))</td><td><a href="http://hl7.org/fhir/R5/codesystem-concept-map-relationship.html#equivalent" title="equivalent">is equivalent to</a></td><td>WEST (Buffered Citrate (Westergren Sedimentation Rate))</td></tr><tr><td>BSKM (Buffered skim milk)</td><td><a href="http://hl7.org/fhir/R5/codesystem-concept-map-relationship.html#equivalent" title="equivalent">is equivalent to</a></td><td>BSKM (Buffered skim milk)</td></tr><tr><td>CARS (Carson's Modified 10% formalin)</td><td><a href="http://hl7.org/fhir/R5/codesystem-concept-map-relationship.html#equivalent" title="equivalent">is equivalent to</a></td><td>CARS (Carson's Modified 10% formalin)</td></tr><tr><td>CARY (Cary Blair Medium)</td><td><a href="http://hl7.org/fhir/R5/codesystem-concept-map-relationship.html#equivalent" title="equivalent">is equivalent to</a></td><td>CARY (Cary Blair Medium)</td></tr><tr><td>CHLTM (Chlamydia transport medium)</td><td><a href="http://hl7.org/fhir/R5/codesystem-concept-map-relationship.html#equivalent" title="equivalent">is equivalent to</a></td><td>CHLTM (Chlamydia transport medium)</td></tr><tr><td>CTAD (CTAD (this should be spelled out if not universally understood))</td><td><a href="http://hl7.org/fhir/R5/codesystem-concept-map-relationship.html#equivalent" title="equivalent">is equivalent to</a></td><td>CTAD (CTAD (this should be spelled out if not universally understood))</td></tr><tr><td>ENT (Enteric bacteria transport medium)</td><td><a href="http://hl7.org/fhir/R5/codesystem-concept-map-relationship.html#equivalent" title="equivalent">is equivalent to</a></td><td>ENT (Enteric bacteria transport medium)</td></tr><tr><td>ENT+ (Enteric plus)</td><td><a href="http://hl7.org/fhir/R5/codesystem-concept-map-relationship.html#equivalent" title="equivalent">is equivalent to</a></td><td>ENT+ (Enteric plus)</td></tr><tr><td>JKM (Jones Kendrick Medium)</td><td><a href="http://hl7.org/fhir/R5/codesystem-concept-map-relationship.html#equivalent" title="equivalent">is equivalent to</a></td><td>JKM (Jones Kendrick Medium)</td></tr><tr><td>KARN (Karnovsky's fixative)</td><td><a href="http://hl7.org/fhir/R5/codesystem-concept-map-relationship.html#equivalent" title="equivalent">is equivalent to</a></td><td>KARN (Karnovsky's fixative)</td></tr><tr><td>LIA (Lithium iodoacetate)</td><td><a href="http://hl7.org/fhir/R5/codesystem-concept-map-relationship.html#equivalent" title="equivalent">is equivalent to</a></td><td>LIA (Lithium iodoacetate)</td></tr><tr><td>HEPL (Lithium/Li Heparin)</td><td><a href="http://hl7.org/fhir/R5/codesystem-concept-map-relationship.html#equivalent" title="equivalent">is equivalent to</a></td><td>HEPL (Lithium/Li Heparin)</td></tr><tr><td>M4</td><td><a href="http://hl7.org/fhir/R5/codesystem-concept-map-relationship.html#equivalent" title="equivalent">is equivalent to</a></td><td>M4</td></tr><tr><td>M4RT</td><td><a href="http://hl7.org/fhir/R5/codesystem-concept-map-relationship.html#equivalent" title="equivalent">is equivalent to</a></td><td>M4RT</td></tr><tr><td>M5</td><td><a href="http://hl7.org/fhir/R5/codesystem-concept-map-relationship.html#equivalent" title="equivalent">is equivalent to</a></td><td>M5</td></tr><tr><td>MICHTM (Michel's transport medium)</td><td><a href="http://hl7.org/fhir/R5/codesystem-concept-map-relationship.html#equivalent" title="equivalent">is equivalent to</a></td><td>MICHTM (Michel's transport medium)</td></tr><tr><td>MMDTM (MMD transport medium)</td><td><a href="http://hl7.org/fhir/R5/codesystem-concept-map-relationship.html#equivalent" title="equivalent">is equivalent to</a></td><td>MMDTM (MMD transport medium)</td></tr><tr><td>HNO3 (Nitric Acid)</td><td><a href="http://hl7.org/fhir/R5/codesystem-concept-map-relationship.html#equivalent" title="equivalent">is equivalent to</a></td><td>HNO3 (Nitric Acid)</td></tr><tr><td>NONE</td><td><a href="http://hl7.org/fhir/R5/codesystem-concept-map-relationship.html#equivalent" title="equivalent">is equivalent to</a></td><td>NONE</td></tr><tr><td>PAGE (Pages's Saline)</td><td><a href="http://hl7.org/fhir/R5/codesystem-concept-map-relationship.html#equivalent" title="equivalent">is equivalent to</a></td><td>PAGE (Pages's Saline)</td></tr><tr><td>PHENOL</td><td><a href="http://hl7.org/fhir/R5/codesystem-concept-map-relationship.html#equivalent" title="equivalent">is equivalent to</a></td><td>PHENOL</td></tr><tr><td>KOX (Potassium Oxalate)</td><td><a href="http://hl7.org/fhir/R5/codesystem-concept-map-relationship.html#equivalent" title="equivalent">is equivalent to</a></td><td>KOX (Potassium Oxalate)</td></tr><tr><td>EDTK (Potassium/K EDTA)</td><td><a href="http://hl7.org/fhir/R5/codesystem-concept-map-relationship.html#equivalent" title="equivalent">is equivalent to</a></td><td>EDTK (Potassium/K EDTA)</td></tr><tr><td>EDTK15 (Potassium/K EDTA 15%)</td><td><a href="http://hl7.org/fhir/R5/codesystem-concept-map-relationship.html#equivalent" title="equivalent">is equivalent to</a></td><td>EDTK15 (Potassium/K EDTA 15%)</td></tr><tr><td>EDTK75 (Potassium/K EDTA 7.5%)</td><td><a href="http://hl7.org/fhir/R5/codesystem-concept-map-relationship.html#equivalent" title="equivalent">is equivalent to</a></td><td>EDTK75 (Potassium/K EDTA 7.5%)</td></tr><tr><td>PVA (PVA (polyvinylalcohol))</td><td><a href="http://hl7.org/fhir/R5/codesystem-concept-map-relationship.html#equivalent" title="equivalent">is equivalent to</a></td><td>PVA (PVA (polyvinylalcohol))</td></tr><tr><td>RLM (Reagan Lowe Medium)</td><td><a href="http://hl7.org/fhir/R5/codesystem-concept-map-relationship.html#equivalent" title="equivalent">is equivalent to</a></td><td>RLM (Reagan Lowe Medium)</td></tr><tr><td>SST (Serum Separator Tube (Polymer Gel))</td><td><a href="http://hl7.org/fhir/R5/codesystem-concept-map-relationship.html#equivalent" title="equivalent">is equivalent to</a></td><td>SST (Serum Separator Tube (Polymer Gel))</td></tr><tr><td>SILICA (Siliceous earth, 12 mg)</td><td><a href="http://hl7.org/fhir/R5/codesystem-concept-map-relationship.html#equivalent" title="equivalent">is equivalent to</a></td><td>SILICA (Siliceous earth, 12 mg)</td></tr><tr><td>NAF (Sodium Fluoride)</td><td><a href="http://hl7.org/fhir/R5/codesystem-concept-map-relationship.html#equivalent" title="equivalent">is equivalent to</a></td><td>NAF (Sodium Fluoride)</td></tr><tr><td>FL100 (Sodium Fluoride, 100mg)</td><td><a href="http://hl7.org/fhir/R5/codesystem-concept-map-relationship.html#equivalent" title="equivalent">is equivalent to</a></td><td>FL100 (Sodium Fluoride, 100mg)</td></tr><tr><td>FL10 (Sodium Fluoride, 10mg)</td><td><a href="http://hl7.org/fhir/R5/codesystem-concept-map-relationship.html#equivalent" title="equivalent">is equivalent to</a></td><td>FL10 (Sodium Fluoride, 10mg)</td></tr><tr><td>NAPS (Sodium polyanethol sulfonate 0.35% in 0.85% sodium chloride)</td><td><a href="http://hl7.org/fhir/R5/codesystem-concept-map-relationship.html#equivalent" title="equivalent">is equivalent to</a></td><td>NAPS (Sodium polyanethol sulfonate 0.35% in 0.85% sodium chloride)</td></tr><tr><td>HEPN (Sodium/Na Heparin)</td><td><a href="http://hl7.org/fhir/R5/codesystem-concept-map-relationship.html#equivalent" title="equivalent">is equivalent to</a></td><td>HEPN (Sodium/Na Heparin)</td></tr><tr><td>EDTN (Sodium/Na EDTA)</td><td><a href="http://hl7.org/fhir/R5/codesystem-concept-map-relationship.html#equivalent" title="equivalent">is equivalent to</a></td><td>EDTN (Sodium/Na EDTA)</td></tr><tr><td>SPS (SPS(this should be spelled out if not universally understood))</td><td><a href="http://hl7.org/fhir/R5/codesystem-concept-map-relationship.html#equivalent" title="equivalent">is equivalent to</a></td><td>SPS (SPS(this should be spelled out if not universally understood))</td></tr><tr><td>STUTM (Stuart transport medium)</td><td><a href="http://hl7.org/fhir/R5/codesystem-concept-map-relationship.html#equivalent" title="equivalent">is equivalent to</a></td><td>STUTM (Stuart transport medium)</td></tr><tr><td>THROM (Thrombin)</td><td><a href="http://hl7.org/fhir/R5/codesystem-concept-map-relationship.html#equivalent" title="equivalent">is equivalent to</a></td><td>THROM (Thrombin)</td></tr><tr><td>FDP (Thrombin NIH; soybean trypsin inhibitor (Fibrin Degradation Products))</td><td><a href="http://hl7.org/fhir/R5/codesystem-concept-map-relationship.html#equivalent" title="equivalent">is equivalent to</a></td><td>FDP (Thrombin NIH; soybean trypsin inhibitor (Fibrin Degradation Products))</td></tr><tr><td>THYMOL</td><td><a href="http://hl7.org/fhir/R5/codesystem-concept-map-relationship.html#equivalent" title="equivalent">is equivalent to</a></td><td>THYMOL</td></tr><tr><td>THYO (Thyoglycollate broth)</td><td><a href="http://hl7.org/fhir/R5/codesystem-concept-map-relationship.html#equivalent" title="equivalent">is equivalent to</a></td><td>THYO (Thyoglycollate broth)</td></tr><tr><td>TOLU (Toluene)</td><td><a href="http://hl7.org/fhir/R5/codesystem-concept-map-relationship.html#equivalent" title="equivalent">is equivalent to</a></td><td>TOLU (Toluene)</td></tr><tr><td>URETM (Ureaplasma transport medium)</td><td><a href="http://hl7.org/fhir/R5/codesystem-concept-map-relationship.html#equivalent" title="equivalent">is equivalent to</a></td><td>URETM (Ureaplasma transport medium)</td></tr><tr><td>VIRTM (Viral Transport medium)</td><td><a href="http://hl7.org/fhir/R5/codesystem-concept-map-relationship.html#equivalent" title="equivalent">is equivalent to</a></td><td>VIRTM (Viral Transport medium)</td></tr></table></div>
  </text>
  <extension url="http://hl7.org/fhir/uv/v2mappings/StructureDefinition/RelatedArtifact">
    <extension url="type">
      <valueCode value="derived-from"/>
    </extension>
    <extension url="label">
      <valueString value="Table HL70371 to V2 0371.fsh"/>
    </extension>
    <extension url="url">
      <valueUri value="https://docs.google.com/spreadsheets/d/1u8m8K-QMGTs7IT0nbw1jh4lGUH58XXmleONGkuxgOR0/edit#gid=0"/>
    </extension>
  </extension>
  <extension url="http://hl7.org/fhir/StructureDefinition/structuredefinition-wg">
    <valueCode value="oo"/>
  </extension>
  <extension url="http://hl7.org/fhir/StructureDefinition/structuredefinition-standards-status">
    <valueCode value="informative">
      <extension url="http://hl7.org/fhir/StructureDefinition/structuredefinition-conformance-derivedFrom">
        <valueCanonical value="http://hl7.org/fhir/uv/v2mappings/ImplementationGuide/hl7.fhir.uv.v2mappings"/>
      </extension>
    </valueCode>
  </extension>
  <url value="http://hl7.org/fhir/uv/v2mappings/ConceptMap/table-hl70371-to-v2-0371"/>
  <version value="1.0.0"/>
  <name value="TableHL70371ToV20371"/>
  <title value="Table HL70371 to V2 0371 Map"/>
  <status value="active"/>
  <experimental value="true"/>
  <date value="2025-08-23"/>
  <publisher value="HL7 International / Orders and Observations"/>
  <contact>
    <name value="HL7 Orders and Observations Workgroup"/>
    <telecom>
      <system value="url"/>
      <value value="http://www.hl7.org/Special/committees/orders"/>
    </telecom>
  </contact>
  <description value="This ConceptMap represents a mapping from the HL7 V2 Table HL70371 to the FHIR V2 0371 Value Set."/>
  <jurisdiction>
    <coding>
      <system value="http://unstats.un.org/unsd/methods/m49/m49.htm"/>
      <code value="001"/>
    </coding>
  </jurisdiction>
  <copyright value="Copyright (c) 2025, HL7 International, Inc., All Rights Reserved."/>
  <sourceUri value="http://terminology.hl7.org/ValueSet/v2-0371"/>
  <targetUri value="http://terminology.hl7.org/ValueSet/v2-0371"/>
  <group>
    <source value="http://terminology.hl7.org/CodeSystem/v2-0371"/>
    <target value="http://terminology.hl7.org/CodeSystem/v2-0371"/>
    <element>
      <code value="F10"/>
      <display value="10% Formalin"/>
      <target>
        <code value="F10"/>
        <display value="10% Formalin"/>
        <equivalence value="equivalent"/>
      </target>
    </element>
    <element>
      <code value="C32"/>
      <display value="3.2% Citrate"/>
      <target>
        <code value="C32"/>
        <display value="3.2% Citrate"/>
        <equivalence value="equivalent"/>
      </target>
    </element>
    <element>
      <code value="C38"/>
      <display value="3.8% Citrate"/>
      <target>
        <code value="C38"/>
        <display value="3.8% Citrate"/>
        <equivalence value="equivalent"/>
      </target>
    </element>
    <element>
      <code value="HCL6"/>
      <display value="6N HCL"/>
      <target>
        <code value="HCL6"/>
        <display value="6N HCL"/>
        <equivalence value="equivalent"/>
      </target>
    </element>
    <element>
      <code value="ACDA"/>
      <display value="ACD Solution A"/>
      <target>
        <code value="ACDA"/>
        <display value="ACD Solution A"/>
        <equivalence value="equivalent"/>
      </target>
    </element>
    <element>
      <code value="ACDB"/>
      <display value="ACD Solution B"/>
      <target>
        <code value="ACDB"/>
        <display value="ACD Solution B"/>
        <equivalence value="equivalent"/>
      </target>
    </element>
    <element>
      <code value="ACET"/>
      <display value="Acetic Acid"/>
      <target>
        <code value="ACET"/>
        <display value="Acetic Acid"/>
        <equivalence value="equivalent"/>
      </target>
    </element>
    <element>
      <code value="AMIES"/>
      <display value="Amies transport medium"/>
      <target>
        <code value="AMIES"/>
        <display value="Amies transport medium"/>
        <equivalence value="equivalent"/>
      </target>
    </element>
    <element>
      <code value="HEPA"/>
      <display value="Ammonium heparin"/>
      <target>
        <code value="HEPA"/>
        <display value="Ammonium heparin"/>
        <equivalence value="equivalent"/>
      </target>
    </element>
    <element>
      <code value="BACTM"/>
      <display value="Bacterial Transport medium"/>
      <target>
        <code value="BACTM"/>
        <display value="Bacterial Transport medium"/>
        <equivalence value="equivalent"/>
      </target>
    </element>
    <element>
      <code value="BOR"/>
      <display value="Borate Boric Acid"/>
      <target>
        <code value="BOR"/>
        <display value="Borate Boric Acid"/>
        <equivalence value="equivalent"/>
      </target>
    </element>
    <element>
      <code value="BOUIN"/>
      <display value="Bouin's solution"/>
      <target>
        <code value="BOUIN"/>
        <display value="Bouin's solution"/>
        <equivalence value="equivalent"/>
      </target>
    </element>
    <element>
      <code value="BF10"/>
      <display value="Buffered 10% formalin"/>
      <target>
        <code value="BF10"/>
        <display value="Buffered 10% formalin"/>
        <equivalence value="equivalent"/>
      </target>
    </element>
    <element>
      <code value="WEST"/>
      <display value="Buffered Citrate (Westergren Sedimentation Rate)"/>
      <target>
        <code value="WEST"/>
        <display value="Buffered Citrate (Westergren Sedimentation Rate)"/>
        <equivalence value="equivalent"/>
      </target>
    </element>
    <element>
      <code value="BSKM"/>
      <display value="Buffered skim milk"/>
      <target>
        <code value="BSKM"/>
        <display value="Buffered skim milk"/>
        <equivalence value="equivalent"/>
      </target>
    </element>
    <element>
      <code value="CARS"/>
      <display value="Carson's Modified 10% formalin"/>
      <target>
        <code value="CARS"/>
        <display value="Carson's Modified 10% formalin"/>
        <equivalence value="equivalent"/>
      </target>
    </element>
    <element>
      <code value="CARY"/>
      <display value="Cary Blair Medium"/>
      <target>
        <code value="CARY"/>
        <display value="Cary Blair Medium"/>
        <equivalence value="equivalent"/>
      </target>
    </element>
    <element>
      <code value="CHLTM"/>
      <display value="Chlamydia transport medium"/>
      <target>
        <code value="CHLTM"/>
        <display value="Chlamydia transport medium"/>
        <equivalence value="equivalent"/>
      </target>
    </element>
    <element>
      <code value="CTAD"/>
      <display value="CTAD (this should be spelled out if not universally understood)"/>
      <target>
        <code value="CTAD"/>
        <display value="CTAD (this should be spelled out if not universally understood)"/>
        <equivalence value="equivalent"/>
      </target>
    </element>
    <element>
      <code value="ENT"/>
      <display value="Enteric bacteria transport medium"/>
      <target>
        <code value="ENT"/>
        <display value="Enteric bacteria transport medium"/>
        <equivalence value="equivalent"/>
      </target>
    </element>
    <element>
      <code value="ENT+"/>
      <display value="Enteric plus"/>
      <target>
        <code value="ENT+"/>
        <display value="Enteric plus"/>
        <equivalence value="equivalent"/>
      </target>
    </element>
    <element>
      <code value="JKM"/>
      <display value="Jones Kendrick Medium"/>
      <target>
        <code value="JKM"/>
        <display value="Jones Kendrick Medium"/>
        <equivalence value="equivalent"/>
      </target>
    </element>
    <element>
      <code value="KARN"/>
      <display value="Karnovsky's fixative"/>
      <target>
        <code value="KARN"/>
        <display value="Karnovsky's fixative"/>
        <equivalence value="equivalent"/>
      </target>
    </element>
    <element>
      <code value="LIA"/>
      <display value="Lithium iodoacetate"/>
      <target>
        <code value="LIA"/>
        <display value="Lithium iodoacetate"/>
        <equivalence value="equivalent"/>
      </target>
    </element>
    <element>
      <code value="HEPL"/>
      <display value="Lithium/Li Heparin"/>
      <target>
        <code value="HEPL"/>
        <display value="Lithium/Li Heparin"/>
        <equivalence value="equivalent"/>
      </target>
    </element>
    <element>
      <code value="M4"/>
      <display value="M4"/>
      <target>
        <code value="M4"/>
        <display value="M4"/>
        <equivalence value="equivalent"/>
      </target>
    </element>
    <element>
      <code value="M4RT"/>
      <display value="M4-RT"/>
      <target>
        <code value="M4RT"/>
        <display value="M4-RT"/>
        <equivalence value="equivalent"/>
      </target>
    </element>
    <element>
      <code value="M5"/>
      <display value="M5"/>
      <target>
        <code value="M5"/>
        <display value="M5"/>
        <equivalence value="equivalent"/>
      </target>
    </element>
    <element>
      <code value="MICHTM"/>
      <display value="Michel's transport medium"/>
      <target>
        <code value="MICHTM"/>
        <display value="Michel's transport medium"/>
        <equivalence value="equivalent"/>
      </target>
    </element>
    <element>
      <code value="MMDTM"/>
      <display value="MMD transport medium"/>
      <target>
        <code value="MMDTM"/>
        <display value="MMD transport medium"/>
        <equivalence value="equivalent"/>
      </target>
    </element>
    <element>
      <code value="HNO3"/>
      <display value="Nitric Acid"/>
      <target>
        <code value="HNO3"/>
        <display value="Nitric Acid"/>
        <equivalence value="equivalent"/>
      </target>
    </element>
    <element>
      <code value="NONE"/>
      <display value="None"/>
      <target>
        <code value="NONE"/>
        <display value="None"/>
        <equivalence value="equivalent"/>
      </target>
    </element>
    <element>
      <code value="PAGE"/>
      <display value="Pages's Saline"/>
      <target>
        <code value="PAGE"/>
        <display value="Pages's Saline"/>
        <equivalence value="equivalent"/>
      </target>
    </element>
    <element>
      <code value="PHENOL"/>
      <display value="Phenol"/>
      <target>
        <code value="PHENOL"/>
        <display value="Phenol"/>
        <equivalence value="equivalent"/>
      </target>
    </element>
    <element>
      <code value="KOX"/>
      <display value="Potassium Oxalate"/>
      <target>
        <code value="KOX"/>
        <display value="Potassium Oxalate"/>
        <equivalence value="equivalent"/>
      </target>
    </element>
    <element>
      <code value="EDTK"/>
      <display value="Potassium/K EDTA"/>
      <target>
        <code value="EDTK"/>
        <display value="Potassium/K EDTA"/>
        <equivalence value="equivalent"/>
      </target>
    </element>
    <element>
      <code value="EDTK15"/>
      <display value="Potassium/K EDTA 15%"/>
      <target>
        <code value="EDTK15"/>
        <display value="Potassium/K EDTA 15%"/>
        <equivalence value="equivalent"/>
      </target>
    </element>
    <element>
      <code value="EDTK75"/>
      <display value="Potassium/K EDTA 7.5%"/>
      <target>
        <code value="EDTK75"/>
        <display value="Potassium/K EDTA 7.5%"/>
        <equivalence value="equivalent"/>
      </target>
    </element>
    <element>
      <code value="PVA"/>
      <display value="PVA (polyvinylalcohol)"/>
      <target>
        <code value="PVA"/>
        <display value="PVA (polyvinylalcohol)"/>
        <equivalence value="equivalent"/>
      </target>
    </element>
    <element>
      <code value="RLM"/>
      <display value="Reagan Lowe Medium"/>
      <target>
        <code value="RLM"/>
        <display value="Reagan Lowe Medium"/>
        <equivalence value="equivalent"/>
      </target>
    </element>
    <element>
      <code value="SST"/>
      <display value="Serum Separator Tube (Polymer Gel)"/>
      <target>
        <code value="SST"/>
        <display value="Serum Separator Tube (Polymer Gel)"/>
        <equivalence value="equivalent"/>
      </target>
    </element>
    <element>
      <code value="SILICA"/>
      <display value="Siliceous earth, 12 mg"/>
      <target>
        <code value="SILICA"/>
        <display value="Siliceous earth, 12 mg"/>
        <equivalence value="equivalent"/>
      </target>
    </element>
    <element>
      <code value="NAF"/>
      <display value="Sodium Fluoride"/>
      <target>
        <code value="NAF"/>
        <display value="Sodium Fluoride"/>
        <equivalence value="equivalent"/>
      </target>
    </element>
    <element>
      <code value="FL100"/>
      <display value="Sodium Fluoride, 100mg"/>
      <target>
        <code value="FL100"/>
        <display value="Sodium Fluoride, 100mg"/>
        <equivalence value="equivalent"/>
      </target>
    </element>
    <element>
      <code value="FL10"/>
      <display value="Sodium Fluoride, 10mg"/>
      <target>
        <code value="FL10"/>
        <display value="Sodium Fluoride, 10mg"/>
        <equivalence value="equivalent"/>
      </target>
    </element>
    <element>
      <code value="NAPS"/>
      <display value="Sodium polyanethol sulfonate 0.35% in 0.85% sodium chloride"/>
      <target>
        <code value="NAPS"/>
        <display value="Sodium polyanethol sulfonate 0.35% in 0.85% sodium chloride"/>
        <equivalence value="equivalent"/>
      </target>
    </element>
    <element>
      <code value="HEPN"/>
      <display value="Sodium/Na Heparin"/>
      <target>
        <code value="HEPN"/>
        <display value="Sodium/Na Heparin"/>
        <equivalence value="equivalent"/>
      </target>
    </element>
    <element>
      <code value="EDTN"/>
      <display value="Sodium/Na EDTA"/>
      <target>
        <code value="EDTN"/>
        <display value="Sodium/Na EDTA"/>
        <equivalence value="equivalent"/>
      </target>
    </element>
    <element>
      <code value="SPS"/>
      <display value="SPS(this should be spelled out if not universally understood)"/>
      <target>
        <code value="SPS"/>
        <display value="SPS(this should be spelled out if not universally understood)"/>
        <equivalence value="equivalent"/>
      </target>
    </element>
    <element>
      <code value="STUTM"/>
      <display value="Stuart transport medium"/>
      <target>
        <code value="STUTM"/>
        <display value="Stuart transport medium"/>
        <equivalence value="equivalent"/>
      </target>
    </element>
    <element>
      <code value="THROM"/>
      <display value="Thrombin"/>
      <target>
        <code value="THROM"/>
        <display value="Thrombin"/>
        <equivalence value="equivalent"/>
      </target>
    </element>
    <element>
      <code value="FDP"/>
      <display value="Thrombin NIH; soybean trypsin inhibitor (Fibrin Degradation Products)"/>
      <target>
        <code value="FDP"/>
        <display value="Thrombin NIH; soybean trypsin inhibitor (Fibrin Degradation Products)"/>
        <equivalence value="equivalent"/>
      </target>
    </element>
    <element>
      <code value="THYMOL"/>
      <display value="Thymol"/>
      <target>
        <code value="THYMOL"/>
        <display value="Thymol"/>
        <equivalence value="equivalent"/>
      </target>
    </element>
    <element>
      <code value="THYO"/>
      <display value="Thyoglycollate broth"/>
      <target>
        <code value="THYO"/>
        <display value="Thyoglycollate broth"/>
        <equivalence value="equivalent"/>
      </target>
    </element>
    <element>
      <code value="TOLU"/>
      <display value="Toluene"/>
      <target>
        <code value="TOLU"/>
        <display value="Toluene"/>
        <equivalence value="equivalent"/>
      </target>
    </element>
    <element>
      <code value="URETM"/>
      <display value="Ureaplasma transport medium"/>
      <target>
        <code value="URETM"/>
        <display value="Ureaplasma transport medium"/>
        <equivalence value="equivalent"/>
      </target>
    </element>
    <element>
      <code value="VIRTM"/>
      <display value="Viral Transport medium"/>
      <target>
        <code value="VIRTM"/>
        <display value="Viral Transport medium"/>
        <equivalence value="equivalent"/>
      </target>
    </element>
  </group>
</ConceptMap>