<?xml version="1.0" encoding="UTF-8"?>

<ConceptMap xmlns="http://hl7.org/fhir">
  <id value="table-hl70204-to-v2-0204"/>
  <text>
    <status value="generated"/><div xmlns="http://www.w3.org/1999/xhtml"><p class="res-header-id"><b>Generated Narrative: ConceptMap table-hl70204-to-v2-0204</b></p><a name="table-hl70204-to-v2-0204"> </a><a name="hctable-hl70204-to-v2-0204"> </a><p>Mapping from <a href="http://terminology.hl7.org/6.5.0/ValueSet-v2-0204.html">hl7VS-organizationalNameType</a> to <a href="http://terminology.hl7.org/6.5.0/ValueSet-v2-0204.html">hl7VS-organizationalNameType</a></p><br/><p><b>Group 1 </b>Mapping from <a href="http://terminology.hl7.org/6.5.0/CodeSystem-v2-0204.html">organizationalNameType</a> to <a href="http://terminology.hl7.org/6.5.0/CodeSystem-v2-0204.html">organizationalNameType</a></p><table class="grid"><tr><td><b>Source Code</b></td><td><b>Relationship</b></td><td><b>Target Code</b></td></tr><tr><td>A (Alias name)</td><td><a href="http://hl7.org/fhir/R5/codesystem-concept-map-relationship.html#equivalent" title="equivalent">is equivalent to</a></td><td>A (Alias name)</td></tr><tr><td>L (Legal name)</td><td><a href="http://hl7.org/fhir/R5/codesystem-concept-map-relationship.html#equivalent" title="equivalent">is equivalent to</a></td><td>L (Legal name)</td></tr><tr><td>D (Display name)</td><td><a href="http://hl7.org/fhir/R5/codesystem-concept-map-relationship.html#equivalent" title="equivalent">is equivalent to</a></td><td>D (Display name)</td></tr><tr><td>SL (Stock exchange listing name)</td><td><a href="http://hl7.org/fhir/R5/codesystem-concept-map-relationship.html#equivalent" title="equivalent">is equivalent to</a></td><td>SL (Stock exchange listing name)</td></tr></table></div>
  </text>
  <extension url="http://hl7.org/fhir/uv/v2mappings/StructureDefinition/RelatedArtifact">
    <extension url="type">
      <valueCode value="derived-from"/>
    </extension>
    <extension url="label">
      <valueString value="Table HL70204 to V2 0204.fsh"/>
    </extension>
    <extension url="url">
      <valueUri value="https://docs.google.com/spreadsheets/d/16h7s6tlvAS0vjsbTxHUdAhojioKgK7Jmxxu1rFaDHDc/edit#gid=0"/>
    </extension>
  </extension>
  <extension url="http://hl7.org/fhir/StructureDefinition/structuredefinition-wg">
    <valueCode value="oo"/>
  </extension>
  <extension url="http://hl7.org/fhir/StructureDefinition/structuredefinition-standards-status">
    <valueCode value="informative">
      <extension url="http://hl7.org/fhir/StructureDefinition/structuredefinition-conformance-derivedFrom">
        <valueCanonical value="http://hl7.org/fhir/uv/v2mappings/ImplementationGuide/hl7.fhir.uv.v2mappings"/>
      </extension>
    </valueCode>
  </extension>
  <url value="http://hl7.org/fhir/uv/v2mappings/ConceptMap/table-hl70204-to-v2-0204"/>
  <version value="1.0.0"/>
  <name value="TableHL70204ToV20204"/>
  <title value="Table HL70204 to V2 0204 Map"/>
  <status value="active"/>
  <experimental value="true"/>
  <date value="2025-08-23"/>
  <publisher value="HL7 International / Orders and Observations"/>
  <contact>
    <name value="HL7 Orders and Observations Workgroup"/>
    <telecom>
      <system value="url"/>
      <value value="http://www.hl7.org/Special/committees/orders"/>
    </telecom>
  </contact>
  <description value="This ConceptMap represents a mapping from the HL7 V2 Table HL70204 to the FHIR V2 0204 Value Set."/>
  <jurisdiction>
    <coding>
      <system value="http://unstats.un.org/unsd/methods/m49/m49.htm"/>
      <code value="001"/>
    </coding>
  </jurisdiction>
  <copyright value="Copyright (c) 2025, HL7 International, Inc., All Rights Reserved."/>
  <sourceUri value="http://terminology.hl7.org/ValueSet/v2-0204"/>
  <targetUri value="http://terminology.hl7.org/ValueSet/v2-0204"/>
  <group>
    <source value="http://terminology.hl7.org/CodeSystem/v2-0204"/>
    <target value="http://terminology.hl7.org/CodeSystem/v2-0204"/>
    <element>
      <code value="A"/>
      <display value="Alias name"/>
      <target>
        <code value="A"/>
        <display value="Alias name"/>
        <equivalence value="equivalent"/>
      </target>
    </element>
    <element>
      <code value="L"/>
      <display value="Legal name"/>
      <target>
        <code value="L"/>
        <display value="Legal name"/>
        <equivalence value="equivalent"/>
      </target>
    </element>
    <element>
      <code value="D"/>
      <display value="Display name"/>
      <target>
        <code value="D"/>
        <display value="Display name"/>
        <equivalence value="equivalent"/>
      </target>
    </element>
    <element>
      <code value="SL"/>
      <display value="Stock exchange listing name"/>
      <target>
        <code value="SL"/>
        <display value="Stock exchange listing name"/>
        <equivalence value="equivalent"/>
      </target>
    </element>
  </group>
</ConceptMap>