{
  "resourceType" : "ConceptMap",
  "id" : "segment-aip-to-appointment",
  "text" : {
    "status" : "generated",
    "div" : "<div xmlns=\"http://www.w3.org/1999/xhtml\"><p class=\"res-header-id\"><b>Generated Narrative: ConceptMap segment-aip-to-appointment</b></p><a name=\"segment-aip-to-appointment\"> </a><a name=\"hcsegment-aip-to-appointment\"> </a><p>Mapping from (not specified) to (not specified)</p><br/><p><b>Group 1 </b>Mapping from <code>unspecified code system</code> to <code>unspecified code system</code></p><table class=\"grid\"><tr><td colspan=\"3\"><b>Source Concept Details</b></td><td><b>Relationship</b></td><td colspan=\"2\"><b>Target Concept Details</b></td></tr><tr><td colspan=\"2\"><b>Codes</b> from </td><td><b>ComputableANTLR</b></td><td/><td colspan=\"2\"><b>Codes</b> from </td></tr><tr><td style=\"border-right-width: 0px\">AIP-3</td><td style=\"border-left-width: 0px\">Personnel Resource ID</td><td/><td><a href=\"http://hl7.org/fhir/R5/codesystem-concept-map-relationship.html#equivalent\" title=\"equivalent\">is equivalent to</a></td><td style=\"border-right-width: 0px\">participant.actor[1]</td><td style=\"border-left-width: 0px\">participant.actor[1]</td></tr><tr><td style=\"border-right-width: 0px\">AIP-4</td><td style=\"border-left-width: 0px\">Resource Type</td><td/><td><a href=\"http://hl7.org/fhir/R5/codesystem-concept-map-relationship.html#equivalent\" title=\"equivalent\">is equivalent to</a></td><td style=\"border-right-width: 0px\">participant.type[1]</td><td style=\"border-left-width: 0px\">participant.type[1]</td></tr><tr><td style=\"border-right-width: 0px\">AIP-6</td><td style=\"border-left-width: 0px\">Start Date/Time</td><td/><td><a href=\"http://hl7.org/fhir/R5/codesystem-concept-map-relationship.html#equivalent\" title=\"equivalent\">is equivalent to</a></td><td style=\"border-right-width: 0px\">participant.period.start</td><td style=\"border-left-width: 0px\">participant.period.start</td></tr><tr><td style=\"border-right-width: 0px\">AIP-7</td><td style=\"border-left-width: 0px\">Start Date/Time Offset</td><td>IF AIP-6 NOT VALUED</td><td><a href=\"http://hl7.org/fhir/R5/codesystem-concept-map-relationship.html#equivalent\" title=\"equivalent\">is equivalent to</a></td><td style=\"border-right-width: 0px\">participant.period.start</td><td style=\"border-left-width: 0px\">participant.period.start</td></tr><tr><td style=\"border-right-width: 0px\">AIP-9</td><td style=\"border-left-width: 0px\">Duration</td><td>IF AIP-6 IS VALUED</td><td><a href=\"http://hl7.org/fhir/R5/codesystem-concept-map-relationship.html#equivalent\" title=\"equivalent\">is equivalent to</a></td><td style=\"border-right-width: 0px\">participant.period.end</td><td style=\"border-left-width: 0px\">participant.period.end</td></tr><tr><td style=\"border-right-width: 0px\">AIP-12</td><td style=\"border-left-width: 0px\">Filler Status Code</td><td/><td><a href=\"http://hl7.org/fhir/R5/codesystem-concept-map-relationship.html#equivalent\" title=\"equivalent\">is equivalent to</a></td><td style=\"border-right-width: 0px\">participant.status[1]</td><td style=\"border-left-width: 0px\">participant.status[1]</td></tr></table></div>"
  },
  "extension" : [{
    "extension" : [{
      "url" : "type",
      "valueCode" : "derived-from"
    },
    {
      "url" : "label",
      "valueString" : "Segment AIP to Appointment.fsh"
    },
    {
      "url" : "url",
      "valueUri" : "https://docs.google.com/spreadsheets/d/1xyWdix_ljILp2hGI_pHaYvU-JVc5v7t1z3DmAK2K-o0/edit#gid=0"
    }],
    "url" : "http://hl7.org/fhir/uv/v2mappings/StructureDefinition/RelatedArtifact"
  },
  {
    "url" : "http://hl7.org/fhir/StructureDefinition/structuredefinition-wg",
    "valueCode" : "oo"
  },
  {
    "url" : "http://hl7.org/fhir/StructureDefinition/structuredefinition-standards-status",
    "valueCode" : "informative",
    "_valueCode" : {
      "extension" : [{
        "url" : "http://hl7.org/fhir/StructureDefinition/structuredefinition-conformance-derivedFrom",
        "valueCanonical" : "http://hl7.org/fhir/uv/v2mappings/ImplementationGuide/hl7.fhir.uv.v2mappings"
      }]
    }
  }],
  "url" : "http://hl7.org/fhir/uv/v2mappings/ConceptMap/segment-aip-to-appointment",
  "version" : "1.0.0",
  "name" : "SegmentAIPToAppointment",
  "title" : "Segment AIP to Appointment Map",
  "status" : "active",
  "experimental" : true,
  "date" : "2025-08-23",
  "publisher" : "HL7 International / Orders and Observations",
  "contact" : [{
    "name" : "HL7 Orders and Observations Workgroup",
    "telecom" : [{
      "system" : "url",
      "value" : "http://www.hl7.org/Special/committees/orders"
    }]
  }],
  "description" : "This ConceptMap represents a mapping from the HL7 V2 Segment AIP to the FHIR Appointment Resource.",
  "jurisdiction" : [{
    "coding" : [{
      "system" : "http://unstats.un.org/unsd/methods/m49/m49.htm",
      "code" : "001"
    }]
  }],
  "copyright" : "Copyright (c) 2025, HL7 International, Inc., All Rights Reserved.",
  "group" : [{
    "element" : [{
      "extension" : [{
        "extension" : [{
          "url" : "type",
          "valueCode" : "XCN"
        },
        {
          "url" : "cardinalityMin",
          "valueInteger" : 1
        },
        {
          "url" : "cardinalityMax",
          "valueInteger" : 1
        }],
        "url" : "http://hl7.org/fhir/uv/v2mappings/StructureDefinition/TypeInfo"
      }],
      "code" : "AIP-3",
      "display" : "Personnel Resource ID",
      "target" : [{
        "extension" : [{
          "extension" : [{
            "url" : "type",
            "valueCode" : "Reference(Practitioner)"
          },
          {
            "url" : "cardinalityMin",
            "valueInteger" : 0
          },
          {
            "url" : "cardinalityMax",
            "valueInteger" : 1
          }],
          "url" : "http://hl7.org/fhir/uv/v2mappings/StructureDefinition/TypeInfo"
        }],
        "code" : "participant.actor[1]",
        "display" : "participant.actor[1]",
        "equivalence" : "equivalent"
      }]
    },
    {
      "extension" : [{
        "extension" : [{
          "url" : "type",
          "valueCode" : "CWE"
        },
        {
          "url" : "cardinalityMin",
          "valueInteger" : 1
        },
        {
          "url" : "cardinalityMax",
          "valueInteger" : 1
        }],
        "url" : "http://hl7.org/fhir/uv/v2mappings/StructureDefinition/TypeInfo"
      }],
      "code" : "AIP-4",
      "display" : "Resource Type",
      "target" : [{
        "extension" : [{
          "extension" : [{
            "url" : "type",
            "valueCode" : "CodeableConcept"
          },
          {
            "url" : "cardinalityMin",
            "valueInteger" : 0
          },
          {
            "url" : "cardinalityMax",
            "valueInteger" : -1
          },
          {
            "url" : "assignment",
            "valueString" : "https://www.hl7.org/fhir/valueset-encounter-participant-type.html"
          }],
          "url" : "http://hl7.org/fhir/uv/v2mappings/StructureDefinition/TypeInfo"
        }],
        "code" : "participant.type[1]",
        "display" : "participant.type[1]",
        "equivalence" : "equivalent"
      }]
    },
    {
      "extension" : [{
        "extension" : [{
          "url" : "type",
          "valueCode" : "DTM"
        },
        {
          "url" : "cardinalityMin",
          "valueInteger" : 1
        },
        {
          "url" : "cardinalityMax",
          "valueInteger" : 1
        }],
        "url" : "http://hl7.org/fhir/uv/v2mappings/StructureDefinition/TypeInfo"
      }],
      "code" : "AIP-6",
      "display" : "Start Date/Time",
      "target" : [{
        "code" : "participant.period.start",
        "display" : "participant.period.start",
        "equivalence" : "equivalent"
      }]
    },
    {
      "extension" : [{
        "extension" : [{
          "url" : "type",
          "valueCode" : "NM"
        },
        {
          "url" : "cardinalityMin",
          "valueInteger" : 1
        },
        {
          "url" : "cardinalityMax",
          "valueInteger" : 1
        }],
        "url" : "http://hl7.org/fhir/uv/v2mappings/StructureDefinition/TypeInfo"
      }],
      "code" : "AIP-7",
      "display" : "Start Date/Time Offset",
      "target" : [{
        "extension" : [{
          "extension" : [{
            "url" : "assignment",
            "valueString" : "/.start + AIP-7 according to AIP-8 units/"
          }],
          "url" : "http://hl7.org/fhir/uv/v2mappings/StructureDefinition/TypeInfo"
        }],
        "code" : "participant.period.start",
        "display" : "participant.period.start",
        "equivalence" : "equivalent",
        "dependsOn" : [{
          "property" : "Computable-ANTLR",
          "value" : "IF AIP-6 NOT VALUED"
        }]
      }]
    },
    {
      "extension" : [{
        "extension" : [{
          "url" : "type",
          "valueCode" : "NM"
        },
        {
          "url" : "cardinalityMin",
          "valueInteger" : 1
        },
        {
          "url" : "cardinalityMax",
          "valueInteger" : 1
        }],
        "url" : "http://hl7.org/fhir/uv/v2mappings/StructureDefinition/TypeInfo"
      }],
      "code" : "AIP-9",
      "display" : "Duration",
      "target" : [{
        "extension" : [{
          "extension" : [{
            "url" : "assignment",
            "valueString" : "Appointment.participant.period.start + AIP-9"
          }],
          "url" : "http://hl7.org/fhir/uv/v2mappings/StructureDefinition/TypeInfo"
        }],
        "code" : "participant.period.end",
        "display" : "participant.period.end",
        "equivalence" : "equivalent",
        "dependsOn" : [{
          "property" : "Computable-ANTLR",
          "value" : "IF AIP-6 IS VALUED"
        }]
      }]
    },
    {
      "extension" : [{
        "extension" : [{
          "url" : "type",
          "valueCode" : "CWE"
        },
        {
          "url" : "cardinalityMin",
          "valueInteger" : 1
        },
        {
          "url" : "cardinalityMax",
          "valueInteger" : 1
        }],
        "url" : "http://hl7.org/fhir/uv/v2mappings/StructureDefinition/TypeInfo"
      }],
      "code" : "AIP-12",
      "display" : "Filler Status Code",
      "target" : [{
        "code" : "participant.status[1]",
        "display" : "participant.status[1]",
        "equivalence" : "equivalent"
      }]
    }]
  }]
}