<?xml version="1.0" encoding="UTF-8"?>

<ConceptMap xmlns="http://hl7.org/fhir">
  <id value="segment-obr-to-servicerequest"/>
  <text>
    <status value="generated"/><div xmlns="http://www.w3.org/1999/xhtml"><p class="res-header-id"><b>Generated Narrative: ConceptMap segment-obr-to-servicerequest</b></p><a name="segment-obr-to-servicerequest"> </a><a name="hcsegment-obr-to-servicerequest"> </a><p>Mapping from (not specified) to (not specified)</p><br/><p><b>Group 1 </b>Mapping from <code>unspecified code system</code> to <code>unspecified code system</code></p><table class="grid"><tr><td colspan="5"><b>Source Concept Details</b></td><td><b>Relationship</b></td><td colspan="2"><b>Target Concept Details</b></td><td><b>Comment</b></td></tr><tr><td colspan="2"><b>Codes</b> from </td><td><b>NarrativeCondition</b></td><td><b>ComputableFHIRPath</b></td><td><b>ComputableANTLR</b></td><td/><td colspan="2"><b>Codes</b> from </td><td/></tr><tr><td style="border-right-width: 0px">OBR</td><td style="border-left-width: 0px"/><td/><td/><td/><td><a href="http://hl7.org/fhir/R5/codesystem-concept-map-relationship.html#equivalent" title="equivalent">is equivalent to</a></td><td style="border-right-width: 0px">intent</td><td style="border-left-width: 0px">intent</td><td/></tr><tr><td style="border-right-width: 0px">OBR-2</td><td style="border-left-width: 0px">Placer Order Number</td><td/><td/><td>IF ORC-2 NOT VALUED</td><td><a href="http://hl7.org/fhir/R5/codesystem-concept-map-relationship.html#equivalent" title="equivalent">is equivalent to</a></td><td style="border-right-width: 0px">identifier[1]</td><td style="border-left-width: 0px">identifier[1]</td><td/></tr><tr><td style="border-right-width: 0px">OBR-2</td><td style="border-left-width: 0px">Placer Order Number</td><td/><td/><td>IF ORC-2 NOT VALUED</td><td><a href="http://hl7.org/fhir/R5/codesystem-concept-map-relationship.html#equivalent" title="equivalent">is equivalent to</a></td><td style="border-right-width: 0px">identifier[1].type.coding.code</td><td style="border-left-width: 0px">identifier[1].type.coding.code</td><td/></tr><tr><td style="border-right-width: 0px">OBR-2</td><td style="border-left-width: 0px">Placer Order Number</td><td/><td/><td>IF ORC-2 NOT VALUED</td><td><a href="http://hl7.org/fhir/R5/codesystem-concept-map-relationship.html#equivalent" title="equivalent">is equivalent to</a></td><td style="border-right-width: 0px">identifier[1].type.coding.system</td><td style="border-left-width: 0px">identifier[1].type.coding.system</td><td/></tr><tr><td style="border-right-width: 0px">OBR-3</td><td style="border-left-width: 0px">Filler Order Number</td><td/><td/><td>IF ORC-3 NOT VALUED</td><td><a href="http://hl7.org/fhir/R5/codesystem-concept-map-relationship.html#equivalent" title="equivalent">is equivalent to</a></td><td style="border-right-width: 0px">identifier[2]</td><td style="border-left-width: 0px">identifier[2]</td><td/></tr><tr><td style="border-right-width: 0px">OBR-3</td><td style="border-left-width: 0px">Filler Order Number</td><td/><td/><td>IF ORC-3 NOT VALUED</td><td><a href="http://hl7.org/fhir/R5/codesystem-concept-map-relationship.html#equivalent" title="equivalent">is equivalent to</a></td><td style="border-right-width: 0px">identifier[2].type.coding.code</td><td style="border-left-width: 0px">identifier[2].type.coding.code</td><td/></tr><tr><td style="border-right-width: 0px">OBR-3</td><td style="border-left-width: 0px">Filler Order Number</td><td/><td/><td>IF ORC-3 NOT VALUED</td><td><a href="http://hl7.org/fhir/R5/codesystem-concept-map-relationship.html#equivalent" title="equivalent">is equivalent to</a></td><td style="border-right-width: 0px">identifier[2].type.coding.system</td><td style="border-left-width: 0px">identifier[2].type.coding.system</td><td/></tr><tr><td style="border-right-width: 0px">OBR-4</td><td style="border-left-width: 0px">Universal Service Identifier</td><td/><td/><td/><td><a href="http://hl7.org/fhir/R5/codesystem-concept-map-relationship.html#equivalent" title="equivalent">is equivalent to</a></td><td style="border-right-width: 0px">code</td><td style="border-left-width: 0px">code</td><td/></tr><tr><td style="border-right-width: 0px">OBR-5</td><td style="border-left-width: 0px">Priority</td><td/><td/><td/><td><a href="http://hl7.org/fhir/R5/codesystem-concept-map-relationship.html#equivalent" title="equivalent">is equivalent to</a></td><td style="border-right-width: 0px">priority</td><td style="border-left-width: 0px">priority</td><td/></tr><tr><td style="border-right-width: 0px">OBR-6</td><td style="border-left-width: 0px">Requested Date/Time</td><td/><td/><td/><td><a href="http://hl7.org/fhir/R5/codesystem-concept-map-relationship.html#equivalent" title="equivalent">is equivalent to</a></td><td style="border-right-width: 0px">occurrenceDateTime</td><td style="border-left-width: 0px">occurrenceDateTime</td><td/></tr><tr><td style="border-right-width: 0px">OBR-11</td><td style="border-left-width: 0px">Specimen Action Code</td><td/><td>element(&quot;11&quot;)=&quot;A&quot;</td><td>IF OBR-11 EQUALS &quot;A&quot;</td><td><a href="http://hl7.org/fhir/R5/codesystem-concept-map-relationship.html#equivalent" title="equivalent">is equivalent to</a></td><td style="border-right-width: 0px">intent</td><td style="border-left-width: 0px">intent</td><td/></tr><tr><td style="border-right-width: 0px">OBR-11</td><td style="border-left-width: 0px">Specimen Action Code</td><td/><td>element(&quot;11&quot;)=&quot;G&quot;</td><td>IF OBR-11 EQUALS &quot;G&quot;</td><td><a href="http://hl7.org/fhir/R5/codesystem-concept-map-relationship.html#equivalent" title="equivalent">is equivalent to</a></td><td style="border-right-width: 0px">intent</td><td style="border-left-width: 0px">intent</td><td/></tr><tr><td style="border-right-width: 0px">OBR-11</td><td style="border-left-width: 0px">Specimen Action Code</td><td/><td>element(&quot;11&quot;)! IN (&quot;G&quot;,&quot;A&quot;)</td><td>IF OBR-11 NOT IN (&quot;G&quot;,&quot;A&quot;)</td><td><a href="http://hl7.org/fhir/R5/codesystem-concept-map-relationship.html#equivalent" title="equivalent">is equivalent to</a></td><td style="border-right-width: 0px">intent</td><td style="border-left-width: 0px">intent</td><td/></tr><tr><td style="border-right-width: 0px">OBR-13</td><td style="border-left-width: 0px">Relevant Clinical Information</td><td>If this does not represent fasting status</td><td/><td/><td><a href="http://hl7.org/fhir/R5/codesystem-concept-map-relationship.html#equivalent" title="equivalent">is equivalent to</a></td><td style="border-right-width: 0px">extension[1].url</td><td style="border-left-width: 0px">extension[1].url</td><td>If desired, implementers could map to supportingInfo using the Observation or other references if they know exactly what it is and have the relevant resource.code values to add.</td></tr><tr><td style="border-right-width: 0px">OBR-13</td><td style="border-left-width: 0px">Relevant Clinical Information</td><td>If this does not represent fasting status</td><td/><td/><td><a href="http://hl7.org/fhir/R5/codesystem-concept-map-relationship.html#equivalent" title="equivalent">is equivalent to</a></td><td style="border-right-width: 0px">extension[1].valueCodeableReference.concept</td><td style="border-left-width: 0px">extension[1].valueCodeableReference.concept</td><td/></tr><tr><td style="border-right-width: 0px">OBR-16</td><td style="border-left-width: 0px">Ordering Provider</td><td/><td/><td>IF ORC-12 NOT VALUED</td><td><a href="http://hl7.org/fhir/R5/codesystem-concept-map-relationship.html#equivalent" title="equivalent">is equivalent to</a></td><td style="border-right-width: 0px">requester(Practitioner)</td><td style="border-left-width: 0px">requester(Practitioner)</td><td/></tr><tr><td style="border-right-width: 0px">OBR-17</td><td style="border-left-width: 0px">Order Callback Phone Number</td><td/><td/><td/><td><a href="http://hl7.org/fhir/R5/codesystem-concept-map-relationship.html#equivalent" title="equivalent">is equivalent to</a></td><td style="border-right-width: 0px">requester.extension[1].url</td><td style="border-left-width: 0px">requester.extension[1].url</td><td>&quot;http://hl7.org/fhir/StructureDefinition/servicerequest-order-callback-phone-number&quot;</td></tr><tr><td style="border-right-width: 0px">OBR-17</td><td style="border-left-width: 0px">Order Callback Phone Number</td><td/><td/><td/><td><a href="http://hl7.org/fhir/R5/codesystem-concept-map-relationship.html#equivalent" title="equivalent">is equivalent to</a></td><td style="border-right-width: 0px">requester.extension[1].valueContactPoint</td><td style="border-left-width: 0px">requester.extension[1].valueContactPoint</td><td/></tr><tr><td style="border-right-width: 0px">OBR-27</td><td style="border-left-width: 0px">Quantity/Timing</td><td/><td/><td>IF ORC-7 NOT VALUED AND ORC-6 NOT VALUED</td><td><a href="http://hl7.org/fhir/R5/codesystem-concept-map-relationship.html#equivalent" title="equivalent">is equivalent to</a></td><td style="border-right-width: 0px">$this</td><td style="border-left-width: 0px">$this</td><td/></tr><tr><td style="border-right-width: 0px">OBR-29</td><td style="border-left-width: 0px">ParentResults Observation Identifier</td><td>If OBR-29.2 is also valued, implementation needs to decide which one to use.</td><td/><td>IF OBR-29.1 VALUED AND OBR-50 NOT VALUED</td><td><a href="http://hl7.org/fhir/R5/codesystem-concept-map-relationship.html#equivalent" title="equivalent">is equivalent to</a></td><td style="border-right-width: 0px">basedOn[1].identifier</td><td style="border-left-width: 0px">basedOn[1].identifier</td><td/></tr><tr><td style="border-right-width: 0px">OBR-29</td><td style="border-left-width: 0px">ParentResults Observation Identifier</td><td>If OBR-29.2 is also valued, implementation needs to decide which one to use.</td><td/><td>IF OBR-29.1 VALUED AND OBR-50 NOT VALUED</td><td><a href="http://hl7.org/fhir/R5/codesystem-concept-map-relationship.html#equivalent" title="equivalent">is equivalent to</a></td><td style="border-right-width: 0px">basedOn[1].type</td><td style="border-left-width: 0px">basedOn[1].type</td><td/></tr><tr><td style="border-right-width: 0px">OBR-29</td><td style="border-left-width: 0px">ParentResults Observation Identifier</td><td>If OBR-29.1 is also valued, implementation needs to decide which one to use.</td><td/><td>IF OBR-29.2 VALUED AND OBR-50 NOT VALUED</td><td><a href="http://hl7.org/fhir/R5/codesystem-concept-map-relationship.html#equivalent" title="equivalent">is equivalent to</a></td><td style="border-right-width: 0px">basedOn[2].identifier</td><td style="border-left-width: 0px">basedOn[2].identifier</td><td/></tr><tr><td style="border-right-width: 0px">OBR-29</td><td style="border-left-width: 0px">ParentResults Observation Identifier</td><td>If OBR-29.1 is also valued, implementation needs to decide which one to use.</td><td/><td>IF OBR-29.2 VALUED AND OBR-50 NOT VALUED</td><td><a href="http://hl7.org/fhir/R5/codesystem-concept-map-relationship.html#equivalent" title="equivalent">is equivalent to</a></td><td style="border-right-width: 0px">basedOn[2].type</td><td style="border-left-width: 0px">basedOn[2].type</td><td/></tr><tr><td style="border-right-width: 0px">OBR-31</td><td style="border-left-width: 0px">Reason for Study</td><td/><td/><td/><td><a href="http://hl7.org/fhir/R5/codesystem-concept-map-relationship.html#equivalent" title="equivalent">is equivalent to</a></td><td style="border-right-width: 0px">reasonCode</td><td style="border-left-width: 0px">reasonCode</td><td/></tr><tr><td style="border-right-width: 0px">OBR-46</td><td style="border-left-width: 0px">Placer Supplemental Service Information</td><td/><td/><td/><td><a href="http://hl7.org/fhir/R5/codesystem-concept-map-relationship.html#equivalent" title="equivalent">is equivalent to</a></td><td style="border-right-width: 0px">orderDetail[1]</td><td style="border-left-width: 0px">orderDetail[1]</td><td/></tr><tr><td style="border-right-width: 0px">OBR-47</td><td style="border-left-width: 0px">Filler Supplemental Service Information</td><td/><td/><td/><td><a href="http://hl7.org/fhir/R5/codesystem-concept-map-relationship.html#equivalent" title="equivalent">is equivalent to</a></td><td style="border-right-width: 0px">orderDetail[2]</td><td style="border-left-width: 0px">orderDetail[2]</td><td/></tr><tr><td style="border-right-width: 0px">OBR-53</td><td style="border-left-width: 0px">Alternate Placer Order Number</td><td/><td/><td/><td><a href="http://hl7.org/fhir/R5/codesystem-concept-map-relationship.html#equivalent" title="equivalent">is equivalent to</a></td><td style="border-right-width: 0px">identifier[3]</td><td style="border-left-width: 0px">identifier[3]</td><td/></tr><tr><td style="border-right-width: 0px">OBR-53</td><td style="border-left-width: 0px">Alternate Placer Order Number</td><td/><td/><td/><td><a href="http://hl7.org/fhir/R5/codesystem-concept-map-relationship.html#equivalent" title="equivalent">is equivalent to</a></td><td style="border-right-width: 0px">identifier[3].type.coding.code</td><td style="border-left-width: 0px">identifier[3].type.coding.code</td><td/></tr><tr><td style="border-right-width: 0px">OBR-53</td><td style="border-left-width: 0px">Alternate Placer Order Number</td><td/><td/><td/><td><a href="http://hl7.org/fhir/R5/codesystem-concept-map-relationship.html#equivalent" title="equivalent">is equivalent to</a></td><td style="border-right-width: 0px">identifier[3].type.coding.system</td><td style="border-left-width: 0px">identifier[3].type.coding.system</td><td/></tr></table></div>
  </text>
  <extension url="http://hl7.org/fhir/uv/v2mappings/StructureDefinition/RelatedArtifact">
    <extension url="type">
      <valueCode value="derived-from"/>
    </extension>
    <extension url="label">
      <valueString value="Segment OBR to ServiceRequest.fsh"/>
    </extension>
    <extension url="url">
      <valueUri value="https://docs.google.com/spreadsheets/d/1SW1j6qBHTbXJu4W56GCGMtO03ln3Z8ohyG9wY-AOX90/edit#gid=0"/>
    </extension>
  </extension>
  <extension url="http://hl7.org/fhir/StructureDefinition/structuredefinition-wg">
    <valueCode value="oo"/>
  </extension>
  <extension url="http://hl7.org/fhir/StructureDefinition/structuredefinition-standards-status">
    <valueCode value="informative">
      <extension url="http://hl7.org/fhir/StructureDefinition/structuredefinition-conformance-derivedFrom">
        <valueCanonical value="http://hl7.org/fhir/uv/v2mappings/ImplementationGuide/hl7.fhir.uv.v2mappings"/>
      </extension>
    </valueCode>
  </extension>
  <url value="http://hl7.org/fhir/uv/v2mappings/ConceptMap/segment-obr-to-servicerequest"/>
  <version value="1.0.0"/>
  <name value="SegmentOBRToServiceRequest"/>
  <title value="Segment OBR to ServiceRequest Map"/>
  <status value="active"/>
  <experimental value="true"/>
  <date value="2025-08-23"/>
  <publisher value="HL7 International / Orders and Observations"/>
  <contact>
    <name value="HL7 Orders and Observations Workgroup"/>
    <telecom>
      <system value="url"/>
      <value value="http://www.hl7.org/Special/committees/orders"/>
    </telecom>
  </contact>
  <description value="This ConceptMap represents a mapping from the HL7 V2 Segment OBR to the FHIR ServiceRequest Resource."/>
  <jurisdiction>
    <coding>
      <system value="http://unstats.un.org/unsd/methods/m49/m49.htm"/>
      <code value="001"/>
    </coding>
  </jurisdiction>
  <copyright value="Copyright (c) 2025, HL7 International, Inc., All Rights Reserved."/>
  <group>
    <element>
      <code value="OBR"/>
      <target>
        <extension url="http://hl7.org/fhir/uv/v2mappings/StructureDefinition/TypeInfo">
          <extension url="assignment">
            <valueString value="&quot;order&quot;"/>
          </extension>
        </extension>
        <code value="intent"/>
        <display value="intent"/>
        <equivalence value="equivalent"/>
      </target>
    </element>
    <element>
      <extension url="http://hl7.org/fhir/uv/v2mappings/StructureDefinition/TypeInfo">
        <extension url="type">
          <valueCode value="EI"/>
        </extension>
        <extension url="cardinalityMin">
          <valueInteger value="1"/>
        </extension>
        <extension url="cardinalityMax">
          <valueInteger value="1"/>
        </extension>
      </extension>
      <code value="OBR-2"/>
      <display value="Placer Order Number"/>
      <target>
        <extension url="http://hl7.org/fhir/uv/v2mappings/StructureDefinition/TypeInfo">
          <extension url="type">
            <valueCode value="Identifier"/>
          </extension>
          <extension url="cardinalityMin">
            <valueInteger value="0"/>
          </extension>
          <extension url="cardinalityMax">
            <valueInteger value="-1"/>
          </extension>
        </extension>
        <code value="identifier[1]"/>
        <display value="identifier[1]"/>
        <equivalence value="equivalent"/>
        <dependsOn>
          <property value="Computable-ANTLR"/>
          <value value="IF ORC-2 NOT VALUED"/>
        </dependsOn>
      </target>
    </element>
    <element>
      <extension url="http://hl7.org/fhir/uv/v2mappings/StructureDefinition/TypeInfo">
        <extension url="type">
          <valueCode value="EI"/>
        </extension>
        <extension url="cardinalityMin">
          <valueInteger value="1"/>
        </extension>
        <extension url="cardinalityMax">
          <valueInteger value="1"/>
        </extension>
      </extension>
      <code value="OBR-2"/>
      <display value="Placer Order Number"/>
      <target>
        <extension url="http://hl7.org/fhir/uv/v2mappings/StructureDefinition/TypeInfo">
          <extension url="type">
            <valueCode value="code"/>
          </extension>
          <extension url="cardinalityMin">
            <valueInteger value="0"/>
          </extension>
          <extension url="cardinalityMax">
            <valueInteger value="1"/>
          </extension>
          <extension url="assignment">
            <valueString value="&quot;PLAC&quot;"/>
          </extension>
        </extension>
        <code value="identifier[1].type.coding.code"/>
        <display value="identifier[1].type.coding.code"/>
        <equivalence value="equivalent"/>
        <dependsOn>
          <property value="Computable-ANTLR"/>
          <value value="IF ORC-2 NOT VALUED"/>
        </dependsOn>
      </target>
    </element>
    <element>
      <extension url="http://hl7.org/fhir/uv/v2mappings/StructureDefinition/TypeInfo">
        <extension url="type">
          <valueCode value="EI"/>
        </extension>
        <extension url="cardinalityMin">
          <valueInteger value="1"/>
        </extension>
        <extension url="cardinalityMax">
          <valueInteger value="1"/>
        </extension>
      </extension>
      <code value="OBR-2"/>
      <display value="Placer Order Number"/>
      <target>
        <extension url="http://hl7.org/fhir/uv/v2mappings/StructureDefinition/TypeInfo">
          <extension url="type">
            <valueCode value="uri"/>
          </extension>
          <extension url="cardinalityMin">
            <valueInteger value="0"/>
          </extension>
          <extension url="cardinalityMax">
            <valueInteger value="1"/>
          </extension>
          <extension url="assignment">
            <valueString value="&quot;http://terminology.hl7.org/CodeSystem/v2-0203&quot;"/>
          </extension>
        </extension>
        <code value="identifier[1].type.coding.system"/>
        <display value="identifier[1].type.coding.system"/>
        <equivalence value="equivalent"/>
        <dependsOn>
          <property value="Computable-ANTLR"/>
          <value value="IF ORC-2 NOT VALUED"/>
        </dependsOn>
      </target>
    </element>
    <element>
      <extension url="http://hl7.org/fhir/uv/v2mappings/StructureDefinition/TypeInfo">
        <extension url="type">
          <valueCode value="EI"/>
        </extension>
        <extension url="cardinalityMin">
          <valueInteger value="1"/>
        </extension>
        <extension url="cardinalityMax">
          <valueInteger value="1"/>
        </extension>
      </extension>
      <code value="OBR-3"/>
      <display value="Filler Order Number"/>
      <target>
        <extension url="http://hl7.org/fhir/uv/v2mappings/StructureDefinition/TypeInfo">
          <extension url="type">
            <valueCode value="Identifier"/>
          </extension>
          <extension url="cardinalityMin">
            <valueInteger value="0"/>
          </extension>
          <extension url="cardinalityMax">
            <valueInteger value="-1"/>
          </extension>
        </extension>
        <code value="identifier[2]"/>
        <display value="identifier[2]"/>
        <equivalence value="equivalent"/>
        <dependsOn>
          <property value="Computable-ANTLR"/>
          <value value="IF ORC-3 NOT VALUED"/>
        </dependsOn>
      </target>
    </element>
    <element>
      <extension url="http://hl7.org/fhir/uv/v2mappings/StructureDefinition/TypeInfo">
        <extension url="type">
          <valueCode value="EI"/>
        </extension>
        <extension url="cardinalityMin">
          <valueInteger value="1"/>
        </extension>
        <extension url="cardinalityMax">
          <valueInteger value="1"/>
        </extension>
      </extension>
      <code value="OBR-3"/>
      <display value="Filler Order Number"/>
      <target>
        <extension url="http://hl7.org/fhir/uv/v2mappings/StructureDefinition/TypeInfo">
          <extension url="type">
            <valueCode value="code"/>
          </extension>
          <extension url="cardinalityMin">
            <valueInteger value="0"/>
          </extension>
          <extension url="cardinalityMax">
            <valueInteger value="1"/>
          </extension>
          <extension url="assignment">
            <valueString value="&quot;FILL&quot;"/>
          </extension>
        </extension>
        <code value="identifier[2].type.coding.code"/>
        <display value="identifier[2].type.coding.code"/>
        <equivalence value="equivalent"/>
        <dependsOn>
          <property value="Computable-ANTLR"/>
          <value value="IF ORC-3 NOT VALUED"/>
        </dependsOn>
      </target>
    </element>
    <element>
      <extension url="http://hl7.org/fhir/uv/v2mappings/StructureDefinition/TypeInfo">
        <extension url="type">
          <valueCode value="EI"/>
        </extension>
        <extension url="cardinalityMin">
          <valueInteger value="1"/>
        </extension>
        <extension url="cardinalityMax">
          <valueInteger value="1"/>
        </extension>
      </extension>
      <code value="OBR-3"/>
      <display value="Filler Order Number"/>
      <target>
        <extension url="http://hl7.org/fhir/uv/v2mappings/StructureDefinition/TypeInfo">
          <extension url="type">
            <valueCode value="uri"/>
          </extension>
          <extension url="cardinalityMin">
            <valueInteger value="0"/>
          </extension>
          <extension url="cardinalityMax">
            <valueInteger value="1"/>
          </extension>
          <extension url="assignment">
            <valueString value="&quot;http://terminology.hl7.org/CodeSystem/v2-0203&quot;"/>
          </extension>
        </extension>
        <code value="identifier[2].type.coding.system"/>
        <display value="identifier[2].type.coding.system"/>
        <equivalence value="equivalent"/>
        <dependsOn>
          <property value="Computable-ANTLR"/>
          <value value="IF ORC-3 NOT VALUED"/>
        </dependsOn>
      </target>
    </element>
    <element>
      <extension url="http://hl7.org/fhir/uv/v2mappings/StructureDefinition/TypeInfo">
        <extension url="type">
          <valueCode value="CWE"/>
        </extension>
        <extension url="cardinalityMin">
          <valueInteger value="1"/>
        </extension>
        <extension url="cardinalityMax">
          <valueInteger value="1"/>
        </extension>
      </extension>
      <code value="OBR-4"/>
      <display value="Universal Service Identifier"/>
      <target>
        <extension url="http://hl7.org/fhir/uv/v2mappings/StructureDefinition/TypeInfo">
          <extension url="type">
            <valueCode value="CodeableConcept"/>
          </extension>
          <extension url="cardinalityMin">
            <valueInteger value="0"/>
          </extension>
          <extension url="cardinalityMax">
            <valueInteger value="1"/>
          </extension>
        </extension>
        <code value="code"/>
        <display value="code"/>
        <equivalence value="equivalent"/>
      </target>
    </element>
    <element>
      <extension url="http://hl7.org/fhir/uv/v2mappings/StructureDefinition/TypeInfo">
        <extension url="type">
          <valueCode value="ID"/>
        </extension>
        <extension url="cardinalityMin">
          <valueInteger value="1"/>
        </extension>
        <extension url="cardinalityMax">
          <valueInteger value="1"/>
        </extension>
      </extension>
      <code value="OBR-5"/>
      <display value="Priority"/>
      <target>
        <extension url="http://hl7.org/fhir/uv/v2mappings/StructureDefinition/TypeInfo">
          <extension url="type">
            <valueCode value="code"/>
          </extension>
          <extension url="cardinalityMin">
            <valueInteger value="0"/>
          </extension>
          <extension url="cardinalityMax">
            <valueInteger value="1"/>
          </extension>
          <extension url="mappedVia">
            <valueUrl value="ConceptMap/table-hl70485-to-request-priority"/>
          </extension>
        </extension>
        <code value="priority"/>
        <display value="priority"/>
        <equivalence value="equivalent"/>
      </target>
    </element>
    <element>
      <extension url="http://hl7.org/fhir/uv/v2mappings/StructureDefinition/TypeInfo">
        <extension url="type">
          <valueCode value="TS"/>
        </extension>
        <extension url="cardinalityMin">
          <valueInteger value="1"/>
        </extension>
        <extension url="cardinalityMax">
          <valueInteger value="1"/>
        </extension>
      </extension>
      <code value="OBR-6"/>
      <display value="Requested Date/Time"/>
      <target>
        <extension url="http://hl7.org/fhir/uv/v2mappings/StructureDefinition/TypeInfo">
          <extension url="type">
            <valueCode value="dateTime"/>
          </extension>
          <extension url="cardinalityMin">
            <valueInteger value="0"/>
          </extension>
          <extension url="cardinalityMax">
            <valueInteger value="1"/>
          </extension>
        </extension>
        <code value="occurrenceDateTime"/>
        <display value="occurrenceDateTime"/>
        <equivalence value="equivalent"/>
      </target>
    </element>
    <element>
      <extension url="http://hl7.org/fhir/uv/v2mappings/StructureDefinition/TypeInfo">
        <extension url="type">
          <valueCode value="ID"/>
        </extension>
        <extension url="cardinalityMin">
          <valueInteger value="1"/>
        </extension>
        <extension url="cardinalityMax">
          <valueInteger value="1"/>
        </extension>
      </extension>
      <code value="OBR-11"/>
      <display value="Specimen Action Code"/>
      <target>
        <extension url="http://hl7.org/fhir/uv/v2mappings/StructureDefinition/TypeInfo">
          <extension url="assignment">
            <valueString value="&quot;#add-on#&quot;"/>
          </extension>
        </extension>
        <code value="intent"/>
        <display value="intent"/>
        <equivalence value="equivalent"/>
        <dependsOn>
          <property value="Computable-ANTLR"/>
          <value value="IF OBR-11 EQUALS &quot;A&quot;"/>
        </dependsOn>
        <dependsOn>
          <property value="Computable-FHIRPath"/>
          <value value="element(&quot;11&quot;)=&quot;A&quot;"/>
        </dependsOn>
      </target>
    </element>
    <element>
      <extension url="http://hl7.org/fhir/uv/v2mappings/StructureDefinition/TypeInfo">
        <extension url="type">
          <valueCode value="ID"/>
        </extension>
        <extension url="cardinalityMin">
          <valueInteger value="1"/>
        </extension>
        <extension url="cardinalityMax">
          <valueInteger value="1"/>
        </extension>
      </extension>
      <code value="OBR-11"/>
      <display value="Specimen Action Code"/>
      <target>
        <extension url="http://hl7.org/fhir/uv/v2mappings/StructureDefinition/TypeInfo">
          <extension url="type">
            <valueCode value="code"/>
          </extension>
          <extension url="cardinalityMin">
            <valueInteger value="1"/>
          </extension>
          <extension url="cardinalityMax">
            <valueInteger value="1"/>
          </extension>
          <extension url="assignment">
            <valueString value="&quot;reflex-order&quot;"/>
          </extension>
        </extension>
        <code value="intent"/>
        <display value="intent"/>
        <equivalence value="equivalent"/>
        <dependsOn>
          <property value="Computable-ANTLR"/>
          <value value="IF OBR-11 EQUALS &quot;G&quot;"/>
        </dependsOn>
        <dependsOn>
          <property value="Computable-FHIRPath"/>
          <value value="element(&quot;11&quot;)=&quot;G&quot;"/>
        </dependsOn>
      </target>
    </element>
    <element>
      <extension url="http://hl7.org/fhir/uv/v2mappings/StructureDefinition/TypeInfo">
        <extension url="type">
          <valueCode value="ID"/>
        </extension>
        <extension url="cardinalityMin">
          <valueInteger value="1"/>
        </extension>
        <extension url="cardinalityMax">
          <valueInteger value="1"/>
        </extension>
      </extension>
      <code value="OBR-11"/>
      <display value="Specimen Action Code"/>
      <target>
        <extension url="http://hl7.org/fhir/uv/v2mappings/StructureDefinition/TypeInfo">
          <extension url="assignment">
            <valueString value="&quot;order&quot;"/>
          </extension>
        </extension>
        <code value="intent"/>
        <display value="intent"/>
        <equivalence value="equivalent"/>
        <dependsOn>
          <property value="Computable-ANTLR"/>
          <value value="IF OBR-11 NOT IN (&quot;G&quot;,&quot;A&quot;)"/>
        </dependsOn>
        <dependsOn>
          <property value="Computable-FHIRPath"/>
          <value value="element(&quot;11&quot;)! IN (&quot;G&quot;,&quot;A&quot;)"/>
        </dependsOn>
      </target>
    </element>
    <element>
      <extension url="http://hl7.org/fhir/uv/v2mappings/StructureDefinition/TypeInfo">
        <extension url="type">
          <valueCode value="CWE"/>
        </extension>
        <extension url="cardinalityMin">
          <valueInteger value="-1"/>
        </extension>
        <extension url="cardinalityMax">
          <valueInteger value="-1"/>
        </extension>
      </extension>
      <code value="OBR-13"/>
      <display value="Relevant Clinical Information"/>
      <target>
        <extension url="http://hl7.org/fhir/uv/v2mappings/StructureDefinition/TypeInfo">
          <extension url="type">
            <valueCode value="uri"/>
          </extension>
          <extension url="cardinalityMin">
            <valueInteger value="0"/>
          </extension>
          <extension url="cardinalityMax">
            <valueInteger value="-1"/>
          </extension>
          <extension url="assignment">
            <valueString value="&quot;http://hl7.org/fhir/5.0/StructureDefinition/extension-ServiceRequest.supportingInfo&quot;"/>
          </extension>
        </extension>
        <code value="extension[1].url"/>
        <display value="extension[1].url"/>
        <equivalence value="equivalent"/>
        <comment value="If desired, implementers could map to supportingInfo using the Observation or other references if they know exactly what it is and have the relevant resource.code values to add."/>
        <dependsOn>
          <property value="Narrative-Condition"/>
          <value value="If this does not represent fasting status"/>
        </dependsOn>
      </target>
    </element>
    <element>
      <extension url="http://hl7.org/fhir/uv/v2mappings/StructureDefinition/TypeInfo">
        <extension url="type">
          <valueCode value="CWE"/>
        </extension>
        <extension url="cardinalityMin">
          <valueInteger value="-1"/>
        </extension>
        <extension url="cardinalityMax">
          <valueInteger value="-1"/>
        </extension>
      </extension>
      <code value="OBR-13"/>
      <display value="Relevant Clinical Information"/>
      <target>
        <extension url="http://hl7.org/fhir/uv/v2mappings/StructureDefinition/TypeInfo">
          <extension url="type">
            <valueCode value="CodeableReference(Any)"/>
          </extension>
          <extension url="cardinalityMin">
            <valueInteger value="0"/>
          </extension>
          <extension url="cardinalityMax">
            <valueInteger value="-1"/>
          </extension>
        </extension>
        <code value="extension[1].valueCodeableReference.concept"/>
        <display value="extension[1].valueCodeableReference.concept"/>
        <equivalence value="equivalent"/>
        <dependsOn>
          <property value="Narrative-Condition"/>
          <value value="If this does not represent fasting status"/>
        </dependsOn>
      </target>
    </element>
    <element>
      <extension url="http://hl7.org/fhir/uv/v2mappings/StructureDefinition/TypeInfo">
        <extension url="type">
          <valueCode value="XCN"/>
        </extension>
        <extension url="cardinalityMin">
          <valueInteger value="-1"/>
        </extension>
        <extension url="cardinalityMax">
          <valueInteger value="-1"/>
        </extension>
      </extension>
      <code value="OBR-16"/>
      <display value="Ordering Provider"/>
      <target>
        <extension url="http://hl7.org/fhir/uv/v2mappings/StructureDefinition/TypeInfo">
          <extension url="type">
            <valueCode value="Reference(Practitioner)"/>
          </extension>
          <extension url="cardinalityMin">
            <valueInteger value="0"/>
          </extension>
          <extension url="cardinalityMax">
            <valueInteger value="1"/>
          </extension>
        </extension>
        <code value="requester(Practitioner)"/>
        <display value="requester(Practitioner)"/>
        <equivalence value="equivalent"/>
        <dependsOn>
          <property value="Computable-ANTLR"/>
          <value value="IF ORC-12 NOT VALUED"/>
        </dependsOn>
      </target>
    </element>
    <element>
      <extension url="http://hl7.org/fhir/uv/v2mappings/StructureDefinition/TypeInfo">
        <extension url="type">
          <valueCode value="XTN"/>
        </extension>
        <extension url="cardinalityMin">
          <valueInteger value="2"/>
        </extension>
        <extension url="cardinalityMax">
          <valueInteger value="2"/>
        </extension>
      </extension>
      <code value="OBR-17"/>
      <display value="Order Callback Phone Number"/>
      <target>
        <extension url="http://hl7.org/fhir/uv/v2mappings/StructureDefinition/TypeInfo">
          <extension url="type">
            <valueCode value="uri"/>
          </extension>
          <extension url="cardinalityMin">
            <valueInteger value="0"/>
          </extension>
          <extension url="cardinalityMax">
            <valueInteger value="1"/>
          </extension>
        </extension>
        <code value="requester.extension[1].url"/>
        <display value="requester.extension[1].url"/>
        <equivalence value="equivalent"/>
        <comment value="&quot;http://hl7.org/fhir/StructureDefinition/servicerequest-order-callback-phone-number&quot;"/>
      </target>
    </element>
    <element>
      <extension url="http://hl7.org/fhir/uv/v2mappings/StructureDefinition/TypeInfo">
        <extension url="type">
          <valueCode value="XTN"/>
        </extension>
        <extension url="cardinalityMin">
          <valueInteger value="2"/>
        </extension>
        <extension url="cardinalityMax">
          <valueInteger value="2"/>
        </extension>
      </extension>
      <code value="OBR-17"/>
      <display value="Order Callback Phone Number"/>
      <target>
        <extension url="http://hl7.org/fhir/uv/v2mappings/StructureDefinition/TypeInfo">
          <extension url="type">
            <valueCode value="ContactPoint"/>
          </extension>
          <extension url="cardinalityMin">
            <valueInteger value="0"/>
          </extension>
          <extension url="cardinalityMax">
            <valueInteger value="1"/>
          </extension>
        </extension>
        <code value="requester.extension[1].valueContactPoint"/>
        <display value="requester.extension[1].valueContactPoint"/>
        <equivalence value="equivalent"/>
      </target>
    </element>
    <element>
      <extension url="http://hl7.org/fhir/uv/v2mappings/StructureDefinition/TypeInfo">
        <extension url="type">
          <valueCode value="TQ"/>
        </extension>
        <extension url="cardinalityMin">
          <valueInteger value="-1"/>
        </extension>
        <extension url="cardinalityMax">
          <valueInteger value="-1"/>
        </extension>
      </extension>
      <code value="OBR-27"/>
      <display value="Quantity/Timing"/>
      <target>
        <code value="$this"/>
        <display value="$this"/>
        <equivalence value="equivalent"/>
        <dependsOn>
          <property value="Computable-ANTLR"/>
          <value value="IF ORC-7 NOT VALUED AND ORC-6 NOT VALUED"/>
        </dependsOn>
      </target>
    </element>
    <element>
      <extension url="http://hl7.org/fhir/uv/v2mappings/StructureDefinition/TypeInfo">
        <extension url="type">
          <valueCode value="EIP"/>
        </extension>
        <extension url="cardinalityMin">
          <valueInteger value="1"/>
        </extension>
        <extension url="cardinalityMax">
          <valueInteger value="1"/>
        </extension>
      </extension>
      <code value="OBR-29"/>
      <display value="ParentResults Observation Identifier"/>
      <target>
        <extension url="http://hl7.org/fhir/uv/v2mappings/StructureDefinition/TypeInfo">
          <extension url="type">
            <valueCode value="identifier"/>
          </extension>
          <extension url="cardinalityMin">
            <valueInteger value="0"/>
          </extension>
          <extension url="cardinalityMax">
            <valueInteger value="-1"/>
          </extension>
        </extension>
        <code value="basedOn[1].identifier"/>
        <display value="basedOn[1].identifier"/>
        <equivalence value="equivalent"/>
        <dependsOn>
          <property value="Computable-ANTLR"/>
          <value value="IF OBR-29.1 VALUED AND OBR-50 NOT VALUED"/>
        </dependsOn>
        <dependsOn>
          <property value="Narrative-Condition"/>
          <value value="If OBR-29.2 is also valued, implementation needs to decide which one to use."/>
        </dependsOn>
      </target>
    </element>
    <element>
      <extension url="http://hl7.org/fhir/uv/v2mappings/StructureDefinition/TypeInfo">
        <extension url="type">
          <valueCode value="EIP"/>
        </extension>
        <extension url="cardinalityMin">
          <valueInteger value="1"/>
        </extension>
        <extension url="cardinalityMax">
          <valueInteger value="1"/>
        </extension>
      </extension>
      <code value="OBR-29"/>
      <display value="ParentResults Observation Identifier"/>
      <target>
        <extension url="http://hl7.org/fhir/uv/v2mappings/StructureDefinition/TypeInfo">
          <extension url="type">
            <valueCode value="uri"/>
          </extension>
          <extension url="cardinalityMin">
            <valueInteger value="0"/>
          </extension>
          <extension url="cardinalityMax">
            <valueInteger value="-1"/>
          </extension>
          <extension url="assignment">
            <valueString value="&quot;ServiceRequest&quot;"/>
          </extension>
        </extension>
        <code value="basedOn[1].type"/>
        <display value="basedOn[1].type"/>
        <equivalence value="equivalent"/>
        <dependsOn>
          <property value="Computable-ANTLR"/>
          <value value="IF OBR-29.1 VALUED AND OBR-50 NOT VALUED"/>
        </dependsOn>
        <dependsOn>
          <property value="Narrative-Condition"/>
          <value value="If OBR-29.2 is also valued, implementation needs to decide which one to use."/>
        </dependsOn>
      </target>
    </element>
    <element>
      <extension url="http://hl7.org/fhir/uv/v2mappings/StructureDefinition/TypeInfo">
        <extension url="type">
          <valueCode value="EIP"/>
        </extension>
        <extension url="cardinalityMin">
          <valueInteger value="1"/>
        </extension>
        <extension url="cardinalityMax">
          <valueInteger value="1"/>
        </extension>
      </extension>
      <code value="OBR-29"/>
      <display value="ParentResults Observation Identifier"/>
      <target>
        <extension url="http://hl7.org/fhir/uv/v2mappings/StructureDefinition/TypeInfo">
          <extension url="type">
            <valueCode value="identifier"/>
          </extension>
          <extension url="cardinalityMin">
            <valueInteger value="0"/>
          </extension>
          <extension url="cardinalityMax">
            <valueInteger value="-1"/>
          </extension>
        </extension>
        <code value="basedOn[2].identifier"/>
        <display value="basedOn[2].identifier"/>
        <equivalence value="equivalent"/>
        <dependsOn>
          <property value="Computable-ANTLR"/>
          <value value="IF OBR-29.2 VALUED AND OBR-50 NOT VALUED"/>
        </dependsOn>
        <dependsOn>
          <property value="Narrative-Condition"/>
          <value value="If OBR-29.1 is also valued, implementation needs to decide which one to use."/>
        </dependsOn>
      </target>
    </element>
    <element>
      <extension url="http://hl7.org/fhir/uv/v2mappings/StructureDefinition/TypeInfo">
        <extension url="type">
          <valueCode value="EIP"/>
        </extension>
        <extension url="cardinalityMin">
          <valueInteger value="1"/>
        </extension>
        <extension url="cardinalityMax">
          <valueInteger value="1"/>
        </extension>
      </extension>
      <code value="OBR-29"/>
      <display value="ParentResults Observation Identifier"/>
      <target>
        <extension url="http://hl7.org/fhir/uv/v2mappings/StructureDefinition/TypeInfo">
          <extension url="type">
            <valueCode value="uri"/>
          </extension>
          <extension url="cardinalityMin">
            <valueInteger value="0"/>
          </extension>
          <extension url="cardinalityMax">
            <valueInteger value="-1"/>
          </extension>
          <extension url="assignment">
            <valueString value="&quot;ServiceRequest&quot;"/>
          </extension>
        </extension>
        <code value="basedOn[2].type"/>
        <display value="basedOn[2].type"/>
        <equivalence value="equivalent"/>
        <dependsOn>
          <property value="Computable-ANTLR"/>
          <value value="IF OBR-29.2 VALUED AND OBR-50 NOT VALUED"/>
        </dependsOn>
        <dependsOn>
          <property value="Narrative-Condition"/>
          <value value="If OBR-29.1 is also valued, implementation needs to decide which one to use."/>
        </dependsOn>
      </target>
    </element>
    <element>
      <extension url="http://hl7.org/fhir/uv/v2mappings/StructureDefinition/TypeInfo">
        <extension url="type">
          <valueCode value="CWE"/>
        </extension>
        <extension url="cardinalityMin">
          <valueInteger value="-1"/>
        </extension>
        <extension url="cardinalityMax">
          <valueInteger value="-1"/>
        </extension>
      </extension>
      <code value="OBR-31"/>
      <display value="Reason for Study"/>
      <target>
        <extension url="http://hl7.org/fhir/uv/v2mappings/StructureDefinition/TypeInfo">
          <extension url="type">
            <valueCode value="CodeableConcept"/>
          </extension>
          <extension url="cardinalityMin">
            <valueInteger value="0"/>
          </extension>
          <extension url="cardinalityMax">
            <valueInteger value="-1"/>
          </extension>
        </extension>
        <code value="reasonCode"/>
        <display value="reasonCode"/>
        <equivalence value="equivalent"/>
      </target>
    </element>
    <element>
      <extension url="http://hl7.org/fhir/uv/v2mappings/StructureDefinition/TypeInfo">
        <extension url="type">
          <valueCode value="CWE"/>
        </extension>
        <extension url="cardinalityMin">
          <valueInteger value="-1"/>
        </extension>
        <extension url="cardinalityMax">
          <valueInteger value="-1"/>
        </extension>
      </extension>
      <code value="OBR-46"/>
      <display value="Placer Supplemental Service Information"/>
      <target>
        <extension url="http://hl7.org/fhir/uv/v2mappings/StructureDefinition/TypeInfo">
          <extension url="type">
            <valueCode value="CodeableConcept"/>
          </extension>
          <extension url="cardinalityMin">
            <valueInteger value="0"/>
          </extension>
          <extension url="cardinalityMax">
            <valueInteger value="-1"/>
          </extension>
        </extension>
        <code value="orderDetail[1]"/>
        <display value="orderDetail[1]"/>
        <equivalence value="equivalent"/>
      </target>
    </element>
    <element>
      <extension url="http://hl7.org/fhir/uv/v2mappings/StructureDefinition/TypeInfo">
        <extension url="type">
          <valueCode value="CWE"/>
        </extension>
        <extension url="cardinalityMin">
          <valueInteger value="-1"/>
        </extension>
        <extension url="cardinalityMax">
          <valueInteger value="-1"/>
        </extension>
      </extension>
      <code value="OBR-47"/>
      <display value="Filler Supplemental Service Information"/>
      <target>
        <extension url="http://hl7.org/fhir/uv/v2mappings/StructureDefinition/TypeInfo">
          <extension url="type">
            <valueCode value="CodeableConcept"/>
          </extension>
          <extension url="cardinalityMin">
            <valueInteger value="0"/>
          </extension>
          <extension url="cardinalityMax">
            <valueInteger value="-1"/>
          </extension>
        </extension>
        <code value="orderDetail[2]"/>
        <display value="orderDetail[2]"/>
        <equivalence value="equivalent"/>
      </target>
    </element>
    <element>
      <extension url="http://hl7.org/fhir/uv/v2mappings/StructureDefinition/TypeInfo">
        <extension url="type">
          <valueCode value="CX"/>
        </extension>
        <extension url="cardinalityMin">
          <valueInteger value="-1"/>
        </extension>
        <extension url="cardinalityMax">
          <valueInteger value="-1"/>
        </extension>
      </extension>
      <code value="OBR-53"/>
      <display value="Alternate Placer Order Number"/>
      <target>
        <extension url="http://hl7.org/fhir/uv/v2mappings/StructureDefinition/TypeInfo">
          <extension url="type">
            <valueCode value="Identifier"/>
          </extension>
          <extension url="cardinalityMin">
            <valueInteger value="0"/>
          </extension>
          <extension url="cardinalityMax">
            <valueInteger value="-1"/>
          </extension>
        </extension>
        <code value="identifier[3]"/>
        <display value="identifier[3]"/>
        <equivalence value="equivalent"/>
      </target>
    </element>
    <element>
      <extension url="http://hl7.org/fhir/uv/v2mappings/StructureDefinition/TypeInfo">
        <extension url="type">
          <valueCode value="CX"/>
        </extension>
        <extension url="cardinalityMin">
          <valueInteger value="-1"/>
        </extension>
        <extension url="cardinalityMax">
          <valueInteger value="-1"/>
        </extension>
      </extension>
      <code value="OBR-53"/>
      <display value="Alternate Placer Order Number"/>
      <target>
        <extension url="http://hl7.org/fhir/uv/v2mappings/StructureDefinition/TypeInfo">
          <extension url="type">
            <valueCode value="code"/>
          </extension>
          <extension url="cardinalityMin">
            <valueInteger value="0"/>
          </extension>
          <extension url="cardinalityMax">
            <valueInteger value="1"/>
          </extension>
          <extension url="assignment">
            <valueString value="&quot;PLAC&quot;"/>
          </extension>
        </extension>
        <code value="identifier[3].type.coding.code"/>
        <display value="identifier[3].type.coding.code"/>
        <equivalence value="equivalent"/>
      </target>
    </element>
    <element>
      <extension url="http://hl7.org/fhir/uv/v2mappings/StructureDefinition/TypeInfo">
        <extension url="type">
          <valueCode value="CX"/>
        </extension>
        <extension url="cardinalityMin">
          <valueInteger value="-1"/>
        </extension>
        <extension url="cardinalityMax">
          <valueInteger value="-1"/>
        </extension>
      </extension>
      <code value="OBR-53"/>
      <display value="Alternate Placer Order Number"/>
      <target>
        <extension url="http://hl7.org/fhir/uv/v2mappings/StructureDefinition/TypeInfo">
          <extension url="type">
            <valueCode value="uri"/>
          </extension>
          <extension url="cardinalityMin">
            <valueInteger value="0"/>
          </extension>
          <extension url="cardinalityMax">
            <valueInteger value="1"/>
          </extension>
          <extension url="assignment">
            <valueString value="&quot;http://terminology.hl7.org/CodeSystem/v2-0203&quot;"/>
          </extension>
        </extension>
        <code value="identifier[3].type.coding.system"/>
        <display value="identifier[3].type.coding.system"/>
        <equivalence value="equivalent"/>
      </target>
    </element>
  </group>
</ConceptMap>