{
  "resourceType" : "ConceptMap",
  "id" : "table-hl70062-to-v3-actreason",
  "text" : {
    "status" : "generated",
    "div" : "<div xmlns=\"http://www.w3.org/1999/xhtml\"><p class=\"res-header-id\"><b>Generated Narrative: ConceptMap table-hl70062-to-v3-actreason</b></p><a name=\"table-hl70062-to-v3-actreason\"> </a><a name=\"hctable-hl70062-to-v3-actreason\"> </a><p>Mapping from <a href=\"http://terminology.hl7.org/6.5.0/ValueSet-v2-0062.html\">hl7VS-eventReason</a> to (not specified)</p><br/><p><b>Group 1 </b>Mapping from <a href=\"http://terminology.hl7.org/6.5.0/CodeSystem-v2-0062.html\">eventReason</a> to <a href=\"http://terminology.hl7.org/6.5.0/CodeSystem-v3-ActReason.html\">ActReason</a></p><table class=\"grid\"><tr><td><b>Source Code</b></td><td><b>Relationship</b></td><td><b>Target Code</b></td></tr><tr><td>01 (Patient request)</td><td><a href=\"http://hl7.org/fhir/R5/codesystem-concept-map-relationship.html#equivalent\" title=\"equivalent\">is equivalent to</a></td><td>PATRQT (patient requested)</td></tr><tr><td>02 (Physician/health practitioner order)</td><td><a href=\"http://hl7.org/fhir/R5/codesystem-concept-map-relationship.html#equivalent\" title=\"equivalent\">is equivalent to</a></td><td>TREAT (treatment)</td></tr><tr><td>03 (Census management)</td><td><a href=\"http://hl7.org/fhir/R5/codesystem-concept-map-relationship.html#equivalent\" title=\"equivalent\">is equivalent to</a></td><td>HOPERAT (healthcare operations)</td></tr></table><hr/><p><b>Group 2 </b>Mapping from <a href=\"http://terminology.hl7.org/6.5.0/CodeSystem-v2-0062.html\">eventReason</a> to <a href=\"http://terminology.hl7.org/6.5.0/CodeSystem-v2-0062.html\">eventReason</a></p><table class=\"grid\"><tr><td><b>Source Code</b></td><td><b>Relationship</b></td><td><b>Target Code</b></td></tr><tr><td>O (Other)</td><td><a href=\"http://hl7.org/fhir/R5/codesystem-concept-map-relationship.html#equivalent\" title=\"equivalent\">is equivalent to</a></td><td>O (Other)</td></tr><tr><td>U (Unknown)</td><td><a href=\"http://hl7.org/fhir/R5/codesystem-concept-map-relationship.html#equivalent\" title=\"equivalent\">is equivalent to</a></td><td>U (Unknown)</td></tr></table></div>"
  },
  "extension" : [{
    "extension" : [{
      "url" : "type",
      "valueCode" : "derived-from"
    },
    {
      "url" : "label",
      "valueString" : "Table HL70062 to V3 ActReason.fsh"
    },
    {
      "url" : "url",
      "valueUri" : "https://docs.google.com/spreadsheets/d/15frIhGeIKMZUXJ2DEsM7clJCSFWrYjCug5M5p_z4qOo/edit#gid=0"
    }],
    "url" : "http://hl7.org/fhir/uv/v2mappings/StructureDefinition/RelatedArtifact"
  },
  {
    "url" : "http://hl7.org/fhir/StructureDefinition/structuredefinition-wg",
    "valueCode" : "oo"
  },
  {
    "url" : "http://hl7.org/fhir/StructureDefinition/structuredefinition-standards-status",
    "valueCode" : "informative",
    "_valueCode" : {
      "extension" : [{
        "url" : "http://hl7.org/fhir/StructureDefinition/structuredefinition-conformance-derivedFrom",
        "valueCanonical" : "http://hl7.org/fhir/uv/v2mappings/ImplementationGuide/hl7.fhir.uv.v2mappings"
      }]
    }
  }],
  "url" : "http://hl7.org/fhir/uv/v2mappings/ConceptMap/table-hl70062-to-v3-actreason",
  "version" : "1.0.0",
  "name" : "TableHL70062ToV3ActReason",
  "title" : "Table HL70062 to V3 ActReason Map",
  "status" : "active",
  "experimental" : true,
  "date" : "2025-08-23",
  "publisher" : "HL7 International / Orders and Observations",
  "contact" : [{
    "name" : "HL7 Orders and Observations Workgroup",
    "telecom" : [{
      "system" : "url",
      "value" : "http://www.hl7.org/Special/committees/orders"
    }]
  }],
  "description" : "This ConceptMap represents a mapping from the HL7 V2 Table HL70062 to the FHIR V3 ActReason Value Set.",
  "jurisdiction" : [{
    "coding" : [{
      "system" : "http://unstats.un.org/unsd/methods/m49/m49.htm",
      "code" : "001"
    }]
  }],
  "copyright" : "Copyright (c) 2025, HL7 International, Inc., All Rights Reserved.",
  "sourceUri" : "http://terminology.hl7.org/ValueSet/v2-0062",
  "group" : [{
    "source" : "http://terminology.hl7.org/CodeSystem/v2-0062",
    "target" : "http://terminology.hl7.org/CodeSystem/v3-ActReason",
    "element" : [{
      "code" : "01",
      "display" : "Patient request",
      "target" : [{
        "code" : "PATRQT",
        "display" : "patient requested",
        "equivalence" : "equivalent"
      }]
    },
    {
      "code" : "02",
      "display" : "Physician/health practitioner order",
      "target" : [{
        "code" : "TREAT",
        "display" : "treatment",
        "equivalence" : "equivalent"
      }]
    },
    {
      "code" : "03",
      "display" : "Census management",
      "target" : [{
        "code" : "HOPERAT",
        "display" : "healthcare operations",
        "equivalence" : "equivalent"
      }]
    }]
  },
  {
    "source" : "http://terminology.hl7.org/CodeSystem/v2-0062",
    "target" : "http://terminology.hl7.org/CodeSystem/v2-0062",
    "element" : [{
      "code" : "O",
      "display" : "Other",
      "target" : [{
        "code" : "O",
        "display" : "Other",
        "equivalence" : "equivalent"
      }]
    },
    {
      "code" : "U",
      "display" : "Unknown",
      "target" : [{
        "code" : "U",
        "display" : "Unknown",
        "equivalence" : "equivalent"
      }]
    }]
  }]
}