{
  "resourceType" : "ConceptMap",
  "id" : "table-hl70430-to-v2-0430",
  "text" : {
    "status" : "generated",
    "div" : "<div xmlns=\"http://www.w3.org/1999/xhtml\"><p class=\"res-header-id\"><b>Generated Narrative: ConceptMap table-hl70430-to-v2-0430</b></p><a name=\"table-hl70430-to-v2-0430\"> </a><a name=\"hctable-hl70430-to-v2-0430\"> </a><p>Mapping from <a href=\"http://terminology.hl7.org/6.5.0/ValueSet-v2-0430.html\">hl7VS-modeOfArrivalCode</a> to <a href=\"http://terminology.hl7.org/6.5.0/ValueSet-v2-0430.html\">hl7VS-modeOfArrivalCode</a></p><br/><p><b>Group 1 </b>Mapping from <a href=\"http://terminology.hl7.org/6.5.0/CodeSystem-v2-0430.html\">arrivalMode</a> to <a href=\"http://terminology.hl7.org/6.5.0/CodeSystem-v2-0430.html\">arrivalMode</a></p><table class=\"grid\"><tr><td><b>Source Code</b></td><td><b>Relationship</b></td><td><b>Target Code</b></td></tr><tr><td>A (Ambulance)</td><td><a href=\"http://hl7.org/fhir/R5/codesystem-concept-map-relationship.html#equivalent\" title=\"equivalent\">is equivalent to</a></td><td>A (Ambulance)</td></tr><tr><td>C (Car)</td><td><a href=\"http://hl7.org/fhir/R5/codesystem-concept-map-relationship.html#equivalent\" title=\"equivalent\">is equivalent to</a></td><td>C (Car)</td></tr><tr><td>F (On foot)</td><td><a href=\"http://hl7.org/fhir/R5/codesystem-concept-map-relationship.html#equivalent\" title=\"equivalent\">is equivalent to</a></td><td>F (On foot)</td></tr><tr><td>H (Helicopter)</td><td><a href=\"http://hl7.org/fhir/R5/codesystem-concept-map-relationship.html#equivalent\" title=\"equivalent\">is equivalent to</a></td><td>H (Helicopter)</td></tr><tr><td>P (Public Transport)</td><td><a href=\"http://hl7.org/fhir/R5/codesystem-concept-map-relationship.html#equivalent\" title=\"equivalent\">is equivalent to</a></td><td>P (Public Transport)</td></tr><tr><td>O (Other)</td><td><a href=\"http://hl7.org/fhir/R5/codesystem-concept-map-relationship.html#equivalent\" title=\"equivalent\">is equivalent to</a></td><td>O (Other)</td></tr><tr><td>U (Unknown)</td><td><a href=\"http://hl7.org/fhir/R5/codesystem-concept-map-relationship.html#equivalent\" title=\"equivalent\">is equivalent to</a></td><td>U (Unknown)</td></tr></table></div>"
  },
  "extension" : [{
    "extension" : [{
      "url" : "type",
      "valueCode" : "derived-from"
    },
    {
      "url" : "label",
      "valueString" : "Table HL70430 to V2 0430.fsh"
    },
    {
      "url" : "url",
      "valueUri" : "https://docs.google.com/spreadsheets/d/1cq-jINNYePVc6dACBzBbFzTv7ry8e6w8ZXgHmmW7WeE/edit#gid=0"
    }],
    "url" : "http://hl7.org/fhir/uv/v2mappings/StructureDefinition/RelatedArtifact"
  },
  {
    "url" : "http://hl7.org/fhir/StructureDefinition/structuredefinition-wg",
    "valueCode" : "oo"
  },
  {
    "url" : "http://hl7.org/fhir/StructureDefinition/structuredefinition-standards-status",
    "valueCode" : "informative",
    "_valueCode" : {
      "extension" : [{
        "url" : "http://hl7.org/fhir/StructureDefinition/structuredefinition-conformance-derivedFrom",
        "valueCanonical" : "http://hl7.org/fhir/uv/v2mappings/ImplementationGuide/hl7.fhir.uv.v2mappings"
      }]
    }
  }],
  "url" : "http://hl7.org/fhir/uv/v2mappings/ConceptMap/table-hl70430-to-v2-0430",
  "version" : "1.0.0",
  "name" : "TableHL70430ToV20430",
  "title" : "Table HL70430 to V2 0430 Map",
  "status" : "active",
  "experimental" : true,
  "date" : "2025-08-23",
  "publisher" : "HL7 International / Orders and Observations",
  "contact" : [{
    "name" : "HL7 Orders and Observations Workgroup",
    "telecom" : [{
      "system" : "url",
      "value" : "http://www.hl7.org/Special/committees/orders"
    }]
  }],
  "description" : "This ConceptMap represents a mapping from the HL7 V2 Table HL70430 to the FHIR V2 0430 Value Set.",
  "jurisdiction" : [{
    "coding" : [{
      "system" : "http://unstats.un.org/unsd/methods/m49/m49.htm",
      "code" : "001"
    }]
  }],
  "copyright" : "Copyright (c) 2025, HL7 International, Inc., All Rights Reserved.",
  "sourceUri" : "http://terminology.hl7.org/ValueSet/v2-0430",
  "targetUri" : "http://terminology.hl7.org/ValueSet/v2-0430",
  "group" : [{
    "source" : "http://terminology.hl7.org/CodeSystem/v2-0430",
    "target" : "http://terminology.hl7.org/CodeSystem/v2-0430",
    "element" : [{
      "code" : "A",
      "display" : "Ambulance",
      "target" : [{
        "code" : "A",
        "display" : "Ambulance",
        "equivalence" : "equivalent"
      }]
    },
    {
      "code" : "C",
      "display" : "Car",
      "target" : [{
        "code" : "C",
        "display" : "Car",
        "equivalence" : "equivalent"
      }]
    },
    {
      "code" : "F",
      "display" : "On foot",
      "target" : [{
        "code" : "F",
        "display" : "On foot",
        "equivalence" : "equivalent"
      }]
    },
    {
      "code" : "H",
      "display" : "Helicopter",
      "target" : [{
        "code" : "H",
        "display" : "Helicopter",
        "equivalence" : "equivalent"
      }]
    },
    {
      "code" : "P",
      "display" : "Public Transport",
      "target" : [{
        "code" : "P",
        "display" : "Public Transport",
        "equivalence" : "equivalent"
      }]
    },
    {
      "code" : "O",
      "display" : "Other",
      "target" : [{
        "code" : "O",
        "display" : "Other",
        "equivalence" : "equivalent"
      }]
    },
    {
      "code" : "U",
      "display" : "Unknown",
      "target" : [{
        "code" : "U",
        "display" : "Unknown",
        "equivalence" : "equivalent"
      }]
    }]
  }]
}