<?xml version="1.0" encoding="UTF-8"?>

<ConceptMap xmlns="http://hl7.org/fhir">
  <id value="table-hl70085-to-observation-status"/>
  <text>
    <status value="generated"/><div xmlns="http://www.w3.org/1999/xhtml"><p class="res-header-id"><b>Generated Narrative: ConceptMap table-hl70085-to-observation-status</b></p><a name="table-hl70085-to-observation-status"> </a><a name="hctable-hl70085-to-observation-status"> </a><p>Mapping from <a href="http://terminology.hl7.org/6.5.0/ValueSet-v2-0085.html">hl7VS-observationResultStatus</a> to (not specified)</p><br/><p><b>Group 1 </b>Mapping from <a href="http://terminology.hl7.org/6.5.0/CodeSystem-v2-0085.html">observationResultStatusCodesInterpretation</a> to <a href="http://hl7.org/fhir/R4/codesystem-observation-status.html">ObservationStatus</a></p><table class="grid"><tr><td><b>Source Code</b></td><td><b>Relationship</b></td><td><b>Target Code</b></td></tr><tr><td>A (Amended based on adjustments provided by the Placer (Physician) regarding patient demographics (such as age and/or gender or other patient specific information)</td><td><a href="http://hl7.org/fhir/R5/codesystem-concept-map-relationship.html#equivalent" title="equivalent">is equivalent to</a></td><td>amended</td></tr><tr><td>C (Record coming over is a correction and thus replaces a final result)</td><td><a href="http://hl7.org/fhir/R5/codesystem-concept-map-relationship.html#equivalent" title="equivalent">is equivalent to</a></td><td>corrected</td></tr><tr><td>D (Deletes the OBX record)</td><td><a href="http://hl7.org/fhir/R5/codesystem-concept-map-relationship.html#equivalent" title="equivalent">is equivalent to</a></td><td>entered-in-error</td></tr><tr><td>F (Final results)</td><td><a href="http://hl7.org/fhir/R5/codesystem-concept-map-relationship.html#equivalent" title="equivalent">is equivalent to</a></td><td>final</td></tr><tr><td>P (Preliminary results)</td><td><a href="http://hl7.org/fhir/R5/codesystem-concept-map-relationship.html#equivalent" title="equivalent">is equivalent to</a></td><td>preliminary</td></tr><tr><td>X (Results cannot be obtained for this observation)</td><td><a href="http://hl7.org/fhir/R5/codesystem-concept-map-relationship.html#equivalent" title="equivalent">is equivalent to</a></td><td>cancelled</td></tr><tr><td>W (Post original as wrong, e.g., transmitted for wrong patient)</td><td><a href="http://hl7.org/fhir/R5/codesystem-concept-map-relationship.html#equivalent" title="equivalent">is equivalent to</a></td><td>entered-in-error</td></tr></table><hr/><p><b>Group 2 </b>Mapping from <a href="http://terminology.hl7.org/6.5.0/CodeSystem-v2-0085.html">observationResultStatusCodesInterpretation</a> to <code>unspecified code system</code></p><table class="grid"><tr><td><b>Source Code</b></td><td><b>Relationship</b></td><td><b>Target Code</b></td></tr><tr><td>B (Appended Report - Final results reviewed and further information provided for clarity without change to the original result values.)</td><td colspan="2" style="background-color: #efefef">(not mapped)</td></tr><tr><td>I (Specimen in Lab; results pending)</td><td colspan="2" style="background-color: #efefef">(not mapped)</td></tr><tr><td>N (Not asked; used to affirmatively document that the observation identified in the OBX was not sought when the universal service ID in OBR-4 implies that it would be sought.)</td><td colspan="2" style="background-color: #efefef">(not mapped)</td></tr><tr><td>O (Order detail description only (no result))</td><td colspan="2" style="background-color: #efefef">(not mapped)</td></tr><tr><td>R (Results entered -- not verified)</td><td colspan="2" style="background-color: #efefef">(not mapped)</td></tr><tr><td>S (Partial results. Deprecated. Retained only for backward compatibility as of V2.6.)</td><td colspan="2" style="background-color: #efefef">(not mapped)</td></tr><tr><td>V (Verified - Final results reviewed and confirmed to be correct, no change to result value, normal range or abnormal flag)</td><td colspan="2" style="background-color: #efefef">(not mapped)</td></tr><tr><td>U (Results status change to final without retransmitting results already sent as 'preliminary.' E.g., radiology changes status from preliminary to final)</td><td colspan="2" style="background-color: #efefef">(not mapped)</td></tr></table></div>
  </text>
  <extension url="http://hl7.org/fhir/uv/v2mappings/StructureDefinition/RelatedArtifact">
    <extension url="type">
      <valueCode value="derived-from"/>
    </extension>
    <extension url="label">
      <valueString value="Table HL70085 to Observation Status.fsh"/>
    </extension>
    <extension url="url">
      <valueUri value="https://docs.google.com/spreadsheets/d/1RsA6SEYsjfrR6TbwY1JHBetrPyRED2RDzTa1jvHRvX0/edit#gid=0"/>
    </extension>
  </extension>
  <extension url="http://hl7.org/fhir/StructureDefinition/structuredefinition-wg">
    <valueCode value="oo"/>
  </extension>
  <extension url="http://hl7.org/fhir/StructureDefinition/structuredefinition-standards-status">
    <valueCode value="informative">
      <extension url="http://hl7.org/fhir/StructureDefinition/structuredefinition-conformance-derivedFrom">
        <valueCanonical value="http://hl7.org/fhir/uv/v2mappings/ImplementationGuide/hl7.fhir.uv.v2mappings"/>
      </extension>
    </valueCode>
  </extension>
  <url value="http://hl7.org/fhir/uv/v2mappings/ConceptMap/table-hl70085-to-observation-status"/>
  <version value="1.0.0"/>
  <name value="TableHL70085ToObservationStatus"/>
  <title value="Table HL70085 to Observation Status Map"/>
  <status value="active"/>
  <experimental value="true"/>
  <date value="2025-08-23"/>
  <publisher value="HL7 International / Orders and Observations"/>
  <contact>
    <name value="HL7 Orders and Observations Workgroup"/>
    <telecom>
      <system value="url"/>
      <value value="http://www.hl7.org/Special/committees/orders"/>
    </telecom>
  </contact>
  <description value="This ConceptMap represents a mapping from the HL7 V2 Table HL70085 to the FHIR Observation Status Value Set."/>
  <jurisdiction>
    <coding>
      <system value="http://unstats.un.org/unsd/methods/m49/m49.htm"/>
      <code value="001"/>
    </coding>
  </jurisdiction>
  <copyright value="Copyright (c) 2025, HL7 International, Inc., All Rights Reserved."/>
  <sourceUri value="http://terminology.hl7.org/ValueSet/v2-0085"/>
  <group>
    <source value="http://terminology.hl7.org/CodeSystem/v2-0085"/>
    <target value="http://hl7.org/fhir/observation-status"/>
    <element>
      <code value="A"/>
      <display value="Amended based on adjustments provided by the Placer (Physician) regarding patient demographics (such as age and/or gender or other patient specific information"/>
      <target>
        <code value="amended"/>
        <display value="Amended"/>
        <equivalence value="equivalent"/>
      </target>
    </element>
    <element>
      <code value="C"/>
      <display value="Record coming over is a correction and thus replaces a final result"/>
      <target>
        <code value="corrected"/>
        <display value="Corrected"/>
        <equivalence value="equivalent"/>
      </target>
    </element>
    <element>
      <code value="D"/>
      <display value="Deletes the OBX record"/>
      <target>
        <code value="entered-in-error"/>
        <display value="Entered in Error"/>
        <equivalence value="equivalent"/>
      </target>
    </element>
    <element>
      <code value="F"/>
      <display value="Final results"/>
      <target>
        <code value="final"/>
        <display value="Final"/>
        <equivalence value="equivalent"/>
      </target>
    </element>
    <element>
      <code value="P"/>
      <display value="Preliminary results"/>
      <target>
        <code value="preliminary"/>
        <display value="Preliminary"/>
        <equivalence value="equivalent"/>
      </target>
    </element>
    <element>
      <code value="X"/>
      <display value="Results cannot be obtained for this observation"/>
      <target>
        <code value="cancelled"/>
        <equivalence value="equivalent"/>
      </target>
    </element>
    <element>
      <code value="W"/>
      <display value="Post original as wrong, e.g., transmitted for wrong patient"/>
      <target>
        <code value="entered-in-error"/>
        <display value="Entered in Error"/>
        <equivalence value="equivalent"/>
      </target>
    </element>
  </group>
  <group>
    <source value="http://terminology.hl7.org/CodeSystem/v2-0085"/>
    <element>
      <code value="B"/>
      <display value="Appended Report - Final results reviewed and further information provided for clarity without change to the original result values."/>
      <target>
        <equivalence value="unmatched"/>
      </target>
    </element>
    <element>
      <code value="I"/>
      <display value="Specimen in Lab; results pending"/>
      <target>
        <equivalence value="unmatched"/>
      </target>
    </element>
    <element>
      <code value="N"/>
      <display value="Not asked; used to affirmatively document that the observation identified in the OBX was not sought when the universal service ID in OBR-4 implies that it would be sought."/>
      <target>
        <equivalence value="unmatched"/>
      </target>
    </element>
    <element>
      <code value="O"/>
      <display value="Order detail description only (no result)"/>
      <target>
        <equivalence value="unmatched"/>
      </target>
    </element>
    <element>
      <code value="R"/>
      <display value="Results entered -- not verified"/>
      <target>
        <equivalence value="unmatched"/>
      </target>
    </element>
    <element>
      <code value="S"/>
      <display value="Partial results. Deprecated. Retained only for backward compatibility as of V2.6."/>
      <target>
        <equivalence value="unmatched"/>
      </target>
    </element>
    <element>
      <code value="V"/>
      <display value="Verified - Final results reviewed and confirmed to be correct, no change to result value, normal range or abnormal flag"/>
      <target>
        <equivalence value="unmatched"/>
      </target>
    </element>
    <element>
      <code value="U"/>
      <display value="Results status change to final without retransmitting results already sent as 'preliminary.' E.g., radiology changes status from preliminary to final"/>
      <target>
        <equivalence value="unmatched"/>
      </target>
    </element>
  </group>
</ConceptMap>