<?xml version="1.0" encoding="UTF-8"?>

<ConceptMap xmlns="http://hl7.org/fhir">
  <id value="table-hl70278-to-appointmentstatus"/>
  <text>
    <status value="generated"/><div xmlns="http://www.w3.org/1999/xhtml"><p class="res-header-id"><b>Generated Narrative: ConceptMap table-hl70278-to-appointmentstatus</b></p><a name="table-hl70278-to-appointmentstatus"> </a><a name="hctable-hl70278-to-appointmentstatus"> </a><p>Mapping from <a href="http://terminology.hl7.org/6.5.0/ValueSet-v2-0278.html">hl7VS-fillerStatusCodes</a> to (not specified)</p><br/><p><b>Group 1 </b>Mapping from <a href="http://terminology.hl7.org/6.5.0/CodeSystem-v2-0278.html">fillerStatus</a> to <a href="http://hl7.org/fhir/R4/codesystem-appointmentstatus.html">AppointmentStatus</a></p><table class="grid"><tr><td><b>Source Code</b></td><td><b>Relationship</b></td><td><b>Target Code</b></td></tr><tr><td>Pending</td><td><a href="http://hl7.org/fhir/R5/codesystem-concept-map-relationship.html#equivalent" title="equivalent">is equivalent to</a></td><td>pending</td></tr><tr><td>Waitlist</td><td><a href="http://hl7.org/fhir/R5/codesystem-concept-map-relationship.html#equivalent" title="equivalent">is equivalent to</a></td><td>waitlist (Waitlisted)</td></tr><tr><td>Booked</td><td><a href="http://hl7.org/fhir/R5/codesystem-concept-map-relationship.html#equivalent" title="equivalent">is equivalent to</a></td><td>booked</td></tr><tr><td>Started</td><td><a href="http://hl7.org/fhir/R5/codesystem-concept-map-relationship.html#equivalent" title="equivalent">is equivalent to</a></td><td>checked-in</td></tr><tr><td>Complete</td><td><a href="http://hl7.org/fhir/R5/codesystem-concept-map-relationship.html#equivalent" title="equivalent">is equivalent to</a></td><td>fulfilled</td></tr><tr><td>Cancelled</td><td><a href="http://hl7.org/fhir/R5/codesystem-concept-map-relationship.html#equivalent" title="equivalent">is equivalent to</a></td><td>cancelled</td></tr><tr><td>Deleted</td><td><a href="http://hl7.org/fhir/R5/codesystem-concept-map-relationship.html#equivalent" title="equivalent">is equivalent to</a></td><td>entered-in-error</td></tr><tr><td>Noshow</td><td><a href="http://hl7.org/fhir/R5/codesystem-concept-map-relationship.html#equivalent" title="equivalent">is equivalent to</a></td><td>noshow</td></tr></table><hr/><p><b>Group 2 </b>Mapping from <a href="http://terminology.hl7.org/6.5.0/CodeSystem-v2-0278.html">fillerStatus</a> to <code>unspecified code system</code></p><table class="grid"><tr><td><b>Source Code</b></td><td><b>Relationship</b></td><td><b>Target Code</b></td></tr><tr><td>Discontinued</td><td colspan="2" style="background-color: #efefef">(not mapped)</td></tr><tr><td>Blocked</td><td colspan="2" style="background-color: #efefef">(not mapped)</td></tr><tr><td>Overbook</td><td colspan="2" style="background-color: #efefef">(not mapped)</td></tr></table></div>
  </text>
  <extension url="http://hl7.org/fhir/uv/v2mappings/StructureDefinition/RelatedArtifact">
    <extension url="type">
      <valueCode value="derived-from"/>
    </extension>
    <extension url="label">
      <valueString value="Table HL70278 to Appointmentstatus.fsh"/>
    </extension>
    <extension url="url">
      <valueUri value="https://docs.google.com/spreadsheets/d/1JSunQweA2Ab70tLNJUR8gZTYDq3ToDJv0mXS1cwJmd4/edit#gid=0"/>
    </extension>
  </extension>
  <extension url="http://hl7.org/fhir/StructureDefinition/structuredefinition-wg">
    <valueCode value="oo"/>
  </extension>
  <extension url="http://hl7.org/fhir/StructureDefinition/structuredefinition-standards-status">
    <valueCode value="informative">
      <extension url="http://hl7.org/fhir/StructureDefinition/structuredefinition-conformance-derivedFrom">
        <valueCanonical value="http://hl7.org/fhir/uv/v2mappings/ImplementationGuide/hl7.fhir.uv.v2mappings"/>
      </extension>
    </valueCode>
  </extension>
  <url value="http://hl7.org/fhir/uv/v2mappings/ConceptMap/table-hl70278-to-appointmentstatus"/>
  <version value="1.0.0"/>
  <name value="TableHL70278ToAppointmentstatus"/>
  <title value="Table HL70278 to Appointmentstatus Map"/>
  <status value="active"/>
  <experimental value="true"/>
  <date value="2025-08-23"/>
  <publisher value="HL7 International / Orders and Observations"/>
  <contact>
    <name value="HL7 Orders and Observations Workgroup"/>
    <telecom>
      <system value="url"/>
      <value value="http://www.hl7.org/Special/committees/orders"/>
    </telecom>
  </contact>
  <description value="This ConceptMap represents a mapping from the HL7 V2 Table HL70278 to the FHIR Appointmentstatus Value Set."/>
  <jurisdiction>
    <coding>
      <system value="http://unstats.un.org/unsd/methods/m49/m49.htm"/>
      <code value="001"/>
    </coding>
  </jurisdiction>
  <copyright value="Copyright (c) 2025, HL7 International, Inc., All Rights Reserved."/>
  <sourceUri value="http://terminology.hl7.org/ValueSet/v2-0278"/>
  <group>
    <source value="http://terminology.hl7.org/CodeSystem/v2-0278"/>
    <target value="http://hl7.org/fhir/appointmentstatus"/>
    <element>
      <code value="Pending"/>
      <display value="Pending"/>
      <target>
        <code value="pending"/>
        <display value="Pending"/>
        <equivalence value="equivalent"/>
      </target>
    </element>
    <element>
      <code value="Waitlist"/>
      <display value="Waitlist"/>
      <target>
        <code value="waitlist"/>
        <display value="Waitlisted"/>
        <equivalence value="equivalent"/>
      </target>
    </element>
    <element>
      <code value="Booked"/>
      <display value="Booked"/>
      <target>
        <code value="booked"/>
        <display value="Booked"/>
        <equivalence value="equivalent"/>
      </target>
    </element>
    <element>
      <code value="Started"/>
      <display value="Started"/>
      <target>
        <code value="checked-in"/>
        <display value="Checked In"/>
        <equivalence value="equivalent"/>
      </target>
    </element>
    <element>
      <code value="Complete"/>
      <display value="Complete"/>
      <target>
        <code value="fulfilled"/>
        <display value="Fulfilled"/>
        <equivalence value="equivalent"/>
      </target>
    </element>
    <element>
      <code value="Cancelled"/>
      <display value="Cancelled"/>
      <target>
        <code value="cancelled"/>
        <display value="Cancelled"/>
        <equivalence value="equivalent"/>
      </target>
    </element>
    <element>
      <code value="Deleted"/>
      <display value="Deleted"/>
      <target>
        <code value="entered-in-error"/>
        <display value="Entered In Error"/>
        <equivalence value="equivalent"/>
      </target>
    </element>
    <element>
      <code value="Noshow"/>
      <display value="Noshow"/>
      <target>
        <code value="noshow"/>
        <display value="No Show"/>
        <equivalence value="equivalent"/>
      </target>
    </element>
  </group>
  <group>
    <source value="http://terminology.hl7.org/CodeSystem/v2-0278"/>
    <element>
      <code value="Discontinued"/>
      <display value="Discontinued"/>
      <target>
        <equivalence value="unmatched"/>
      </target>
    </element>
    <element>
      <code value="Blocked"/>
      <display value="Blocked"/>
      <target>
        <equivalence value="unmatched"/>
      </target>
    </element>
    <element>
      <code value="Overbook"/>
      <display value="Overbook"/>
      <target>
        <equivalence value="unmatched"/>
      </target>
    </element>
  </group>
</ConceptMap>