{
  "resourceType" : "ConceptMap",
  "id" : "table-hl70131-to-v2-0131",
  "text" : {
    "status" : "generated",
    "div" : "<div xmlns=\"http://www.w3.org/1999/xhtml\"><p class=\"res-header-id\"><b>Generated Narrative: ConceptMap table-hl70131-to-v2-0131</b></p><a name=\"table-hl70131-to-v2-0131\"> </a><a name=\"hctable-hl70131-to-v2-0131\"> </a><p>Mapping from <a href=\"http://terminology.hl7.org/6.5.0/ValueSet-v2-0131.html\">hl7VS-contactRole2</a> to <a href=\"http://terminology.hl7.org/6.5.0/ValueSet-v2-0131.html\">hl7VS-contactRole2</a></p><br/><p><b>Group 1 </b>Mapping from <a href=\"http://terminology.hl7.org/6.5.0/CodeSystem-v2-0131.html\">contactRole2</a> to <a href=\"http://terminology.hl7.org/6.5.0/CodeSystem-v2-0131.html\">contactRole2</a></p><table class=\"grid\"><tr><td><b>Source Code</b></td><td><b>Relationship</b></td><td><b>Target Code</b></td></tr><tr><td>E (Employer)</td><td><a href=\"http://hl7.org/fhir/R5/codesystem-concept-map-relationship.html#equivalent\" title=\"equivalent\">is equivalent to</a></td><td>E (Employer)</td></tr><tr><td>C (Emergency Contact)</td><td><a href=\"http://hl7.org/fhir/R5/codesystem-concept-map-relationship.html#equivalent\" title=\"equivalent\">is equivalent to</a></td><td>C (Emergency Contact)</td></tr><tr><td>F (Federal Agency)</td><td><a href=\"http://hl7.org/fhir/R5/codesystem-concept-map-relationship.html#equivalent\" title=\"equivalent\">is equivalent to</a></td><td>F (Federal Agency)</td></tr><tr><td>I (Insurance Company)</td><td><a href=\"http://hl7.org/fhir/R5/codesystem-concept-map-relationship.html#equivalent\" title=\"equivalent\">is equivalent to</a></td><td>I (Insurance Company)</td></tr><tr><td>N (Next-of-Kin)</td><td><a href=\"http://hl7.org/fhir/R5/codesystem-concept-map-relationship.html#equivalent\" title=\"equivalent\">is equivalent to</a></td><td>N (Next-of-Kin)</td></tr><tr><td>S (State Agency)</td><td><a href=\"http://hl7.org/fhir/R5/codesystem-concept-map-relationship.html#equivalent\" title=\"equivalent\">is equivalent to</a></td><td>S (State Agency)</td></tr><tr><td>O (Other)</td><td><a href=\"http://hl7.org/fhir/R5/codesystem-concept-map-relationship.html#equivalent\" title=\"equivalent\">is equivalent to</a></td><td>O (Other)</td></tr><tr><td>U (Unknown)</td><td><a href=\"http://hl7.org/fhir/R5/codesystem-concept-map-relationship.html#equivalent\" title=\"equivalent\">is equivalent to</a></td><td>U (Unknown)</td></tr></table></div>"
  },
  "extension" : [{
    "extension" : [{
      "url" : "type",
      "valueCode" : "derived-from"
    },
    {
      "url" : "label",
      "valueString" : "Table HL70131 to V2 0131.fsh"
    },
    {
      "url" : "url",
      "valueUri" : "https://docs.google.com/spreadsheets/d/1IKIju2kedkokH5NGLWUlR1_Xsbdcplfb3wInd-W2lFE/edit#gid=0"
    }],
    "url" : "http://hl7.org/fhir/uv/v2mappings/StructureDefinition/RelatedArtifact"
  },
  {
    "url" : "http://hl7.org/fhir/StructureDefinition/structuredefinition-wg",
    "valueCode" : "oo"
  },
  {
    "url" : "http://hl7.org/fhir/StructureDefinition/structuredefinition-standards-status",
    "valueCode" : "informative",
    "_valueCode" : {
      "extension" : [{
        "url" : "http://hl7.org/fhir/StructureDefinition/structuredefinition-conformance-derivedFrom",
        "valueCanonical" : "http://hl7.org/fhir/uv/v2mappings/ImplementationGuide/hl7.fhir.uv.v2mappings"
      }]
    }
  }],
  "url" : "http://hl7.org/fhir/uv/v2mappings/ConceptMap/table-hl70131-to-v2-0131",
  "version" : "1.0.0",
  "name" : "TableHL70131ToV20131",
  "title" : "Table HL70131 to V2 0131 Map",
  "status" : "active",
  "experimental" : true,
  "date" : "2025-08-23",
  "publisher" : "HL7 International / Orders and Observations",
  "contact" : [{
    "name" : "HL7 Orders and Observations Workgroup",
    "telecom" : [{
      "system" : "url",
      "value" : "http://www.hl7.org/Special/committees/orders"
    }]
  }],
  "description" : "This ConceptMap represents a mapping from the HL7 V2 Table HL70131 to the FHIR V2 0131 Value Set.",
  "jurisdiction" : [{
    "coding" : [{
      "system" : "http://unstats.un.org/unsd/methods/m49/m49.htm",
      "code" : "001"
    }]
  }],
  "copyright" : "Copyright (c) 2025, HL7 International, Inc., All Rights Reserved.",
  "sourceUri" : "http://terminology.hl7.org/ValueSet/v2-0131",
  "targetUri" : "http://terminology.hl7.org/ValueSet/v2-0131",
  "group" : [{
    "source" : "http://terminology.hl7.org/CodeSystem/v2-0131",
    "target" : "http://terminology.hl7.org/CodeSystem/v2-0131",
    "element" : [{
      "code" : "E",
      "display" : "Employer",
      "target" : [{
        "code" : "E",
        "display" : "Employer",
        "equivalence" : "equivalent"
      }]
    },
    {
      "code" : "C",
      "display" : "Emergency Contact",
      "target" : [{
        "code" : "C",
        "display" : "Emergency Contact",
        "equivalence" : "equivalent"
      }]
    },
    {
      "code" : "F",
      "display" : "Federal Agency",
      "target" : [{
        "code" : "F",
        "display" : "Federal Agency",
        "equivalence" : "equivalent"
      }]
    },
    {
      "code" : "I",
      "display" : "Insurance Company",
      "target" : [{
        "code" : "I",
        "display" : "Insurance Company",
        "equivalence" : "equivalent"
      }]
    },
    {
      "code" : "N",
      "display" : "Next-of-Kin",
      "target" : [{
        "code" : "N",
        "display" : "Next-of-Kin",
        "equivalence" : "equivalent"
      }]
    },
    {
      "code" : "S",
      "display" : "State Agency",
      "target" : [{
        "code" : "S",
        "display" : "State Agency",
        "equivalence" : "equivalent"
      }]
    },
    {
      "code" : "O",
      "display" : "Other",
      "target" : [{
        "code" : "O",
        "display" : "Other",
        "equivalence" : "equivalent"
      }]
    },
    {
      "code" : "U",
      "display" : "Unknown",
      "target" : [{
        "code" : "U",
        "display" : "Unknown",
        "equivalence" : "equivalent"
      }]
    }]
  }]
}