<?xml version="1.0" encoding="UTF-8"?>

<ConceptMap xmlns="http://hl7.org/fhir">
  <id value="table-hl70277-to-v2-0277"/>
  <text>
    <status value="generated"/><div xmlns="http://www.w3.org/1999/xhtml"><p class="res-header-id"><b>Generated Narrative: ConceptMap table-hl70277-to-v2-0277</b></p><a name="table-hl70277-to-v2-0277"> </a><a name="hctable-hl70277-to-v2-0277"> </a><p>Mapping from <a href="http://terminology.hl7.org/6.5.0/ValueSet-v2-0277.html">hl7VS-appointmentTypeCodes</a> to <a href="http://terminology.hl7.org/6.5.0/ValueSet-v2-0277.html">hl7VS-appointmentTypeCodes</a></p><br/><p><b>Group 1 </b>Mapping from <a href="http://terminology.hl7.org/6.5.0/CodeSystem-v2-0277.html">appointmentType</a> to <a href="http://terminology.hl7.org/6.5.0/CodeSystem-v2-0277.html">appointmentType</a></p><table class="grid"><tr><td><b>Source Code</b></td><td><b>Relationship</b></td><td><b>Target Code</b></td></tr><tr><td>Normal (Routine schedule request type – default if not valued)</td><td><a href="http://hl7.org/fhir/R5/codesystem-concept-map-relationship.html#equivalent" title="equivalent">is equivalent to</a></td><td>Normal (Routine schedule request type – default if not valued)</td></tr><tr><td>Tentative (A request for a tentative (e.g., “penciled in”) appointment)</td><td><a href="http://hl7.org/fhir/R5/codesystem-concept-map-relationship.html#equivalent" title="equivalent">is equivalent to</a></td><td>Tentative (A request for a tentative (e.g., “penciled in”) appointment)</td></tr><tr><td>Complete (A request to add a completed appointment, used to maintain records of completed appointments that did not appear in the schedule (e.g., STAT, walk-in, etc.))</td><td><a href="http://hl7.org/fhir/R5/codesystem-concept-map-relationship.html#equivalent" title="equivalent">is equivalent to</a></td><td>Complete (A request to add a completed appointment, used to maintain records of completed appointments that did not appear in the schedule (e.g., STAT, walk-in, etc.))</td></tr></table></div>
  </text>
  <extension url="http://hl7.org/fhir/uv/v2mappings/StructureDefinition/RelatedArtifact">
    <extension url="type">
      <valueCode value="derived-from"/>
    </extension>
    <extension url="label">
      <valueString value="Table HL70277 to V2 0277.fsh"/>
    </extension>
    <extension url="url">
      <valueUri value="https://docs.google.com/spreadsheets/d/1LctuGxG7IDDNuMCS_L4usmZhP49YpqTl6Lx59FmeIcA/edit#gid=0"/>
    </extension>
  </extension>
  <extension url="http://hl7.org/fhir/StructureDefinition/structuredefinition-wg">
    <valueCode value="oo"/>
  </extension>
  <extension url="http://hl7.org/fhir/StructureDefinition/structuredefinition-standards-status">
    <valueCode value="informative">
      <extension url="http://hl7.org/fhir/StructureDefinition/structuredefinition-conformance-derivedFrom">
        <valueCanonical value="http://hl7.org/fhir/uv/v2mappings/ImplementationGuide/hl7.fhir.uv.v2mappings"/>
      </extension>
    </valueCode>
  </extension>
  <url value="http://hl7.org/fhir/uv/v2mappings/ConceptMap/table-hl70277-to-v2-0277"/>
  <version value="1.0.0"/>
  <name value="TableHL70277ToV20277"/>
  <title value="Table HL70277 to V2 0277 Map"/>
  <status value="active"/>
  <experimental value="true"/>
  <date value="2025-08-23"/>
  <publisher value="HL7 International / Orders and Observations"/>
  <contact>
    <name value="HL7 Orders and Observations Workgroup"/>
    <telecom>
      <system value="url"/>
      <value value="http://www.hl7.org/Special/committees/orders"/>
    </telecom>
  </contact>
  <description value="This ConceptMap represents a mapping from the HL7 V2 Table HL70277 to the FHIR V2 0277 Value Set."/>
  <jurisdiction>
    <coding>
      <system value="http://unstats.un.org/unsd/methods/m49/m49.htm"/>
      <code value="001"/>
    </coding>
  </jurisdiction>
  <copyright value="Copyright (c) 2025, HL7 International, Inc., All Rights Reserved."/>
  <sourceUri value="http://terminology.hl7.org/ValueSet/v2-0277"/>
  <targetUri value="http://terminology.hl7.org/ValueSet/v2-0277"/>
  <group>
    <source value="http://terminology.hl7.org/CodeSystem/v2-0277"/>
    <target value="http://terminology.hl7.org/CodeSystem/v2-0277"/>
    <element>
      <code value="Normal"/>
      <display value="Routine schedule request type – default if not valued"/>
      <target>
        <code value="Normal"/>
        <display value="Routine schedule request type – default if not valued"/>
        <equivalence value="equivalent"/>
      </target>
    </element>
    <element>
      <code value="Tentative"/>
      <display value="A request for a tentative (e.g., “penciled in”) appointment"/>
      <target>
        <code value="Tentative"/>
        <display value="A request for a tentative (e.g., “penciled in”) appointment"/>
        <equivalence value="equivalent"/>
      </target>
    </element>
    <element>
      <code value="Complete"/>
      <display value="A request to add a completed appointment, used to maintain records of completed appointments that did not appear in the schedule (e.g., STAT, walk-in, etc.)"/>
      <target>
        <code value="Complete"/>
        <display value="A request to add a completed appointment, used to maintain records of completed appointments that did not appear in the schedule (e.g., STAT, walk-in, etc.)"/>
        <equivalence value="equivalent"/>
      </target>
    </element>
  </group>
</ConceptMap>