<?xml version="1.0" encoding="UTF-8"?>

<ConceptMap xmlns="http://hl7.org/fhir">
  <id value="datatype-na-to-sampleddata"/>
  <text>
    <status value="generated"/><div xmlns="http://www.w3.org/1999/xhtml"><p class="res-header-id"><b>Generated Narrative: ConceptMap datatype-na-to-sampleddata</b></p><a name="datatype-na-to-sampleddata"> </a><a name="hcdatatype-na-to-sampleddata"> </a><p>Mapping from (not specified) to (not specified)</p><br/><p><b>Group 1 </b>Mapping from <code>unspecified code system</code> to <code>unspecified code system</code></p><table class="grid"><tr><td><b>Source Code</b></td><td><b>Relationship</b></td><td><b>Target Code</b></td></tr><tr><td>NA.1 (Value1)</td><td><a href="http://hl7.org/fhir/R5/codesystem-concept-map-relationship.html#equivalent" title="equivalent">is equivalent to</a></td><td>data</td></tr><tr><td>NA.2 (Value2)</td><td><a href="http://hl7.org/fhir/R5/codesystem-concept-map-relationship.html#equivalent" title="equivalent">is equivalent to</a></td><td>data</td></tr><tr><td>NA.3 (Value3)</td><td><a href="http://hl7.org/fhir/R5/codesystem-concept-map-relationship.html#equivalent" title="equivalent">is equivalent to</a></td><td>data</td></tr><tr><td>NA.4 (Value4)</td><td><a href="http://hl7.org/fhir/R5/codesystem-concept-map-relationship.html#equivalent" title="equivalent">is equivalent to</a></td><td>data</td></tr></table></div>
  </text>
  <extension url="http://hl7.org/fhir/uv/v2mappings/StructureDefinition/RelatedArtifact">
    <extension url="type">
      <valueCode value="derived-from"/>
    </extension>
    <extension url="label">
      <valueString value="Datatype NA to SampledData.fsh"/>
    </extension>
    <extension url="url">
      <valueUri value="https://docs.google.com/spreadsheets/d/1GCew5Q2d9I6IiZminQ7DHWqMaD7eJWy1yau1fLqYpJs/edit?gid=0#gid=0"/>
    </extension>
  </extension>
  <extension url="http://hl7.org/fhir/StructureDefinition/structuredefinition-wg">
    <valueCode value="oo"/>
  </extension>
  <extension url="http://hl7.org/fhir/StructureDefinition/structuredefinition-standards-status">
    <valueCode value="informative">
      <extension url="http://hl7.org/fhir/StructureDefinition/structuredefinition-conformance-derivedFrom">
        <valueCanonical value="http://hl7.org/fhir/uv/v2mappings/ImplementationGuide/hl7.fhir.uv.v2mappings"/>
      </extension>
    </valueCode>
  </extension>
  <url value="http://hl7.org/fhir/uv/v2mappings/ConceptMap/datatype-na-to-sampleddata"/>
  <version value="1.0.0"/>
  <name value="DatatypeNAToSampledData"/>
  <title value="Datatype NA to SampledData Map"/>
  <status value="active"/>
  <experimental value="true"/>
  <date value="2025-08-23"/>
  <publisher value="HL7 International / Orders and Observations"/>
  <contact>
    <name value="HL7 Orders and Observations Workgroup"/>
    <telecom>
      <system value="url"/>
      <value value="http://www.hl7.org/Special/committees/orders"/>
    </telecom>
  </contact>
  <description value="This ConceptMap represents a mapping from the HL7 V2 Datatype NA to the FHIR SampledData Data Type."/>
  <jurisdiction>
    <coding>
      <system value="http://unstats.un.org/unsd/methods/m49/m49.htm"/>
      <code value="001"/>
    </coding>
  </jurisdiction>
  <copyright value="Copyright (c) 2025, HL7 International, Inc., All Rights Reserved."/>
  <group>
    <element>
      <extension url="http://hl7.org/fhir/uv/v2mappings/StructureDefinition/TypeInfo">
        <extension url="type">
          <valueCode value="NM"/>
        </extension>
        <extension url="cardinalityMin">
          <valueInteger value="0"/>
        </extension>
        <extension url="cardinalityMax">
          <valueInteger value="1"/>
        </extension>
      </extension>
      <code value="NA.1"/>
      <display value="Value1"/>
      <target>
        <extension url="http://hl7.org/fhir/uv/v2mappings/StructureDefinition/TypeInfo">
          <extension url="type">
            <valueCode value="string"/>
          </extension>
          <extension url="cardinalityMin">
            <valueInteger value="1"/>
          </extension>
          <extension url="cardinalityMax">
            <valueInteger value="1"/>
          </extension>
          <extension url="assignment">
            <valueString value="NA.1"/>
          </extension>
        </extension>
        <code value="data"/>
        <display value="data"/>
        <equivalence value="equivalent"/>
      </target>
    </element>
    <element>
      <extension url="http://hl7.org/fhir/uv/v2mappings/StructureDefinition/TypeInfo">
        <extension url="type">
          <valueCode value="NM"/>
        </extension>
        <extension url="cardinalityMin">
          <valueInteger value="0"/>
        </extension>
        <extension url="cardinalityMax">
          <valueInteger value="1"/>
        </extension>
      </extension>
      <code value="NA.2"/>
      <display value="Value2"/>
      <target>
        <extension url="http://hl7.org/fhir/uv/v2mappings/StructureDefinition/TypeInfo">
          <extension url="type">
            <valueCode value="string"/>
          </extension>
          <extension url="cardinalityMin">
            <valueInteger value="1"/>
          </extension>
          <extension url="cardinalityMax">
            <valueInteger value="1"/>
          </extension>
          <extension url="assignment">
            <valueString value="NA.1 + &quot;^&quot; + NA.2"/>
          </extension>
        </extension>
        <code value="data"/>
        <display value="data"/>
        <equivalence value="equivalent"/>
      </target>
    </element>
    <element>
      <extension url="http://hl7.org/fhir/uv/v2mappings/StructureDefinition/TypeInfo">
        <extension url="type">
          <valueCode value="NM"/>
        </extension>
        <extension url="cardinalityMin">
          <valueInteger value="0"/>
        </extension>
        <extension url="cardinalityMax">
          <valueInteger value="1"/>
        </extension>
      </extension>
      <code value="NA.3"/>
      <display value="Value3"/>
      <target>
        <extension url="http://hl7.org/fhir/uv/v2mappings/StructureDefinition/TypeInfo">
          <extension url="type">
            <valueCode value="string"/>
          </extension>
          <extension url="cardinalityMin">
            <valueInteger value="1"/>
          </extension>
          <extension url="cardinalityMax">
            <valueInteger value="1"/>
          </extension>
          <extension url="assignment">
            <valueString value="NA.1 + &quot;^&quot; + NA.2 + &quot;^&quot; + NA.3"/>
          </extension>
        </extension>
        <code value="data"/>
        <display value="data"/>
        <equivalence value="equivalent"/>
      </target>
    </element>
    <element>
      <extension url="http://hl7.org/fhir/uv/v2mappings/StructureDefinition/TypeInfo">
        <extension url="type">
          <valueCode value="NM"/>
        </extension>
        <extension url="cardinalityMin">
          <valueInteger value="0"/>
        </extension>
        <extension url="cardinalityMax">
          <valueInteger value="1"/>
        </extension>
      </extension>
      <code value="NA.4"/>
      <display value="Value4"/>
      <target>
        <extension url="http://hl7.org/fhir/uv/v2mappings/StructureDefinition/TypeInfo">
          <extension url="type">
            <valueCode value="string"/>
          </extension>
          <extension url="cardinalityMin">
            <valueInteger value="1"/>
          </extension>
          <extension url="cardinalityMax">
            <valueInteger value="1"/>
          </extension>
          <extension url="assignment">
            <valueString value="NA.1 + &quot;^&quot; + NA.2 + &quot;^&quot; + NA.3 + &quot;^&quot; NA.4"/>
          </extension>
        </extension>
        <code value="data"/>
        <display value="data"/>
        <equivalence value="equivalent"/>
      </target>
    </element>
  </group>
</ConceptMap>