<?xml version="1.0" encoding="UTF-8"?>

<ConceptMap xmlns="http://hl7.org/fhir">
  <id value="table-hl70203-to-v2-0203"/>
  <text>
    <status value="generated"/><div xmlns="http://www.w3.org/1999/xhtml"><p class="res-header-id"><b>Generated Narrative: ConceptMap table-hl70203-to-v2-0203</b></p><a name="table-hl70203-to-v2-0203"> </a><a name="hctable-hl70203-to-v2-0203"> </a><p>Mapping from <a href="http://terminology.hl7.org/6.5.0/ValueSet-v2-0203.html">hl7VS-identifierType</a> to <a href="http://terminology.hl7.org/6.5.0/ValueSet-v2-0203.html">hl7VS-identifierType</a></p><br/><p><b>Group 1 </b>Mapping from <a href="http://terminology.hl7.org/6.5.0/CodeSystem-v2-0203.html">identifierType</a> to <a href="http://terminology.hl7.org/6.5.0/CodeSystem-v2-0203.html">identifierType</a></p><table class="grid"><tr><td><b>Source Code</b></td><td><b>Relationship</b></td><td><b>Target Code</b></td></tr><tr><td>ACSN (Accession ID)</td><td><a href="http://hl7.org/fhir/R5/codesystem-concept-map-relationship.html#equivalent" title="equivalent">is equivalent to</a></td><td>ACSN (Accession ID)</td></tr><tr><td>AM (American Express)</td><td><a href="http://hl7.org/fhir/R5/codesystem-concept-map-relationship.html#equivalent" title="equivalent">is equivalent to</a></td><td>AM (American Express)</td></tr><tr><td>AMA (American Medical Association Number)</td><td><a href="http://hl7.org/fhir/R5/codesystem-concept-map-relationship.html#equivalent" title="equivalent">is equivalent to</a></td><td>AMA (American Medical Association Number)</td></tr><tr><td>AN (Account number)</td><td><a href="http://hl7.org/fhir/R5/codesystem-concept-map-relationship.html#equivalent" title="equivalent">is equivalent to</a></td><td>AN (Account number)</td></tr><tr><td>ANON (Anonymous identifier)</td><td><a href="http://hl7.org/fhir/R5/codesystem-concept-map-relationship.html#equivalent" title="equivalent">is equivalent to</a></td><td>ANON (Anonymous identifier)</td></tr><tr><td>ANC (Account number Creditor)</td><td><a href="http://hl7.org/fhir/R5/codesystem-concept-map-relationship.html#equivalent" title="equivalent">is equivalent to</a></td><td>ANC (Account number Creditor)</td></tr><tr><td>AND (Account number debitor)</td><td><a href="http://hl7.org/fhir/R5/codesystem-concept-map-relationship.html#equivalent" title="equivalent">is equivalent to</a></td><td>AND (Account number debitor)</td></tr><tr><td>ANT (Temporary Account Number)</td><td><a href="http://hl7.org/fhir/R5/codesystem-concept-map-relationship.html#equivalent" title="equivalent">is equivalent to</a></td><td>ANT (Temporary Account Number)</td></tr><tr><td>APRN (Advanced Practice Registered Nurse number)</td><td><a href="http://hl7.org/fhir/R5/codesystem-concept-map-relationship.html#equivalent" title="equivalent">is equivalent to</a></td><td>APRN (Advanced Practice Registered Nurse number)</td></tr><tr><td>ASID (Ancestor Specimen ID)</td><td><a href="http://hl7.org/fhir/R5/codesystem-concept-map-relationship.html#equivalent" title="equivalent">is equivalent to</a></td><td>ASID (Ancestor Specimen ID)</td></tr><tr><td>BA (Bank Account Number)</td><td><a href="http://hl7.org/fhir/R5/codesystem-concept-map-relationship.html#equivalent" title="equivalent">is equivalent to</a></td><td>BA (Bank Account Number)</td></tr><tr><td>BC (Bank Card Number)</td><td><a href="http://hl7.org/fhir/R5/codesystem-concept-map-relationship.html#equivalent" title="equivalent">is equivalent to</a></td><td>BC (Bank Card Number)</td></tr><tr><td>BCT (Birth Certificate)</td><td><a href="http://hl7.org/fhir/R5/codesystem-concept-map-relationship.html#equivalent" title="equivalent">is equivalent to</a></td><td>BCT (Birth Certificate)</td></tr><tr><td>BR (Birth registry number)</td><td><a href="http://hl7.org/fhir/R5/codesystem-concept-map-relationship.html#equivalent" title="equivalent">is equivalent to</a></td><td>BR (Birth registry number)</td></tr><tr><td>BRN (Breed Registry Number)</td><td><a href="http://hl7.org/fhir/R5/codesystem-concept-map-relationship.html#equivalent" title="equivalent">is equivalent to</a></td><td>BRN (Breed Registry Number)</td></tr><tr><td>BSNR (Primary physician office number)</td><td><a href="http://hl7.org/fhir/R5/codesystem-concept-map-relationship.html#equivalent" title="equivalent">is equivalent to</a></td><td>BSNR (Primary physician office number)</td></tr><tr><td>CC (Cost Center number)</td><td><a href="http://hl7.org/fhir/R5/codesystem-concept-map-relationship.html#equivalent" title="equivalent">is equivalent to</a></td><td>CC (Cost Center number)</td></tr><tr><td>CONM (Change of Name Document)</td><td><a href="http://hl7.org/fhir/R5/codesystem-concept-map-relationship.html#equivalent" title="equivalent">is equivalent to</a></td><td>CONM (Change of Name Document)</td></tr><tr><td>CZ (Citizenship Card)</td><td><a href="http://hl7.org/fhir/R5/codesystem-concept-map-relationship.html#equivalent" title="equivalent">is equivalent to</a></td><td>CZ (Citizenship Card)</td></tr><tr><td>CY (County number)</td><td><a href="http://hl7.org/fhir/R5/codesystem-concept-map-relationship.html#equivalent" title="equivalent">is equivalent to</a></td><td>CY (County number)</td></tr><tr><td>DDS (Dentist license number)</td><td><a href="http://hl7.org/fhir/R5/codesystem-concept-map-relationship.html#equivalent" title="equivalent">is equivalent to</a></td><td>DDS (Dentist license number)</td></tr><tr><td>DEA (Drug Enforcement Administration registration number)</td><td><a href="http://hl7.org/fhir/R5/codesystem-concept-map-relationship.html#equivalent" title="equivalent">is equivalent to</a></td><td>DEA (Drug Enforcement Administration registration number)</td></tr><tr><td>DI (Diner’s Club card)</td><td><a href="http://hl7.org/fhir/R5/codesystem-concept-map-relationship.html#equivalent" title="equivalent">is equivalent to</a></td><td>DI (Diner’s Club card)</td></tr><tr><td>DFN (Drug Furnishing or prescriptive authority Number)</td><td><a href="http://hl7.org/fhir/R5/codesystem-concept-map-relationship.html#equivalent" title="equivalent">is equivalent to</a></td><td>DFN (Drug Furnishing or prescriptive authority Number)</td></tr><tr><td>DL (Driver’s license number)</td><td><a href="http://hl7.org/fhir/R5/codesystem-concept-map-relationship.html#equivalent" title="equivalent">is equivalent to</a></td><td>DL (Driver’s license number)</td></tr><tr><td>DN (Doctor number)</td><td><a href="http://hl7.org/fhir/R5/codesystem-concept-map-relationship.html#equivalent" title="equivalent">is equivalent to</a></td><td>DN (Doctor number)</td></tr><tr><td>DO (Osteopathic License number)</td><td><a href="http://hl7.org/fhir/R5/codesystem-concept-map-relationship.html#equivalent" title="equivalent">is equivalent to</a></td><td>DO (Osteopathic License number)</td></tr><tr><td>DP (Diplomatic Passport)</td><td><a href="http://hl7.org/fhir/R5/codesystem-concept-map-relationship.html#equivalent" title="equivalent">is equivalent to</a></td><td>DP (Diplomatic Passport)</td></tr><tr><td>DPM (Podiatrist license number)</td><td><a href="http://hl7.org/fhir/R5/codesystem-concept-map-relationship.html#equivalent" title="equivalent">is equivalent to</a></td><td>DPM (Podiatrist license number)</td></tr><tr><td>DR (Donor Registration Number)</td><td><a href="http://hl7.org/fhir/R5/codesystem-concept-map-relationship.html#equivalent" title="equivalent">is equivalent to</a></td><td>DR (Donor Registration Number)</td></tr><tr><td>DS (Discover Card)</td><td><a href="http://hl7.org/fhir/R5/codesystem-concept-map-relationship.html#equivalent" title="equivalent">is equivalent to</a></td><td>DS (Discover Card)</td></tr><tr><td>EI (Employee number)</td><td><a href="http://hl7.org/fhir/R5/codesystem-concept-map-relationship.html#equivalent" title="equivalent">is equivalent to</a></td><td>EI (Employee number)</td></tr><tr><td>EN (Employer number)</td><td><a href="http://hl7.org/fhir/R5/codesystem-concept-map-relationship.html#equivalent" title="equivalent">is equivalent to</a></td><td>EN (Employer number)</td></tr><tr><td>ESN (Staff Enterprise Number)</td><td><a href="http://hl7.org/fhir/R5/codesystem-concept-map-relationship.html#equivalent" title="equivalent">is equivalent to</a></td><td>ESN (Staff Enterprise Number)</td></tr><tr><td>FI (Facility ID)</td><td><a href="http://hl7.org/fhir/R5/codesystem-concept-map-relationship.html#equivalent" title="equivalent">is equivalent to</a></td><td>FI (Facility ID)</td></tr><tr><td>GI (Guarantor internal identifier)</td><td><a href="http://hl7.org/fhir/R5/codesystem-concept-map-relationship.html#equivalent" title="equivalent">is equivalent to</a></td><td>GI (Guarantor internal identifier)</td></tr><tr><td>GL (General ledger number)</td><td><a href="http://hl7.org/fhir/R5/codesystem-concept-map-relationship.html#equivalent" title="equivalent">is equivalent to</a></td><td>GL (General ledger number)</td></tr><tr><td>GN (Guarantor external identifier)</td><td><a href="http://hl7.org/fhir/R5/codesystem-concept-map-relationship.html#equivalent" title="equivalent">is equivalent to</a></td><td>GN (Guarantor external identifier)</td></tr><tr><td>HC (Health Card Number)</td><td><a href="http://hl7.org/fhir/R5/codesystem-concept-map-relationship.html#equivalent" title="equivalent">is equivalent to</a></td><td>HC (Health Card Number)</td></tr><tr><td>JHN (Jurisdictional health number (Canada))</td><td><a href="http://hl7.org/fhir/R5/codesystem-concept-map-relationship.html#equivalent" title="equivalent">is equivalent to</a></td><td>JHN (Jurisdictional health number (Canada))</td></tr><tr><td>IND (Indigenous/Aboriginal)</td><td><a href="http://hl7.org/fhir/R5/codesystem-concept-map-relationship.html#equivalent" title="equivalent">is equivalent to</a></td><td>IND (Indigenous/Aboriginal)</td></tr><tr><td>LACSN (Laboratory Accession ID)</td><td><a href="http://hl7.org/fhir/R5/codesystem-concept-map-relationship.html#equivalent" title="equivalent">is equivalent to</a></td><td>LACSN (Laboratory Accession ID)</td></tr><tr><td>LANR (Lifelong physician number)</td><td><a href="http://hl7.org/fhir/R5/codesystem-concept-map-relationship.html#equivalent" title="equivalent">is equivalent to</a></td><td>LANR (Lifelong physician number)</td></tr><tr><td>LI (Labor and industries number)</td><td><a href="http://hl7.org/fhir/R5/codesystem-concept-map-relationship.html#equivalent" title="equivalent">is equivalent to</a></td><td>LI (Labor and industries number)</td></tr><tr><td>LN (License number)</td><td><a href="http://hl7.org/fhir/R5/codesystem-concept-map-relationship.html#equivalent" title="equivalent">is equivalent to</a></td><td>LN (License number)</td></tr><tr><td>LR (Local Registry ID)</td><td><a href="http://hl7.org/fhir/R5/codesystem-concept-map-relationship.html#equivalent" title="equivalent">is equivalent to</a></td><td>LR (Local Registry ID)</td></tr><tr><td>MA (Patient Medicaid number)</td><td><a href="http://hl7.org/fhir/R5/codesystem-concept-map-relationship.html#equivalent" title="equivalent">is equivalent to</a></td><td>MA (Patient Medicaid number)</td></tr><tr><td>MB (Member Number)</td><td><a href="http://hl7.org/fhir/R5/codesystem-concept-map-relationship.html#equivalent" title="equivalent">is equivalent to</a></td><td>MB (Member Number)</td></tr><tr><td>MC (Patient’s Medicare number)</td><td><a href="http://hl7.org/fhir/R5/codesystem-concept-map-relationship.html#equivalent" title="equivalent">is equivalent to</a></td><td>MC (Patient’s Medicare number)</td></tr><tr><td>MCD (Practitioner Medicaid number)</td><td><a href="http://hl7.org/fhir/R5/codesystem-concept-map-relationship.html#equivalent" title="equivalent">is equivalent to</a></td><td>MCD (Practitioner Medicaid number)</td></tr><tr><td>MCN (Microchip Number)</td><td><a href="http://hl7.org/fhir/R5/codesystem-concept-map-relationship.html#equivalent" title="equivalent">is equivalent to</a></td><td>MCN (Microchip Number)</td></tr><tr><td>MCR (Practitioner Medicare number)</td><td><a href="http://hl7.org/fhir/R5/codesystem-concept-map-relationship.html#equivalent" title="equivalent">is equivalent to</a></td><td>MCR (Practitioner Medicare number)</td></tr><tr><td>MCT (Marriage Certificate)</td><td><a href="http://hl7.org/fhir/R5/codesystem-concept-map-relationship.html#equivalent" title="equivalent">is equivalent to</a></td><td>MCT (Marriage Certificate)</td></tr><tr><td>MD (Medical License number)</td><td><a href="http://hl7.org/fhir/R5/codesystem-concept-map-relationship.html#equivalent" title="equivalent">is equivalent to</a></td><td>MD (Medical License number)</td></tr><tr><td>MI (Military ID number)</td><td><a href="http://hl7.org/fhir/R5/codesystem-concept-map-relationship.html#equivalent" title="equivalent">is equivalent to</a></td><td>MI (Military ID number)</td></tr><tr><td>MR (Medical record number)</td><td><a href="http://hl7.org/fhir/R5/codesystem-concept-map-relationship.html#equivalent" title="equivalent">is equivalent to</a></td><td>MR (Medical record number)</td></tr><tr><td>MRT (Temporary Medical Record Number)</td><td><a href="http://hl7.org/fhir/R5/codesystem-concept-map-relationship.html#equivalent" title="equivalent">is equivalent to</a></td><td>MRT (Temporary Medical Record Number)</td></tr><tr><td>MS (MasterCard)</td><td><a href="http://hl7.org/fhir/R5/codesystem-concept-map-relationship.html#equivalent" title="equivalent">is equivalent to</a></td><td>MS (MasterCard)</td></tr><tr><td>NBSNR (Secondary physician office number)</td><td><a href="http://hl7.org/fhir/R5/codesystem-concept-map-relationship.html#equivalent" title="equivalent">is equivalent to</a></td><td>NBSNR (Secondary physician office number)</td></tr><tr><td>NCT (Naturalization Certificate)</td><td><a href="http://hl7.org/fhir/R5/codesystem-concept-map-relationship.html#equivalent" title="equivalent">is equivalent to</a></td><td>NCT (Naturalization Certificate)</td></tr><tr><td>NE (National employer identifier)</td><td><a href="http://hl7.org/fhir/R5/codesystem-concept-map-relationship.html#equivalent" title="equivalent">is equivalent to</a></td><td>NE (National employer identifier)</td></tr><tr><td>NH (National Health Plan Identifier)</td><td><a href="http://hl7.org/fhir/R5/codesystem-concept-map-relationship.html#equivalent" title="equivalent">is equivalent to</a></td><td>NH (National Health Plan Identifier)</td></tr><tr><td>NI (National unique individual identifier)</td><td><a href="http://hl7.org/fhir/R5/codesystem-concept-map-relationship.html#equivalent" title="equivalent">is equivalent to</a></td><td>NI (National unique individual identifier)</td></tr><tr><td>NII (National Insurance Organization Identifier)</td><td><a href="http://hl7.org/fhir/R5/codesystem-concept-map-relationship.html#equivalent" title="equivalent">is equivalent to</a></td><td>NII (National Insurance Organization Identifier)</td></tr><tr><td>NIIP (National Insurance Payor Identifier (Payor))</td><td><a href="http://hl7.org/fhir/R5/codesystem-concept-map-relationship.html#equivalent" title="equivalent">is equivalent to</a></td><td>NIIP (National Insurance Payor Identifier (Payor))</td></tr><tr><td>NNxxx (National Person Identifier where the xxx is the ISO table 3166 3-character (alphabetic) country code)</td><td><a href="http://hl7.org/fhir/R5/codesystem-concept-map-relationship.html#equivalent" title="equivalent">is equivalent to</a></td><td>NNxxx (National Person Identifier where the xxx is the ISO table 3166 3-character (alphabetic) country code)</td></tr><tr><td>NP (Nurse practitioner number)</td><td><a href="http://hl7.org/fhir/R5/codesystem-concept-map-relationship.html#equivalent" title="equivalent">is equivalent to</a></td><td>NP (Nurse practitioner number)</td></tr><tr><td>NPI (National provider identifier)</td><td><a href="http://hl7.org/fhir/R5/codesystem-concept-map-relationship.html#equivalent" title="equivalent">is equivalent to</a></td><td>NPI (National provider identifier)</td></tr><tr><td>OD (Optometrist license number)</td><td><a href="http://hl7.org/fhir/R5/codesystem-concept-map-relationship.html#equivalent" title="equivalent">is equivalent to</a></td><td>OD (Optometrist license number)</td></tr><tr><td>PA (Physician Assistant number)</td><td><a href="http://hl7.org/fhir/R5/codesystem-concept-map-relationship.html#equivalent" title="equivalent">is equivalent to</a></td><td>PA (Physician Assistant number)</td></tr><tr><td>PC (Parole Card)</td><td><a href="http://hl7.org/fhir/R5/codesystem-concept-map-relationship.html#equivalent" title="equivalent">is equivalent to</a></td><td>PC (Parole Card)</td></tr><tr><td>PCN (Penitentiary/correctional institution Number)</td><td><a href="http://hl7.org/fhir/R5/codesystem-concept-map-relationship.html#equivalent" title="equivalent">is equivalent to</a></td><td>PCN (Penitentiary/correctional institution Number)</td></tr><tr><td>PE (Living Subject Enterprise Number)</td><td><a href="http://hl7.org/fhir/R5/codesystem-concept-map-relationship.html#equivalent" title="equivalent">is equivalent to</a></td><td>PE (Living Subject Enterprise Number)</td></tr><tr><td>PEN (Pension Number)</td><td><a href="http://hl7.org/fhir/R5/codesystem-concept-map-relationship.html#equivalent" title="equivalent">is equivalent to</a></td><td>PEN (Pension Number)</td></tr><tr><td>PI (Patient internal identifier)</td><td><a href="http://hl7.org/fhir/R5/codesystem-concept-map-relationship.html#equivalent" title="equivalent">is equivalent to</a></td><td>PI (Patient internal identifier)</td></tr><tr><td>PN (Person number)</td><td><a href="http://hl7.org/fhir/R5/codesystem-concept-map-relationship.html#equivalent" title="equivalent">is equivalent to</a></td><td>PN (Person number)</td></tr><tr><td>PNT (Temporary Living Subject Number)</td><td><a href="http://hl7.org/fhir/R5/codesystem-concept-map-relationship.html#equivalent" title="equivalent">is equivalent to</a></td><td>PNT (Temporary Living Subject Number)</td></tr><tr><td>PPIN (Medicare/CMS Performing Provider Identification Number)</td><td><a href="http://hl7.org/fhir/R5/codesystem-concept-map-relationship.html#equivalent" title="equivalent">is equivalent to</a></td><td>PPIN (Medicare/CMS Performing Provider Identification Number)</td></tr><tr><td>PPN (Passport number)</td><td><a href="http://hl7.org/fhir/R5/codesystem-concept-map-relationship.html#equivalent" title="equivalent">is equivalent to</a></td><td>PPN (Passport number)</td></tr><tr><td>PRC (Permanent Resident Card Number)</td><td><a href="http://hl7.org/fhir/R5/codesystem-concept-map-relationship.html#equivalent" title="equivalent">is equivalent to</a></td><td>PRC (Permanent Resident Card Number)</td></tr><tr><td>PRN (Provider number)</td><td><a href="http://hl7.org/fhir/R5/codesystem-concept-map-relationship.html#equivalent" title="equivalent">is equivalent to</a></td><td>PRN (Provider number)</td></tr><tr><td>PT (Patient external identifier)</td><td><a href="http://hl7.org/fhir/R5/codesystem-concept-map-relationship.html#equivalent" title="equivalent">is equivalent to</a></td><td>PT (Patient external identifier)</td></tr><tr><td>QA (QA number)</td><td><a href="http://hl7.org/fhir/R5/codesystem-concept-map-relationship.html#equivalent" title="equivalent">is equivalent to</a></td><td>QA (QA number)</td></tr><tr><td>RI (Resource identifier)</td><td><a href="http://hl7.org/fhir/R5/codesystem-concept-map-relationship.html#equivalent" title="equivalent">is equivalent to</a></td><td>RI (Resource identifier)</td></tr><tr><td>RPH (Pharmacist license number)</td><td><a href="http://hl7.org/fhir/R5/codesystem-concept-map-relationship.html#equivalent" title="equivalent">is equivalent to</a></td><td>RPH (Pharmacist license number)</td></tr><tr><td>RN (Registered Nurse Number)</td><td><a href="http://hl7.org/fhir/R5/codesystem-concept-map-relationship.html#equivalent" title="equivalent">is equivalent to</a></td><td>RN (Registered Nurse Number)</td></tr><tr><td>RR (Railroad Retirement number)</td><td><a href="http://hl7.org/fhir/R5/codesystem-concept-map-relationship.html#equivalent" title="equivalent">is equivalent to</a></td><td>RR (Railroad Retirement number)</td></tr><tr><td>RRI (Regional registry ID)</td><td><a href="http://hl7.org/fhir/R5/codesystem-concept-map-relationship.html#equivalent" title="equivalent">is equivalent to</a></td><td>RRI (Regional registry ID)</td></tr><tr><td>RRP (Railroad Retirement Provider)</td><td><a href="http://hl7.org/fhir/R5/codesystem-concept-map-relationship.html#equivalent" title="equivalent">is equivalent to</a></td><td>RRP (Railroad Retirement Provider)</td></tr><tr><td>SID (Specimen ID)</td><td><a href="http://hl7.org/fhir/R5/codesystem-concept-map-relationship.html#equivalent" title="equivalent">is equivalent to</a></td><td>SID (Specimen ID)</td></tr><tr><td>SL (State license)</td><td><a href="http://hl7.org/fhir/R5/codesystem-concept-map-relationship.html#equivalent" title="equivalent">is equivalent to</a></td><td>SL (State license)</td></tr><tr><td>SN (Subscriber Number)</td><td><a href="http://hl7.org/fhir/R5/codesystem-concept-map-relationship.html#equivalent" title="equivalent">is equivalent to</a></td><td>SN (Subscriber Number)</td></tr><tr><td>SP (Study Permit)</td><td><a href="http://hl7.org/fhir/R5/codesystem-concept-map-relationship.html#equivalent" title="equivalent">is equivalent to</a></td><td>SP (Study Permit)</td></tr><tr><td>SR (State registry ID)</td><td><a href="http://hl7.org/fhir/R5/codesystem-concept-map-relationship.html#equivalent" title="equivalent">is equivalent to</a></td><td>SR (State registry ID)</td></tr><tr><td>SS (Social Security number)</td><td><a href="http://hl7.org/fhir/R5/codesystem-concept-map-relationship.html#equivalent" title="equivalent">is equivalent to</a></td><td>SS (Social Security number)</td></tr><tr><td>TAX (Tax ID number)</td><td><a href="http://hl7.org/fhir/R5/codesystem-concept-map-relationship.html#equivalent" title="equivalent">is equivalent to</a></td><td>TAX (Tax ID number)</td></tr><tr><td>TN (Treaty Number/ (Canada))</td><td><a href="http://hl7.org/fhir/R5/codesystem-concept-map-relationship.html#equivalent" title="equivalent">is equivalent to</a></td><td>TN (Treaty Number/ (Canada))</td></tr><tr><td>TPR (Temporary Permanent Resident (Canada))</td><td><a href="http://hl7.org/fhir/R5/codesystem-concept-map-relationship.html#equivalent" title="equivalent">is equivalent to</a></td><td>TPR (Temporary Permanent Resident (Canada))</td></tr><tr><td>U (Unspecified identifier)</td><td><a href="http://hl7.org/fhir/R5/codesystem-concept-map-relationship.html#equivalent" title="equivalent">is equivalent to</a></td><td>U (Unspecified identifier)</td></tr><tr><td>UPIN (Medicare/CMS (formerly HCFA)’s Universal Physician Identification numbers)</td><td><a href="http://hl7.org/fhir/R5/codesystem-concept-map-relationship.html#equivalent" title="equivalent">is equivalent to</a></td><td>UPIN (Medicare/CMS (formerly HCFA)’s Universal Physician Identification numbers)</td></tr><tr><td>USID (Unique Specimen ID)</td><td><a href="http://hl7.org/fhir/R5/codesystem-concept-map-relationship.html#equivalent" title="equivalent">is equivalent to</a></td><td>USID (Unique Specimen ID)</td></tr><tr><td>VN (Visit number)</td><td><a href="http://hl7.org/fhir/R5/codesystem-concept-map-relationship.html#equivalent" title="equivalent">is equivalent to</a></td><td>VN (Visit number)</td></tr><tr><td>VP (Visitor Permit)</td><td><a href="http://hl7.org/fhir/R5/codesystem-concept-map-relationship.html#equivalent" title="equivalent">is equivalent to</a></td><td>VP (Visitor Permit)</td></tr><tr><td>VS (VISA)</td><td><a href="http://hl7.org/fhir/R5/codesystem-concept-map-relationship.html#equivalent" title="equivalent">is equivalent to</a></td><td>VS (VISA)</td></tr><tr><td>WC (WIC identifier)</td><td><a href="http://hl7.org/fhir/R5/codesystem-concept-map-relationship.html#equivalent" title="equivalent">is equivalent to</a></td><td>WC (WIC identifier)</td></tr><tr><td>WCN (Workers’ Comp Number)</td><td><a href="http://hl7.org/fhir/R5/codesystem-concept-map-relationship.html#equivalent" title="equivalent">is equivalent to</a></td><td>WCN (Workers’ Comp Number)</td></tr><tr><td>WP (Work Permit)</td><td><a href="http://hl7.org/fhir/R5/codesystem-concept-map-relationship.html#equivalent" title="equivalent">is equivalent to</a></td><td>WP (Work Permit)</td></tr><tr><td>XX (Organization identifier)</td><td><a href="http://hl7.org/fhir/R5/codesystem-concept-map-relationship.html#equivalent" title="equivalent">is equivalent to</a></td><td>XX (Organization identifier)</td></tr></table></div>
  </text>
  <extension url="http://hl7.org/fhir/uv/v2mappings/StructureDefinition/RelatedArtifact">
    <extension url="type">
      <valueCode value="derived-from"/>
    </extension>
    <extension url="label">
      <valueString value="Table HL70203 to V2 0203.fsh"/>
    </extension>
    <extension url="url">
      <valueUri value="https://docs.google.com/spreadsheets/d/1ynFVTj3fQrQAvpGK7XAEODEzRaMdIexWD8MpT70VfE4/edit#gid=0"/>
    </extension>
  </extension>
  <extension url="http://hl7.org/fhir/StructureDefinition/structuredefinition-wg">
    <valueCode value="oo"/>
  </extension>
  <extension url="http://hl7.org/fhir/StructureDefinition/structuredefinition-standards-status">
    <valueCode value="informative">
      <extension url="http://hl7.org/fhir/StructureDefinition/structuredefinition-conformance-derivedFrom">
        <valueCanonical value="http://hl7.org/fhir/uv/v2mappings/ImplementationGuide/hl7.fhir.uv.v2mappings"/>
      </extension>
    </valueCode>
  </extension>
  <url value="http://hl7.org/fhir/uv/v2mappings/ConceptMap/table-hl70203-to-v2-0203"/>
  <version value="1.0.0"/>
  <name value="TableHL70203ToV20203"/>
  <title value="Table HL70203 to V2 0203 Map"/>
  <status value="active"/>
  <experimental value="true"/>
  <date value="2025-08-23"/>
  <publisher value="HL7 International / Orders and Observations"/>
  <contact>
    <name value="HL7 Orders and Observations Workgroup"/>
    <telecom>
      <system value="url"/>
      <value value="http://www.hl7.org/Special/committees/orders"/>
    </telecom>
  </contact>
  <description value="This ConceptMap represents a mapping from the HL7 V2 Table HL70203 to the FHIR V2 0203 Value Set."/>
  <jurisdiction>
    <coding>
      <system value="http://unstats.un.org/unsd/methods/m49/m49.htm"/>
      <code value="001"/>
    </coding>
  </jurisdiction>
  <copyright value="Copyright (c) 2025, HL7 International, Inc., All Rights Reserved."/>
  <sourceUri value="http://terminology.hl7.org/ValueSet/v2-0203"/>
  <targetUri value="http://terminology.hl7.org/ValueSet/v2-0203"/>
  <group>
    <source value="http://terminology.hl7.org/CodeSystem/v2-0203"/>
    <target value="http://terminology.hl7.org/CodeSystem/v2-0203"/>
    <element>
      <code value="ACSN"/>
      <display value="Accession ID"/>
      <target>
        <code value="ACSN"/>
        <display value="Accession ID"/>
        <equivalence value="equivalent"/>
      </target>
    </element>
    <element>
      <code value="AM"/>
      <display value="American Express"/>
      <target>
        <code value="AM"/>
        <display value="American Express"/>
        <equivalence value="equivalent"/>
      </target>
    </element>
    <element>
      <code value="AMA"/>
      <display value="American Medical Association Number"/>
      <target>
        <code value="AMA"/>
        <display value="American Medical Association Number"/>
        <equivalence value="equivalent"/>
      </target>
    </element>
    <element>
      <code value="AN"/>
      <display value="Account number"/>
      <target>
        <code value="AN"/>
        <display value="Account number"/>
        <equivalence value="equivalent"/>
      </target>
    </element>
    <element>
      <code value="ANON"/>
      <display value="Anonymous identifier"/>
      <target>
        <code value="ANON"/>
        <display value="Anonymous identifier"/>
        <equivalence value="equivalent"/>
      </target>
    </element>
    <element>
      <code value="ANC"/>
      <display value="Account number Creditor"/>
      <target>
        <code value="ANC"/>
        <display value="Account number Creditor"/>
        <equivalence value="equivalent"/>
      </target>
    </element>
    <element>
      <code value="AND"/>
      <display value="Account number debitor"/>
      <target>
        <code value="AND"/>
        <display value="Account number debitor"/>
        <equivalence value="equivalent"/>
      </target>
    </element>
    <element>
      <code value="ANT"/>
      <display value="Temporary Account Number"/>
      <target>
        <code value="ANT"/>
        <display value="Temporary Account Number"/>
        <equivalence value="equivalent"/>
      </target>
    </element>
    <element>
      <code value="APRN"/>
      <display value="Advanced Practice Registered Nurse number"/>
      <target>
        <code value="APRN"/>
        <display value="Advanced Practice Registered Nurse number"/>
        <equivalence value="equivalent"/>
      </target>
    </element>
    <element>
      <code value="ASID"/>
      <display value="Ancestor Specimen ID"/>
      <target>
        <code value="ASID"/>
        <display value="Ancestor Specimen ID"/>
        <equivalence value="equivalent"/>
      </target>
    </element>
    <element>
      <code value="BA"/>
      <display value="Bank Account Number"/>
      <target>
        <code value="BA"/>
        <display value="Bank Account Number"/>
        <equivalence value="equivalent"/>
      </target>
    </element>
    <element>
      <code value="BC"/>
      <display value="Bank Card Number"/>
      <target>
        <code value="BC"/>
        <display value="Bank Card Number"/>
        <equivalence value="equivalent"/>
      </target>
    </element>
    <element>
      <code value="BCT"/>
      <display value="Birth Certificate"/>
      <target>
        <code value="BCT"/>
        <display value="Birth Certificate"/>
        <equivalence value="equivalent"/>
      </target>
    </element>
    <element>
      <code value="BR"/>
      <display value="Birth registry number"/>
      <target>
        <code value="BR"/>
        <display value="Birth registry number"/>
        <equivalence value="equivalent"/>
      </target>
    </element>
    <element>
      <code value="BRN"/>
      <display value="Breed Registry Number"/>
      <target>
        <code value="BRN"/>
        <display value="Breed Registry Number"/>
        <equivalence value="equivalent"/>
      </target>
    </element>
    <element>
      <code value="BSNR"/>
      <display value="Primary physician office number"/>
      <target>
        <code value="BSNR"/>
        <display value="Primary physician office number"/>
        <equivalence value="equivalent"/>
      </target>
    </element>
    <element>
      <code value="CC"/>
      <display value="Cost Center number"/>
      <target>
        <code value="CC"/>
        <display value="Cost Center number"/>
        <equivalence value="equivalent"/>
      </target>
    </element>
    <element>
      <code value="CONM"/>
      <display value="Change of Name Document"/>
      <target>
        <code value="CONM"/>
        <display value="Change of Name Document"/>
        <equivalence value="equivalent"/>
      </target>
    </element>
    <element>
      <code value="CZ"/>
      <display value="Citizenship Card"/>
      <target>
        <code value="CZ"/>
        <display value="Citizenship Card"/>
        <equivalence value="equivalent"/>
      </target>
    </element>
    <element>
      <code value="CY"/>
      <display value="County number"/>
      <target>
        <code value="CY"/>
        <display value="County number"/>
        <equivalence value="equivalent"/>
      </target>
    </element>
    <element>
      <code value="DDS"/>
      <display value="Dentist license number"/>
      <target>
        <code value="DDS"/>
        <display value="Dentist license number"/>
        <equivalence value="equivalent"/>
      </target>
    </element>
    <element>
      <code value="DEA"/>
      <display value="Drug Enforcement Administration registration number"/>
      <target>
        <code value="DEA"/>
        <display value="Drug Enforcement Administration registration number"/>
        <equivalence value="equivalent"/>
      </target>
    </element>
    <element>
      <code value="DI"/>
      <display value="Diner’s Club card"/>
      <target>
        <code value="DI"/>
        <display value="Diner’s Club card"/>
        <equivalence value="equivalent"/>
      </target>
    </element>
    <element>
      <code value="DFN"/>
      <display value="Drug Furnishing or prescriptive authority Number"/>
      <target>
        <code value="DFN"/>
        <display value="Drug Furnishing or prescriptive authority Number"/>
        <equivalence value="equivalent"/>
      </target>
    </element>
    <element>
      <code value="DL"/>
      <display value="Driver’s license number"/>
      <target>
        <code value="DL"/>
        <display value="Driver’s license number"/>
        <equivalence value="equivalent"/>
      </target>
    </element>
    <element>
      <code value="DN"/>
      <display value="Doctor number"/>
      <target>
        <code value="DN"/>
        <display value="Doctor number"/>
        <equivalence value="equivalent"/>
      </target>
    </element>
    <element>
      <code value="DO"/>
      <display value="Osteopathic License number"/>
      <target>
        <code value="DO"/>
        <display value="Osteopathic License number"/>
        <equivalence value="equivalent"/>
      </target>
    </element>
    <element>
      <code value="DP"/>
      <display value="Diplomatic Passport"/>
      <target>
        <code value="DP"/>
        <display value="Diplomatic Passport"/>
        <equivalence value="equivalent"/>
      </target>
    </element>
    <element>
      <code value="DPM"/>
      <display value="Podiatrist license number"/>
      <target>
        <code value="DPM"/>
        <display value="Podiatrist license number"/>
        <equivalence value="equivalent"/>
      </target>
    </element>
    <element>
      <code value="DR"/>
      <display value="Donor Registration Number"/>
      <target>
        <code value="DR"/>
        <display value="Donor Registration Number"/>
        <equivalence value="equivalent"/>
      </target>
    </element>
    <element>
      <code value="DS"/>
      <display value="Discover Card"/>
      <target>
        <code value="DS"/>
        <display value="Discover Card"/>
        <equivalence value="equivalent"/>
      </target>
    </element>
    <element>
      <code value="EI"/>
      <display value="Employee number"/>
      <target>
        <code value="EI"/>
        <display value="Employee number"/>
        <equivalence value="equivalent"/>
      </target>
    </element>
    <element>
      <code value="EN"/>
      <display value="Employer number"/>
      <target>
        <code value="EN"/>
        <display value="Employer number"/>
        <equivalence value="equivalent"/>
      </target>
    </element>
    <element>
      <code value="ESN"/>
      <display value="Staff Enterprise Number"/>
      <target>
        <code value="ESN"/>
        <display value="Staff Enterprise Number"/>
        <equivalence value="equivalent"/>
      </target>
    </element>
    <element>
      <code value="FI"/>
      <display value="Facility ID"/>
      <target>
        <code value="FI"/>
        <display value="Facility ID"/>
        <equivalence value="equivalent"/>
      </target>
    </element>
    <element>
      <code value="GI"/>
      <display value="Guarantor internal identifier"/>
      <target>
        <code value="GI"/>
        <display value="Guarantor internal identifier"/>
        <equivalence value="equivalent"/>
      </target>
    </element>
    <element>
      <code value="GL"/>
      <display value="General ledger number"/>
      <target>
        <code value="GL"/>
        <display value="General ledger number"/>
        <equivalence value="equivalent"/>
      </target>
    </element>
    <element>
      <code value="GN"/>
      <display value="Guarantor external identifier"/>
      <target>
        <code value="GN"/>
        <display value="Guarantor external identifier"/>
        <equivalence value="equivalent"/>
      </target>
    </element>
    <element>
      <code value="HC"/>
      <display value="Health Card Number"/>
      <target>
        <code value="HC"/>
        <display value="Health Card Number"/>
        <equivalence value="equivalent"/>
      </target>
    </element>
    <element>
      <code value="JHN"/>
      <display value="Jurisdictional health number (Canada)"/>
      <target>
        <code value="JHN"/>
        <display value="Jurisdictional health number (Canada)"/>
        <equivalence value="equivalent"/>
      </target>
    </element>
    <element>
      <code value="IND"/>
      <display value="Indigenous/Aboriginal"/>
      <target>
        <code value="IND"/>
        <display value="Indigenous/Aboriginal"/>
        <equivalence value="equivalent"/>
      </target>
    </element>
    <element>
      <code value="LACSN"/>
      <display value="Laboratory Accession ID"/>
      <target>
        <code value="LACSN"/>
        <display value="Laboratory Accession ID"/>
        <equivalence value="equivalent"/>
      </target>
    </element>
    <element>
      <code value="LANR"/>
      <display value="Lifelong physician number"/>
      <target>
        <code value="LANR"/>
        <display value="Lifelong physician number"/>
        <equivalence value="equivalent"/>
      </target>
    </element>
    <element>
      <code value="LI"/>
      <display value="Labor and industries number"/>
      <target>
        <code value="LI"/>
        <display value="Labor and industries number"/>
        <equivalence value="equivalent"/>
      </target>
    </element>
    <element>
      <code value="LN"/>
      <display value="License number"/>
      <target>
        <code value="LN"/>
        <display value="License number"/>
        <equivalence value="equivalent"/>
      </target>
    </element>
    <element>
      <code value="LR"/>
      <display value="Local Registry ID"/>
      <target>
        <code value="LR"/>
        <display value="Local Registry ID"/>
        <equivalence value="equivalent"/>
      </target>
    </element>
    <element>
      <code value="MA"/>
      <display value="Patient Medicaid number"/>
      <target>
        <code value="MA"/>
        <display value="Patient Medicaid number"/>
        <equivalence value="equivalent"/>
      </target>
    </element>
    <element>
      <code value="MB"/>
      <display value="Member Number"/>
      <target>
        <code value="MB"/>
        <display value="Member Number"/>
        <equivalence value="equivalent"/>
      </target>
    </element>
    <element>
      <code value="MC"/>
      <display value="Patient’s Medicare number"/>
      <target>
        <code value="MC"/>
        <display value="Patient’s Medicare number"/>
        <equivalence value="equivalent"/>
      </target>
    </element>
    <element>
      <code value="MCD"/>
      <display value="Practitioner Medicaid number"/>
      <target>
        <code value="MCD"/>
        <display value="Practitioner Medicaid number"/>
        <equivalence value="equivalent"/>
      </target>
    </element>
    <element>
      <code value="MCN"/>
      <display value="Microchip Number"/>
      <target>
        <code value="MCN"/>
        <display value="Microchip Number"/>
        <equivalence value="equivalent"/>
      </target>
    </element>
    <element>
      <code value="MCR"/>
      <display value="Practitioner Medicare number"/>
      <target>
        <code value="MCR"/>
        <display value="Practitioner Medicare number"/>
        <equivalence value="equivalent"/>
      </target>
    </element>
    <element>
      <code value="MCT"/>
      <display value="Marriage Certificate"/>
      <target>
        <code value="MCT"/>
        <display value="Marriage Certificate"/>
        <equivalence value="equivalent"/>
      </target>
    </element>
    <element>
      <code value="MD"/>
      <display value="Medical License number"/>
      <target>
        <code value="MD"/>
        <display value="Medical License number"/>
        <equivalence value="equivalent"/>
      </target>
    </element>
    <element>
      <code value="MI"/>
      <display value="Military ID number"/>
      <target>
        <code value="MI"/>
        <display value="Military ID number"/>
        <equivalence value="equivalent"/>
      </target>
    </element>
    <element>
      <code value="MR"/>
      <display value="Medical record number"/>
      <target>
        <code value="MR"/>
        <display value="Medical record number"/>
        <equivalence value="equivalent"/>
      </target>
    </element>
    <element>
      <code value="MRT"/>
      <display value="Temporary Medical Record Number"/>
      <target>
        <code value="MRT"/>
        <display value="Temporary Medical Record Number"/>
        <equivalence value="equivalent"/>
      </target>
    </element>
    <element>
      <code value="MS"/>
      <display value="MasterCard"/>
      <target>
        <code value="MS"/>
        <display value="MasterCard"/>
        <equivalence value="equivalent"/>
      </target>
    </element>
    <element>
      <code value="NBSNR"/>
      <display value="Secondary physician office number"/>
      <target>
        <code value="NBSNR"/>
        <display value="Secondary physician office number"/>
        <equivalence value="equivalent"/>
      </target>
    </element>
    <element>
      <code value="NCT"/>
      <display value="Naturalization Certificate"/>
      <target>
        <code value="NCT"/>
        <display value="Naturalization Certificate"/>
        <equivalence value="equivalent"/>
      </target>
    </element>
    <element>
      <code value="NE"/>
      <display value="National employer identifier"/>
      <target>
        <code value="NE"/>
        <display value="National employer identifier"/>
        <equivalence value="equivalent"/>
      </target>
    </element>
    <element>
      <code value="NH"/>
      <display value="National Health Plan Identifier"/>
      <target>
        <code value="NH"/>
        <display value="National Health Plan Identifier"/>
        <equivalence value="equivalent"/>
      </target>
    </element>
    <element>
      <code value="NI"/>
      <display value="National unique individual identifier"/>
      <target>
        <code value="NI"/>
        <display value="National unique individual identifier"/>
        <equivalence value="equivalent"/>
      </target>
    </element>
    <element>
      <code value="NII"/>
      <display value="National Insurance Organization Identifier"/>
      <target>
        <code value="NII"/>
        <display value="National Insurance Organization Identifier"/>
        <equivalence value="equivalent"/>
      </target>
    </element>
    <element>
      <code value="NIIP"/>
      <display value="National Insurance Payor Identifier (Payor)"/>
      <target>
        <code value="NIIP"/>
        <display value="National Insurance Payor Identifier (Payor)"/>
        <equivalence value="equivalent"/>
      </target>
    </element>
    <element>
      <code value="NNxxx"/>
      <display value="National Person Identifier where the xxx is the ISO table 3166 3-character (alphabetic) country code"/>
      <target>
        <code value="NNxxx"/>
        <display value="National Person Identifier where the xxx is the ISO table 3166 3-character (alphabetic) country code"/>
        <equivalence value="equivalent"/>
      </target>
    </element>
    <element>
      <code value="NP"/>
      <display value="Nurse practitioner number"/>
      <target>
        <code value="NP"/>
        <display value="Nurse practitioner number"/>
        <equivalence value="equivalent"/>
      </target>
    </element>
    <element>
      <code value="NPI"/>
      <display value="National provider identifier"/>
      <target>
        <code value="NPI"/>
        <display value="National provider identifier"/>
        <equivalence value="equivalent"/>
      </target>
    </element>
    <element>
      <code value="OD"/>
      <display value="Optometrist license number"/>
      <target>
        <code value="OD"/>
        <display value="Optometrist license number"/>
        <equivalence value="equivalent"/>
      </target>
    </element>
    <element>
      <code value="PA"/>
      <display value="Physician Assistant number"/>
      <target>
        <code value="PA"/>
        <display value="Physician Assistant number"/>
        <equivalence value="equivalent"/>
      </target>
    </element>
    <element>
      <code value="PC"/>
      <display value="Parole Card"/>
      <target>
        <code value="PC"/>
        <display value="Parole Card"/>
        <equivalence value="equivalent"/>
      </target>
    </element>
    <element>
      <code value="PCN"/>
      <display value="Penitentiary/correctional institution Number"/>
      <target>
        <code value="PCN"/>
        <display value="Penitentiary/correctional institution Number"/>
        <equivalence value="equivalent"/>
      </target>
    </element>
    <element>
      <code value="PE"/>
      <display value="Living Subject Enterprise Number"/>
      <target>
        <code value="PE"/>
        <display value="Living Subject Enterprise Number"/>
        <equivalence value="equivalent"/>
      </target>
    </element>
    <element>
      <code value="PEN"/>
      <display value="Pension Number"/>
      <target>
        <code value="PEN"/>
        <display value="Pension Number"/>
        <equivalence value="equivalent"/>
      </target>
    </element>
    <element>
      <code value="PI"/>
      <display value="Patient internal identifier"/>
      <target>
        <code value="PI"/>
        <display value="Patient internal identifier"/>
        <equivalence value="equivalent"/>
      </target>
    </element>
    <element>
      <code value="PN"/>
      <display value="Person number"/>
      <target>
        <code value="PN"/>
        <display value="Person number"/>
        <equivalence value="equivalent"/>
      </target>
    </element>
    <element>
      <code value="PNT"/>
      <display value="Temporary Living Subject Number"/>
      <target>
        <code value="PNT"/>
        <display value="Temporary Living Subject Number"/>
        <equivalence value="equivalent"/>
      </target>
    </element>
    <element>
      <code value="PPIN"/>
      <display value="Medicare/CMS Performing Provider Identification Number"/>
      <target>
        <code value="PPIN"/>
        <display value="Medicare/CMS Performing Provider Identification Number"/>
        <equivalence value="equivalent"/>
      </target>
    </element>
    <element>
      <code value="PPN"/>
      <display value="Passport number"/>
      <target>
        <code value="PPN"/>
        <display value="Passport number"/>
        <equivalence value="equivalent"/>
      </target>
    </element>
    <element>
      <code value="PRC"/>
      <display value="Permanent Resident Card Number"/>
      <target>
        <code value="PRC"/>
        <display value="Permanent Resident Card Number"/>
        <equivalence value="equivalent"/>
      </target>
    </element>
    <element>
      <code value="PRN"/>
      <display value="Provider number"/>
      <target>
        <code value="PRN"/>
        <display value="Provider number"/>
        <equivalence value="equivalent"/>
      </target>
    </element>
    <element>
      <code value="PT"/>
      <display value="Patient external identifier"/>
      <target>
        <code value="PT"/>
        <display value="Patient external identifier"/>
        <equivalence value="equivalent"/>
      </target>
    </element>
    <element>
      <code value="QA"/>
      <display value="QA number"/>
      <target>
        <code value="QA"/>
        <display value="QA number"/>
        <equivalence value="equivalent"/>
      </target>
    </element>
    <element>
      <code value="RI"/>
      <display value="Resource identifier"/>
      <target>
        <code value="RI"/>
        <display value="Resource identifier"/>
        <equivalence value="equivalent"/>
      </target>
    </element>
    <element>
      <code value="RPH"/>
      <display value="Pharmacist license number"/>
      <target>
        <code value="RPH"/>
        <display value="Pharmacist license number"/>
        <equivalence value="equivalent"/>
      </target>
    </element>
    <element>
      <code value="RN"/>
      <display value="Registered Nurse Number"/>
      <target>
        <code value="RN"/>
        <display value="Registered Nurse Number"/>
        <equivalence value="equivalent"/>
      </target>
    </element>
    <element>
      <code value="RR"/>
      <display value="Railroad Retirement number"/>
      <target>
        <code value="RR"/>
        <display value="Railroad Retirement number"/>
        <equivalence value="equivalent"/>
      </target>
    </element>
    <element>
      <code value="RRI"/>
      <display value="Regional registry ID"/>
      <target>
        <code value="RRI"/>
        <display value="Regional registry ID"/>
        <equivalence value="equivalent"/>
      </target>
    </element>
    <element>
      <code value="RRP"/>
      <display value="Railroad Retirement Provider"/>
      <target>
        <code value="RRP"/>
        <display value="Railroad Retirement Provider"/>
        <equivalence value="equivalent"/>
      </target>
    </element>
    <element>
      <code value="SID"/>
      <display value="Specimen ID"/>
      <target>
        <code value="SID"/>
        <display value="Specimen ID"/>
        <equivalence value="equivalent"/>
      </target>
    </element>
    <element>
      <code value="SL"/>
      <display value="State license"/>
      <target>
        <code value="SL"/>
        <display value="State license"/>
        <equivalence value="equivalent"/>
      </target>
    </element>
    <element>
      <code value="SN"/>
      <display value="Subscriber Number"/>
      <target>
        <code value="SN"/>
        <display value="Subscriber Number"/>
        <equivalence value="equivalent"/>
      </target>
    </element>
    <element>
      <code value="SP"/>
      <display value="Study Permit"/>
      <target>
        <code value="SP"/>
        <display value="Study Permit"/>
        <equivalence value="equivalent"/>
      </target>
    </element>
    <element>
      <code value="SR"/>
      <display value="State registry ID"/>
      <target>
        <code value="SR"/>
        <display value="State registry ID"/>
        <equivalence value="equivalent"/>
      </target>
    </element>
    <element>
      <code value="SS"/>
      <display value="Social Security number"/>
      <target>
        <code value="SS"/>
        <display value="Social Security number"/>
        <equivalence value="equivalent"/>
      </target>
    </element>
    <element>
      <code value="TAX"/>
      <display value="Tax ID number"/>
      <target>
        <code value="TAX"/>
        <display value="Tax ID number"/>
        <equivalence value="equivalent"/>
      </target>
    </element>
    <element>
      <code value="TN"/>
      <display value="Treaty Number/ (Canada)"/>
      <target>
        <code value="TN"/>
        <display value="Treaty Number/ (Canada)"/>
        <equivalence value="equivalent"/>
      </target>
    </element>
    <element>
      <code value="TPR"/>
      <display value="Temporary Permanent Resident (Canada)"/>
      <target>
        <code value="TPR"/>
        <display value="Temporary Permanent Resident (Canada)"/>
        <equivalence value="equivalent"/>
      </target>
    </element>
    <element>
      <code value="U"/>
      <display value="Unspecified identifier"/>
      <target>
        <code value="U"/>
        <display value="Unspecified identifier"/>
        <equivalence value="equivalent"/>
      </target>
    </element>
    <element>
      <code value="UPIN"/>
      <display value="Medicare/CMS (formerly HCFA)’s Universal Physician Identification numbers"/>
      <target>
        <code value="UPIN"/>
        <display value="Medicare/CMS (formerly HCFA)’s Universal Physician Identification numbers"/>
        <equivalence value="equivalent"/>
      </target>
    </element>
    <element>
      <code value="USID"/>
      <display value="Unique Specimen ID"/>
      <target>
        <code value="USID"/>
        <display value="Unique Specimen ID"/>
        <equivalence value="equivalent"/>
      </target>
    </element>
    <element>
      <code value="VN"/>
      <display value="Visit number"/>
      <target>
        <code value="VN"/>
        <display value="Visit number"/>
        <equivalence value="equivalent"/>
      </target>
    </element>
    <element>
      <code value="VP"/>
      <display value="Visitor Permit"/>
      <target>
        <code value="VP"/>
        <display value="Visitor Permit"/>
        <equivalence value="equivalent"/>
      </target>
    </element>
    <element>
      <code value="VS"/>
      <display value="VISA"/>
      <target>
        <code value="VS"/>
        <display value="VISA"/>
        <equivalence value="equivalent"/>
      </target>
    </element>
    <element>
      <code value="WC"/>
      <display value="WIC identifier"/>
      <target>
        <code value="WC"/>
        <display value="WIC identifier"/>
        <equivalence value="equivalent"/>
      </target>
    </element>
    <element>
      <code value="WCN"/>
      <display value="Workers’ Comp Number"/>
      <target>
        <code value="WCN"/>
        <display value="Workers’ Comp Number"/>
        <equivalence value="equivalent"/>
      </target>
    </element>
    <element>
      <code value="WP"/>
      <display value="Work Permit"/>
      <target>
        <code value="WP"/>
        <display value="Work Permit"/>
        <equivalence value="equivalent"/>
      </target>
    </element>
    <element>
      <code value="XX"/>
      <display value="Organization identifier"/>
      <target>
        <code value="XX"/>
        <display value="Organization identifier"/>
        <equivalence value="equivalent"/>
      </target>
    </element>
  </group>
</ConceptMap>