{
  "resourceType" : "ConceptMap",
  "id" : "datatype-cwe-to-device",
  "text" : {
    "status" : "generated",
    "div" : "<div xmlns=\"http://www.w3.org/1999/xhtml\"><p class=\"res-header-id\"><b>Generated Narrative: ConceptMap datatype-cwe-to-device</b></p><a name=\"datatype-cwe-to-device\"> </a><a name=\"hcdatatype-cwe-to-device\"> </a><p>Mapping from (not specified) to (not specified)</p><br/><p><b>Group 1 </b>Mapping from <code>unspecified code system</code> to <code>unspecified code system</code></p><table class=\"grid\"><tr><td colspan=\"3\"><b>Source Concept Details</b></td><td><b>Relationship</b></td><td colspan=\"2\"><b>Target Concept Details</b></td></tr><tr><td colspan=\"2\"><b>Codes</b> from </td><td><b>NarrativeCondition</b></td><td/><td colspan=\"2\"><b>Codes</b> from </td></tr><tr><td style=\"border-right-width: 0px\">CWE.1</td><td style=\"border-left-width: 0px\">Identifier</td><td>If instance identifier</td><td><a href=\"http://hl7.org/fhir/R5/codesystem-concept-map-relationship.html#equivalent\" title=\"equivalent\">is equivalent to</a></td><td style=\"border-right-width: 0px\">identifier[1].value</td><td style=\"border-left-width: 0px\">identifier[1].value</td></tr><tr><td style=\"border-right-width: 0px\">CWE.1</td><td style=\"border-left-width: 0px\">Identifier</td><td>If kind identifier</td><td><a href=\"http://hl7.org/fhir/R5/codesystem-concept-map-relationship.html#equivalent\" title=\"equivalent\">is equivalent to</a></td><td style=\"border-right-width: 0px\">definition(DeviceDefinition.identifier[1].value)</td><td style=\"border-left-width: 0px\">definition(DeviceDefinition.identifier[1].value)</td></tr><tr><td style=\"border-right-width: 0px\">CWE.2</td><td style=\"border-left-width: 0px\">Text</td><td/><td><a href=\"http://hl7.org/fhir/R5/codesystem-concept-map-relationship.html#equivalent\" title=\"equivalent\">is equivalent to</a></td><td style=\"border-right-width: 0px\">deviceName[1].name</td><td style=\"border-left-width: 0px\">deviceName[1].name</td></tr><tr><td style=\"border-right-width: 0px\">CWE.2</td><td style=\"border-left-width: 0px\">Text</td><td/><td><a href=\"http://hl7.org/fhir/R5/codesystem-concept-map-relationship.html#equivalent\" title=\"equivalent\">is equivalent to</a></td><td style=\"border-right-width: 0px\">deviceName[1].type</td><td style=\"border-left-width: 0px\">deviceName[1].type</td></tr><tr><td style=\"border-right-width: 0px\">CWE.3</td><td style=\"border-left-width: 0px\">Name of Coding System</td><td>If instance identifier</td><td><a href=\"http://hl7.org/fhir/R5/codesystem-concept-map-relationship.html#equivalent\" title=\"equivalent\">is equivalent to</a></td><td style=\"border-right-width: 0px\">identifier[1].system</td><td style=\"border-left-width: 0px\">identifier[1].system</td></tr><tr><td style=\"border-right-width: 0px\">CWE.3</td><td style=\"border-left-width: 0px\">Name of Coding System</td><td>If kind identifier</td><td><a href=\"http://hl7.org/fhir/R5/codesystem-concept-map-relationship.html#equivalent\" title=\"equivalent\">is equivalent to</a></td><td style=\"border-right-width: 0px\">definition(DeviceDefinition.identifier[1].system)</td><td style=\"border-left-width: 0px\">definition(DeviceDefinition.identifier[1].system)</td></tr><tr><td style=\"border-right-width: 0px\">CWE.4</td><td style=\"border-left-width: 0px\">Alternate Identifier</td><td>If instance identifier</td><td><a href=\"http://hl7.org/fhir/R5/codesystem-concept-map-relationship.html#equivalent\" title=\"equivalent\">is equivalent to</a></td><td style=\"border-right-width: 0px\">identifier[2].value</td><td style=\"border-left-width: 0px\">identifier[2].value</td></tr><tr><td style=\"border-right-width: 0px\">CWE.4</td><td style=\"border-left-width: 0px\">Alternate Identifier</td><td>If kind identifier</td><td><a href=\"http://hl7.org/fhir/R5/codesystem-concept-map-relationship.html#equivalent\" title=\"equivalent\">is equivalent to</a></td><td style=\"border-right-width: 0px\">definition(DeviceDefinition.identifier[2].value)</td><td style=\"border-left-width: 0px\">definition(DeviceDefinition.identifier[2].value)</td></tr><tr><td style=\"border-right-width: 0px\">CWE.5</td><td style=\"border-left-width: 0px\">Alternate Text</td><td/><td><a href=\"http://hl7.org/fhir/R5/codesystem-concept-map-relationship.html#equivalent\" title=\"equivalent\">is equivalent to</a></td><td style=\"border-right-width: 0px\">deviceName[2].name</td><td style=\"border-left-width: 0px\">deviceName[2].name</td></tr><tr><td style=\"border-right-width: 0px\">CWE.5</td><td style=\"border-left-width: 0px\">Alternate Text</td><td/><td><a href=\"http://hl7.org/fhir/R5/codesystem-concept-map-relationship.html#equivalent\" title=\"equivalent\">is equivalent to</a></td><td style=\"border-right-width: 0px\">deviceName[2].type</td><td style=\"border-left-width: 0px\">deviceName[2].type</td></tr><tr><td style=\"border-right-width: 0px\">CWE.6</td><td style=\"border-left-width: 0px\">Name of Alternate Coding System</td><td>If instance identifier</td><td><a href=\"http://hl7.org/fhir/R5/codesystem-concept-map-relationship.html#equivalent\" title=\"equivalent\">is equivalent to</a></td><td style=\"border-right-width: 0px\">identifier[2].system</td><td style=\"border-left-width: 0px\">identifier[2].system</td></tr><tr><td style=\"border-right-width: 0px\">CWE.6</td><td style=\"border-left-width: 0px\">Name of Alternate Coding System</td><td>If kind identifier</td><td><a href=\"http://hl7.org/fhir/R5/codesystem-concept-map-relationship.html#equivalent\" title=\"equivalent\">is equivalent to</a></td><td style=\"border-right-width: 0px\">definition(DeviceDefinition.identifier[2].system)</td><td style=\"border-left-width: 0px\">definition(DeviceDefinition.identifier[2].system)</td></tr><tr><td style=\"border-right-width: 0px\">CWE.9</td><td style=\"border-left-width: 0px\">Original Text</td><td/><td><a href=\"http://hl7.org/fhir/R5/codesystem-concept-map-relationship.html#equivalent\" title=\"equivalent\">is equivalent to</a></td><td style=\"border-right-width: 0px\">deviceName[4].name</td><td style=\"border-left-width: 0px\">deviceName[4].name</td></tr><tr><td style=\"border-right-width: 0px\">CWE.9</td><td style=\"border-left-width: 0px\">Original Text</td><td/><td><a href=\"http://hl7.org/fhir/R5/codesystem-concept-map-relationship.html#equivalent\" title=\"equivalent\">is equivalent to</a></td><td style=\"border-right-width: 0px\">deviceName[4].type</td><td style=\"border-left-width: 0px\">deviceName[4].type</td></tr><tr><td style=\"border-right-width: 0px\">CWE.10</td><td style=\"border-left-width: 0px\">Second Alternate Identifier</td><td>If instance identifier</td><td><a href=\"http://hl7.org/fhir/R5/codesystem-concept-map-relationship.html#equivalent\" title=\"equivalent\">is equivalent to</a></td><td style=\"border-right-width: 0px\">identifier[3].value</td><td style=\"border-left-width: 0px\">identifier[3].value</td></tr><tr><td style=\"border-right-width: 0px\">CWE.10</td><td style=\"border-left-width: 0px\">Second Alternate Identifier</td><td>If kind identifier</td><td><a href=\"http://hl7.org/fhir/R5/codesystem-concept-map-relationship.html#equivalent\" title=\"equivalent\">is equivalent to</a></td><td style=\"border-right-width: 0px\">definition(DeviceDefinition.identifier[3].value)</td><td style=\"border-left-width: 0px\">definition(DeviceDefinition.identifier[3].value)</td></tr><tr><td style=\"border-right-width: 0px\">CWE.11</td><td style=\"border-left-width: 0px\">Second Alternate Text</td><td/><td><a href=\"http://hl7.org/fhir/R5/codesystem-concept-map-relationship.html#equivalent\" title=\"equivalent\">is equivalent to</a></td><td style=\"border-right-width: 0px\">deviceName[3].name</td><td style=\"border-left-width: 0px\">deviceName[3].name</td></tr><tr><td style=\"border-right-width: 0px\">CWE.11</td><td style=\"border-left-width: 0px\">Second Alternate Text</td><td/><td><a href=\"http://hl7.org/fhir/R5/codesystem-concept-map-relationship.html#equivalent\" title=\"equivalent\">is equivalent to</a></td><td style=\"border-right-width: 0px\">deviceName[3].type</td><td style=\"border-left-width: 0px\">deviceName[3].type</td></tr><tr><td style=\"border-right-width: 0px\">CWE.12</td><td style=\"border-left-width: 0px\">Name of Second Alternate Coding System</td><td>If instance identifier</td><td><a href=\"http://hl7.org/fhir/R5/codesystem-concept-map-relationship.html#equivalent\" title=\"equivalent\">is equivalent to</a></td><td style=\"border-right-width: 0px\">identifier[3].system</td><td style=\"border-left-width: 0px\">identifier[3].system</td></tr><tr><td style=\"border-right-width: 0px\">CWE.12</td><td style=\"border-left-width: 0px\">Name of Second Alternate Coding System</td><td>If kind identifier</td><td><a href=\"http://hl7.org/fhir/R5/codesystem-concept-map-relationship.html#equivalent\" title=\"equivalent\">is equivalent to</a></td><td style=\"border-right-width: 0px\">definition(DeviceDefinition.identifier[3].system)</td><td style=\"border-left-width: 0px\">definition(DeviceDefinition.identifier[3].system)</td></tr></table></div>"
  },
  "extension" : [{
    "extension" : [{
      "url" : "type",
      "valueCode" : "derived-from"
    },
    {
      "url" : "label",
      "valueString" : "Datatype CWE to Device.fsh"
    },
    {
      "url" : "url",
      "valueUri" : "https://docs.google.com/spreadsheets/d/13LJngzZ_t2CzddzgZu8MR1dbNJfyH9mWN1cRzRs7VIQ/edit#gid=0"
    }],
    "url" : "http://hl7.org/fhir/uv/v2mappings/StructureDefinition/RelatedArtifact"
  },
  {
    "url" : "http://hl7.org/fhir/StructureDefinition/structuredefinition-wg",
    "valueCode" : "oo"
  },
  {
    "url" : "http://hl7.org/fhir/StructureDefinition/structuredefinition-standards-status",
    "valueCode" : "informative",
    "_valueCode" : {
      "extension" : [{
        "url" : "http://hl7.org/fhir/StructureDefinition/structuredefinition-conformance-derivedFrom",
        "valueCanonical" : "http://hl7.org/fhir/uv/v2mappings/ImplementationGuide/hl7.fhir.uv.v2mappings"
      }]
    }
  }],
  "url" : "http://hl7.org/fhir/uv/v2mappings/ConceptMap/datatype-cwe-to-device",
  "version" : "1.0.0",
  "name" : "DatatypeCWEToDevice",
  "title" : "Datatype CWE to Device Map",
  "status" : "active",
  "experimental" : true,
  "date" : "2025-08-23",
  "publisher" : "HL7 International / Orders and Observations",
  "contact" : [{
    "name" : "HL7 Orders and Observations Workgroup",
    "telecom" : [{
      "system" : "url",
      "value" : "http://www.hl7.org/Special/committees/orders"
    }]
  }],
  "description" : "This ConceptMap represents a mapping from the HL7 V2 Datatype CWE to the FHIR Device Resource.",
  "jurisdiction" : [{
    "coding" : [{
      "system" : "http://unstats.un.org/unsd/methods/m49/m49.htm",
      "code" : "001"
    }]
  }],
  "copyright" : "Copyright (c) 2025, HL7 International, Inc., All Rights Reserved.",
  "group" : [{
    "element" : [{
      "extension" : [{
        "extension" : [{
          "url" : "type",
          "valueCode" : "ST"
        },
        {
          "url" : "cardinalityMin",
          "valueInteger" : 0
        },
        {
          "url" : "cardinalityMax",
          "valueInteger" : 1
        }],
        "url" : "http://hl7.org/fhir/uv/v2mappings/StructureDefinition/TypeInfo"
      }],
      "code" : "CWE.1",
      "display" : "Identifier",
      "target" : [{
        "code" : "identifier[1].value",
        "display" : "identifier[1].value",
        "equivalence" : "equivalent",
        "dependsOn" : [{
          "property" : "Narrative-Condition",
          "value" : "If instance identifier"
        }]
      }]
    },
    {
      "extension" : [{
        "extension" : [{
          "url" : "type",
          "valueCode" : "ST"
        },
        {
          "url" : "cardinalityMin",
          "valueInteger" : 0
        },
        {
          "url" : "cardinalityMax",
          "valueInteger" : 1
        }],
        "url" : "http://hl7.org/fhir/uv/v2mappings/StructureDefinition/TypeInfo"
      }],
      "code" : "CWE.1",
      "display" : "Identifier",
      "target" : [{
        "code" : "definition(DeviceDefinition.identifier[1].value)",
        "display" : "definition(DeviceDefinition.identifier[1].value)",
        "equivalence" : "equivalent",
        "dependsOn" : [{
          "property" : "Narrative-Condition",
          "value" : "If kind identifier"
        }]
      }]
    },
    {
      "extension" : [{
        "extension" : [{
          "url" : "type",
          "valueCode" : "ST"
        },
        {
          "url" : "cardinalityMin",
          "valueInteger" : 0
        },
        {
          "url" : "cardinalityMax",
          "valueInteger" : 1
        }],
        "url" : "http://hl7.org/fhir/uv/v2mappings/StructureDefinition/TypeInfo"
      }],
      "code" : "CWE.2",
      "display" : "Text",
      "target" : [{
        "code" : "deviceName[1].name",
        "display" : "deviceName[1].name",
        "equivalence" : "equivalent"
      }]
    },
    {
      "extension" : [{
        "extension" : [{
          "url" : "type",
          "valueCode" : "ST"
        },
        {
          "url" : "cardinalityMin",
          "valueInteger" : 0
        },
        {
          "url" : "cardinalityMax",
          "valueInteger" : 1
        }],
        "url" : "http://hl7.org/fhir/uv/v2mappings/StructureDefinition/TypeInfo"
      }],
      "code" : "CWE.2",
      "display" : "Text",
      "target" : [{
        "extension" : [{
          "extension" : [{
            "url" : "assignment",
            "valueString" : "/select most appropriate value for actual use/"
          }],
          "url" : "http://hl7.org/fhir/uv/v2mappings/StructureDefinition/TypeInfo"
        }],
        "code" : "deviceName[1].type",
        "display" : "deviceName[1].type",
        "equivalence" : "equivalent"
      }]
    },
    {
      "extension" : [{
        "extension" : [{
          "url" : "type",
          "valueCode" : "ID"
        },
        {
          "url" : "cardinalityMin",
          "valueInteger" : 0
        },
        {
          "url" : "cardinalityMax",
          "valueInteger" : 1
        }],
        "url" : "http://hl7.org/fhir/uv/v2mappings/StructureDefinition/TypeInfo"
      }],
      "code" : "CWE.3",
      "display" : "Name of Coding System",
      "target" : [{
        "extension" : [{
          "extension" : [{
            "url" : "assignment",
            "valueString" : "/map HL7 code system to appropriate url/"
          }],
          "url" : "http://hl7.org/fhir/uv/v2mappings/StructureDefinition/TypeInfo"
        }],
        "code" : "identifier[1].system",
        "display" : "identifier[1].system",
        "equivalence" : "equivalent",
        "dependsOn" : [{
          "property" : "Narrative-Condition",
          "value" : "If instance identifier"
        }]
      }]
    },
    {
      "extension" : [{
        "extension" : [{
          "url" : "type",
          "valueCode" : "ID"
        },
        {
          "url" : "cardinalityMin",
          "valueInteger" : 0
        },
        {
          "url" : "cardinalityMax",
          "valueInteger" : 1
        }],
        "url" : "http://hl7.org/fhir/uv/v2mappings/StructureDefinition/TypeInfo"
      }],
      "code" : "CWE.3",
      "display" : "Name of Coding System",
      "target" : [{
        "extension" : [{
          "extension" : [{
            "url" : "assignment",
            "valueString" : "/map HL7 code system to appropriate url/"
          }],
          "url" : "http://hl7.org/fhir/uv/v2mappings/StructureDefinition/TypeInfo"
        }],
        "code" : "definition(DeviceDefinition.identifier[1].system)",
        "display" : "definition(DeviceDefinition.identifier[1].system)",
        "equivalence" : "equivalent",
        "dependsOn" : [{
          "property" : "Narrative-Condition",
          "value" : "If kind identifier"
        }]
      }]
    },
    {
      "extension" : [{
        "extension" : [{
          "url" : "type",
          "valueCode" : "ST"
        },
        {
          "url" : "cardinalityMin",
          "valueInteger" : 0
        },
        {
          "url" : "cardinalityMax",
          "valueInteger" : 1
        }],
        "url" : "http://hl7.org/fhir/uv/v2mappings/StructureDefinition/TypeInfo"
      }],
      "code" : "CWE.4",
      "display" : "Alternate Identifier",
      "target" : [{
        "code" : "identifier[2].value",
        "display" : "identifier[2].value",
        "equivalence" : "equivalent",
        "dependsOn" : [{
          "property" : "Narrative-Condition",
          "value" : "If instance identifier"
        }]
      }]
    },
    {
      "extension" : [{
        "extension" : [{
          "url" : "type",
          "valueCode" : "ST"
        },
        {
          "url" : "cardinalityMin",
          "valueInteger" : 0
        },
        {
          "url" : "cardinalityMax",
          "valueInteger" : 1
        }],
        "url" : "http://hl7.org/fhir/uv/v2mappings/StructureDefinition/TypeInfo"
      }],
      "code" : "CWE.4",
      "display" : "Alternate Identifier",
      "target" : [{
        "code" : "definition(DeviceDefinition.identifier[2].value)",
        "display" : "definition(DeviceDefinition.identifier[2].value)",
        "equivalence" : "equivalent",
        "dependsOn" : [{
          "property" : "Narrative-Condition",
          "value" : "If kind identifier"
        }]
      }]
    },
    {
      "extension" : [{
        "extension" : [{
          "url" : "type",
          "valueCode" : "ST"
        },
        {
          "url" : "cardinalityMin",
          "valueInteger" : 0
        },
        {
          "url" : "cardinalityMax",
          "valueInteger" : 1
        }],
        "url" : "http://hl7.org/fhir/uv/v2mappings/StructureDefinition/TypeInfo"
      }],
      "code" : "CWE.5",
      "display" : "Alternate Text",
      "target" : [{
        "code" : "deviceName[2].name",
        "display" : "deviceName[2].name",
        "equivalence" : "equivalent"
      }]
    },
    {
      "extension" : [{
        "extension" : [{
          "url" : "type",
          "valueCode" : "ST"
        },
        {
          "url" : "cardinalityMin",
          "valueInteger" : 0
        },
        {
          "url" : "cardinalityMax",
          "valueInteger" : 1
        }],
        "url" : "http://hl7.org/fhir/uv/v2mappings/StructureDefinition/TypeInfo"
      }],
      "code" : "CWE.5",
      "display" : "Alternate Text",
      "target" : [{
        "extension" : [{
          "extension" : [{
            "url" : "assignment",
            "valueString" : "/select most appropriate value for actual use/"
          }],
          "url" : "http://hl7.org/fhir/uv/v2mappings/StructureDefinition/TypeInfo"
        }],
        "code" : "deviceName[2].type",
        "display" : "deviceName[2].type",
        "equivalence" : "equivalent"
      }]
    },
    {
      "extension" : [{
        "extension" : [{
          "url" : "type",
          "valueCode" : "ID"
        },
        {
          "url" : "cardinalityMin",
          "valueInteger" : 0
        },
        {
          "url" : "cardinalityMax",
          "valueInteger" : 1
        }],
        "url" : "http://hl7.org/fhir/uv/v2mappings/StructureDefinition/TypeInfo"
      }],
      "code" : "CWE.6",
      "display" : "Name of Alternate Coding System",
      "target" : [{
        "extension" : [{
          "extension" : [{
            "url" : "assignment",
            "valueString" : "/map HL7 code system to appropriate url/"
          }],
          "url" : "http://hl7.org/fhir/uv/v2mappings/StructureDefinition/TypeInfo"
        }],
        "code" : "identifier[2].system",
        "display" : "identifier[2].system",
        "equivalence" : "equivalent",
        "dependsOn" : [{
          "property" : "Narrative-Condition",
          "value" : "If instance identifier"
        }]
      }]
    },
    {
      "extension" : [{
        "extension" : [{
          "url" : "type",
          "valueCode" : "ID"
        },
        {
          "url" : "cardinalityMin",
          "valueInteger" : 0
        },
        {
          "url" : "cardinalityMax",
          "valueInteger" : 1
        }],
        "url" : "http://hl7.org/fhir/uv/v2mappings/StructureDefinition/TypeInfo"
      }],
      "code" : "CWE.6",
      "display" : "Name of Alternate Coding System",
      "target" : [{
        "extension" : [{
          "extension" : [{
            "url" : "assignment",
            "valueString" : "/map HL7 code system to appropriate url/"
          }],
          "url" : "http://hl7.org/fhir/uv/v2mappings/StructureDefinition/TypeInfo"
        }],
        "code" : "definition(DeviceDefinition.identifier[2].system)",
        "display" : "definition(DeviceDefinition.identifier[2].system)",
        "equivalence" : "equivalent",
        "dependsOn" : [{
          "property" : "Narrative-Condition",
          "value" : "If kind identifier"
        }]
      }]
    },
    {
      "extension" : [{
        "extension" : [{
          "url" : "type",
          "valueCode" : "ST"
        },
        {
          "url" : "cardinalityMin",
          "valueInteger" : 0
        },
        {
          "url" : "cardinalityMax",
          "valueInteger" : 1
        }],
        "url" : "http://hl7.org/fhir/uv/v2mappings/StructureDefinition/TypeInfo"
      }],
      "code" : "CWE.9",
      "display" : "Original Text",
      "target" : [{
        "code" : "deviceName[4].name",
        "display" : "deviceName[4].name",
        "equivalence" : "equivalent"
      }]
    },
    {
      "extension" : [{
        "extension" : [{
          "url" : "type",
          "valueCode" : "ST"
        },
        {
          "url" : "cardinalityMin",
          "valueInteger" : 0
        },
        {
          "url" : "cardinalityMax",
          "valueInteger" : 1
        }],
        "url" : "http://hl7.org/fhir/uv/v2mappings/StructureDefinition/TypeInfo"
      }],
      "code" : "CWE.9",
      "display" : "Original Text",
      "target" : [{
        "extension" : [{
          "extension" : [{
            "url" : "assignment",
            "valueString" : "/select most appropriate value for actual use/"
          }],
          "url" : "http://hl7.org/fhir/uv/v2mappings/StructureDefinition/TypeInfo"
        }],
        "code" : "deviceName[4].type",
        "display" : "deviceName[4].type",
        "equivalence" : "equivalent"
      }]
    },
    {
      "extension" : [{
        "extension" : [{
          "url" : "type",
          "valueCode" : "ST"
        },
        {
          "url" : "cardinalityMin",
          "valueInteger" : 0
        },
        {
          "url" : "cardinalityMax",
          "valueInteger" : 1
        }],
        "url" : "http://hl7.org/fhir/uv/v2mappings/StructureDefinition/TypeInfo"
      }],
      "code" : "CWE.10",
      "display" : "Second Alternate Identifier",
      "target" : [{
        "code" : "identifier[3].value",
        "display" : "identifier[3].value",
        "equivalence" : "equivalent",
        "dependsOn" : [{
          "property" : "Narrative-Condition",
          "value" : "If instance identifier"
        }]
      }]
    },
    {
      "extension" : [{
        "extension" : [{
          "url" : "type",
          "valueCode" : "ST"
        },
        {
          "url" : "cardinalityMin",
          "valueInteger" : 0
        },
        {
          "url" : "cardinalityMax",
          "valueInteger" : 1
        }],
        "url" : "http://hl7.org/fhir/uv/v2mappings/StructureDefinition/TypeInfo"
      }],
      "code" : "CWE.10",
      "display" : "Second Alternate Identifier",
      "target" : [{
        "code" : "definition(DeviceDefinition.identifier[3].value)",
        "display" : "definition(DeviceDefinition.identifier[3].value)",
        "equivalence" : "equivalent",
        "dependsOn" : [{
          "property" : "Narrative-Condition",
          "value" : "If kind identifier"
        }]
      }]
    },
    {
      "extension" : [{
        "extension" : [{
          "url" : "type",
          "valueCode" : "ST"
        },
        {
          "url" : "cardinalityMin",
          "valueInteger" : 0
        },
        {
          "url" : "cardinalityMax",
          "valueInteger" : 1
        }],
        "url" : "http://hl7.org/fhir/uv/v2mappings/StructureDefinition/TypeInfo"
      }],
      "code" : "CWE.11",
      "display" : "Second Alternate Text",
      "target" : [{
        "code" : "deviceName[3].name",
        "display" : "deviceName[3].name",
        "equivalence" : "equivalent"
      }]
    },
    {
      "extension" : [{
        "extension" : [{
          "url" : "type",
          "valueCode" : "ST"
        },
        {
          "url" : "cardinalityMin",
          "valueInteger" : 0
        },
        {
          "url" : "cardinalityMax",
          "valueInteger" : 1
        }],
        "url" : "http://hl7.org/fhir/uv/v2mappings/StructureDefinition/TypeInfo"
      }],
      "code" : "CWE.11",
      "display" : "Second Alternate Text",
      "target" : [{
        "extension" : [{
          "extension" : [{
            "url" : "assignment",
            "valueString" : "/select most appropriate value for actual use/"
          }],
          "url" : "http://hl7.org/fhir/uv/v2mappings/StructureDefinition/TypeInfo"
        }],
        "code" : "deviceName[3].type",
        "display" : "deviceName[3].type",
        "equivalence" : "equivalent"
      }]
    },
    {
      "extension" : [{
        "extension" : [{
          "url" : "type",
          "valueCode" : "ID"
        },
        {
          "url" : "cardinalityMin",
          "valueInteger" : 0
        },
        {
          "url" : "cardinalityMax",
          "valueInteger" : 1
        }],
        "url" : "http://hl7.org/fhir/uv/v2mappings/StructureDefinition/TypeInfo"
      }],
      "code" : "CWE.12",
      "display" : "Name of Second Alternate Coding System",
      "target" : [{
        "extension" : [{
          "extension" : [{
            "url" : "assignment",
            "valueString" : "/map HL7 code system to appropriate url/"
          }],
          "url" : "http://hl7.org/fhir/uv/v2mappings/StructureDefinition/TypeInfo"
        }],
        "code" : "identifier[3].system",
        "display" : "identifier[3].system",
        "equivalence" : "equivalent",
        "dependsOn" : [{
          "property" : "Narrative-Condition",
          "value" : "If instance identifier"
        }]
      }]
    },
    {
      "extension" : [{
        "extension" : [{
          "url" : "type",
          "valueCode" : "ID"
        },
        {
          "url" : "cardinalityMin",
          "valueInteger" : 0
        },
        {
          "url" : "cardinalityMax",
          "valueInteger" : 1
        }],
        "url" : "http://hl7.org/fhir/uv/v2mappings/StructureDefinition/TypeInfo"
      }],
      "code" : "CWE.12",
      "display" : "Name of Second Alternate Coding System",
      "target" : [{
        "extension" : [{
          "extension" : [{
            "url" : "assignment",
            "valueString" : "/map HL7 code system to appropriate url/"
          }],
          "url" : "http://hl7.org/fhir/uv/v2mappings/StructureDefinition/TypeInfo"
        }],
        "code" : "definition(DeviceDefinition.identifier[3].system)",
        "display" : "definition(DeviceDefinition.identifier[3].system)",
        "equivalence" : "equivalent",
        "dependsOn" : [{
          "property" : "Narrative-Condition",
          "value" : "If kind identifier"
        }]
      }]
    }]
  }]
}