{
  "resourceType" : "ConceptMap",
  "id" : "table-hl70074-to-v2-0074",
  "text" : {
    "status" : "generated",
    "div" : "<div xmlns=\"http://www.w3.org/1999/xhtml\"><p class=\"res-header-id\"><b>Generated Narrative: ConceptMap table-hl70074-to-v2-0074</b></p><a name=\"table-hl70074-to-v2-0074\"> </a><a name=\"hctable-hl70074-to-v2-0074\"> </a><p>Mapping from <a href=\"http://terminology.hl7.org/6.5.0/ValueSet-v2-0074.html\">hl7VS-diagnosticServiceSectionId</a> to <a href=\"http://terminology.hl7.org/6.5.0/ValueSet-v2-0074.html\">hl7VS-diagnosticServiceSectionId</a></p><br/><p><b>Group 1 </b>Mapping from <a href=\"http://terminology.hl7.org/6.5.0/CodeSystem-v2-0074.html\">diagnosticServiceSectionId</a> to <a href=\"http://terminology.hl7.org/6.5.0/CodeSystem-v2-0074.html\">diagnosticServiceSectionId</a></p><table class=\"grid\"><tr><td><b>Source Code</b></td><td><b>Relationship</b></td><td><b>Target Code</b></td></tr><tr><td>AU (Audiology)</td><td><a href=\"http://hl7.org/fhir/R5/codesystem-concept-map-relationship.html#equivalent\" title=\"equivalent\">is equivalent to</a></td><td>AU (Audiology)</td></tr><tr><td>BG (Blood Gases)</td><td><a href=\"http://hl7.org/fhir/R5/codesystem-concept-map-relationship.html#equivalent\" title=\"equivalent\">is equivalent to</a></td><td>BG (Blood Gases)</td></tr><tr><td>BLB (Blood Bank)</td><td><a href=\"http://hl7.org/fhir/R5/codesystem-concept-map-relationship.html#equivalent\" title=\"equivalent\">is equivalent to</a></td><td>BLB (Blood Bank)</td></tr><tr><td>CG (Cytogenetics)</td><td><a href=\"http://hl7.org/fhir/R5/codesystem-concept-map-relationship.html#equivalent\" title=\"equivalent\">is equivalent to</a></td><td>CG (Cytogenetics)</td></tr><tr><td>CUS (Cardiac Ultrasound)</td><td><a href=\"http://hl7.org/fhir/R5/codesystem-concept-map-relationship.html#equivalent\" title=\"equivalent\">is equivalent to</a></td><td>CUS (Cardiac Ultrasound)</td></tr><tr><td>CTH (Cardiac Catheterization)</td><td><a href=\"http://hl7.org/fhir/R5/codesystem-concept-map-relationship.html#equivalent\" title=\"equivalent\">is equivalent to</a></td><td>CTH (Cardiac Catheterization)</td></tr><tr><td>CT (CAT Scan)</td><td><a href=\"http://hl7.org/fhir/R5/codesystem-concept-map-relationship.html#equivalent\" title=\"equivalent\">is equivalent to</a></td><td>CT (CAT Scan)</td></tr><tr><td>CH (Chemistry)</td><td><a href=\"http://hl7.org/fhir/R5/codesystem-concept-map-relationship.html#equivalent\" title=\"equivalent\">is equivalent to</a></td><td>CH (Chemistry)</td></tr><tr><td>CP (Cytopathology)</td><td><a href=\"http://hl7.org/fhir/R5/codesystem-concept-map-relationship.html#equivalent\" title=\"equivalent\">is equivalent to</a></td><td>CP (Cytopathology)</td></tr><tr><td>EC (Electrocardiac (e.g., EKG, EEC, Holter))</td><td><a href=\"http://hl7.org/fhir/R5/codesystem-concept-map-relationship.html#equivalent\" title=\"equivalent\">is equivalent to</a></td><td>EC (Electrocardiac (e.g., EKG, EEC, Holter))</td></tr><tr><td>EN (Electroneuro (EEG, EMG,EP,PSG))</td><td><a href=\"http://hl7.org/fhir/R5/codesystem-concept-map-relationship.html#equivalent\" title=\"equivalent\">is equivalent to</a></td><td>EN (Electroneuro (EEG, EMG,EP,PSG))</td></tr><tr><td>GE (Genetics)</td><td><a href=\"http://hl7.org/fhir/R5/codesystem-concept-map-relationship.html#equivalent\" title=\"equivalent\">is equivalent to</a></td><td>GE (Genetics)</td></tr><tr><td>HM (Hematology)</td><td><a href=\"http://hl7.org/fhir/R5/codesystem-concept-map-relationship.html#equivalent\" title=\"equivalent\">is equivalent to</a></td><td>HM (Hematology)</td></tr><tr><td>ICU (Bedside ICU Monitoring)</td><td><a href=\"http://hl7.org/fhir/R5/codesystem-concept-map-relationship.html#equivalent\" title=\"equivalent\">is equivalent to</a></td><td>ICU (Bedside ICU Monitoring)</td></tr><tr><td>IMM (Immunology)</td><td><a href=\"http://hl7.org/fhir/R5/codesystem-concept-map-relationship.html#equivalent\" title=\"equivalent\">is equivalent to</a></td><td>IMM (Immunology)</td></tr><tr><td>LAB (Laboratory)</td><td><a href=\"http://hl7.org/fhir/R5/codesystem-concept-map-relationship.html#equivalent\" title=\"equivalent\">is equivalent to</a></td><td>LAB (Laboratory)</td></tr><tr><td>MB (Microbiology)</td><td><a href=\"http://hl7.org/fhir/R5/codesystem-concept-map-relationship.html#equivalent\" title=\"equivalent\">is equivalent to</a></td><td>MB (Microbiology)</td></tr><tr><td>MCB (Mycobacteriology)</td><td><a href=\"http://hl7.org/fhir/R5/codesystem-concept-map-relationship.html#equivalent\" title=\"equivalent\">is equivalent to</a></td><td>MCB (Mycobacteriology)</td></tr><tr><td>MYC (Mycology)</td><td><a href=\"http://hl7.org/fhir/R5/codesystem-concept-map-relationship.html#equivalent\" title=\"equivalent\">is equivalent to</a></td><td>MYC (Mycology)</td></tr><tr><td>NMS (Nuclear Medicine Scan)</td><td><a href=\"http://hl7.org/fhir/R5/codesystem-concept-map-relationship.html#equivalent\" title=\"equivalent\">is equivalent to</a></td><td>NMS (Nuclear Medicine Scan)</td></tr><tr><td>NMR (Nuclear Magnetic Resonance)</td><td><a href=\"http://hl7.org/fhir/R5/codesystem-concept-map-relationship.html#equivalent\" title=\"equivalent\">is equivalent to</a></td><td>NMR (Nuclear Magnetic Resonance)</td></tr><tr><td>NRS (Nursing Service Measures)</td><td><a href=\"http://hl7.org/fhir/R5/codesystem-concept-map-relationship.html#equivalent\" title=\"equivalent\">is equivalent to</a></td><td>NRS (Nursing Service Measures)</td></tr><tr><td>OUS (OB Ultrasound)</td><td><a href=\"http://hl7.org/fhir/R5/codesystem-concept-map-relationship.html#equivalent\" title=\"equivalent\">is equivalent to</a></td><td>OUS (OB Ultrasound)</td></tr><tr><td>OT (Occupational Therapy)</td><td><a href=\"http://hl7.org/fhir/R5/codesystem-concept-map-relationship.html#equivalent\" title=\"equivalent\">is equivalent to</a></td><td>OT (Occupational Therapy)</td></tr><tr><td>OTH (Other)</td><td><a href=\"http://hl7.org/fhir/R5/codesystem-concept-map-relationship.html#equivalent\" title=\"equivalent\">is equivalent to</a></td><td>OTH (Other)</td></tr><tr><td>OSL (Outside Lab)</td><td><a href=\"http://hl7.org/fhir/R5/codesystem-concept-map-relationship.html#equivalent\" title=\"equivalent\">is equivalent to</a></td><td>OSL (Outside Lab)</td></tr><tr><td>PHR (Pharmacy)</td><td><a href=\"http://hl7.org/fhir/R5/codesystem-concept-map-relationship.html#equivalent\" title=\"equivalent\">is equivalent to</a></td><td>PHR (Pharmacy)</td></tr><tr><td>PT (Physical Therapy)</td><td><a href=\"http://hl7.org/fhir/R5/codesystem-concept-map-relationship.html#equivalent\" title=\"equivalent\">is equivalent to</a></td><td>PT (Physical Therapy)</td></tr><tr><td>PHY (Physician (Hx. Dx, admission note, etc.))</td><td><a href=\"http://hl7.org/fhir/R5/codesystem-concept-map-relationship.html#equivalent\" title=\"equivalent\">is equivalent to</a></td><td>PHY (Physician (Hx. Dx, admission note, etc.))</td></tr><tr><td>PF (Pulmonary Function)</td><td><a href=\"http://hl7.org/fhir/R5/codesystem-concept-map-relationship.html#equivalent\" title=\"equivalent\">is equivalent to</a></td><td>PF (Pulmonary Function)</td></tr><tr><td>RAD (Radiology)</td><td><a href=\"http://hl7.org/fhir/R5/codesystem-concept-map-relationship.html#equivalent\" title=\"equivalent\">is equivalent to</a></td><td>RAD (Radiology)</td></tr><tr><td>RX (Radiograph)</td><td><a href=\"http://hl7.org/fhir/R5/codesystem-concept-map-relationship.html#equivalent\" title=\"equivalent\">is equivalent to</a></td><td>RX (Radiograph)</td></tr><tr><td>RUS (Radiology Ultrasound)</td><td><a href=\"http://hl7.org/fhir/R5/codesystem-concept-map-relationship.html#equivalent\" title=\"equivalent\">is equivalent to</a></td><td>RUS (Radiology Ultrasound)</td></tr><tr><td>RC (Respiratory Care (therapy))</td><td><a href=\"http://hl7.org/fhir/R5/codesystem-concept-map-relationship.html#equivalent\" title=\"equivalent\">is equivalent to</a></td><td>RC (Respiratory Care (therapy))</td></tr><tr><td>RT (Radiation Therapy)</td><td><a href=\"http://hl7.org/fhir/R5/codesystem-concept-map-relationship.html#equivalent\" title=\"equivalent\">is equivalent to</a></td><td>RT (Radiation Therapy)</td></tr><tr><td>SR (Serology)</td><td><a href=\"http://hl7.org/fhir/R5/codesystem-concept-map-relationship.html#equivalent\" title=\"equivalent\">is equivalent to</a></td><td>SR (Serology)</td></tr><tr><td>SP (Surgical Pathology)</td><td><a href=\"http://hl7.org/fhir/R5/codesystem-concept-map-relationship.html#equivalent\" title=\"equivalent\">is equivalent to</a></td><td>SP (Surgical Pathology)</td></tr><tr><td>TX (Toxicology)</td><td><a href=\"http://hl7.org/fhir/R5/codesystem-concept-map-relationship.html#equivalent\" title=\"equivalent\">is equivalent to</a></td><td>TX (Toxicology)</td></tr><tr><td>VUS (Vascular Ultrasound)</td><td><a href=\"http://hl7.org/fhir/R5/codesystem-concept-map-relationship.html#equivalent\" title=\"equivalent\">is equivalent to</a></td><td>VUS (Vascular Ultrasound)</td></tr><tr><td>VR (Virology)</td><td><a href=\"http://hl7.org/fhir/R5/codesystem-concept-map-relationship.html#equivalent\" title=\"equivalent\">is equivalent to</a></td><td>VR (Virology)</td></tr><tr><td>XRC (Cineradiograph)</td><td><a href=\"http://hl7.org/fhir/R5/codesystem-concept-map-relationship.html#equivalent\" title=\"equivalent\">is equivalent to</a></td><td>XRC (Cineradiograph)</td></tr></table></div>"
  },
  "extension" : [{
    "extension" : [{
      "url" : "type",
      "valueCode" : "derived-from"
    },
    {
      "url" : "label",
      "valueString" : "Table HL70074 to V2 0074.fsh"
    },
    {
      "url" : "url",
      "valueUri" : "https://docs.google.com/spreadsheets/d/190IK3DXu5_bpGgesA5ZZ_YxN009gyutbuT5yztzB3BI/edit#gid=0"
    }],
    "url" : "http://hl7.org/fhir/uv/v2mappings/StructureDefinition/RelatedArtifact"
  },
  {
    "url" : "http://hl7.org/fhir/StructureDefinition/structuredefinition-wg",
    "valueCode" : "oo"
  },
  {
    "url" : "http://hl7.org/fhir/StructureDefinition/structuredefinition-standards-status",
    "valueCode" : "informative",
    "_valueCode" : {
      "extension" : [{
        "url" : "http://hl7.org/fhir/StructureDefinition/structuredefinition-conformance-derivedFrom",
        "valueCanonical" : "http://hl7.org/fhir/uv/v2mappings/ImplementationGuide/hl7.fhir.uv.v2mappings"
      }]
    }
  }],
  "url" : "http://hl7.org/fhir/uv/v2mappings/ConceptMap/table-hl70074-to-v2-0074",
  "version" : "1.0.0",
  "name" : "TableHL70074ToV20074",
  "title" : "Table HL70074 to V2 0074 Map",
  "status" : "active",
  "experimental" : true,
  "date" : "2025-08-23",
  "publisher" : "HL7 International / Orders and Observations",
  "contact" : [{
    "name" : "HL7 Orders and Observations Workgroup",
    "telecom" : [{
      "system" : "url",
      "value" : "http://www.hl7.org/Special/committees/orders"
    }]
  }],
  "description" : "This ConceptMap represents a mapping from the HL7 V2 Table HL70074 to the FHIR V2 0074 Value Set.",
  "jurisdiction" : [{
    "coding" : [{
      "system" : "http://unstats.un.org/unsd/methods/m49/m49.htm",
      "code" : "001"
    }]
  }],
  "copyright" : "Copyright (c) 2025, HL7 International, Inc., All Rights Reserved.",
  "sourceUri" : "http://terminology.hl7.org/ValueSet/v2-0074",
  "targetUri" : "http://terminology.hl7.org/ValueSet/v2-0074",
  "group" : [{
    "source" : "http://terminology.hl7.org/CodeSystem/v2-0074",
    "target" : "http://terminology.hl7.org/CodeSystem/v2-0074",
    "element" : [{
      "code" : "AU",
      "display" : "Audiology",
      "target" : [{
        "code" : "AU",
        "display" : "Audiology",
        "equivalence" : "equivalent"
      }]
    },
    {
      "code" : "BG",
      "display" : "Blood Gases",
      "target" : [{
        "code" : "BG",
        "display" : "Blood Gases",
        "equivalence" : "equivalent"
      }]
    },
    {
      "code" : "BLB",
      "display" : "Blood Bank",
      "target" : [{
        "code" : "BLB",
        "display" : "Blood Bank",
        "equivalence" : "equivalent"
      }]
    },
    {
      "code" : "CG",
      "display" : "Cytogenetics",
      "target" : [{
        "code" : "CG",
        "display" : "Cytogenetics",
        "equivalence" : "equivalent"
      }]
    },
    {
      "code" : "CUS",
      "display" : "Cardiac Ultrasound",
      "target" : [{
        "code" : "CUS",
        "display" : "Cardiac Ultrasound",
        "equivalence" : "equivalent"
      }]
    },
    {
      "code" : "CTH",
      "display" : "Cardiac Catheterization",
      "target" : [{
        "code" : "CTH",
        "display" : "Cardiac Catheterization",
        "equivalence" : "equivalent"
      }]
    },
    {
      "code" : "CT",
      "display" : "CAT Scan",
      "target" : [{
        "code" : "CT",
        "display" : "CAT Scan",
        "equivalence" : "equivalent"
      }]
    },
    {
      "code" : "CH",
      "display" : "Chemistry",
      "target" : [{
        "code" : "CH",
        "display" : "Chemistry",
        "equivalence" : "equivalent"
      }]
    },
    {
      "code" : "CP",
      "display" : "Cytopathology",
      "target" : [{
        "code" : "CP",
        "display" : "Cytopathology",
        "equivalence" : "equivalent"
      }]
    },
    {
      "code" : "EC",
      "display" : "Electrocardiac (e.g., EKG, EEC, Holter)",
      "target" : [{
        "code" : "EC",
        "display" : "Electrocardiac (e.g., EKG, EEC, Holter)",
        "equivalence" : "equivalent"
      }]
    },
    {
      "code" : "EN",
      "display" : "Electroneuro (EEG, EMG,EP,PSG)",
      "target" : [{
        "code" : "EN",
        "display" : "Electroneuro (EEG, EMG,EP,PSG)",
        "equivalence" : "equivalent"
      }]
    },
    {
      "code" : "GE",
      "display" : "Genetics",
      "target" : [{
        "code" : "GE",
        "display" : "Genetics",
        "equivalence" : "equivalent"
      }]
    },
    {
      "code" : "HM",
      "display" : "Hematology",
      "target" : [{
        "code" : "HM",
        "display" : "Hematology",
        "equivalence" : "equivalent"
      }]
    },
    {
      "code" : "ICU",
      "display" : "Bedside ICU Monitoring",
      "target" : [{
        "code" : "ICU",
        "display" : "Bedside ICU Monitoring",
        "equivalence" : "equivalent"
      }]
    },
    {
      "code" : "IMM",
      "display" : "Immunology",
      "target" : [{
        "code" : "IMM",
        "display" : "Immunology",
        "equivalence" : "equivalent"
      }]
    },
    {
      "code" : "LAB",
      "display" : "Laboratory",
      "target" : [{
        "code" : "LAB",
        "display" : "Laboratory",
        "equivalence" : "equivalent"
      }]
    },
    {
      "code" : "MB",
      "display" : "Microbiology",
      "target" : [{
        "code" : "MB",
        "display" : "Microbiology",
        "equivalence" : "equivalent"
      }]
    },
    {
      "code" : "MCB",
      "display" : "Mycobacteriology",
      "target" : [{
        "code" : "MCB",
        "display" : "Mycobacteriology",
        "equivalence" : "equivalent"
      }]
    },
    {
      "code" : "MYC",
      "display" : "Mycology",
      "target" : [{
        "code" : "MYC",
        "display" : "Mycology",
        "equivalence" : "equivalent"
      }]
    },
    {
      "code" : "NMS",
      "display" : "Nuclear Medicine Scan",
      "target" : [{
        "code" : "NMS",
        "display" : "Nuclear Medicine Scan",
        "equivalence" : "equivalent"
      }]
    },
    {
      "code" : "NMR",
      "display" : "Nuclear Magnetic Resonance",
      "target" : [{
        "code" : "NMR",
        "display" : "Nuclear Magnetic Resonance",
        "equivalence" : "equivalent"
      }]
    },
    {
      "code" : "NRS",
      "display" : "Nursing Service Measures",
      "target" : [{
        "code" : "NRS",
        "display" : "Nursing Service Measures",
        "equivalence" : "equivalent"
      }]
    },
    {
      "code" : "OUS",
      "display" : "OB Ultrasound",
      "target" : [{
        "code" : "OUS",
        "display" : "OB Ultrasound",
        "equivalence" : "equivalent"
      }]
    },
    {
      "code" : "OT",
      "display" : "Occupational Therapy",
      "target" : [{
        "code" : "OT",
        "display" : "Occupational Therapy",
        "equivalence" : "equivalent"
      }]
    },
    {
      "code" : "OTH",
      "display" : "Other",
      "target" : [{
        "code" : "OTH",
        "display" : "Other",
        "equivalence" : "equivalent"
      }]
    },
    {
      "code" : "OSL",
      "display" : "Outside Lab",
      "target" : [{
        "code" : "OSL",
        "display" : "Outside Lab",
        "equivalence" : "equivalent"
      }]
    },
    {
      "code" : "PHR",
      "display" : "Pharmacy",
      "target" : [{
        "code" : "PHR",
        "display" : "Pharmacy",
        "equivalence" : "equivalent"
      }]
    },
    {
      "code" : "PT",
      "display" : "Physical Therapy",
      "target" : [{
        "code" : "PT",
        "display" : "Physical Therapy",
        "equivalence" : "equivalent"
      }]
    },
    {
      "code" : "PHY",
      "display" : "Physician (Hx. Dx, admission note, etc.)",
      "target" : [{
        "code" : "PHY",
        "display" : "Physician (Hx. Dx, admission note, etc.)",
        "equivalence" : "equivalent"
      }]
    },
    {
      "code" : "PF",
      "display" : "Pulmonary Function",
      "target" : [{
        "code" : "PF",
        "display" : "Pulmonary Function",
        "equivalence" : "equivalent"
      }]
    },
    {
      "code" : "RAD",
      "display" : "Radiology",
      "target" : [{
        "code" : "RAD",
        "display" : "Radiology",
        "equivalence" : "equivalent"
      }]
    },
    {
      "code" : "RX",
      "display" : "Radiograph",
      "target" : [{
        "code" : "RX",
        "display" : "Radiograph",
        "equivalence" : "equivalent"
      }]
    },
    {
      "code" : "RUS",
      "display" : "Radiology Ultrasound",
      "target" : [{
        "code" : "RUS",
        "display" : "Radiology Ultrasound",
        "equivalence" : "equivalent"
      }]
    },
    {
      "code" : "RC",
      "display" : "Respiratory Care (therapy)",
      "target" : [{
        "code" : "RC",
        "display" : "Respiratory Care (therapy)",
        "equivalence" : "equivalent"
      }]
    },
    {
      "code" : "RT",
      "display" : "Radiation Therapy",
      "target" : [{
        "code" : "RT",
        "display" : "Radiation Therapy",
        "equivalence" : "equivalent"
      }]
    },
    {
      "code" : "SR",
      "display" : "Serology",
      "target" : [{
        "code" : "SR",
        "display" : "Serology",
        "equivalence" : "equivalent"
      }]
    },
    {
      "code" : "SP",
      "display" : "Surgical Pathology",
      "target" : [{
        "code" : "SP",
        "display" : "Surgical Pathology",
        "equivalence" : "equivalent"
      }]
    },
    {
      "code" : "TX",
      "display" : "Toxicology",
      "target" : [{
        "code" : "TX",
        "display" : "Toxicology",
        "equivalence" : "equivalent"
      }]
    },
    {
      "code" : "VUS",
      "display" : "Vascular Ultrasound",
      "target" : [{
        "code" : "VUS",
        "display" : "Vascular Ultrasound",
        "equivalence" : "equivalent"
      }]
    },
    {
      "code" : "VR",
      "display" : "Virology",
      "target" : [{
        "code" : "VR",
        "display" : "Virology",
        "equivalence" : "equivalent"
      }]
    },
    {
      "code" : "XRC",
      "display" : "Cineradiograph",
      "target" : [{
        "code" : "XRC",
        "display" : "Cineradiograph",
        "equivalence" : "equivalent"
      }]
    }]
  }]
}