<?xml version="1.0" encoding="UTF-8"?>

<ConceptMap xmlns="http://hl7.org/fhir">
  <id value="datatype-cwe-to-practitionerrole"/>
  <text>
    <status value="generated"/><div xmlns="http://www.w3.org/1999/xhtml"><p class="res-header-id"><b>Generated Narrative: ConceptMap datatype-cwe-to-practitionerrole</b></p><a name="datatype-cwe-to-practitionerrole"> </a><a name="hcdatatype-cwe-to-practitionerrole"> </a><p>Mapping from (not specified) to (not specified)</p><br/><p><b>Group 1 </b>Mapping from <code>unspecified code system</code> to <code>unspecified code system</code></p><table class="grid"><tr><td><b>Source Code</b></td><td><b>Relationship</b></td><td><b>Target Code</b></td><td><b>Comment</b></td></tr><tr><td>CWE.1 (Identifier)</td><td><a href="http://hl7.org/fhir/R5/codesystem-concept-map-relationship.html#equivalent" title="equivalent">is equivalent to</a></td><td>code.coding[1].code</td><td/></tr><tr><td>CWE.2 (Text)</td><td><a href="http://hl7.org/fhir/R5/codesystem-concept-map-relationship.html#equivalent" title="equivalent">is equivalent to</a></td><td>code.coding[1].display</td><td/></tr><tr><td>CWE.3 (Name of Coding System)</td><td><a href="http://hl7.org/fhir/R5/codesystem-concept-map-relationship.html#equivalent" title="equivalent">is equivalent to</a></td><td>code.coding[1].system</td><td>CWE.3 needs to converted to proper uri for the coding system used, considering CWE.14</td></tr><tr><td>CWE.4 (Alternate Identifier)</td><td><a href="http://hl7.org/fhir/R5/codesystem-concept-map-relationship.html#equivalent" title="equivalent">is equivalent to</a></td><td>code.coding[2].code</td><td/></tr><tr><td>CWE.5 (Alternate Text)</td><td><a href="http://hl7.org/fhir/R5/codesystem-concept-map-relationship.html#equivalent" title="equivalent">is equivalent to</a></td><td>code.coding[2].display</td><td/></tr><tr><td>CWE.6 (Name of Alternate Coding System)</td><td><a href="http://hl7.org/fhir/R5/codesystem-concept-map-relationship.html#equivalent" title="equivalent">is equivalent to</a></td><td>code.coding[2].system</td><td>CWE.6 needs to converted to proper uri for the coding system used, considering CWE.17</td></tr><tr><td>CWE.9 (Original Text)</td><td><a href="http://hl7.org/fhir/R5/codesystem-concept-map-relationship.html#equivalent" title="equivalent">is equivalent to</a></td><td>code.text</td><td/></tr><tr><td>CWE.10 (Second Alternate Identifier)</td><td><a href="http://hl7.org/fhir/R5/codesystem-concept-map-relationship.html#equivalent" title="equivalent">is equivalent to</a></td><td>code.coding[3].code</td><td/></tr><tr><td>CWE.11 (Second Alternate Text)</td><td><a href="http://hl7.org/fhir/R5/codesystem-concept-map-relationship.html#equivalent" title="equivalent">is equivalent to</a></td><td>code.coding[3].display</td><td/></tr><tr><td>CWE.12 (Name of Second Alternate Coding System)</td><td><a href="http://hl7.org/fhir/R5/codesystem-concept-map-relationship.html#equivalent" title="equivalent">is equivalent to</a></td><td>code.coding[3].system</td><td>CWE.12 needs to converted to proper uri for the coding system used, consdiering CWE.13</td></tr></table></div>
  </text>
  <extension url="http://hl7.org/fhir/uv/v2mappings/StructureDefinition/RelatedArtifact">
    <extension url="type">
      <valueCode value="derived-from"/>
    </extension>
    <extension url="label">
      <valueString value="Datatype CWE to PractitionerRole.fsh"/>
    </extension>
    <extension url="url">
      <valueUri value="https://docs.google.com/spreadsheets/d/17rAsM14GKm-hwj88gnygm2C6lVt_nYnzJ6SR0sM_2qo/edit#gid=0"/>
    </extension>
  </extension>
  <extension url="http://hl7.org/fhir/StructureDefinition/structuredefinition-wg">
    <valueCode value="oo"/>
  </extension>
  <extension url="http://hl7.org/fhir/StructureDefinition/structuredefinition-standards-status">
    <valueCode value="informative">
      <extension url="http://hl7.org/fhir/StructureDefinition/structuredefinition-conformance-derivedFrom">
        <valueCanonical value="http://hl7.org/fhir/uv/v2mappings/ImplementationGuide/hl7.fhir.uv.v2mappings"/>
      </extension>
    </valueCode>
  </extension>
  <url value="http://hl7.org/fhir/uv/v2mappings/ConceptMap/datatype-cwe-to-practitionerrole"/>
  <version value="1.0.0"/>
  <name value="DatatypeCWEToPractitionerRole"/>
  <title value="Datatype CWE to PractitionerRole Map"/>
  <status value="active"/>
  <experimental value="true"/>
  <date value="2025-08-23"/>
  <publisher value="HL7 International / Orders and Observations"/>
  <contact>
    <name value="HL7 Orders and Observations Workgroup"/>
    <telecom>
      <system value="url"/>
      <value value="http://www.hl7.org/Special/committees/orders"/>
    </telecom>
  </contact>
  <description value="This ConceptMap represents a mapping from the HL7 V2 Datatype CWE to the FHIR PractitionerRole Resource."/>
  <jurisdiction>
    <coding>
      <system value="http://unstats.un.org/unsd/methods/m49/m49.htm"/>
      <code value="001"/>
    </coding>
  </jurisdiction>
  <copyright value="Copyright (c) 2025, HL7 International, Inc., All Rights Reserved."/>
  <group>
    <element>
      <extension url="http://hl7.org/fhir/uv/v2mappings/StructureDefinition/TypeInfo">
        <extension url="type">
          <valueCode value="ST"/>
        </extension>
        <extension url="cardinalityMin">
          <valueInteger value="0"/>
        </extension>
        <extension url="cardinalityMax">
          <valueInteger value="1"/>
        </extension>
      </extension>
      <code value="CWE.1"/>
      <display value="Identifier"/>
      <target>
        <extension url="http://hl7.org/fhir/uv/v2mappings/StructureDefinition/TypeInfo">
          <extension url="type">
            <valueCode value="code"/>
          </extension>
        </extension>
        <code value="code.coding[1].code"/>
        <display value="code.coding[1].code"/>
        <equivalence value="equivalent"/>
      </target>
    </element>
    <element>
      <extension url="http://hl7.org/fhir/uv/v2mappings/StructureDefinition/TypeInfo">
        <extension url="type">
          <valueCode value="ST"/>
        </extension>
        <extension url="cardinalityMin">
          <valueInteger value="0"/>
        </extension>
        <extension url="cardinalityMax">
          <valueInteger value="1"/>
        </extension>
      </extension>
      <code value="CWE.2"/>
      <display value="Text"/>
      <target>
        <extension url="http://hl7.org/fhir/uv/v2mappings/StructureDefinition/TypeInfo">
          <extension url="type">
            <valueCode value="string"/>
          </extension>
        </extension>
        <code value="code.coding[1].display"/>
        <display value="code.coding[1].display"/>
        <equivalence value="equivalent"/>
      </target>
    </element>
    <element>
      <extension url="http://hl7.org/fhir/uv/v2mappings/StructureDefinition/TypeInfo">
        <extension url="type">
          <valueCode value="ID"/>
        </extension>
        <extension url="cardinalityMin">
          <valueInteger value="0"/>
        </extension>
        <extension url="cardinalityMax">
          <valueInteger value="1"/>
        </extension>
      </extension>
      <code value="CWE.3"/>
      <display value="Name of Coding System"/>
      <target>
        <extension url="http://hl7.org/fhir/uv/v2mappings/StructureDefinition/TypeInfo">
          <extension url="type">
            <valueCode value="uri"/>
          </extension>
        </extension>
        <code value="code.coding[1].system"/>
        <display value="code.coding[1].system"/>
        <equivalence value="equivalent"/>
        <comment value="CWE.3 needs to converted to proper uri for the coding system used, considering CWE.14"/>
      </target>
    </element>
    <element>
      <extension url="http://hl7.org/fhir/uv/v2mappings/StructureDefinition/TypeInfo">
        <extension url="type">
          <valueCode value="ST"/>
        </extension>
        <extension url="cardinalityMin">
          <valueInteger value="0"/>
        </extension>
        <extension url="cardinalityMax">
          <valueInteger value="1"/>
        </extension>
      </extension>
      <code value="CWE.4"/>
      <display value="Alternate Identifier"/>
      <target>
        <extension url="http://hl7.org/fhir/uv/v2mappings/StructureDefinition/TypeInfo">
          <extension url="type">
            <valueCode value="code"/>
          </extension>
        </extension>
        <code value="code.coding[2].code"/>
        <display value="code.coding[2].code"/>
        <equivalence value="equivalent"/>
      </target>
    </element>
    <element>
      <extension url="http://hl7.org/fhir/uv/v2mappings/StructureDefinition/TypeInfo">
        <extension url="type">
          <valueCode value="ST"/>
        </extension>
        <extension url="cardinalityMin">
          <valueInteger value="0"/>
        </extension>
        <extension url="cardinalityMax">
          <valueInteger value="1"/>
        </extension>
      </extension>
      <code value="CWE.5"/>
      <display value="Alternate Text"/>
      <target>
        <extension url="http://hl7.org/fhir/uv/v2mappings/StructureDefinition/TypeInfo">
          <extension url="type">
            <valueCode value="string"/>
          </extension>
        </extension>
        <code value="code.coding[2].display"/>
        <display value="code.coding[2].display"/>
        <equivalence value="equivalent"/>
      </target>
    </element>
    <element>
      <extension url="http://hl7.org/fhir/uv/v2mappings/StructureDefinition/TypeInfo">
        <extension url="type">
          <valueCode value="ID"/>
        </extension>
        <extension url="cardinalityMin">
          <valueInteger value="0"/>
        </extension>
        <extension url="cardinalityMax">
          <valueInteger value="1"/>
        </extension>
      </extension>
      <code value="CWE.6"/>
      <display value="Name of Alternate Coding System"/>
      <target>
        <extension url="http://hl7.org/fhir/uv/v2mappings/StructureDefinition/TypeInfo">
          <extension url="type">
            <valueCode value="uri"/>
          </extension>
        </extension>
        <code value="code.coding[2].system"/>
        <display value="code.coding[2].system"/>
        <equivalence value="equivalent"/>
        <comment value="CWE.6 needs to converted to proper uri for the coding system used, considering CWE.17"/>
      </target>
    </element>
    <element>
      <extension url="http://hl7.org/fhir/uv/v2mappings/StructureDefinition/TypeInfo">
        <extension url="type">
          <valueCode value="ST"/>
        </extension>
        <extension url="cardinalityMin">
          <valueInteger value="0"/>
        </extension>
        <extension url="cardinalityMax">
          <valueInteger value="1"/>
        </extension>
      </extension>
      <code value="CWE.9"/>
      <display value="Original Text"/>
      <target>
        <code value="code.text"/>
        <display value="code.text"/>
        <equivalence value="equivalent"/>
      </target>
    </element>
    <element>
      <extension url="http://hl7.org/fhir/uv/v2mappings/StructureDefinition/TypeInfo">
        <extension url="type">
          <valueCode value="ST"/>
        </extension>
        <extension url="cardinalityMin">
          <valueInteger value="0"/>
        </extension>
        <extension url="cardinalityMax">
          <valueInteger value="1"/>
        </extension>
      </extension>
      <code value="CWE.10"/>
      <display value="Second Alternate Identifier"/>
      <target>
        <extension url="http://hl7.org/fhir/uv/v2mappings/StructureDefinition/TypeInfo">
          <extension url="type">
            <valueCode value="code"/>
          </extension>
        </extension>
        <code value="code.coding[3].code"/>
        <display value="code.coding[3].code"/>
        <equivalence value="equivalent"/>
      </target>
    </element>
    <element>
      <extension url="http://hl7.org/fhir/uv/v2mappings/StructureDefinition/TypeInfo">
        <extension url="type">
          <valueCode value="ST"/>
        </extension>
        <extension url="cardinalityMin">
          <valueInteger value="0"/>
        </extension>
        <extension url="cardinalityMax">
          <valueInteger value="1"/>
        </extension>
      </extension>
      <code value="CWE.11"/>
      <display value="Second Alternate Text"/>
      <target>
        <extension url="http://hl7.org/fhir/uv/v2mappings/StructureDefinition/TypeInfo">
          <extension url="type">
            <valueCode value="string"/>
          </extension>
        </extension>
        <code value="code.coding[3].display"/>
        <display value="code.coding[3].display"/>
        <equivalence value="equivalent"/>
      </target>
    </element>
    <element>
      <extension url="http://hl7.org/fhir/uv/v2mappings/StructureDefinition/TypeInfo">
        <extension url="type">
          <valueCode value="ID"/>
        </extension>
        <extension url="cardinalityMin">
          <valueInteger value="0"/>
        </extension>
        <extension url="cardinalityMax">
          <valueInteger value="1"/>
        </extension>
      </extension>
      <code value="CWE.12"/>
      <display value="Name of Second Alternate Coding System"/>
      <target>
        <extension url="http://hl7.org/fhir/uv/v2mappings/StructureDefinition/TypeInfo">
          <extension url="type">
            <valueCode value="uri"/>
          </extension>
        </extension>
        <code value="code.coding[3].system"/>
        <display value="code.coding[3].system"/>
        <equivalence value="equivalent"/>
        <comment value="CWE.12 needs to converted to proper uri for the coding system used, consdiering CWE.13"/>
      </target>
    </element>
  </group>
</ConceptMap>