{
  "resourceType" : "ConceptMap",
  "id" : "datatype-cwe-to-practitionerrole",
  "text" : {
    "status" : "generated",
    "div" : "<div xmlns=\"http://www.w3.org/1999/xhtml\"><p class=\"res-header-id\"><b>Generated Narrative: ConceptMap datatype-cwe-to-practitionerrole</b></p><a name=\"datatype-cwe-to-practitionerrole\"> </a><a name=\"hcdatatype-cwe-to-practitionerrole\"> </a><p>Mapping from (not specified) to (not specified)</p><br/><p><b>Group 1 </b>Mapping from <code>unspecified code system</code> to <code>unspecified code system</code></p><table class=\"grid\"><tr><td><b>Source Code</b></td><td><b>Relationship</b></td><td><b>Target Code</b></td><td><b>Comment</b></td></tr><tr><td>CWE.1 (Identifier)</td><td><a href=\"http://hl7.org/fhir/R5/codesystem-concept-map-relationship.html#equivalent\" title=\"equivalent\">is equivalent to</a></td><td>code.coding[1].code</td><td/></tr><tr><td>CWE.2 (Text)</td><td><a href=\"http://hl7.org/fhir/R5/codesystem-concept-map-relationship.html#equivalent\" title=\"equivalent\">is equivalent to</a></td><td>code.coding[1].display</td><td/></tr><tr><td>CWE.3 (Name of Coding System)</td><td><a href=\"http://hl7.org/fhir/R5/codesystem-concept-map-relationship.html#equivalent\" title=\"equivalent\">is equivalent to</a></td><td>code.coding[1].system</td><td>CWE.3 needs to converted to proper uri for the coding system used, considering CWE.14</td></tr><tr><td>CWE.4 (Alternate Identifier)</td><td><a href=\"http://hl7.org/fhir/R5/codesystem-concept-map-relationship.html#equivalent\" title=\"equivalent\">is equivalent to</a></td><td>code.coding[2].code</td><td/></tr><tr><td>CWE.5 (Alternate Text)</td><td><a href=\"http://hl7.org/fhir/R5/codesystem-concept-map-relationship.html#equivalent\" title=\"equivalent\">is equivalent to</a></td><td>code.coding[2].display</td><td/></tr><tr><td>CWE.6 (Name of Alternate Coding System)</td><td><a href=\"http://hl7.org/fhir/R5/codesystem-concept-map-relationship.html#equivalent\" title=\"equivalent\">is equivalent to</a></td><td>code.coding[2].system</td><td>CWE.6 needs to converted to proper uri for the coding system used, considering CWE.17</td></tr><tr><td>CWE.9 (Original Text)</td><td><a href=\"http://hl7.org/fhir/R5/codesystem-concept-map-relationship.html#equivalent\" title=\"equivalent\">is equivalent to</a></td><td>code.text</td><td/></tr><tr><td>CWE.10 (Second Alternate Identifier)</td><td><a href=\"http://hl7.org/fhir/R5/codesystem-concept-map-relationship.html#equivalent\" title=\"equivalent\">is equivalent to</a></td><td>code.coding[3].code</td><td/></tr><tr><td>CWE.11 (Second Alternate Text)</td><td><a href=\"http://hl7.org/fhir/R5/codesystem-concept-map-relationship.html#equivalent\" title=\"equivalent\">is equivalent to</a></td><td>code.coding[3].display</td><td/></tr><tr><td>CWE.12 (Name of Second Alternate Coding System)</td><td><a href=\"http://hl7.org/fhir/R5/codesystem-concept-map-relationship.html#equivalent\" title=\"equivalent\">is equivalent to</a></td><td>code.coding[3].system</td><td>CWE.12 needs to converted to proper uri for the coding system used, consdiering CWE.13</td></tr></table></div>"
  },
  "extension" : [{
    "extension" : [{
      "url" : "type",
      "valueCode" : "derived-from"
    },
    {
      "url" : "label",
      "valueString" : "Datatype CWE to PractitionerRole.fsh"
    },
    {
      "url" : "url",
      "valueUri" : "https://docs.google.com/spreadsheets/d/17rAsM14GKm-hwj88gnygm2C6lVt_nYnzJ6SR0sM_2qo/edit#gid=0"
    }],
    "url" : "http://hl7.org/fhir/uv/v2mappings/StructureDefinition/RelatedArtifact"
  },
  {
    "url" : "http://hl7.org/fhir/StructureDefinition/structuredefinition-wg",
    "valueCode" : "oo"
  },
  {
    "url" : "http://hl7.org/fhir/StructureDefinition/structuredefinition-standards-status",
    "valueCode" : "informative",
    "_valueCode" : {
      "extension" : [{
        "url" : "http://hl7.org/fhir/StructureDefinition/structuredefinition-conformance-derivedFrom",
        "valueCanonical" : "http://hl7.org/fhir/uv/v2mappings/ImplementationGuide/hl7.fhir.uv.v2mappings"
      }]
    }
  }],
  "url" : "http://hl7.org/fhir/uv/v2mappings/ConceptMap/datatype-cwe-to-practitionerrole",
  "version" : "1.0.0",
  "name" : "DatatypeCWEToPractitionerRole",
  "title" : "Datatype CWE to PractitionerRole Map",
  "status" : "active",
  "experimental" : true,
  "date" : "2025-08-23",
  "publisher" : "HL7 International / Orders and Observations",
  "contact" : [{
    "name" : "HL7 Orders and Observations Workgroup",
    "telecom" : [{
      "system" : "url",
      "value" : "http://www.hl7.org/Special/committees/orders"
    }]
  }],
  "description" : "This ConceptMap represents a mapping from the HL7 V2 Datatype CWE to the FHIR PractitionerRole Resource.",
  "jurisdiction" : [{
    "coding" : [{
      "system" : "http://unstats.un.org/unsd/methods/m49/m49.htm",
      "code" : "001"
    }]
  }],
  "copyright" : "Copyright (c) 2025, HL7 International, Inc., All Rights Reserved.",
  "group" : [{
    "element" : [{
      "extension" : [{
        "extension" : [{
          "url" : "type",
          "valueCode" : "ST"
        },
        {
          "url" : "cardinalityMin",
          "valueInteger" : 0
        },
        {
          "url" : "cardinalityMax",
          "valueInteger" : 1
        }],
        "url" : "http://hl7.org/fhir/uv/v2mappings/StructureDefinition/TypeInfo"
      }],
      "code" : "CWE.1",
      "display" : "Identifier",
      "target" : [{
        "extension" : [{
          "extension" : [{
            "url" : "type",
            "valueCode" : "code"
          }],
          "url" : "http://hl7.org/fhir/uv/v2mappings/StructureDefinition/TypeInfo"
        }],
        "code" : "code.coding[1].code",
        "display" : "code.coding[1].code",
        "equivalence" : "equivalent"
      }]
    },
    {
      "extension" : [{
        "extension" : [{
          "url" : "type",
          "valueCode" : "ST"
        },
        {
          "url" : "cardinalityMin",
          "valueInteger" : 0
        },
        {
          "url" : "cardinalityMax",
          "valueInteger" : 1
        }],
        "url" : "http://hl7.org/fhir/uv/v2mappings/StructureDefinition/TypeInfo"
      }],
      "code" : "CWE.2",
      "display" : "Text",
      "target" : [{
        "extension" : [{
          "extension" : [{
            "url" : "type",
            "valueCode" : "string"
          }],
          "url" : "http://hl7.org/fhir/uv/v2mappings/StructureDefinition/TypeInfo"
        }],
        "code" : "code.coding[1].display",
        "display" : "code.coding[1].display",
        "equivalence" : "equivalent"
      }]
    },
    {
      "extension" : [{
        "extension" : [{
          "url" : "type",
          "valueCode" : "ID"
        },
        {
          "url" : "cardinalityMin",
          "valueInteger" : 0
        },
        {
          "url" : "cardinalityMax",
          "valueInteger" : 1
        }],
        "url" : "http://hl7.org/fhir/uv/v2mappings/StructureDefinition/TypeInfo"
      }],
      "code" : "CWE.3",
      "display" : "Name of Coding System",
      "target" : [{
        "extension" : [{
          "extension" : [{
            "url" : "type",
            "valueCode" : "uri"
          }],
          "url" : "http://hl7.org/fhir/uv/v2mappings/StructureDefinition/TypeInfo"
        }],
        "code" : "code.coding[1].system",
        "display" : "code.coding[1].system",
        "equivalence" : "equivalent",
        "comment" : "CWE.3 needs to converted to proper uri for the coding system used, considering CWE.14"
      }]
    },
    {
      "extension" : [{
        "extension" : [{
          "url" : "type",
          "valueCode" : "ST"
        },
        {
          "url" : "cardinalityMin",
          "valueInteger" : 0
        },
        {
          "url" : "cardinalityMax",
          "valueInteger" : 1
        }],
        "url" : "http://hl7.org/fhir/uv/v2mappings/StructureDefinition/TypeInfo"
      }],
      "code" : "CWE.4",
      "display" : "Alternate Identifier",
      "target" : [{
        "extension" : [{
          "extension" : [{
            "url" : "type",
            "valueCode" : "code"
          }],
          "url" : "http://hl7.org/fhir/uv/v2mappings/StructureDefinition/TypeInfo"
        }],
        "code" : "code.coding[2].code",
        "display" : "code.coding[2].code",
        "equivalence" : "equivalent"
      }]
    },
    {
      "extension" : [{
        "extension" : [{
          "url" : "type",
          "valueCode" : "ST"
        },
        {
          "url" : "cardinalityMin",
          "valueInteger" : 0
        },
        {
          "url" : "cardinalityMax",
          "valueInteger" : 1
        }],
        "url" : "http://hl7.org/fhir/uv/v2mappings/StructureDefinition/TypeInfo"
      }],
      "code" : "CWE.5",
      "display" : "Alternate Text",
      "target" : [{
        "extension" : [{
          "extension" : [{
            "url" : "type",
            "valueCode" : "string"
          }],
          "url" : "http://hl7.org/fhir/uv/v2mappings/StructureDefinition/TypeInfo"
        }],
        "code" : "code.coding[2].display",
        "display" : "code.coding[2].display",
        "equivalence" : "equivalent"
      }]
    },
    {
      "extension" : [{
        "extension" : [{
          "url" : "type",
          "valueCode" : "ID"
        },
        {
          "url" : "cardinalityMin",
          "valueInteger" : 0
        },
        {
          "url" : "cardinalityMax",
          "valueInteger" : 1
        }],
        "url" : "http://hl7.org/fhir/uv/v2mappings/StructureDefinition/TypeInfo"
      }],
      "code" : "CWE.6",
      "display" : "Name of Alternate Coding System",
      "target" : [{
        "extension" : [{
          "extension" : [{
            "url" : "type",
            "valueCode" : "uri"
          }],
          "url" : "http://hl7.org/fhir/uv/v2mappings/StructureDefinition/TypeInfo"
        }],
        "code" : "code.coding[2].system",
        "display" : "code.coding[2].system",
        "equivalence" : "equivalent",
        "comment" : "CWE.6 needs to converted to proper uri for the coding system used, considering CWE.17"
      }]
    },
    {
      "extension" : [{
        "extension" : [{
          "url" : "type",
          "valueCode" : "ST"
        },
        {
          "url" : "cardinalityMin",
          "valueInteger" : 0
        },
        {
          "url" : "cardinalityMax",
          "valueInteger" : 1
        }],
        "url" : "http://hl7.org/fhir/uv/v2mappings/StructureDefinition/TypeInfo"
      }],
      "code" : "CWE.9",
      "display" : "Original Text",
      "target" : [{
        "code" : "code.text",
        "display" : "code.text",
        "equivalence" : "equivalent"
      }]
    },
    {
      "extension" : [{
        "extension" : [{
          "url" : "type",
          "valueCode" : "ST"
        },
        {
          "url" : "cardinalityMin",
          "valueInteger" : 0
        },
        {
          "url" : "cardinalityMax",
          "valueInteger" : 1
        }],
        "url" : "http://hl7.org/fhir/uv/v2mappings/StructureDefinition/TypeInfo"
      }],
      "code" : "CWE.10",
      "display" : "Second Alternate Identifier",
      "target" : [{
        "extension" : [{
          "extension" : [{
            "url" : "type",
            "valueCode" : "code"
          }],
          "url" : "http://hl7.org/fhir/uv/v2mappings/StructureDefinition/TypeInfo"
        }],
        "code" : "code.coding[3].code",
        "display" : "code.coding[3].code",
        "equivalence" : "equivalent"
      }]
    },
    {
      "extension" : [{
        "extension" : [{
          "url" : "type",
          "valueCode" : "ST"
        },
        {
          "url" : "cardinalityMin",
          "valueInteger" : 0
        },
        {
          "url" : "cardinalityMax",
          "valueInteger" : 1
        }],
        "url" : "http://hl7.org/fhir/uv/v2mappings/StructureDefinition/TypeInfo"
      }],
      "code" : "CWE.11",
      "display" : "Second Alternate Text",
      "target" : [{
        "extension" : [{
          "extension" : [{
            "url" : "type",
            "valueCode" : "string"
          }],
          "url" : "http://hl7.org/fhir/uv/v2mappings/StructureDefinition/TypeInfo"
        }],
        "code" : "code.coding[3].display",
        "display" : "code.coding[3].display",
        "equivalence" : "equivalent"
      }]
    },
    {
      "extension" : [{
        "extension" : [{
          "url" : "type",
          "valueCode" : "ID"
        },
        {
          "url" : "cardinalityMin",
          "valueInteger" : 0
        },
        {
          "url" : "cardinalityMax",
          "valueInteger" : 1
        }],
        "url" : "http://hl7.org/fhir/uv/v2mappings/StructureDefinition/TypeInfo"
      }],
      "code" : "CWE.12",
      "display" : "Name of Second Alternate Coding System",
      "target" : [{
        "extension" : [{
          "extension" : [{
            "url" : "type",
            "valueCode" : "uri"
          }],
          "url" : "http://hl7.org/fhir/uv/v2mappings/StructureDefinition/TypeInfo"
        }],
        "code" : "code.coding[3].system",
        "display" : "code.coding[3].system",
        "equivalence" : "equivalent",
        "comment" : "CWE.12 needs to converted to proper uri for the coding system used, consdiering CWE.13"
      }]
    }]
  }]
}