{
  "resourceType" : "ConceptMap",
  "id" : "segment-prt-to-relatedperson",
  "text" : {
    "status" : "generated",
    "div" : "<div xmlns=\"http://www.w3.org/1999/xhtml\"><p class=\"res-header-id\"><b>Generated Narrative: ConceptMap segment-prt-to-relatedperson</b></p><a name=\"segment-prt-to-relatedperson\"> </a><a name=\"hcsegment-prt-to-relatedperson\"> </a><p>Mapping from (not specified) to (not specified)</p><br/><p><b>Group 1 </b>Mapping from <code>unspecified code system</code> to <code>unspecified code system</code></p><table class=\"grid\"><tr><td colspan=\"3\"><b>Source Concept Details</b></td><td><b>Relationship</b></td><td colspan=\"2\"><b>Target Concept Details</b></td></tr><tr><td colspan=\"2\"><b>Codes</b> from </td><td><b>ComputableANTLR</b></td><td/><td colspan=\"2\"><b>Codes</b> from </td></tr><tr><td style=\"border-right-width: 0px\">PRT-4</td><td style=\"border-left-width: 0px\">Role of Participation</td><td/><td><a href=\"http://hl7.org/fhir/R5/codesystem-concept-map-relationship.html#equivalent\" title=\"equivalent\">is equivalent to</a></td><td style=\"border-right-width: 0px\">relationship</td><td style=\"border-left-width: 0px\">relationship</td></tr><tr><td style=\"border-right-width: 0px\">PRT-5</td><td style=\"border-left-width: 0px\">Person</td><td/><td><a href=\"http://hl7.org/fhir/R5/codesystem-concept-map-relationship.html#equivalent\" title=\"equivalent\">is equivalent to</a></td><td style=\"border-right-width: 0px\">$this</td><td style=\"border-left-width: 0px\">$this</td></tr><tr><td style=\"border-right-width: 0px\">PRT-11</td><td style=\"border-left-width: 0px\">Begin Date/Time (arrival time)</td><td/><td><a href=\"http://hl7.org/fhir/R5/codesystem-concept-map-relationship.html#equivalent\" title=\"equivalent\">is equivalent to</a></td><td style=\"border-right-width: 0px\">period.start</td><td style=\"border-left-width: 0px\">period.start</td></tr><tr><td style=\"border-right-width: 0px\">PRT-12</td><td style=\"border-left-width: 0px\">End Date/Time (departure time)</td><td/><td><a href=\"http://hl7.org/fhir/R5/codesystem-concept-map-relationship.html#equivalent\" title=\"equivalent\">is equivalent to</a></td><td style=\"border-right-width: 0px\">period.end</td><td style=\"border-left-width: 0px\">period.end</td></tr><tr><td style=\"border-right-width: 0px\">PRT-14</td><td style=\"border-left-width: 0px\">Address</td><td/><td><a href=\"http://hl7.org/fhir/R5/codesystem-concept-map-relationship.html#equivalent\" title=\"equivalent\">is equivalent to</a></td><td style=\"border-right-width: 0px\">address</td><td style=\"border-left-width: 0px\">address</td></tr><tr><td style=\"border-right-width: 0px\">PRT-15</td><td style=\"border-left-width: 0px\">Telecommunication Address</td><td>IF PRT-23 NOT VALUED</td><td><a href=\"http://hl7.org/fhir/R5/codesystem-concept-map-relationship.html#equivalent\" title=\"equivalent\">is equivalent to</a></td><td style=\"border-right-width: 0px\">telecom</td><td style=\"border-left-width: 0px\">telecom</td></tr><tr><td style=\"border-right-width: 0px\">PRT-15</td><td style=\"border-left-width: 0px\">Telecommunication Address</td><td>IF PRT-23 IS &quot;B&quot;</td><td><a href=\"http://hl7.org/fhir/R5/codesystem-concept-map-relationship.html#equivalent\" title=\"equivalent\">is equivalent to</a></td><td style=\"border-right-width: 0px\">telecom[1]</td><td style=\"border-left-width: 0px\">telecom[1]</td></tr><tr><td style=\"border-right-width: 0px\">PRT-15</td><td style=\"border-left-width: 0px\">Telecommunication Address</td><td>IF PRT-23 IS &quot;C&quot;</td><td><a href=\"http://hl7.org/fhir/R5/codesystem-concept-map-relationship.html#equivalent\" title=\"equivalent\">is equivalent to</a></td><td style=\"border-right-width: 0px\">telecom[2]</td><td style=\"border-left-width: 0px\">telecom[2]</td></tr><tr><td style=\"border-right-width: 0px\">PRT-15</td><td style=\"border-left-width: 0px\">Telecommunication Address</td><td>IF PRT-23 IS &quot;E&quot;</td><td><a href=\"http://hl7.org/fhir/R5/codesystem-concept-map-relationship.html#equivalent\" title=\"equivalent\">is equivalent to</a></td><td style=\"border-right-width: 0px\">telecom[3]</td><td style=\"border-left-width: 0px\">telecom[3]</td></tr><tr><td style=\"border-right-width: 0px\">PRT-15</td><td style=\"border-left-width: 0px\">Telecommunication Address</td><td>IF PRT-23 IS &quot;F&quot;</td><td><a href=\"http://hl7.org/fhir/R5/codesystem-concept-map-relationship.html#equivalent\" title=\"equivalent\">is equivalent to</a></td><td style=\"border-right-width: 0px\">telecom[4]</td><td style=\"border-left-width: 0px\">telecom[4]</td></tr><tr><td style=\"border-right-width: 0px\">PRT-15</td><td style=\"border-left-width: 0px\">Telecommunication Address</td><td>IF PRT-23 IS &quot;H&quot;</td><td><a href=\"http://hl7.org/fhir/R5/codesystem-concept-map-relationship.html#equivalent\" title=\"equivalent\">is equivalent to</a></td><td style=\"border-right-width: 0px\">telecom[5]</td><td style=\"border-left-width: 0px\">telecom[5]</td></tr><tr><td style=\"border-right-width: 0px\">PRT-15</td><td style=\"border-left-width: 0px\">Telecommunication Address</td><td>IF PRT-23 IS &quot;O&quot;</td><td><a href=\"http://hl7.org/fhir/R5/codesystem-concept-map-relationship.html#equivalent\" title=\"equivalent\">is equivalent to</a></td><td style=\"border-right-width: 0px\">telecom[6]</td><td style=\"border-left-width: 0px\">telecom[6]</td></tr><tr><td style=\"border-right-width: 0px\">PRT-23</td><td style=\"border-left-width: 0px\">Preferred Method of Contact</td><td>IF PRT-23.1 IS &quot;B&quot;</td><td><a href=\"http://hl7.org/fhir/R5/codesystem-concept-map-relationship.html#equivalent\" title=\"equivalent\">is equivalent to</a></td><td style=\"border-right-width: 0px\">telecom[1].extension[1].url</td><td style=\"border-left-width: 0px\">telecom[1].extension[1].url</td></tr><tr><td style=\"border-right-width: 0px\">PRT-23</td><td style=\"border-left-width: 0px\">Preferred Method of Contact</td><td>IF PRT-23.1 IS &quot;B&quot;</td><td><a href=\"http://hl7.org/fhir/R5/codesystem-concept-map-relationship.html#equivalent\" title=\"equivalent\">is equivalent to</a></td><td style=\"border-right-width: 0px\">telecom[1].extension[1].valueBoolean</td><td style=\"border-left-width: 0px\">telecom[1].extension[1].valueBoolean</td></tr><tr><td style=\"border-right-width: 0px\">PRT-23</td><td style=\"border-left-width: 0px\">Preferred Method of Contact</td><td>IF PRT-23.1 IS &quot;C&quot;</td><td><a href=\"http://hl7.org/fhir/R5/codesystem-concept-map-relationship.html#equivalent\" title=\"equivalent\">is equivalent to</a></td><td style=\"border-right-width: 0px\">telecom[2].extension[1].url</td><td style=\"border-left-width: 0px\">telecom[2].extension[1].url</td></tr><tr><td style=\"border-right-width: 0px\">PRT-23</td><td style=\"border-left-width: 0px\">Preferred Method of Contact</td><td>IF PRT-23.1 IS &quot;C&quot;</td><td><a href=\"http://hl7.org/fhir/R5/codesystem-concept-map-relationship.html#equivalent\" title=\"equivalent\">is equivalent to</a></td><td style=\"border-right-width: 0px\">telecom[2].extension[1].valueBoolean</td><td style=\"border-left-width: 0px\">telecom[2].extension[1].valueBoolean</td></tr><tr><td style=\"border-right-width: 0px\">PRT-23</td><td style=\"border-left-width: 0px\">Preferred Method of Contact</td><td>IF PRT-23.1 IS &quot;E&quot;</td><td><a href=\"http://hl7.org/fhir/R5/codesystem-concept-map-relationship.html#equivalent\" title=\"equivalent\">is equivalent to</a></td><td style=\"border-right-width: 0px\">telecom[3].extension[1].url</td><td style=\"border-left-width: 0px\">telecom[3].extension[1].url</td></tr><tr><td style=\"border-right-width: 0px\">PRT-23</td><td style=\"border-left-width: 0px\">Preferred Method of Contact</td><td>IF PRT-23.1 IS &quot;E&quot;</td><td><a href=\"http://hl7.org/fhir/R5/codesystem-concept-map-relationship.html#equivalent\" title=\"equivalent\">is equivalent to</a></td><td style=\"border-right-width: 0px\">telecom[3].extension[1].valueBoolean</td><td style=\"border-left-width: 0px\">telecom[3].extension[1].valueBoolean</td></tr><tr><td style=\"border-right-width: 0px\">PRT-23</td><td style=\"border-left-width: 0px\">Preferred Method of Contact</td><td>IF PRT-23 IS &quot;F&quot;</td><td><a href=\"http://hl7.org/fhir/R5/codesystem-concept-map-relationship.html#equivalent\" title=\"equivalent\">is equivalent to</a></td><td style=\"border-right-width: 0px\">telecom[4].extension[1].url</td><td style=\"border-left-width: 0px\">telecom[4].extension[1].url</td></tr><tr><td style=\"border-right-width: 0px\">PRT-23</td><td style=\"border-left-width: 0px\">Preferred Method of Contact</td><td>IF PRT-23 IS &quot;F&quot;</td><td><a href=\"http://hl7.org/fhir/R5/codesystem-concept-map-relationship.html#equivalent\" title=\"equivalent\">is equivalent to</a></td><td style=\"border-right-width: 0px\">telecom[4].extension[1].valueBoolean</td><td style=\"border-left-width: 0px\">telecom[4].extension[1].valueBoolean</td></tr><tr><td style=\"border-right-width: 0px\">PRT-23</td><td style=\"border-left-width: 0px\">Preferred Method of Contact</td><td>IF PRT-23 IS &quot;H&quot;</td><td><a href=\"http://hl7.org/fhir/R5/codesystem-concept-map-relationship.html#equivalent\" title=\"equivalent\">is equivalent to</a></td><td style=\"border-right-width: 0px\">telecom[5].extension[1].url</td><td style=\"border-left-width: 0px\">telecom[5].extension[1].url</td></tr><tr><td style=\"border-right-width: 0px\">PRT-23</td><td style=\"border-left-width: 0px\">Preferred Method of Contact</td><td>IF PRT-23 IS &quot;H&quot;</td><td><a href=\"http://hl7.org/fhir/R5/codesystem-concept-map-relationship.html#equivalent\" title=\"equivalent\">is equivalent to</a></td><td style=\"border-right-width: 0px\">telecom[5].extension[1].valueBoolean</td><td style=\"border-left-width: 0px\">telecom[5].extension[1].valueBoolean</td></tr><tr><td style=\"border-right-width: 0px\">PRT-23</td><td style=\"border-left-width: 0px\">Preferred Method of Contact</td><td>IF PRT-23 IS &quot;O&quot;</td><td><a href=\"http://hl7.org/fhir/R5/codesystem-concept-map-relationship.html#equivalent\" title=\"equivalent\">is equivalent to</a></td><td style=\"border-right-width: 0px\">telecom[6].extension[1].url</td><td style=\"border-left-width: 0px\">telecom[6].extension[1].url</td></tr><tr><td style=\"border-right-width: 0px\">PRT-23</td><td style=\"border-left-width: 0px\">Preferred Method of Contact</td><td>IF PRT-23 IS &quot;O&quot;</td><td><a href=\"http://hl7.org/fhir/R5/codesystem-concept-map-relationship.html#equivalent\" title=\"equivalent\">is equivalent to</a></td><td style=\"border-right-width: 0px\">telecom[6].extension[1].valueBoolean</td><td style=\"border-left-width: 0px\">telecom[6].extension[1].valueBoolean</td></tr><tr><td style=\"border-right-width: 0px\">PRT-24</td><td style=\"border-left-width: 0px\">Contact Identifiers</td><td/><td><a href=\"http://hl7.org/fhir/R5/codesystem-concept-map-relationship.html#equivalent\" title=\"equivalent\">is equivalent to</a></td><td style=\"border-right-width: 0px\">identifier[2]</td><td style=\"border-left-width: 0px\">identifier[2]</td></tr></table></div>"
  },
  "extension" : [{
    "extension" : [{
      "url" : "type",
      "valueCode" : "derived-from"
    },
    {
      "url" : "label",
      "valueString" : "Segment PRT to RelatedPerson.fsh"
    },
    {
      "url" : "url",
      "valueUri" : "https://docs.google.com/spreadsheets/d/17gCMgdR8Jq9viGiCTN67QvGEnJLNMlyVaMT5325tmh4/edit#gid=0"
    }],
    "url" : "http://hl7.org/fhir/uv/v2mappings/StructureDefinition/RelatedArtifact"
  },
  {
    "url" : "http://hl7.org/fhir/StructureDefinition/structuredefinition-wg",
    "valueCode" : "oo"
  },
  {
    "url" : "http://hl7.org/fhir/StructureDefinition/structuredefinition-standards-status",
    "valueCode" : "informative",
    "_valueCode" : {
      "extension" : [{
        "url" : "http://hl7.org/fhir/StructureDefinition/structuredefinition-conformance-derivedFrom",
        "valueCanonical" : "http://hl7.org/fhir/uv/v2mappings/ImplementationGuide/hl7.fhir.uv.v2mappings"
      }]
    }
  }],
  "url" : "http://hl7.org/fhir/uv/v2mappings/ConceptMap/segment-prt-to-relatedperson",
  "version" : "1.0.0",
  "name" : "SegmentPRTToRelatedPerson",
  "title" : "Segment PRT to RelatedPerson Map",
  "status" : "active",
  "experimental" : true,
  "date" : "2025-08-23",
  "publisher" : "HL7 International / Orders and Observations",
  "contact" : [{
    "name" : "HL7 Orders and Observations Workgroup",
    "telecom" : [{
      "system" : "url",
      "value" : "http://www.hl7.org/Special/committees/orders"
    }]
  }],
  "description" : "This ConceptMap represents a mapping from the HL7 V2 Segment PRT to the FHIR RelatedPerson Resource.",
  "jurisdiction" : [{
    "coding" : [{
      "system" : "http://unstats.un.org/unsd/methods/m49/m49.htm",
      "code" : "001"
    }]
  }],
  "copyright" : "Copyright (c) 2025, HL7 International, Inc., All Rights Reserved.",
  "group" : [{
    "element" : [{
      "extension" : [{
        "extension" : [{
          "url" : "type",
          "valueCode" : "CWE"
        },
        {
          "url" : "cardinalityMin",
          "valueInteger" : 1
        },
        {
          "url" : "cardinalityMax",
          "valueInteger" : 1
        }],
        "url" : "http://hl7.org/fhir/uv/v2mappings/StructureDefinition/TypeInfo"
      }],
      "code" : "PRT-4",
      "display" : "Role of Participation",
      "target" : [{
        "extension" : [{
          "extension" : [{
            "url" : "type",
            "valueCode" : "CodeableConcept"
          },
          {
            "url" : "cardinalityMin",
            "valueInteger" : 0
          },
          {
            "url" : "cardinalityMax",
            "valueInteger" : -1
          },
          {
            "url" : "mappedVia",
            "valueUrl" : "ConceptMap/table-hl70912-to-practitioner-role"
          }],
          "url" : "http://hl7.org/fhir/uv/v2mappings/StructureDefinition/TypeInfo"
        }],
        "code" : "relationship",
        "display" : "relationship",
        "equivalence" : "equivalent"
      }]
    },
    {
      "extension" : [{
        "extension" : [{
          "url" : "type",
          "valueCode" : "XCN"
        },
        {
          "url" : "cardinalityMin",
          "valueInteger" : -1
        },
        {
          "url" : "cardinalityMax",
          "valueInteger" : -1
        }],
        "url" : "http://hl7.org/fhir/uv/v2mappings/StructureDefinition/TypeInfo"
      }],
      "code" : "PRT-5",
      "display" : "Person",
      "target" : [{
        "code" : "$this",
        "display" : "$this",
        "equivalence" : "equivalent"
      }]
    },
    {
      "extension" : [{
        "extension" : [{
          "url" : "type",
          "valueCode" : "DTM"
        },
        {
          "url" : "cardinalityMin",
          "valueInteger" : 1
        },
        {
          "url" : "cardinalityMax",
          "valueInteger" : 1
        }],
        "url" : "http://hl7.org/fhir/uv/v2mappings/StructureDefinition/TypeInfo"
      }],
      "code" : "PRT-11",
      "display" : "Begin Date/Time (arrival time)",
      "target" : [{
        "extension" : [{
          "extension" : [{
            "url" : "type",
            "valueCode" : "dateTime"
          },
          {
            "url" : "cardinalityMin",
            "valueInteger" : 0
          },
          {
            "url" : "cardinalityMax",
            "valueInteger" : 1
          }],
          "url" : "http://hl7.org/fhir/uv/v2mappings/StructureDefinition/TypeInfo"
        }],
        "code" : "period.start",
        "display" : "period.start",
        "equivalence" : "equivalent"
      }]
    },
    {
      "extension" : [{
        "extension" : [{
          "url" : "type",
          "valueCode" : "DTM"
        },
        {
          "url" : "cardinalityMin",
          "valueInteger" : 1
        },
        {
          "url" : "cardinalityMax",
          "valueInteger" : 1
        }],
        "url" : "http://hl7.org/fhir/uv/v2mappings/StructureDefinition/TypeInfo"
      }],
      "code" : "PRT-12",
      "display" : "End Date/Time (departure time)",
      "target" : [{
        "extension" : [{
          "extension" : [{
            "url" : "type",
            "valueCode" : "dateTime"
          },
          {
            "url" : "cardinalityMin",
            "valueInteger" : 0
          },
          {
            "url" : "cardinalityMax",
            "valueInteger" : 1
          }],
          "url" : "http://hl7.org/fhir/uv/v2mappings/StructureDefinition/TypeInfo"
        }],
        "code" : "period.end",
        "display" : "period.end",
        "equivalence" : "equivalent"
      }]
    },
    {
      "extension" : [{
        "extension" : [{
          "url" : "type",
          "valueCode" : "XAD"
        },
        {
          "url" : "cardinalityMin",
          "valueInteger" : -1
        },
        {
          "url" : "cardinalityMax",
          "valueInteger" : -1
        }],
        "url" : "http://hl7.org/fhir/uv/v2mappings/StructureDefinition/TypeInfo"
      }],
      "code" : "PRT-14",
      "display" : "Address",
      "target" : [{
        "extension" : [{
          "extension" : [{
            "url" : "type",
            "valueCode" : "Address"
          },
          {
            "url" : "cardinalityMin",
            "valueInteger" : 0
          },
          {
            "url" : "cardinalityMax",
            "valueInteger" : -1
          }],
          "url" : "http://hl7.org/fhir/uv/v2mappings/StructureDefinition/TypeInfo"
        }],
        "code" : "address",
        "display" : "address",
        "equivalence" : "equivalent"
      }]
    },
    {
      "extension" : [{
        "extension" : [{
          "url" : "type",
          "valueCode" : "XTN"
        },
        {
          "url" : "cardinalityMin",
          "valueInteger" : -1
        },
        {
          "url" : "cardinalityMax",
          "valueInteger" : -1
        }],
        "url" : "http://hl7.org/fhir/uv/v2mappings/StructureDefinition/TypeInfo"
      }],
      "code" : "PRT-15",
      "display" : "Telecommunication Address",
      "target" : [{
        "extension" : [{
          "extension" : [{
            "url" : "type",
            "valueCode" : "ContactPoint"
          },
          {
            "url" : "cardinalityMin",
            "valueInteger" : 0
          },
          {
            "url" : "cardinalityMax",
            "valueInteger" : -1
          }],
          "url" : "http://hl7.org/fhir/uv/v2mappings/StructureDefinition/TypeInfo"
        }],
        "code" : "telecom",
        "display" : "telecom",
        "equivalence" : "equivalent",
        "dependsOn" : [{
          "property" : "Computable-ANTLR",
          "value" : "IF PRT-23 NOT VALUED"
        }]
      }]
    },
    {
      "extension" : [{
        "extension" : [{
          "url" : "type",
          "valueCode" : "XTN"
        },
        {
          "url" : "cardinalityMin",
          "valueInteger" : -1
        },
        {
          "url" : "cardinalityMax",
          "valueInteger" : -1
        }],
        "url" : "http://hl7.org/fhir/uv/v2mappings/StructureDefinition/TypeInfo"
      }],
      "code" : "PRT-15",
      "display" : "Telecommunication Address",
      "target" : [{
        "extension" : [{
          "extension" : [{
            "url" : "type",
            "valueCode" : "ContactPoint"
          },
          {
            "url" : "cardinalityMin",
            "valueInteger" : 0
          },
          {
            "url" : "cardinalityMax",
            "valueInteger" : -1
          }],
          "url" : "http://hl7.org/fhir/uv/v2mappings/StructureDefinition/TypeInfo"
        }],
        "code" : "telecom[1]",
        "display" : "telecom[1]",
        "equivalence" : "equivalent",
        "dependsOn" : [{
          "property" : "Computable-ANTLR",
          "value" : "IF PRT-23 IS \"B\""
        }]
      }]
    },
    {
      "extension" : [{
        "extension" : [{
          "url" : "type",
          "valueCode" : "XTN"
        },
        {
          "url" : "cardinalityMin",
          "valueInteger" : -1
        },
        {
          "url" : "cardinalityMax",
          "valueInteger" : -1
        }],
        "url" : "http://hl7.org/fhir/uv/v2mappings/StructureDefinition/TypeInfo"
      }],
      "code" : "PRT-15",
      "display" : "Telecommunication Address",
      "target" : [{
        "extension" : [{
          "extension" : [{
            "url" : "type",
            "valueCode" : "ContactPoint"
          },
          {
            "url" : "cardinalityMin",
            "valueInteger" : 0
          },
          {
            "url" : "cardinalityMax",
            "valueInteger" : -1
          }],
          "url" : "http://hl7.org/fhir/uv/v2mappings/StructureDefinition/TypeInfo"
        }],
        "code" : "telecom[2]",
        "display" : "telecom[2]",
        "equivalence" : "equivalent",
        "dependsOn" : [{
          "property" : "Computable-ANTLR",
          "value" : "IF PRT-23 IS \"C\""
        }]
      }]
    },
    {
      "extension" : [{
        "extension" : [{
          "url" : "type",
          "valueCode" : "XTN"
        },
        {
          "url" : "cardinalityMin",
          "valueInteger" : -1
        },
        {
          "url" : "cardinalityMax",
          "valueInteger" : -1
        }],
        "url" : "http://hl7.org/fhir/uv/v2mappings/StructureDefinition/TypeInfo"
      }],
      "code" : "PRT-15",
      "display" : "Telecommunication Address",
      "target" : [{
        "extension" : [{
          "extension" : [{
            "url" : "type",
            "valueCode" : "ContactPoint"
          },
          {
            "url" : "cardinalityMin",
            "valueInteger" : 0
          },
          {
            "url" : "cardinalityMax",
            "valueInteger" : -1
          }],
          "url" : "http://hl7.org/fhir/uv/v2mappings/StructureDefinition/TypeInfo"
        }],
        "code" : "telecom[3]",
        "display" : "telecom[3]",
        "equivalence" : "equivalent",
        "dependsOn" : [{
          "property" : "Computable-ANTLR",
          "value" : "IF PRT-23 IS \"E\""
        }]
      }]
    },
    {
      "extension" : [{
        "extension" : [{
          "url" : "type",
          "valueCode" : "XTN"
        },
        {
          "url" : "cardinalityMin",
          "valueInteger" : -1
        },
        {
          "url" : "cardinalityMax",
          "valueInteger" : -1
        }],
        "url" : "http://hl7.org/fhir/uv/v2mappings/StructureDefinition/TypeInfo"
      }],
      "code" : "PRT-15",
      "display" : "Telecommunication Address",
      "target" : [{
        "extension" : [{
          "extension" : [{
            "url" : "type",
            "valueCode" : "ContactPoint"
          },
          {
            "url" : "cardinalityMin",
            "valueInteger" : 0
          },
          {
            "url" : "cardinalityMax",
            "valueInteger" : -1
          }],
          "url" : "http://hl7.org/fhir/uv/v2mappings/StructureDefinition/TypeInfo"
        }],
        "code" : "telecom[4]",
        "display" : "telecom[4]",
        "equivalence" : "equivalent",
        "dependsOn" : [{
          "property" : "Computable-ANTLR",
          "value" : "IF PRT-23 IS \"F\""
        }]
      }]
    },
    {
      "extension" : [{
        "extension" : [{
          "url" : "type",
          "valueCode" : "XTN"
        },
        {
          "url" : "cardinalityMin",
          "valueInteger" : -1
        },
        {
          "url" : "cardinalityMax",
          "valueInteger" : -1
        }],
        "url" : "http://hl7.org/fhir/uv/v2mappings/StructureDefinition/TypeInfo"
      }],
      "code" : "PRT-15",
      "display" : "Telecommunication Address",
      "target" : [{
        "extension" : [{
          "extension" : [{
            "url" : "type",
            "valueCode" : "ContactPoint"
          },
          {
            "url" : "cardinalityMin",
            "valueInteger" : 0
          },
          {
            "url" : "cardinalityMax",
            "valueInteger" : -1
          }],
          "url" : "http://hl7.org/fhir/uv/v2mappings/StructureDefinition/TypeInfo"
        }],
        "code" : "telecom[5]",
        "display" : "telecom[5]",
        "equivalence" : "equivalent",
        "dependsOn" : [{
          "property" : "Computable-ANTLR",
          "value" : "IF PRT-23 IS \"H\""
        }]
      }]
    },
    {
      "extension" : [{
        "extension" : [{
          "url" : "type",
          "valueCode" : "XTN"
        },
        {
          "url" : "cardinalityMin",
          "valueInteger" : -1
        },
        {
          "url" : "cardinalityMax",
          "valueInteger" : -1
        }],
        "url" : "http://hl7.org/fhir/uv/v2mappings/StructureDefinition/TypeInfo"
      }],
      "code" : "PRT-15",
      "display" : "Telecommunication Address",
      "target" : [{
        "extension" : [{
          "extension" : [{
            "url" : "type",
            "valueCode" : "ContactPoint"
          },
          {
            "url" : "cardinalityMin",
            "valueInteger" : 0
          },
          {
            "url" : "cardinalityMax",
            "valueInteger" : -1
          }],
          "url" : "http://hl7.org/fhir/uv/v2mappings/StructureDefinition/TypeInfo"
        }],
        "code" : "telecom[6]",
        "display" : "telecom[6]",
        "equivalence" : "equivalent",
        "dependsOn" : [{
          "property" : "Computable-ANTLR",
          "value" : "IF PRT-23 IS \"O\""
        }]
      }]
    },
    {
      "extension" : [{
        "extension" : [{
          "url" : "type",
          "valueCode" : "CWE"
        },
        {
          "url" : "cardinalityMin",
          "valueInteger" : 1
        },
        {
          "url" : "cardinalityMax",
          "valueInteger" : 1
        }],
        "url" : "http://hl7.org/fhir/uv/v2mappings/StructureDefinition/TypeInfo"
      }],
      "code" : "PRT-23",
      "display" : "Preferred Method of Contact",
      "target" : [{
        "extension" : [{
          "extension" : [{
            "url" : "type",
            "valueCode" : "uri"
          },
          {
            "url" : "cardinalityMin",
            "valueInteger" : 0
          },
          {
            "url" : "cardinalityMax",
            "valueInteger" : 1
          },
          {
            "url" : "assignment",
            "valueString" : "\"http://hl7.org/fhir/StructureDefinition/iso21090-preferred\""
          }],
          "url" : "http://hl7.org/fhir/uv/v2mappings/StructureDefinition/TypeInfo"
        }],
        "code" : "telecom[1].extension[1].url",
        "display" : "telecom[1].extension[1].url",
        "equivalence" : "equivalent",
        "dependsOn" : [{
          "property" : "Computable-ANTLR",
          "value" : "IF PRT-23.1 IS \"B\""
        }]
      }]
    },
    {
      "extension" : [{
        "extension" : [{
          "url" : "type",
          "valueCode" : "CWE"
        },
        {
          "url" : "cardinalityMin",
          "valueInteger" : 1
        },
        {
          "url" : "cardinalityMax",
          "valueInteger" : 1
        }],
        "url" : "http://hl7.org/fhir/uv/v2mappings/StructureDefinition/TypeInfo"
      }],
      "code" : "PRT-23",
      "display" : "Preferred Method of Contact",
      "target" : [{
        "extension" : [{
          "extension" : [{
            "url" : "type",
            "valueCode" : "boolean"
          },
          {
            "url" : "cardinalityMin",
            "valueInteger" : 0
          },
          {
            "url" : "cardinalityMax",
            "valueInteger" : 1
          },
          {
            "url" : "assignment",
            "valueString" : "\"true\""
          }],
          "url" : "http://hl7.org/fhir/uv/v2mappings/StructureDefinition/TypeInfo"
        }],
        "code" : "telecom[1].extension[1].valueBoolean",
        "display" : "telecom[1].extension[1].valueBoolean",
        "equivalence" : "equivalent",
        "dependsOn" : [{
          "property" : "Computable-ANTLR",
          "value" : "IF PRT-23.1 IS \"B\""
        }]
      }]
    },
    {
      "extension" : [{
        "extension" : [{
          "url" : "type",
          "valueCode" : "CWE"
        },
        {
          "url" : "cardinalityMin",
          "valueInteger" : 1
        },
        {
          "url" : "cardinalityMax",
          "valueInteger" : 1
        }],
        "url" : "http://hl7.org/fhir/uv/v2mappings/StructureDefinition/TypeInfo"
      }],
      "code" : "PRT-23",
      "display" : "Preferred Method of Contact",
      "target" : [{
        "extension" : [{
          "extension" : [{
            "url" : "type",
            "valueCode" : "uri"
          },
          {
            "url" : "cardinalityMin",
            "valueInteger" : 0
          },
          {
            "url" : "cardinalityMax",
            "valueInteger" : 1
          },
          {
            "url" : "assignment",
            "valueString" : "\"http://hl7.org/fhir/StructureDefinition/iso21090-preferred\""
          }],
          "url" : "http://hl7.org/fhir/uv/v2mappings/StructureDefinition/TypeInfo"
        }],
        "code" : "telecom[2].extension[1].url",
        "display" : "telecom[2].extension[1].url",
        "equivalence" : "equivalent",
        "dependsOn" : [{
          "property" : "Computable-ANTLR",
          "value" : "IF PRT-23.1 IS \"C\""
        }]
      }]
    },
    {
      "extension" : [{
        "extension" : [{
          "url" : "type",
          "valueCode" : "CWE"
        },
        {
          "url" : "cardinalityMin",
          "valueInteger" : 1
        },
        {
          "url" : "cardinalityMax",
          "valueInteger" : 1
        }],
        "url" : "http://hl7.org/fhir/uv/v2mappings/StructureDefinition/TypeInfo"
      }],
      "code" : "PRT-23",
      "display" : "Preferred Method of Contact",
      "target" : [{
        "extension" : [{
          "extension" : [{
            "url" : "type",
            "valueCode" : "boolean"
          },
          {
            "url" : "cardinalityMin",
            "valueInteger" : 0
          },
          {
            "url" : "cardinalityMax",
            "valueInteger" : 1
          },
          {
            "url" : "assignment",
            "valueString" : "\"true\""
          }],
          "url" : "http://hl7.org/fhir/uv/v2mappings/StructureDefinition/TypeInfo"
        }],
        "code" : "telecom[2].extension[1].valueBoolean",
        "display" : "telecom[2].extension[1].valueBoolean",
        "equivalence" : "equivalent",
        "dependsOn" : [{
          "property" : "Computable-ANTLR",
          "value" : "IF PRT-23.1 IS \"C\""
        }]
      }]
    },
    {
      "extension" : [{
        "extension" : [{
          "url" : "type",
          "valueCode" : "CWE"
        },
        {
          "url" : "cardinalityMin",
          "valueInteger" : 1
        },
        {
          "url" : "cardinalityMax",
          "valueInteger" : 1
        }],
        "url" : "http://hl7.org/fhir/uv/v2mappings/StructureDefinition/TypeInfo"
      }],
      "code" : "PRT-23",
      "display" : "Preferred Method of Contact",
      "target" : [{
        "extension" : [{
          "extension" : [{
            "url" : "type",
            "valueCode" : "uri"
          },
          {
            "url" : "cardinalityMin",
            "valueInteger" : 0
          },
          {
            "url" : "cardinalityMax",
            "valueInteger" : 1
          },
          {
            "url" : "assignment",
            "valueString" : "\"http://hl7.org/fhir/StructureDefinition/iso21090-preferred\""
          }],
          "url" : "http://hl7.org/fhir/uv/v2mappings/StructureDefinition/TypeInfo"
        }],
        "code" : "telecom[3].extension[1].url",
        "display" : "telecom[3].extension[1].url",
        "equivalence" : "equivalent",
        "dependsOn" : [{
          "property" : "Computable-ANTLR",
          "value" : "IF PRT-23.1 IS \"E\""
        }]
      }]
    },
    {
      "extension" : [{
        "extension" : [{
          "url" : "type",
          "valueCode" : "CWE"
        },
        {
          "url" : "cardinalityMin",
          "valueInteger" : 1
        },
        {
          "url" : "cardinalityMax",
          "valueInteger" : 1
        }],
        "url" : "http://hl7.org/fhir/uv/v2mappings/StructureDefinition/TypeInfo"
      }],
      "code" : "PRT-23",
      "display" : "Preferred Method of Contact",
      "target" : [{
        "extension" : [{
          "extension" : [{
            "url" : "type",
            "valueCode" : "boolean"
          },
          {
            "url" : "cardinalityMin",
            "valueInteger" : 0
          },
          {
            "url" : "cardinalityMax",
            "valueInteger" : 1
          },
          {
            "url" : "assignment",
            "valueString" : "\"true\""
          }],
          "url" : "http://hl7.org/fhir/uv/v2mappings/StructureDefinition/TypeInfo"
        }],
        "code" : "telecom[3].extension[1].valueBoolean",
        "display" : "telecom[3].extension[1].valueBoolean",
        "equivalence" : "equivalent",
        "dependsOn" : [{
          "property" : "Computable-ANTLR",
          "value" : "IF PRT-23.1 IS \"E\""
        }]
      }]
    },
    {
      "extension" : [{
        "extension" : [{
          "url" : "type",
          "valueCode" : "CWE"
        },
        {
          "url" : "cardinalityMin",
          "valueInteger" : 1
        },
        {
          "url" : "cardinalityMax",
          "valueInteger" : 1
        }],
        "url" : "http://hl7.org/fhir/uv/v2mappings/StructureDefinition/TypeInfo"
      }],
      "code" : "PRT-23",
      "display" : "Preferred Method of Contact",
      "target" : [{
        "extension" : [{
          "extension" : [{
            "url" : "type",
            "valueCode" : "uri"
          },
          {
            "url" : "cardinalityMin",
            "valueInteger" : 0
          },
          {
            "url" : "cardinalityMax",
            "valueInteger" : 1
          },
          {
            "url" : "assignment",
            "valueString" : "\"http://hl7.org/fhir/StructureDefinition/iso21090-preferred\""
          }],
          "url" : "http://hl7.org/fhir/uv/v2mappings/StructureDefinition/TypeInfo"
        }],
        "code" : "telecom[4].extension[1].url",
        "display" : "telecom[4].extension[1].url",
        "equivalence" : "equivalent",
        "dependsOn" : [{
          "property" : "Computable-ANTLR",
          "value" : "IF PRT-23 IS \"F\""
        }]
      }]
    },
    {
      "extension" : [{
        "extension" : [{
          "url" : "type",
          "valueCode" : "CWE"
        },
        {
          "url" : "cardinalityMin",
          "valueInteger" : 1
        },
        {
          "url" : "cardinalityMax",
          "valueInteger" : 1
        }],
        "url" : "http://hl7.org/fhir/uv/v2mappings/StructureDefinition/TypeInfo"
      }],
      "code" : "PRT-23",
      "display" : "Preferred Method of Contact",
      "target" : [{
        "extension" : [{
          "extension" : [{
            "url" : "type",
            "valueCode" : "boolean"
          },
          {
            "url" : "cardinalityMin",
            "valueInteger" : 0
          },
          {
            "url" : "cardinalityMax",
            "valueInteger" : 1
          },
          {
            "url" : "assignment",
            "valueString" : "\"true\""
          }],
          "url" : "http://hl7.org/fhir/uv/v2mappings/StructureDefinition/TypeInfo"
        }],
        "code" : "telecom[4].extension[1].valueBoolean",
        "display" : "telecom[4].extension[1].valueBoolean",
        "equivalence" : "equivalent",
        "dependsOn" : [{
          "property" : "Computable-ANTLR",
          "value" : "IF PRT-23 IS \"F\""
        }]
      }]
    },
    {
      "extension" : [{
        "extension" : [{
          "url" : "type",
          "valueCode" : "CWE"
        },
        {
          "url" : "cardinalityMin",
          "valueInteger" : 1
        },
        {
          "url" : "cardinalityMax",
          "valueInteger" : 1
        }],
        "url" : "http://hl7.org/fhir/uv/v2mappings/StructureDefinition/TypeInfo"
      }],
      "code" : "PRT-23",
      "display" : "Preferred Method of Contact",
      "target" : [{
        "extension" : [{
          "extension" : [{
            "url" : "type",
            "valueCode" : "uri"
          },
          {
            "url" : "cardinalityMin",
            "valueInteger" : 0
          },
          {
            "url" : "cardinalityMax",
            "valueInteger" : 1
          },
          {
            "url" : "assignment",
            "valueString" : "\"http://hl7.org/fhir/StructureDefinition/iso21090-preferred\""
          }],
          "url" : "http://hl7.org/fhir/uv/v2mappings/StructureDefinition/TypeInfo"
        }],
        "code" : "telecom[5].extension[1].url",
        "display" : "telecom[5].extension[1].url",
        "equivalence" : "equivalent",
        "dependsOn" : [{
          "property" : "Computable-ANTLR",
          "value" : "IF PRT-23 IS \"H\""
        }]
      }]
    },
    {
      "extension" : [{
        "extension" : [{
          "url" : "type",
          "valueCode" : "CWE"
        },
        {
          "url" : "cardinalityMin",
          "valueInteger" : 1
        },
        {
          "url" : "cardinalityMax",
          "valueInteger" : 1
        }],
        "url" : "http://hl7.org/fhir/uv/v2mappings/StructureDefinition/TypeInfo"
      }],
      "code" : "PRT-23",
      "display" : "Preferred Method of Contact",
      "target" : [{
        "extension" : [{
          "extension" : [{
            "url" : "type",
            "valueCode" : "boolean"
          },
          {
            "url" : "cardinalityMin",
            "valueInteger" : 0
          },
          {
            "url" : "cardinalityMax",
            "valueInteger" : 1
          },
          {
            "url" : "assignment",
            "valueString" : "\"true\""
          }],
          "url" : "http://hl7.org/fhir/uv/v2mappings/StructureDefinition/TypeInfo"
        }],
        "code" : "telecom[5].extension[1].valueBoolean",
        "display" : "telecom[5].extension[1].valueBoolean",
        "equivalence" : "equivalent",
        "dependsOn" : [{
          "property" : "Computable-ANTLR",
          "value" : "IF PRT-23 IS \"H\""
        }]
      }]
    },
    {
      "extension" : [{
        "extension" : [{
          "url" : "type",
          "valueCode" : "CWE"
        },
        {
          "url" : "cardinalityMin",
          "valueInteger" : 1
        },
        {
          "url" : "cardinalityMax",
          "valueInteger" : 1
        }],
        "url" : "http://hl7.org/fhir/uv/v2mappings/StructureDefinition/TypeInfo"
      }],
      "code" : "PRT-23",
      "display" : "Preferred Method of Contact",
      "target" : [{
        "extension" : [{
          "extension" : [{
            "url" : "type",
            "valueCode" : "uri"
          },
          {
            "url" : "cardinalityMin",
            "valueInteger" : 0
          },
          {
            "url" : "cardinalityMax",
            "valueInteger" : 1
          },
          {
            "url" : "assignment",
            "valueString" : "\"http://hl7.org/fhir/StructureDefinition/iso21090-preferred\""
          }],
          "url" : "http://hl7.org/fhir/uv/v2mappings/StructureDefinition/TypeInfo"
        }],
        "code" : "telecom[6].extension[1].url",
        "display" : "telecom[6].extension[1].url",
        "equivalence" : "equivalent",
        "dependsOn" : [{
          "property" : "Computable-ANTLR",
          "value" : "IF PRT-23 IS \"O\""
        }]
      }]
    },
    {
      "extension" : [{
        "extension" : [{
          "url" : "type",
          "valueCode" : "CWE"
        },
        {
          "url" : "cardinalityMin",
          "valueInteger" : 1
        },
        {
          "url" : "cardinalityMax",
          "valueInteger" : 1
        }],
        "url" : "http://hl7.org/fhir/uv/v2mappings/StructureDefinition/TypeInfo"
      }],
      "code" : "PRT-23",
      "display" : "Preferred Method of Contact",
      "target" : [{
        "extension" : [{
          "extension" : [{
            "url" : "type",
            "valueCode" : "boolean"
          },
          {
            "url" : "cardinalityMin",
            "valueInteger" : 0
          },
          {
            "url" : "cardinalityMax",
            "valueInteger" : 1
          },
          {
            "url" : "assignment",
            "valueString" : "\"true\""
          }],
          "url" : "http://hl7.org/fhir/uv/v2mappings/StructureDefinition/TypeInfo"
        }],
        "code" : "telecom[6].extension[1].valueBoolean",
        "display" : "telecom[6].extension[1].valueBoolean",
        "equivalence" : "equivalent",
        "dependsOn" : [{
          "property" : "Computable-ANTLR",
          "value" : "IF PRT-23 IS \"O\""
        }]
      }]
    },
    {
      "extension" : [{
        "extension" : [{
          "url" : "type",
          "valueCode" : "PLN"
        },
        {
          "url" : "cardinalityMin",
          "valueInteger" : -1
        },
        {
          "url" : "cardinalityMax",
          "valueInteger" : -1
        }],
        "url" : "http://hl7.org/fhir/uv/v2mappings/StructureDefinition/TypeInfo"
      }],
      "code" : "PRT-24",
      "display" : "Contact Identifiers",
      "target" : [{
        "extension" : [{
          "extension" : [{
            "url" : "type",
            "valueCode" : "Identifier"
          }],
          "url" : "http://hl7.org/fhir/uv/v2mappings/StructureDefinition/TypeInfo"
        }],
        "code" : "identifier[2]",
        "display" : "identifier[2]",
        "equivalence" : "equivalent"
      }]
    }]
  }]
}