<?xml version="1.0" encoding="UTF-8"?>

<ConceptMap xmlns="http://hl7.org/fhir">
  <id value="table-hl70528-to-v3-timingevent"/>
  <text>
    <status value="generated"/><div xmlns="http://www.w3.org/1999/xhtml"><p class="res-header-id"><b>Generated Narrative: ConceptMap table-hl70528-to-v3-timingevent</b></p><a name="table-hl70528-to-v3-timingevent"> </a><a name="hctable-hl70528-to-v3-timingevent"> </a><p>Mapping from <a href="http://terminology.hl7.org/6.5.0/ValueSet-v2-0528.html">hl7VS-eventRelatedPeriod</a> to (not specified)</p><br/><p><b>Group 1 </b>Mapping from <a href="http://terminology.hl7.org/6.5.0/CodeSystem-v2-0528.html">eventRelatedPeriod</a> to <a href="http://terminology.hl7.org/6.5.0/CodeSystem-v3-TimingEvent.html">TimingEvent</a></p><table class="grid"><tr><td><b>Source Code</b></td><td><b>Relationship</b></td><td><b>Target Code</b></td></tr><tr><td>HS (the hour of sleep (e.g., H18-22))</td><td><a href="http://hl7.org/fhir/R5/codesystem-concept-map-relationship.html#equivalent" title="equivalent">is equivalent to</a></td><td>HS</td></tr><tr><td>AC (before meal (from lat. ante cibus))</td><td><a href="http://hl7.org/fhir/R5/codesystem-concept-map-relationship.html#equivalent" title="equivalent">is equivalent to</a></td><td>AC</td></tr><tr><td>PC (after meal (from lat. post cibus))</td><td><a href="http://hl7.org/fhir/R5/codesystem-concept-map-relationship.html#equivalent" title="equivalent">is equivalent to</a></td><td>PC</td></tr><tr><td>ACM (before breakfast (from lat. ante cibus matutinus))</td><td><a href="http://hl7.org/fhir/R5/codesystem-concept-map-relationship.html#equivalent" title="equivalent">is equivalent to</a></td><td>ACM</td></tr><tr><td>ACD (before lunch (from lat. ante cibus diurnus))</td><td><a href="http://hl7.org/fhir/R5/codesystem-concept-map-relationship.html#equivalent" title="equivalent">is equivalent to</a></td><td>ACD</td></tr><tr><td>ACV (before dinner (from lat. ante cibus vespertinus))</td><td><a href="http://hl7.org/fhir/R5/codesystem-concept-map-relationship.html#equivalent" title="equivalent">is equivalent to</a></td><td>ACV</td></tr><tr><td>PCM (after breakfast (from lat. post cibus matutinus))</td><td><a href="http://hl7.org/fhir/R5/codesystem-concept-map-relationship.html#equivalent" title="equivalent">is equivalent to</a></td><td>PCM</td></tr><tr><td>PCD (after lunch (from lat. post cibus diurnus))</td><td><a href="http://hl7.org/fhir/R5/codesystem-concept-map-relationship.html#equivalent" title="equivalent">is equivalent to</a></td><td>PCD</td></tr><tr><td>PCV (after dinner (from lat. post cibus vespertinus))</td><td><a href="http://hl7.org/fhir/R5/codesystem-concept-map-relationship.html#equivalent" title="equivalent">is equivalent to</a></td><td>PCV</td></tr></table><hr/><p><b>Group 2 </b>Mapping from <a href="http://terminology.hl7.org/6.5.0/CodeSystem-v2-0528.html">eventRelatedPeriod</a> to <a href="http://terminology.hl7.org/6.5.0/CodeSystem-v2-0528.html">eventRelatedPeriod</a></p><table class="grid"><tr><td><b>Source Code</b></td><td><b>Relationship</b></td><td><b>Target Code</b></td></tr><tr><td>IC (between meals (from lat. inter cibus))</td><td><a href="http://hl7.org/fhir/R5/codesystem-concept-map-relationship.html#equivalent" title="equivalent">is equivalent to</a></td><td>IC (between meals (from lat. inter cibus))</td></tr><tr><td>ICM (between breakfast and lunch)</td><td><a href="http://hl7.org/fhir/R5/codesystem-concept-map-relationship.html#equivalent" title="equivalent">is equivalent to</a></td><td>ICM (between breakfast and lunch)</td></tr><tr><td>ICD (between lunch and dinner)</td><td><a href="http://hl7.org/fhir/R5/codesystem-concept-map-relationship.html#equivalent" title="equivalent">is equivalent to</a></td><td>ICD (between lunch and dinner)</td></tr><tr><td>ICV (between dinner and the hour of sleep)</td><td><a href="http://hl7.org/fhir/R5/codesystem-concept-map-relationship.html#equivalent" title="equivalent">is equivalent to</a></td><td>ICV (between dinner and the hour of sleep)</td></tr></table></div>
  </text>
  <extension url="http://hl7.org/fhir/uv/v2mappings/StructureDefinition/RelatedArtifact">
    <extension url="type">
      <valueCode value="derived-from"/>
    </extension>
    <extension url="label">
      <valueString value="Table HL70528 to V3 TimingEvent.fsh"/>
    </extension>
    <extension url="url">
      <valueUri value="https://docs.google.com/spreadsheets/d/17o6vrrfJcGXA4EBuYcVhZs98dAJe5VS_TZ0LJYmVoTU/edit#gid=0"/>
    </extension>
  </extension>
  <extension url="http://hl7.org/fhir/StructureDefinition/structuredefinition-wg">
    <valueCode value="oo"/>
  </extension>
  <extension url="http://hl7.org/fhir/StructureDefinition/structuredefinition-standards-status">
    <valueCode value="informative">
      <extension url="http://hl7.org/fhir/StructureDefinition/structuredefinition-conformance-derivedFrom">
        <valueCanonical value="http://hl7.org/fhir/uv/v2mappings/ImplementationGuide/hl7.fhir.uv.v2mappings"/>
      </extension>
    </valueCode>
  </extension>
  <url value="http://hl7.org/fhir/uv/v2mappings/ConceptMap/table-hl70528-to-v3-timingevent"/>
  <version value="1.0.0"/>
  <name value="TableHL70528ToV3TimingEvent"/>
  <title value="Table HL70528 to V3 TimingEvent Map"/>
  <status value="active"/>
  <experimental value="true"/>
  <date value="2025-08-23"/>
  <publisher value="HL7 International / Orders and Observations"/>
  <contact>
    <name value="HL7 Orders and Observations Workgroup"/>
    <telecom>
      <system value="url"/>
      <value value="http://www.hl7.org/Special/committees/orders"/>
    </telecom>
  </contact>
  <description value="This ConceptMap represents a mapping from the HL7 V2 Table HL70528 to the FHIR V3 TimingEvent Value Set."/>
  <jurisdiction>
    <coding>
      <system value="http://unstats.un.org/unsd/methods/m49/m49.htm"/>
      <code value="001"/>
    </coding>
  </jurisdiction>
  <copyright value="Copyright (c) 2025, HL7 International, Inc., All Rights Reserved."/>
  <sourceUri value="http://terminology.hl7.org/ValueSet/v2-0528"/>
  <group>
    <source value="http://terminology.hl7.org/CodeSystem/v2-0528"/>
    <target value="http://terminology.hl7.org/CodeSystem/v3-TimingEvent"/>
    <element>
      <code value="HS"/>
      <display value="the hour of sleep (e.g., H18-22)"/>
      <target>
        <code value="HS"/>
        <display value="HS"/>
        <equivalence value="equivalent"/>
      </target>
    </element>
    <element>
      <code value="AC"/>
      <display value="before meal (from lat. ante cibus)"/>
      <target>
        <code value="AC"/>
        <display value="AC"/>
        <equivalence value="equivalent"/>
      </target>
    </element>
    <element>
      <code value="PC"/>
      <display value="after meal (from lat. post cibus)"/>
      <target>
        <code value="PC"/>
        <display value="PC"/>
        <equivalence value="equivalent"/>
      </target>
    </element>
    <element>
      <code value="ACM"/>
      <display value="before breakfast (from lat. ante cibus matutinus)"/>
      <target>
        <code value="ACM"/>
        <display value="ACM"/>
        <equivalence value="equivalent"/>
      </target>
    </element>
    <element>
      <code value="ACD"/>
      <display value="before lunch (from lat. ante cibus diurnus)"/>
      <target>
        <code value="ACD"/>
        <display value="ACD"/>
        <equivalence value="equivalent"/>
      </target>
    </element>
    <element>
      <code value="ACV"/>
      <display value="before dinner (from lat. ante cibus vespertinus)"/>
      <target>
        <code value="ACV"/>
        <display value="ACV"/>
        <equivalence value="equivalent"/>
      </target>
    </element>
    <element>
      <code value="PCM"/>
      <display value="after breakfast (from lat. post cibus matutinus)"/>
      <target>
        <code value="PCM"/>
        <display value="PCM"/>
        <equivalence value="equivalent"/>
      </target>
    </element>
    <element>
      <code value="PCD"/>
      <display value="after lunch (from lat. post cibus diurnus)"/>
      <target>
        <code value="PCD"/>
        <display value="PCD"/>
        <equivalence value="equivalent"/>
      </target>
    </element>
    <element>
      <code value="PCV"/>
      <display value="after dinner (from lat. post cibus vespertinus)"/>
      <target>
        <code value="PCV"/>
        <display value="PCV"/>
        <equivalence value="equivalent"/>
      </target>
    </element>
  </group>
  <group>
    <source value="http://terminology.hl7.org/CodeSystem/v2-0528"/>
    <target value="http://terminology.hl7.org/CodeSystem/v2-0528"/>
    <element>
      <code value="IC"/>
      <display value="between meals (from lat. inter cibus)"/>
      <target>
        <code value="IC"/>
        <display value="between meals (from lat. inter cibus)"/>
        <equivalence value="equivalent"/>
      </target>
    </element>
    <element>
      <code value="ICM"/>
      <display value="between breakfast and lunch"/>
      <target>
        <code value="ICM"/>
        <display value="between breakfast and lunch"/>
        <equivalence value="equivalent"/>
      </target>
    </element>
    <element>
      <code value="ICD"/>
      <display value="between lunch and dinner"/>
      <target>
        <code value="ICD"/>
        <display value="between lunch and dinner"/>
        <equivalence value="equivalent"/>
      </target>
    </element>
    <element>
      <code value="ICV"/>
      <display value="between dinner and the hour of sleep"/>
      <target>
        <code value="ICV"/>
        <display value="between dinner and the hour of sleep"/>
        <equivalence value="equivalent"/>
      </target>
    </element>
  </group>
</ConceptMap>