<?xml version="1.0" encoding="UTF-8"?>

<ConceptMap xmlns="http://hl7.org/fhir">
  <id value="datatype-hd-to-device"/>
  <text>
    <status value="generated"/><div xmlns="http://www.w3.org/1999/xhtml"><p class="res-header-id"><b>Generated Narrative: ConceptMap datatype-hd-to-device</b></p><a name="datatype-hd-to-device"> </a><a name="hcdatatype-hd-to-device"> </a><p>Mapping from (not specified) to (not specified)</p><br/><p><b>Group 1 </b>Mapping from <code>unspecified code system</code> to <code>unspecified code system</code></p><table class="grid"><tr><td colspan="3"><b>Source Concept Details</b></td><td><b>Relationship</b></td><td colspan="2"><b>Target Concept Details</b></td><td><b>Comment</b></td></tr><tr><td colspan="2"><b>Codes</b> from </td><td><b>ComputableANTLR</b></td><td/><td colspan="2"><b>Codes</b> from </td><td/></tr><tr><td style="border-right-width: 0px">HD.1</td><td style="border-left-width: 0px">Namespace ID</td><td/><td><a href="http://hl7.org/fhir/R5/codesystem-concept-map-relationship.html#equivalent" title="equivalent">is equivalent to</a></td><td style="border-right-width: 0px">identifier[1].value</td><td style="border-left-width: 0px">identifier[1].value</td><td>Need gForge (#20522) to change MessageHeader.destination.endpoint from 1..1 to 0..1.  Must be a reachable address.</td></tr><tr><td style="border-right-width: 0px">HD.2</td><td style="border-left-width: 0px">Universal ID</td><td/><td><a href="http://hl7.org/fhir/R5/codesystem-concept-map-relationship.html#equivalent" title="equivalent">is equivalent to</a></td><td style="border-right-width: 0px">identifier[2].value</td><td style="border-left-width: 0px">identifier[2].value</td><td/></tr><tr><td style="border-right-width: 0px">HD.3</td><td style="border-left-width: 0px">Universal ID Type</td><td/><td><a href="http://hl7.org/fhir/R5/codesystem-concept-map-relationship.html#equivalent" title="equivalent">is equivalent to</a></td><td style="border-right-width: 0px">identifier[2].type</td><td style="border-left-width: 0px">identifier[2].type</td><td>Request that DNS, ISO, and UUID (and other Table 0301 values) are added to: http://hl7.org/fhir/valueset-identifier-type.html</td></tr><tr><td style="border-right-width: 0px">HD.3</td><td style="border-left-width: 0px">Universal ID Type</td><td>IF HD.3 IN (&quot;ISO&quot;, &quot;UUID&quot;)</td><td><a href="http://hl7.org/fhir/R5/codesystem-concept-map-relationship.html#equivalent" title="equivalent">is equivalent to</a></td><td style="border-right-width: 0px">identifier[2].system</td><td style="border-left-width: 0px">identifier[2].system</td><td/></tr></table></div>
  </text>
  <extension url="http://hl7.org/fhir/uv/v2mappings/StructureDefinition/RelatedArtifact">
    <extension url="type">
      <valueCode value="derived-from"/>
    </extension>
    <extension url="label">
      <valueString value="Datatype HD to Device.fsh"/>
    </extension>
    <extension url="url">
      <valueUri value="https://docs.google.com/spreadsheets/d/17DkmOwfcOoVQObJa39jY65XiEbXR7ozzvlgw6S_S0a4/edit?gid=0#gid=0"/>
    </extension>
  </extension>
  <extension url="http://hl7.org/fhir/StructureDefinition/structuredefinition-wg">
    <valueCode value="oo"/>
  </extension>
  <extension url="http://hl7.org/fhir/StructureDefinition/structuredefinition-standards-status">
    <valueCode value="informative">
      <extension url="http://hl7.org/fhir/StructureDefinition/structuredefinition-conformance-derivedFrom">
        <valueCanonical value="http://hl7.org/fhir/uv/v2mappings/ImplementationGuide/hl7.fhir.uv.v2mappings"/>
      </extension>
    </valueCode>
  </extension>
  <url value="http://hl7.org/fhir/uv/v2mappings/ConceptMap/datatype-hd-to-device"/>
  <version value="1.0.0"/>
  <name value="DatatypeHDToDevice"/>
  <title value="Datatype HD to Device Map"/>
  <status value="active"/>
  <experimental value="true"/>
  <date value="2025-08-23"/>
  <publisher value="HL7 International / Orders and Observations"/>
  <contact>
    <name value="HL7 Orders and Observations Workgroup"/>
    <telecom>
      <system value="url"/>
      <value value="http://www.hl7.org/Special/committees/orders"/>
    </telecom>
  </contact>
  <description value="This ConceptMap represents a mapping from the HL7 V2 Datatype HD to the FHIR Device Resource."/>
  <jurisdiction>
    <coding>
      <system value="http://unstats.un.org/unsd/methods/m49/m49.htm"/>
      <code value="001"/>
    </coding>
  </jurisdiction>
  <copyright value="Copyright (c) 2025, HL7 International, Inc., All Rights Reserved."/>
  <group>
    <element>
      <extension url="http://hl7.org/fhir/uv/v2mappings/StructureDefinition/TypeInfo">
        <extension url="type">
          <valueCode value="IS"/>
        </extension>
        <extension url="cardinalityMin">
          <valueInteger value="0"/>
        </extension>
        <extension url="cardinalityMax">
          <valueInteger value="1"/>
        </extension>
      </extension>
      <code value="HD.1"/>
      <display value="Namespace ID"/>
      <target>
        <extension url="http://hl7.org/fhir/uv/v2mappings/StructureDefinition/TypeInfo">
          <extension url="type">
            <valueCode value="string"/>
          </extension>
        </extension>
        <code value="identifier[1].value"/>
        <display value="identifier[1].value"/>
        <equivalence value="equivalent"/>
        <comment value="Need gForge (#20522) to change MessageHeader.destination.endpoint from 1..1 to 0..1.  Must be a reachable address."/>
      </target>
    </element>
    <element>
      <extension url="http://hl7.org/fhir/uv/v2mappings/StructureDefinition/TypeInfo">
        <extension url="type">
          <valueCode value="ST"/>
        </extension>
        <extension url="cardinalityMin">
          <valueInteger value="0"/>
        </extension>
        <extension url="cardinalityMax">
          <valueInteger value="1"/>
        </extension>
      </extension>
      <code value="HD.2"/>
      <display value="Universal ID"/>
      <target>
        <extension url="http://hl7.org/fhir/uv/v2mappings/StructureDefinition/TypeInfo">
          <extension url="type">
            <valueCode value="string"/>
          </extension>
        </extension>
        <code value="identifier[2].value"/>
        <display value="identifier[2].value"/>
        <equivalence value="equivalent"/>
      </target>
    </element>
    <element>
      <extension url="http://hl7.org/fhir/uv/v2mappings/StructureDefinition/TypeInfo">
        <extension url="type">
          <valueCode value="ID"/>
        </extension>
        <extension url="cardinalityMin">
          <valueInteger value="0"/>
        </extension>
        <extension url="cardinalityMax">
          <valueInteger value="1"/>
        </extension>
      </extension>
      <code value="HD.3"/>
      <display value="Universal ID Type"/>
      <target>
        <extension url="http://hl7.org/fhir/uv/v2mappings/StructureDefinition/TypeInfo">
          <extension url="type">
            <valueCode value="CodeableConcept"/>
          </extension>
          <extension url="mappedVia">
            <valueUrl value="ConceptMap/table-hl70301-to-v2-0301"/>
          </extension>
        </extension>
        <code value="identifier[2].type"/>
        <display value="identifier[2].type"/>
        <equivalence value="equivalent"/>
        <comment value="Request that DNS, ISO, and UUID (and other Table 0301 values) are added to: http://hl7.org/fhir/valueset-identifier-type.html"/>
      </target>
    </element>
    <element>
      <extension url="http://hl7.org/fhir/uv/v2mappings/StructureDefinition/TypeInfo">
        <extension url="type">
          <valueCode value="ID"/>
        </extension>
        <extension url="cardinalityMin">
          <valueInteger value="0"/>
        </extension>
        <extension url="cardinalityMax">
          <valueInteger value="1"/>
        </extension>
      </extension>
      <code value="HD.3"/>
      <display value="Universal ID Type"/>
      <target>
        <extension url="http://hl7.org/fhir/uv/v2mappings/StructureDefinition/TypeInfo">
          <extension url="type">
            <valueCode value="uri"/>
          </extension>
          <extension url="assignment">
            <valueString value="&quot;urn:ietf:rfc:3986&quot;"/>
          </extension>
        </extension>
        <code value="identifier[2].system"/>
        <display value="identifier[2].system"/>
        <equivalence value="equivalent"/>
        <dependsOn>
          <property value="Computable-ANTLR"/>
          <value value="IF HD.3 IN (&quot;ISO&quot;, &quot;UUID&quot;)"/>
        </dependsOn>
      </target>
    </element>
  </group>
</ConceptMap>