{
  "resourceType" : "ConceptMap",
  "id" : "table-hl70364-to-v2-0364",
  "text" : {
    "status" : "generated",
    "div" : "<div xmlns=\"http://www.w3.org/1999/xhtml\"><p class=\"res-header-id\"><b>Generated Narrative: ConceptMap table-hl70364-to-v2-0364</b></p><a name=\"table-hl70364-to-v2-0364\"> </a><a name=\"hctable-hl70364-to-v2-0364\"> </a><p>Mapping from <a href=\"http://terminology.hl7.org/6.5.0/ValueSet-v2-0364.html\">hl7VS-commentType</a> to <a href=\"http://terminology.hl7.org/6.5.0/ValueSet-v2-0364.html\">hl7VS-commentType</a></p><br/><p><b>Group 1 </b>Mapping from <a href=\"http://terminology.hl7.org/6.5.0/CodeSystem-v2-0364.html\">commentType</a> to <a href=\"http://terminology.hl7.org/6.5.0/CodeSystem-v2-0364.html\">commentType</a></p><table class=\"grid\"><tr><td><b>Source Code</b></td><td><b>Relationship</b></td><td><b>Target Code</b></td></tr><tr><td>PI (Patient Instructions)</td><td><a href=\"http://hl7.org/fhir/R5/codesystem-concept-map-relationship.html#equivalent\" title=\"equivalent\">is equivalent to</a></td><td>PI (Patient Instructions)</td></tr><tr><td>AI (Ancillary Instructions)</td><td><a href=\"http://hl7.org/fhir/R5/codesystem-concept-map-relationship.html#equivalent\" title=\"equivalent\">is equivalent to</a></td><td>AI (Ancillary Instructions)</td></tr><tr><td>GI (General Instructions)</td><td><a href=\"http://hl7.org/fhir/R5/codesystem-concept-map-relationship.html#equivalent\" title=\"equivalent\">is equivalent to</a></td><td>GI (General Instructions)</td></tr><tr><td>1R (Primary Reason)</td><td><a href=\"http://hl7.org/fhir/R5/codesystem-concept-map-relationship.html#equivalent\" title=\"equivalent\">is equivalent to</a></td><td>1R (Primary Reason)</td></tr><tr><td>2R (Secondary Reason)</td><td><a href=\"http://hl7.org/fhir/R5/codesystem-concept-map-relationship.html#equivalent\" title=\"equivalent\">is equivalent to</a></td><td>2R (Secondary Reason)</td></tr><tr><td>GR (General Reason)</td><td><a href=\"http://hl7.org/fhir/R5/codesystem-concept-map-relationship.html#equivalent\" title=\"equivalent\">is equivalent to</a></td><td>GR (General Reason)</td></tr><tr><td>RE (Remark)</td><td><a href=\"http://hl7.org/fhir/R5/codesystem-concept-map-relationship.html#equivalent\" title=\"equivalent\">is equivalent to</a></td><td>RE (Remark)</td></tr><tr><td>DR (Duplicate/Interaction Reason)</td><td><a href=\"http://hl7.org/fhir/R5/codesystem-concept-map-relationship.html#equivalent\" title=\"equivalent\">is equivalent to</a></td><td>DR (Duplicate/Interaction Reason)</td></tr></table></div>"
  },
  "extension" : [{
    "extension" : [{
      "url" : "type",
      "valueCode" : "derived-from"
    },
    {
      "url" : "label",
      "valueString" : "Table HL70364 to V2 0364.fsh"
    },
    {
      "url" : "url",
      "valueUri" : "https://docs.google.com/spreadsheets/d/1kpfJ4WKuc_Gc6sSIUgnTMTpjiAvDRrtP_V4_ylfHxDQ/edit#gid=0"
    }],
    "url" : "http://hl7.org/fhir/uv/v2mappings/StructureDefinition/RelatedArtifact"
  },
  {
    "url" : "http://hl7.org/fhir/StructureDefinition/structuredefinition-wg",
    "valueCode" : "oo"
  },
  {
    "url" : "http://hl7.org/fhir/StructureDefinition/structuredefinition-standards-status",
    "valueCode" : "informative",
    "_valueCode" : {
      "extension" : [{
        "url" : "http://hl7.org/fhir/StructureDefinition/structuredefinition-conformance-derivedFrom",
        "valueCanonical" : "http://hl7.org/fhir/uv/v2mappings/ImplementationGuide/hl7.fhir.uv.v2mappings"
      }]
    }
  }],
  "url" : "http://hl7.org/fhir/uv/v2mappings/ConceptMap/table-hl70364-to-v2-0364",
  "version" : "1.0.0",
  "name" : "TableHL70364ToV20364",
  "title" : "Table HL70364 to V2 0364 Map",
  "status" : "active",
  "experimental" : true,
  "date" : "2025-08-23",
  "publisher" : "HL7 International / Orders and Observations",
  "contact" : [{
    "name" : "HL7 Orders and Observations Workgroup",
    "telecom" : [{
      "system" : "url",
      "value" : "http://www.hl7.org/Special/committees/orders"
    }]
  }],
  "description" : "This ConceptMap represents a mapping from the HL7 V2 Table HL70364 to the FHIR V2 0364 Value Set.",
  "jurisdiction" : [{
    "coding" : [{
      "system" : "http://unstats.un.org/unsd/methods/m49/m49.htm",
      "code" : "001"
    }]
  }],
  "copyright" : "Copyright (c) 2025, HL7 International, Inc., All Rights Reserved.",
  "sourceUri" : "http://terminology.hl7.org/ValueSet/v2-0364",
  "targetUri" : "http://terminology.hl7.org/ValueSet/v2-0364",
  "group" : [{
    "source" : "http://terminology.hl7.org/CodeSystem/v2-0364",
    "target" : "http://terminology.hl7.org/CodeSystem/v2-0364",
    "element" : [{
      "code" : "PI",
      "display" : "Patient Instructions",
      "target" : [{
        "code" : "PI",
        "display" : "Patient Instructions",
        "equivalence" : "equivalent"
      }]
    },
    {
      "code" : "AI",
      "display" : "Ancillary Instructions",
      "target" : [{
        "code" : "AI",
        "display" : "Ancillary Instructions",
        "equivalence" : "equivalent"
      }]
    },
    {
      "code" : "GI",
      "display" : "General Instructions",
      "target" : [{
        "code" : "GI",
        "display" : "General Instructions",
        "equivalence" : "equivalent"
      }]
    },
    {
      "code" : "1R",
      "display" : "Primary Reason",
      "target" : [{
        "code" : "1R",
        "display" : "Primary Reason",
        "equivalence" : "equivalent"
      }]
    },
    {
      "code" : "2R",
      "display" : "Secondary Reason",
      "target" : [{
        "code" : "2R",
        "display" : "Secondary Reason",
        "equivalence" : "equivalent"
      }]
    },
    {
      "code" : "GR",
      "display" : "General Reason",
      "target" : [{
        "code" : "GR",
        "display" : "General Reason",
        "equivalence" : "equivalent"
      }]
    },
    {
      "code" : "RE",
      "display" : "Remark",
      "target" : [{
        "code" : "RE",
        "display" : "Remark",
        "equivalence" : "equivalent"
      }]
    },
    {
      "code" : "DR",
      "display" : "Duplicate/Interaction Reason",
      "target" : [{
        "code" : "DR",
        "display" : "Duplicate/Interaction Reason",
        "equivalence" : "equivalent"
      }]
    }]
  }]
}