<?xml version="1.0" encoding="UTF-8"?>

<ConceptMap xmlns="http://hl7.org/fhir">
  <id value="table-hl70190-to-address-type"/>
  <text>
    <status value="generated"/><div xmlns="http://www.w3.org/1999/xhtml"><p class="res-header-id"><b>Generated Narrative: ConceptMap table-hl70190-to-address-type</b></p><a name="table-hl70190-to-address-type"> </a><a name="hctable-hl70190-to-address-type"> </a><p>Mapping from <a href="http://terminology.hl7.org/6.5.0/ValueSet-v2-0190.html">hl7VS-addressType</a> to (not specified)</p><br/><p><b>Group 1 </b>Mapping from <a href="http://terminology.hl7.org/6.5.0/CodeSystem-v2-0190.html">addressType</a> to <a href="http://hl7.org/fhir/R4/codesystem-address-type.html">AddressType</a></p><table class="grid"><tr><td><b>Source Code</b></td><td><b>Relationship</b></td><td><b>Target Code</b></td></tr><tr><td>M (Mailing)</td><td><a href="http://hl7.org/fhir/R5/codesystem-concept-map-relationship.html#equivalent" title="equivalent">is equivalent to</a></td><td>postal</td></tr><tr><td>SH (Shipping Address)</td><td><a href="http://hl7.org/fhir/R5/codesystem-concept-map-relationship.html#equivalent" title="equivalent">is equivalent to</a></td><td>postal</td></tr></table><hr/><p><b>Group 2 </b>Mapping from <a href="http://terminology.hl7.org/6.5.0/CodeSystem-v2-0190.html">addressType</a> to <code>unspecified code system</code></p><table class="grid"><tr><td><b>Source Code</b></td><td><b>Relationship</b></td><td><b>Target Code</b></td></tr><tr><td>BA (Bad address)</td><td colspan="2" style="background-color: #efefef">(not mapped)</td></tr><tr><td>BI (Billing Address)</td><td colspan="2" style="background-color: #efefef">(not mapped)</td></tr><tr><td>N (Birth (nee) (birth address, not otherwise specified))</td><td colspan="2" style="background-color: #efefef">(not mapped)</td></tr><tr><td>BDL (Birth delivery location (address where birth occurred))</td><td colspan="2" style="background-color: #efefef">(not mapped)</td></tr><tr><td>F (Country Of Origin)</td><td colspan="2" style="background-color: #efefef">(not mapped)</td></tr><tr><td>C (Current Or Temporary)</td><td colspan="2" style="background-color: #efefef">(not mapped)</td></tr><tr><td>B (Firm/Business)</td><td colspan="2" style="background-color: #efefef">(not mapped)</td></tr><tr><td>H (Home)</td><td colspan="2" style="background-color: #efefef">(not mapped)</td></tr><tr><td>L (Legal Address)</td><td colspan="2" style="background-color: #efefef">(not mapped)</td></tr><tr><td>O (Office/Business)</td><td colspan="2" style="background-color: #efefef">(not mapped)</td></tr><tr><td>P (Permanent)</td><td colspan="2" style="background-color: #efefef">(not mapped)</td></tr><tr><td>RH (Registry home. Refers to the information system, typically managed by a public health agency, that stores patient information such as immunization histories or cancer data, regardless of where the patient obtains services.)</td><td colspan="2" style="background-color: #efefef">(not mapped)</td></tr><tr><td>BR (Residence at birth (home address at time of birth))</td><td colspan="2" style="background-color: #efefef">(not mapped)</td></tr><tr><td>S (Service Location)</td><td colspan="2" style="background-color: #efefef">(not mapped)</td></tr><tr><td>TM (Tube Address)</td><td colspan="2" style="background-color: #efefef">(not mapped)</td></tr><tr><td>V (Vacation)</td><td colspan="2" style="background-color: #efefef">(not mapped)</td></tr></table></div>
  </text>
  <extension url="http://hl7.org/fhir/uv/v2mappings/StructureDefinition/RelatedArtifact">
    <extension url="type">
      <valueCode value="derived-from"/>
    </extension>
    <extension url="label">
      <valueString value="Table HL70190 to Address Type.fsh"/>
    </extension>
    <extension url="url">
      <valueUri value="https://docs.google.com/spreadsheets/d/1NwT6PQDhxnzaKcGOdZkioyHlt6WgaZBe_0KM_UJFNxE/edit#gid=0"/>
    </extension>
  </extension>
  <extension url="http://hl7.org/fhir/StructureDefinition/structuredefinition-wg">
    <valueCode value="oo"/>
  </extension>
  <extension url="http://hl7.org/fhir/StructureDefinition/structuredefinition-standards-status">
    <valueCode value="informative">
      <extension url="http://hl7.org/fhir/StructureDefinition/structuredefinition-conformance-derivedFrom">
        <valueCanonical value="http://hl7.org/fhir/uv/v2mappings/ImplementationGuide/hl7.fhir.uv.v2mappings"/>
      </extension>
    </valueCode>
  </extension>
  <url value="http://hl7.org/fhir/uv/v2mappings/ConceptMap/table-hl70190-to-address-type"/>
  <version value="1.0.0"/>
  <name value="TableHL70190ToAddressType"/>
  <title value="Table HL70190 to Address Type Map"/>
  <status value="active"/>
  <experimental value="true"/>
  <date value="2025-08-23"/>
  <publisher value="HL7 International / Orders and Observations"/>
  <contact>
    <name value="HL7 Orders and Observations Workgroup"/>
    <telecom>
      <system value="url"/>
      <value value="http://www.hl7.org/Special/committees/orders"/>
    </telecom>
  </contact>
  <description value="This ConceptMap represents a mapping from the HL7 V2 Table HL70190 to the FHIR Address Type Value Set."/>
  <jurisdiction>
    <coding>
      <system value="http://unstats.un.org/unsd/methods/m49/m49.htm"/>
      <code value="001"/>
    </coding>
  </jurisdiction>
  <copyright value="Copyright (c) 2025, HL7 International, Inc., All Rights Reserved."/>
  <sourceUri value="http://terminology.hl7.org/ValueSet/v2-0190"/>
  <group>
    <source value="http://terminology.hl7.org/CodeSystem/v2-0190"/>
    <target value="http://hl7.org/fhir/address-type"/>
    <element>
      <code value="M"/>
      <display value="Mailing"/>
      <target>
        <code value="postal"/>
        <display value="Postal"/>
        <equivalence value="equivalent"/>
      </target>
    </element>
    <element>
      <code value="SH"/>
      <display value="Shipping Address"/>
      <target>
        <code value="postal"/>
        <display value="Postal"/>
        <equivalence value="equivalent"/>
      </target>
    </element>
  </group>
  <group>
    <source value="http://terminology.hl7.org/CodeSystem/v2-0190"/>
    <element>
      <code value="BA"/>
      <display value="Bad address"/>
      <target>
        <equivalence value="unmatched"/>
      </target>
    </element>
    <element>
      <code value="BI"/>
      <display value="Billing Address"/>
      <target>
        <equivalence value="unmatched"/>
      </target>
    </element>
    <element>
      <code value="N"/>
      <display value="Birth (nee) (birth address, not otherwise specified)"/>
      <target>
        <equivalence value="unmatched"/>
      </target>
    </element>
    <element>
      <code value="BDL"/>
      <display value="Birth delivery location (address where birth occurred)"/>
      <target>
        <equivalence value="unmatched"/>
      </target>
    </element>
    <element>
      <code value="F"/>
      <display value="Country Of Origin"/>
      <target>
        <equivalence value="unmatched"/>
      </target>
    </element>
    <element>
      <code value="C"/>
      <display value="Current Or Temporary"/>
      <target>
        <equivalence value="unmatched"/>
      </target>
    </element>
    <element>
      <code value="B"/>
      <display value="Firm/Business"/>
      <target>
        <equivalence value="unmatched"/>
      </target>
    </element>
    <element>
      <code value="H"/>
      <display value="Home"/>
      <target>
        <equivalence value="unmatched"/>
      </target>
    </element>
    <element>
      <code value="L"/>
      <display value="Legal Address"/>
      <target>
        <equivalence value="unmatched"/>
      </target>
    </element>
    <element>
      <code value="O"/>
      <display value="Office/Business"/>
      <target>
        <equivalence value="unmatched"/>
      </target>
    </element>
    <element>
      <code value="P"/>
      <display value="Permanent"/>
      <target>
        <equivalence value="unmatched"/>
      </target>
    </element>
    <element>
      <code value="RH"/>
      <display value="Registry home. Refers to the information system, typically managed by a public health agency, that stores patient information such as immunization histories or cancer data, regardless of where the patient obtains services."/>
      <target>
        <equivalence value="unmatched"/>
      </target>
    </element>
    <element>
      <code value="BR"/>
      <display value="Residence at birth (home address at time of birth)"/>
      <target>
        <equivalence value="unmatched"/>
      </target>
    </element>
    <element>
      <code value="S"/>
      <display value="Service Location"/>
      <target>
        <equivalence value="unmatched"/>
      </target>
    </element>
    <element>
      <code value="TM"/>
      <display value="Tube Address"/>
      <target>
        <equivalence value="unmatched"/>
      </target>
    </element>
    <element>
      <code value="V"/>
      <display value="Vacation"/>
      <target>
        <equivalence value="unmatched"/>
      </target>
    </element>
  </group>
</ConceptMap>