<?xml version="1.0" encoding="UTF-8"?>

<ConceptMap xmlns="http://hl7.org/fhir">
  <id value="table-hl70201-to-contact-point-use"/>
  <text>
    <status value="generated"/><div xmlns="http://www.w3.org/1999/xhtml"><p class="res-header-id"><b>Generated Narrative: ConceptMap table-hl70201-to-contact-point-use</b></p><a name="table-hl70201-to-contact-point-use"> </a><a name="hctable-hl70201-to-contact-point-use"> </a><p>Mapping from <a href="http://terminology.hl7.org/6.5.0/ValueSet-v2-0201.html">hl7VS-telecommunicationUseCode</a> to (not specified)</p><br/><p><b>Group 1 </b>Mapping from <a href="http://terminology.hl7.org/6.5.0/CodeSystem-v2-0201.html">telecommunicationUse</a> to <a href="http://hl7.org/fhir/R4/codesystem-contact-point-use.html">ContactPointUse</a></p><table class="grid"><tr><td><b>Source Code</b></td><td><b>Relationship</b></td><td><b>Target Code</b></td></tr><tr><td>PRN (Primary Residence Number)</td><td><a href="http://hl7.org/fhir/R5/codesystem-concept-map-relationship.html#equivalent" title="equivalent">is equivalent to</a></td><td>home</td></tr><tr><td>WPN (Work Number)</td><td><a href="http://hl7.org/fhir/R5/codesystem-concept-map-relationship.html#equivalent" title="equivalent">is equivalent to</a></td><td>work</td></tr><tr><td>PRS (Personal)</td><td><a href="http://hl7.org/fhir/R5/codesystem-concept-map-relationship.html#equivalent" title="equivalent">is equivalent to</a></td><td>mobile</td></tr></table><hr/><p><b>Group 2 </b>Mapping from <a href="http://terminology.hl7.org/6.5.0/CodeSystem-v2-0201.html">telecommunicationUse</a> to <code>unspecified code system</code></p><table class="grid"><tr><td><b>Source Code</b></td><td><b>Relationship</b></td><td><b>Target Code</b></td></tr><tr><td>ORN (Other Residence Number)</td><td colspan="2" style="background-color: #efefef">(not mapped)</td></tr><tr><td>VHN (Vacation Home Number)</td><td colspan="2" style="background-color: #efefef">(not mapped)</td></tr><tr><td>ASN (Answering Service Number)</td><td colspan="2" style="background-color: #efefef">(not mapped)</td></tr><tr><td>EMR (Emergency Number)</td><td colspan="2" style="background-color: #efefef">(not mapped)</td></tr><tr><td>NET (Network (email) Address)</td><td colspan="2" style="background-color: #efefef">(not mapped)</td></tr><tr><td>BPN (Beeper Number)</td><td colspan="2" style="background-color: #efefef">(not mapped)</td></tr></table></div>
  </text>
  <extension url="http://hl7.org/fhir/uv/v2mappings/StructureDefinition/RelatedArtifact">
    <extension url="type">
      <valueCode value="derived-from"/>
    </extension>
    <extension url="label">
      <valueString value="Table HL70201 to Contact Point Use.fsh"/>
    </extension>
    <extension url="url">
      <valueUri value="https://docs.google.com/spreadsheets/d/1EE3a5UIGXLi8wMDr49fWTEVx8QS2GFqYgitE3vLOQTQ/edit#gid=0"/>
    </extension>
  </extension>
  <extension url="http://hl7.org/fhir/StructureDefinition/structuredefinition-wg">
    <valueCode value="oo"/>
  </extension>
  <extension url="http://hl7.org/fhir/StructureDefinition/structuredefinition-standards-status">
    <valueCode value="informative">
      <extension url="http://hl7.org/fhir/StructureDefinition/structuredefinition-conformance-derivedFrom">
        <valueCanonical value="http://hl7.org/fhir/uv/v2mappings/ImplementationGuide/hl7.fhir.uv.v2mappings"/>
      </extension>
    </valueCode>
  </extension>
  <url value="http://hl7.org/fhir/uv/v2mappings/ConceptMap/table-hl70201-to-contact-point-use"/>
  <version value="1.0.0"/>
  <name value="TableHL70201ToContactPointUse"/>
  <title value="Table HL70201 to Contact Point Use Map"/>
  <status value="active"/>
  <experimental value="true"/>
  <date value="2025-08-23"/>
  <publisher value="HL7 International / Orders and Observations"/>
  <contact>
    <name value="HL7 Orders and Observations Workgroup"/>
    <telecom>
      <system value="url"/>
      <value value="http://www.hl7.org/Special/committees/orders"/>
    </telecom>
  </contact>
  <description value="This ConceptMap represents a mapping from the HL7 V2 Table HL70201 to the FHIR Contact Point Use Value Set."/>
  <jurisdiction>
    <coding>
      <system value="http://unstats.un.org/unsd/methods/m49/m49.htm"/>
      <code value="001"/>
    </coding>
  </jurisdiction>
  <copyright value="Copyright (c) 2025, HL7 International, Inc., All Rights Reserved."/>
  <sourceUri value="http://terminology.hl7.org/ValueSet/v2-0201"/>
  <group>
    <source value="http://terminology.hl7.org/CodeSystem/v2-0201"/>
    <target value="http://hl7.org/fhir/contact-point-use"/>
    <element>
      <code value="PRN"/>
      <display value="Primary Residence Number"/>
      <target>
        <code value="home"/>
        <display value="Home"/>
        <equivalence value="equivalent"/>
      </target>
    </element>
    <element>
      <code value="WPN"/>
      <display value="Work Number"/>
      <target>
        <code value="work"/>
        <display value="Work"/>
        <equivalence value="equivalent"/>
      </target>
    </element>
    <element>
      <code value="PRS"/>
      <display value="Personal"/>
      <target>
        <code value="mobile"/>
        <display value="Mobile"/>
        <equivalence value="equivalent"/>
      </target>
    </element>
  </group>
  <group>
    <source value="http://terminology.hl7.org/CodeSystem/v2-0201"/>
    <element>
      <code value="ORN"/>
      <display value="Other Residence Number"/>
      <target>
        <equivalence value="unmatched"/>
      </target>
    </element>
    <element>
      <code value="VHN"/>
      <display value="Vacation Home Number"/>
      <target>
        <equivalence value="unmatched"/>
      </target>
    </element>
    <element>
      <code value="ASN"/>
      <display value="Answering Service Number"/>
      <target>
        <equivalence value="unmatched"/>
      </target>
    </element>
    <element>
      <code value="EMR"/>
      <display value="Emergency Number"/>
      <target>
        <equivalence value="unmatched"/>
      </target>
    </element>
    <element>
      <code value="NET"/>
      <display value="Network (email) Address"/>
      <target>
        <equivalence value="unmatched"/>
      </target>
    </element>
    <element>
      <code value="BPN"/>
      <display value="Beeper Number"/>
      <target>
        <equivalence value="unmatched"/>
      </target>
    </element>
  </group>
</ConceptMap>