{
  "resourceType" : "ConceptMap",
  "id" : "table-hl70204-to-v2-0204",
  "text" : {
    "status" : "generated",
    "div" : "<div xmlns=\"http://www.w3.org/1999/xhtml\"><p class=\"res-header-id\"><b>Generated Narrative: ConceptMap table-hl70204-to-v2-0204</b></p><a name=\"table-hl70204-to-v2-0204\"> </a><a name=\"hctable-hl70204-to-v2-0204\"> </a><p>Mapping from <a href=\"http://terminology.hl7.org/6.5.0/ValueSet-v2-0204.html\">hl7VS-organizationalNameType</a> to <a href=\"http://terminology.hl7.org/6.5.0/ValueSet-v2-0204.html\">hl7VS-organizationalNameType</a></p><br/><p><b>Group 1 </b>Mapping from <a href=\"http://terminology.hl7.org/6.5.0/CodeSystem-v2-0204.html\">organizationalNameType</a> to <a href=\"http://terminology.hl7.org/6.5.0/CodeSystem-v2-0204.html\">organizationalNameType</a></p><table class=\"grid\"><tr><td><b>Source Code</b></td><td><b>Relationship</b></td><td><b>Target Code</b></td></tr><tr><td>A (Alias name)</td><td><a href=\"http://hl7.org/fhir/R5/codesystem-concept-map-relationship.html#equivalent\" title=\"equivalent\">is equivalent to</a></td><td>A (Alias name)</td></tr><tr><td>L (Legal name)</td><td><a href=\"http://hl7.org/fhir/R5/codesystem-concept-map-relationship.html#equivalent\" title=\"equivalent\">is equivalent to</a></td><td>L (Legal name)</td></tr><tr><td>D (Display name)</td><td><a href=\"http://hl7.org/fhir/R5/codesystem-concept-map-relationship.html#equivalent\" title=\"equivalent\">is equivalent to</a></td><td>D (Display name)</td></tr><tr><td>SL (Stock exchange listing name)</td><td><a href=\"http://hl7.org/fhir/R5/codesystem-concept-map-relationship.html#equivalent\" title=\"equivalent\">is equivalent to</a></td><td>SL (Stock exchange listing name)</td></tr></table></div>"
  },
  "extension" : [{
    "extension" : [{
      "url" : "type",
      "valueCode" : "derived-from"
    },
    {
      "url" : "label",
      "valueString" : "Table HL70204 to V2 0204.fsh"
    },
    {
      "url" : "url",
      "valueUri" : "https://docs.google.com/spreadsheets/d/16h7s6tlvAS0vjsbTxHUdAhojioKgK7Jmxxu1rFaDHDc/edit#gid=0"
    }],
    "url" : "http://hl7.org/fhir/uv/v2mappings/StructureDefinition/RelatedArtifact"
  },
  {
    "url" : "http://hl7.org/fhir/StructureDefinition/structuredefinition-wg",
    "valueCode" : "oo"
  },
  {
    "url" : "http://hl7.org/fhir/StructureDefinition/structuredefinition-standards-status",
    "valueCode" : "informative",
    "_valueCode" : {
      "extension" : [{
        "url" : "http://hl7.org/fhir/StructureDefinition/structuredefinition-conformance-derivedFrom",
        "valueCanonical" : "http://hl7.org/fhir/uv/v2mappings/ImplementationGuide/hl7.fhir.uv.v2mappings"
      }]
    }
  }],
  "url" : "http://hl7.org/fhir/uv/v2mappings/ConceptMap/table-hl70204-to-v2-0204",
  "version" : "1.0.0",
  "name" : "TableHL70204ToV20204",
  "title" : "Table HL70204 to V2 0204 Map",
  "status" : "active",
  "experimental" : true,
  "date" : "2025-08-23",
  "publisher" : "HL7 International / Orders and Observations",
  "contact" : [{
    "name" : "HL7 Orders and Observations Workgroup",
    "telecom" : [{
      "system" : "url",
      "value" : "http://www.hl7.org/Special/committees/orders"
    }]
  }],
  "description" : "This ConceptMap represents a mapping from the HL7 V2 Table HL70204 to the FHIR V2 0204 Value Set.",
  "jurisdiction" : [{
    "coding" : [{
      "system" : "http://unstats.un.org/unsd/methods/m49/m49.htm",
      "code" : "001"
    }]
  }],
  "copyright" : "Copyright (c) 2025, HL7 International, Inc., All Rights Reserved.",
  "sourceUri" : "http://terminology.hl7.org/ValueSet/v2-0204",
  "targetUri" : "http://terminology.hl7.org/ValueSet/v2-0204",
  "group" : [{
    "source" : "http://terminology.hl7.org/CodeSystem/v2-0204",
    "target" : "http://terminology.hl7.org/CodeSystem/v2-0204",
    "element" : [{
      "code" : "A",
      "display" : "Alias name",
      "target" : [{
        "code" : "A",
        "display" : "Alias name",
        "equivalence" : "equivalent"
      }]
    },
    {
      "code" : "L",
      "display" : "Legal name",
      "target" : [{
        "code" : "L",
        "display" : "Legal name",
        "equivalence" : "equivalent"
      }]
    },
    {
      "code" : "D",
      "display" : "Display name",
      "target" : [{
        "code" : "D",
        "display" : "Display name",
        "equivalence" : "equivalent"
      }]
    },
    {
      "code" : "SL",
      "display" : "Stock exchange listing name",
      "target" : [{
        "code" : "SL",
        "display" : "Stock exchange listing name",
        "equivalence" : "equivalent"
      }]
    }]
  }]
}