{
  "resourceType" : "ConceptMap",
  "id" : "segment-pid-to-account",
  "text" : {
    "status" : "generated",
    "div" : "<div xmlns=\"http://www.w3.org/1999/xhtml\"><p class=\"res-header-id\"><b>Generated Narrative: ConceptMap segment-pid-to-account</b></p><a name=\"segment-pid-to-account\"> </a><a name=\"hcsegment-pid-to-account\"> </a><p>Mapping from (not specified) to (not specified)</p><br/><p><b>Group 1 </b>Mapping from <code>unspecified code system</code> to <code>unspecified code system</code></p><table class=\"grid\"><tr><td><b>Source Code</b></td><td><b>Relationship</b></td><td><b>Target Code</b></td></tr><tr><td>PID</td><td><a href=\"http://hl7.org/fhir/R5/codesystem-concept-map-relationship.html#equivalent\" title=\"equivalent\">is equivalent to</a></td><td>status</td></tr><tr><td>PID-18 (Patient Account Number)</td><td><a href=\"http://hl7.org/fhir/R5/codesystem-concept-map-relationship.html#equivalent\" title=\"equivalent\">is equivalent to</a></td><td>identifier</td></tr></table></div>"
  },
  "extension" : [{
    "extension" : [{
      "url" : "type",
      "valueCode" : "derived-from"
    },
    {
      "url" : "label",
      "valueString" : "Segment PID to Account.fsh"
    },
    {
      "url" : "url",
      "valueUri" : "https://docs.google.com/spreadsheets/d/1i1A5E-IkTnWarRsHoz-ii_0m2tYyhRjCe1TEodq18fA/edit#gid=0"
    }],
    "url" : "http://hl7.org/fhir/uv/v2mappings/StructureDefinition/RelatedArtifact"
  },
  {
    "url" : "http://hl7.org/fhir/StructureDefinition/structuredefinition-wg",
    "valueCode" : "oo"
  },
  {
    "url" : "http://hl7.org/fhir/StructureDefinition/structuredefinition-standards-status",
    "valueCode" : "informative",
    "_valueCode" : {
      "extension" : [{
        "url" : "http://hl7.org/fhir/StructureDefinition/structuredefinition-conformance-derivedFrom",
        "valueCanonical" : "http://hl7.org/fhir/uv/v2mappings/ImplementationGuide/hl7.fhir.uv.v2mappings"
      }]
    }
  }],
  "url" : "http://hl7.org/fhir/uv/v2mappings/ConceptMap/segment-pid-to-account",
  "version" : "1.0.0",
  "name" : "SegmentPIDToAccount",
  "title" : "Segment PID to Account Map",
  "status" : "active",
  "experimental" : true,
  "date" : "2025-08-23",
  "publisher" : "HL7 International / Orders and Observations",
  "contact" : [{
    "name" : "HL7 Orders and Observations Workgroup",
    "telecom" : [{
      "system" : "url",
      "value" : "http://www.hl7.org/Special/committees/orders"
    }]
  }],
  "description" : "This ConceptMap represents a mapping from the HL7 V2 Segment PID to the FHIR Account Resource.",
  "jurisdiction" : [{
    "coding" : [{
      "system" : "http://unstats.un.org/unsd/methods/m49/m49.htm",
      "code" : "001"
    }]
  }],
  "copyright" : "Copyright (c) 2025, HL7 International, Inc., All Rights Reserved.",
  "group" : [{
    "element" : [{
      "code" : "PID",
      "target" : [{
        "extension" : [{
          "extension" : [{
            "url" : "assignment",
            "valueString" : "\"active\""
          }],
          "url" : "http://hl7.org/fhir/uv/v2mappings/StructureDefinition/TypeInfo"
        }],
        "code" : "status",
        "display" : "status",
        "equivalence" : "equivalent"
      }]
    },
    {
      "extension" : [{
        "extension" : [{
          "url" : "type",
          "valueCode" : "CX"
        },
        {
          "url" : "cardinalityMin",
          "valueInteger" : 1
        },
        {
          "url" : "cardinalityMax",
          "valueInteger" : 1
        }],
        "url" : "http://hl7.org/fhir/uv/v2mappings/StructureDefinition/TypeInfo"
      }],
      "code" : "PID-18",
      "display" : "Patient Account Number",
      "target" : [{
        "extension" : [{
          "extension" : [{
            "url" : "type",
            "valueCode" : "Identifier"
          },
          {
            "url" : "cardinalityMin",
            "valueInteger" : 0
          },
          {
            "url" : "cardinalityMax",
            "valueInteger" : -1
          }],
          "url" : "http://hl7.org/fhir/uv/v2mappings/StructureDefinition/TypeInfo"
        }],
        "code" : "identifier",
        "display" : "identifier",
        "equivalence" : "equivalent"
      }]
    }]
  }]
}