{
  "resourceType" : "ConceptMap",
  "id" : "datatype-cwe-to-uri",
  "text" : {
    "status" : "generated",
    "div" : "<div xmlns=\"http://www.w3.org/1999/xhtml\"><p class=\"res-header-id\"><b>Generated Narrative: ConceptMap datatype-cwe-to-uri</b></p><a name=\"datatype-cwe-to-uri\"> </a><a name=\"hcdatatype-cwe-to-uri\"> </a><p>Mapping from (not specified) to (not specified)</p><br/><p><b>Group 1 </b>Mapping from <code>unspecified code system</code> to <code>unspecified code system</code></p><table class=\"grid\"><tr><td colspan=\"3\"><b>Source Concept Details</b></td><td><b>Relationship</b></td><td colspan=\"2\"><b>Target Concept Details</b></td></tr><tr><td colspan=\"2\"><b>Codes</b> from </td><td><b>ComputableANTLR</b></td><td/><td colspan=\"2\"><b>Codes</b> from </td></tr><tr><td style=\"border-right-width: 0px\">CWE.1</td><td style=\"border-left-width: 0px\">Identifier</td><td/><td><a href=\"http://hl7.org/fhir/R5/codesystem-concept-map-relationship.html#equivalent\" title=\"equivalent\">is equivalent to</a></td><td style=\"border-right-width: 0px\">$value</td><td style=\"border-left-width: 0px\">$value</td></tr><tr><td style=\"border-right-width: 0px\">CWE.4</td><td style=\"border-left-width: 0px\">Alternate Identifier</td><td>IF CWE.1 NOT VALUED</td><td><a href=\"http://hl7.org/fhir/R5/codesystem-concept-map-relationship.html#equivalent\" title=\"equivalent\">is equivalent to</a></td><td style=\"border-right-width: 0px\">$value</td><td style=\"border-left-width: 0px\">$value</td></tr></table></div>"
  },
  "extension" : [{
    "extension" : [{
      "url" : "type",
      "valueCode" : "derived-from"
    },
    {
      "url" : "label",
      "valueString" : "Datatype CWE to uri.fsh"
    },
    {
      "url" : "url",
      "valueUri" : "https://docs.google.com/spreadsheets/d/17uu9lTeyxn8IG_OXCQK6sZZmVXLgncFZUkfB7OUZ2_M/edit#gid=0"
    }],
    "url" : "http://hl7.org/fhir/uv/v2mappings/StructureDefinition/RelatedArtifact"
  },
  {
    "url" : "http://hl7.org/fhir/StructureDefinition/structuredefinition-wg",
    "valueCode" : "oo"
  },
  {
    "url" : "http://hl7.org/fhir/StructureDefinition/structuredefinition-standards-status",
    "valueCode" : "informative",
    "_valueCode" : {
      "extension" : [{
        "url" : "http://hl7.org/fhir/StructureDefinition/structuredefinition-conformance-derivedFrom",
        "valueCanonical" : "http://hl7.org/fhir/uv/v2mappings/ImplementationGuide/hl7.fhir.uv.v2mappings"
      }]
    }
  }],
  "url" : "http://hl7.org/fhir/uv/v2mappings/ConceptMap/datatype-cwe-to-uri",
  "version" : "1.0.0",
  "name" : "DatatypeCWEToUri",
  "title" : "Datatype CWE to uri Map",
  "status" : "active",
  "experimental" : true,
  "date" : "2025-08-23",
  "publisher" : "HL7 International / Orders and Observations",
  "contact" : [{
    "name" : "HL7 Orders and Observations Workgroup",
    "telecom" : [{
      "system" : "url",
      "value" : "http://www.hl7.org/Special/committees/orders"
    }]
  }],
  "description" : "This ConceptMap represents a mapping from the HL7 V2 Datatype CWE to the FHIR uri Data Type.",
  "jurisdiction" : [{
    "coding" : [{
      "system" : "http://unstats.un.org/unsd/methods/m49/m49.htm",
      "code" : "001"
    }]
  }],
  "copyright" : "Copyright (c) 2025, HL7 International, Inc., All Rights Reserved.",
  "group" : [{
    "element" : [{
      "extension" : [{
        "extension" : [{
          "url" : "type",
          "valueCode" : "ST"
        },
        {
          "url" : "cardinalityMin",
          "valueInteger" : 0
        },
        {
          "url" : "cardinalityMax",
          "valueInteger" : 1
        }],
        "url" : "http://hl7.org/fhir/uv/v2mappings/StructureDefinition/TypeInfo"
      }],
      "code" : "CWE.1",
      "display" : "Identifier",
      "target" : [{
        "extension" : [{
          "extension" : [{
            "url" : "type",
            "valueCode" : "url"
          },
          {
            "url" : "cardinalityMin",
            "valueInteger" : 1
          },
          {
            "url" : "cardinalityMax",
            "valueInteger" : 1
          }],
          "url" : "http://hl7.org/fhir/uv/v2mappings/StructureDefinition/TypeInfo"
        }],
        "code" : "$value",
        "display" : "$value",
        "equivalence" : "equivalent"
      }]
    },
    {
      "extension" : [{
        "extension" : [{
          "url" : "type",
          "valueCode" : "ST"
        },
        {
          "url" : "cardinalityMin",
          "valueInteger" : 0
        },
        {
          "url" : "cardinalityMax",
          "valueInteger" : 1
        }],
        "url" : "http://hl7.org/fhir/uv/v2mappings/StructureDefinition/TypeInfo"
      }],
      "code" : "CWE.4",
      "display" : "Alternate Identifier",
      "target" : [{
        "extension" : [{
          "extension" : [{
            "url" : "type",
            "valueCode" : "url"
          },
          {
            "url" : "cardinalityMin",
            "valueInteger" : 1
          },
          {
            "url" : "cardinalityMax",
            "valueInteger" : 1
          }],
          "url" : "http://hl7.org/fhir/uv/v2mappings/StructureDefinition/TypeInfo"
        }],
        "code" : "$value",
        "display" : "$value",
        "equivalence" : "equivalent",
        "dependsOn" : [{
          "property" : "Computable-ANTLR",
          "value" : "IF CWE.1 NOT VALUED"
        }]
      }]
    }]
  }]
}