{
  "resourceType" : "ConceptMap",
  "id" : "table-hl70001-to-administrative-gender",
  "text" : {
    "status" : "generated",
    "div" : "<div xmlns=\"http://www.w3.org/1999/xhtml\"><p class=\"res-header-id\"><b>Generated Narrative: ConceptMap table-hl70001-to-administrative-gender</b></p><a name=\"table-hl70001-to-administrative-gender\"> </a><a name=\"hctable-hl70001-to-administrative-gender\"> </a><p>Mapping from <a href=\"http://terminology.hl7.org/6.5.0/ValueSet-v2-0001.html\">hl7VS-administrativeSex</a> to <a href=\"http://hl7.org/fhir/R4/valueset-administrative-gender.html\">AdministrativeGender</a></p><br/><p><b>Group 1 </b>Mapping from <a href=\"http://terminology.hl7.org/6.5.0/CodeSystem-v2-0001.html\">administrativeSex</a> to <a href=\"http://hl7.org/fhir/R4/codesystem-administrative-gender.html\">AdministrativeGender</a></p><table class=\"grid\"><tr><td><b>Source Code</b></td><td><b>Relationship</b></td><td><b>Target Code</b></td></tr><tr><td>F (Female)</td><td><a href=\"http://hl7.org/fhir/R5/codesystem-concept-map-relationship.html#equivalent\" title=\"equivalent\">is equivalent to</a></td><td>female</td></tr><tr><td>M (Male)</td><td><a href=\"http://hl7.org/fhir/R5/codesystem-concept-map-relationship.html#equivalent\" title=\"equivalent\">is equivalent to</a></td><td>male</td></tr><tr><td>O (Other)</td><td><a href=\"http://hl7.org/fhir/R5/codesystem-concept-map-relationship.html#equivalent\" title=\"equivalent\">is equivalent to</a></td><td>other</td></tr><tr><td>U (Unknown)</td><td><a href=\"http://hl7.org/fhir/R5/codesystem-concept-map-relationship.html#equivalent\" title=\"equivalent\">is equivalent to</a></td><td>unknown</td></tr><tr><td>A (Ambiguous)</td><td><a href=\"http://hl7.org/fhir/R5/codesystem-concept-map-relationship.html#equivalent\" title=\"equivalent\">is equivalent to</a></td><td>other</td></tr><tr><td>N (Not applicable)</td><td><a href=\"http://hl7.org/fhir/R5/codesystem-concept-map-relationship.html#equivalent\" title=\"equivalent\">is equivalent to</a></td><td>other</td></tr></table></div>"
  },
  "extension" : [{
    "extension" : [{
      "url" : "type",
      "valueCode" : "derived-from"
    },
    {
      "url" : "label",
      "valueString" : "Table HL70001 to Administrative Gender.fsh"
    },
    {
      "url" : "url",
      "valueUri" : "https://docs.google.com/spreadsheets/d/1VxG2IpKlMJE_aC4hDB-PXKM6q2vC_E950WO2Nbctr5U/edit#gid=0"
    }],
    "url" : "http://hl7.org/fhir/uv/v2mappings/StructureDefinition/RelatedArtifact"
  },
  {
    "url" : "http://hl7.org/fhir/StructureDefinition/structuredefinition-wg",
    "valueCode" : "oo"
  },
  {
    "url" : "http://hl7.org/fhir/StructureDefinition/structuredefinition-standards-status",
    "valueCode" : "informative",
    "_valueCode" : {
      "extension" : [{
        "url" : "http://hl7.org/fhir/StructureDefinition/structuredefinition-conformance-derivedFrom",
        "valueCanonical" : "http://hl7.org/fhir/uv/v2mappings/ImplementationGuide/hl7.fhir.uv.v2mappings"
      }]
    }
  }],
  "url" : "http://hl7.org/fhir/uv/v2mappings/ConceptMap/table-hl70001-to-administrative-gender",
  "version" : "1.0.0",
  "name" : "TableHL70001ToAdministrativeGender",
  "title" : "Table HL70001 to Administrative Gender Map",
  "status" : "active",
  "experimental" : true,
  "date" : "2025-08-23",
  "publisher" : "HL7 International / Orders and Observations",
  "contact" : [{
    "name" : "HL7 Orders and Observations Workgroup",
    "telecom" : [{
      "system" : "url",
      "value" : "http://www.hl7.org/Special/committees/orders"
    }]
  }],
  "description" : "This ConceptMap represents a mapping from the HL7 V2 Table HL70001 to the FHIR Administrative Gender Value Set.",
  "jurisdiction" : [{
    "coding" : [{
      "system" : "http://unstats.un.org/unsd/methods/m49/m49.htm",
      "code" : "001"
    }]
  }],
  "copyright" : "Copyright (c) 2025, HL7 International, Inc., All Rights Reserved.",
  "sourceUri" : "http://terminology.hl7.org/ValueSet/v2-0001",
  "targetUri" : "http://hl7.org/fhir/ValueSet/administrative-gender",
  "group" : [{
    "source" : "http://terminology.hl7.org/CodeSystem/v2-0001",
    "target" : "http://hl7.org/fhir/administrative-gender",
    "element" : [{
      "code" : "F",
      "display" : "Female",
      "target" : [{
        "code" : "female",
        "display" : "Female",
        "equivalence" : "equivalent"
      }]
    },
    {
      "code" : "M",
      "display" : "Male",
      "target" : [{
        "code" : "male",
        "display" : "Male",
        "equivalence" : "equivalent"
      }]
    },
    {
      "code" : "O",
      "display" : "Other",
      "target" : [{
        "code" : "other",
        "display" : "Other",
        "equivalence" : "equivalent"
      }]
    },
    {
      "code" : "U",
      "display" : "Unknown",
      "target" : [{
        "code" : "unknown",
        "display" : "Unknown",
        "equivalence" : "equivalent"
      }]
    },
    {
      "code" : "A",
      "display" : "Ambiguous",
      "target" : [{
        "code" : "other",
        "display" : "Other",
        "equivalence" : "equivalent"
      }]
    },
    {
      "code" : "N",
      "display" : "Not applicable",
      "target" : [{
        "code" : "other",
        "display" : "Other",
        "equivalence" : "equivalent"
      }]
    }]
  }]
}