<?xml version="1.0" encoding="UTF-8"?>

<ConceptMap xmlns="http://hl7.org/fhir">
  <id value="table-hl70127-to-allergy-intolerance-category"/>
  <text>
    <status value="generated"/><div xmlns="http://www.w3.org/1999/xhtml"><p class="res-header-id"><b>Generated Narrative: ConceptMap table-hl70127-to-allergy-intolerance-category</b></p><a name="table-hl70127-to-allergy-intolerance-category"> </a><a name="hctable-hl70127-to-allergy-intolerance-category"> </a><p>Mapping from <a href="http://terminology.hl7.org/6.5.0/ValueSet-v2-0127.html">hl7VS-allergyType</a> to (not specified)</p><br/><p><b>Group 1 </b>Mapping from <a href="http://terminology.hl7.org/6.5.0/CodeSystem-v2-0127.html">allergenType</a> to <a href="http://hl7.org/fhir/R4/codesystem-allergy-intolerance-category.html">AllergyIntoleranceCategory</a></p><table class="grid"><tr><td><b>Source Code</b></td><td><b>Relationship</b></td><td><b>Target Code</b></td></tr><tr><td>DA (Drug allergy)</td><td><a href="http://hl7.org/fhir/R5/codesystem-concept-map-relationship.html#equivalent" title="equivalent">is equivalent to</a></td><td>medication</td></tr><tr><td>FA (Food allergy)</td><td><a href="http://hl7.org/fhir/R5/codesystem-concept-map-relationship.html#equivalent" title="equivalent">is equivalent to</a></td><td>food</td></tr><tr><td>EA (Environmental allergy)</td><td><a href="http://hl7.org/fhir/R5/codesystem-concept-map-relationship.html#equivalent" title="equivalent">is equivalent to</a></td><td>environment</td></tr><tr><td>AA (Animal allergy)</td><td><a href="http://hl7.org/fhir/R5/codesystem-concept-map-relationship.html#equivalent" title="equivalent">is equivalent to</a></td><td>biologic</td></tr><tr><td>PA (Plant allergy)</td><td><a href="http://hl7.org/fhir/R5/codesystem-concept-map-relationship.html#equivalent" title="equivalent">is equivalent to</a></td><td>environment</td></tr><tr><td>LA (Pollen allergy)</td><td><a href="http://hl7.org/fhir/R5/codesystem-concept-map-relationship.html#equivalent" title="equivalent">is equivalent to</a></td><td>environment</td></tr></table><hr/><p><b>Group 2 </b>Mapping from <a href="http://terminology.hl7.org/6.5.0/CodeSystem-v2-0127.html">allergenType</a> to <code>unspecified code system</code></p><table class="grid"><tr><td><b>Source Code</b></td><td><b>Relationship</b></td><td><b>Target Code</b></td></tr><tr><td>MA (Miscellaneous allergy)</td><td colspan="2" style="background-color: #efefef">(not mapped)</td></tr><tr><td>MC (Miscellaneous contraindication)</td><td colspan="2" style="background-color: #efefef">(not mapped)</td></tr></table></div>
  </text>
  <extension url="http://hl7.org/fhir/uv/v2mappings/StructureDefinition/RelatedArtifact">
    <extension url="type">
      <valueCode value="derived-from"/>
    </extension>
    <extension url="label">
      <valueString value="Table HL70127 to Allergy Intolerance Category.fsh"/>
    </extension>
    <extension url="url">
      <valueUri value="https://docs.google.com/spreadsheets/d/1kRIGg82psj97HFzQx5-t34LbHBzhAQzFqM1BT2uNVSI/edit?gid=0#gid=0"/>
    </extension>
  </extension>
  <extension url="http://hl7.org/fhir/StructureDefinition/structuredefinition-wg">
    <valueCode value="oo"/>
  </extension>
  <extension url="http://hl7.org/fhir/StructureDefinition/structuredefinition-standards-status">
    <valueCode value="informative">
      <extension url="http://hl7.org/fhir/StructureDefinition/structuredefinition-conformance-derivedFrom">
        <valueCanonical value="http://hl7.org/fhir/uv/v2mappings/ImplementationGuide/hl7.fhir.uv.v2mappings"/>
      </extension>
    </valueCode>
  </extension>
  <url value="http://hl7.org/fhir/uv/v2mappings/ConceptMap/table-hl70127-to-allergy-intolerance-category"/>
  <version value="1.0.0"/>
  <name value="TableHL70127ToAllergyIntoleranceCategory"/>
  <title value="Table HL70127 to Allergy Intolerance Category Map"/>
  <status value="active"/>
  <experimental value="true"/>
  <date value="2025-08-23"/>
  <publisher value="HL7 International / Orders and Observations"/>
  <contact>
    <name value="HL7 Orders and Observations Workgroup"/>
    <telecom>
      <system value="url"/>
      <value value="http://www.hl7.org/Special/committees/orders"/>
    </telecom>
  </contact>
  <description value="This ConceptMap represents a mapping from the HL7 V2 Table HL70127 to the FHIR Allergy Intolerance Category Value Set."/>
  <jurisdiction>
    <coding>
      <system value="http://unstats.un.org/unsd/methods/m49/m49.htm"/>
      <code value="001"/>
    </coding>
  </jurisdiction>
  <copyright value="Copyright (c) 2025, HL7 International, Inc., All Rights Reserved."/>
  <sourceUri value="http://terminology.hl7.org/ValueSet/v2-0127"/>
  <group>
    <source value="http://terminology.hl7.org/CodeSystem/v2-0127"/>
    <target value="http://hl7.org/fhir/allergy-intolerance-category"/>
    <element>
      <code value="DA"/>
      <display value="Drug allergy"/>
      <target>
        <code value="medication"/>
        <display value="Medication"/>
        <equivalence value="equivalent"/>
      </target>
    </element>
    <element>
      <code value="FA"/>
      <display value="Food allergy"/>
      <target>
        <code value="food"/>
        <display value="Food"/>
        <equivalence value="equivalent"/>
      </target>
    </element>
    <element>
      <code value="EA"/>
      <display value="Environmental allergy"/>
      <target>
        <code value="environment"/>
        <display value="Environment"/>
        <equivalence value="equivalent"/>
      </target>
    </element>
    <element>
      <code value="AA"/>
      <display value="Animal allergy"/>
      <target>
        <code value="biologic"/>
        <display value="Biologic"/>
        <equivalence value="equivalent"/>
      </target>
    </element>
    <element>
      <code value="PA"/>
      <display value="Plant allergy"/>
      <target>
        <code value="environment"/>
        <display value="Environment"/>
        <equivalence value="equivalent"/>
      </target>
    </element>
    <element>
      <code value="LA"/>
      <display value="Pollen allergy"/>
      <target>
        <code value="environment"/>
        <display value="Environment"/>
        <equivalence value="equivalent"/>
      </target>
    </element>
  </group>
  <group>
    <source value="http://terminology.hl7.org/CodeSystem/v2-0127"/>
    <element>
      <code value="MA"/>
      <display value="Miscellaneous allergy"/>
      <target>
        <equivalence value="unmatched"/>
      </target>
    </element>
    <element>
      <code value="MC"/>
      <display value="Miscellaneous contraindication"/>
      <target>
        <equivalence value="unmatched"/>
      </target>
    </element>
  </group>
</ConceptMap>