<?xml version="1.0" encoding="UTF-8"?>

<ConceptMap xmlns="http://hl7.org/fhir">
  <id value="segment-prt-to-careteam"/>
  <text>
    <status value="generated"/><div xmlns="http://www.w3.org/1999/xhtml"><p class="res-header-id"><b>Generated Narrative: ConceptMap segment-prt-to-careteam</b></p><a name="segment-prt-to-careteam"> </a><a name="hcsegment-prt-to-careteam"> </a><p>Mapping from (not specified) to (not specified)</p><br/><p><b>Group 1 </b>Mapping from <code>unspecified code system</code> to <code>unspecified code system</code></p><table class="grid"><tr><td colspan="3"><b>Source Concept Details</b></td><td><b>Relationship</b></td><td colspan="2"><b>Target Concept Details</b></td></tr><tr><td colspan="2"><b>Codes</b> from </td><td><b>ComputableANTLR</b></td><td/><td colspan="2"><b>Codes</b> from </td></tr><tr><td style="border-right-width: 0px">PRT-4</td><td style="border-left-width: 0px">Role of Participation</td><td/><td><a href="http://hl7.org/fhir/R5/codesystem-concept-map-relationship.html#equivalent" title="equivalent">is equivalent to</a></td><td style="border-right-width: 0px">participant.role</td><td style="border-left-width: 0px">participant.role</td></tr><tr><td style="border-right-width: 0px">PRT-5</td><td style="border-left-width: 0px">Person</td><td>IF PRT-6 IS NOT VALUED</td><td><a href="http://hl7.org/fhir/R5/codesystem-concept-map-relationship.html#equivalent" title="equivalent">is equivalent to</a></td><td style="border-right-width: 0px">participant[1].member(Practitioner)</td><td style="border-left-width: 0px">participant[1].member(Practitioner)</td></tr><tr><td style="border-right-width: 0px">PRT-5</td><td style="border-left-width: 0px">Person</td><td>IF PRT-6 IS NOT VALUED</td><td><a href="http://hl7.org/fhir/R5/codesystem-concept-map-relationship.html#equivalent" title="equivalent">is equivalent to</a></td><td style="border-right-width: 0px">participant[2].member(RelatedPerson)</td><td style="border-left-width: 0px">participant[2].member(RelatedPerson)</td></tr><tr><td style="border-right-width: 0px">PRT-5</td><td style="border-left-width: 0px">Person</td><td>IF PRT-6 IS VALUED</td><td><a href="http://hl7.org/fhir/R5/codesystem-concept-map-relationship.html#equivalent" title="equivalent">is equivalent to</a></td><td style="border-right-width: 0px">participant[3].member(PractitionerRole)</td><td style="border-left-width: 0px">participant[3].member(PractitionerRole)</td></tr><tr><td style="border-right-width: 0px">PRT-6</td><td style="border-left-width: 0px">Person Provider Type</td><td/><td><a href="http://hl7.org/fhir/R5/codesystem-concept-map-relationship.html#equivalent" title="equivalent">is equivalent to</a></td><td style="border-right-width: 0px">participant[3].member(PractitionerRole)</td><td style="border-left-width: 0px">participant[3].member(PractitionerRole)</td></tr><tr><td style="border-right-width: 0px">PRT-8</td><td style="border-left-width: 0px">Organization</td><td>IF PRT-5 AND PRT-6 AREA NOT VALUED</td><td><a href="http://hl7.org/fhir/R5/codesystem-concept-map-relationship.html#equivalent" title="equivalent">is equivalent to</a></td><td style="border-right-width: 0px">participant.member(Organization)</td><td style="border-left-width: 0px">participant.member(Organization)</td></tr><tr><td style="border-right-width: 0px">PRT-8</td><td style="border-left-width: 0px">Organization</td><td>IF PRT-5 OR PRT-6 IS VALUED</td><td><a href="http://hl7.org/fhir/R5/codesystem-concept-map-relationship.html#equivalent" title="equivalent">is equivalent to</a></td><td style="border-right-width: 0px">participant.onBehalfOf(Organization)</td><td style="border-left-width: 0px">participant.onBehalfOf(Organization)</td></tr><tr><td style="border-right-width: 0px">PRT-11</td><td style="border-left-width: 0px">Begin Date/Time (arrival time)</td><td/><td><a href="http://hl7.org/fhir/R5/codesystem-concept-map-relationship.html#equivalent" title="equivalent">is equivalent to</a></td><td style="border-right-width: 0px">participant.coveragePeriod.start</td><td style="border-left-width: 0px">participant.coveragePeriod.start</td></tr><tr><td style="border-right-width: 0px">PRT-12</td><td style="border-left-width: 0px">End Date/Time (departure time)</td><td/><td><a href="http://hl7.org/fhir/R5/codesystem-concept-map-relationship.html#equivalent" title="equivalent">is equivalent to</a></td><td style="border-right-width: 0px">participant.coveragePeriod.end</td><td style="border-left-width: 0px">participant.coveragePeriod.end</td></tr><tr><td style="border-right-width: 0px">PRT-14</td><td style="border-left-width: 0px">Address</td><td>IF PRT-6 IS NOT VALUED</td><td><a href="http://hl7.org/fhir/R5/codesystem-concept-map-relationship.html#equivalent" title="equivalent">is equivalent to</a></td><td style="border-right-width: 0px">participant[1].member(Practitioner.address)</td><td style="border-left-width: 0px">participant[1].member(Practitioner.address)</td></tr><tr><td style="border-right-width: 0px">PRT-14</td><td style="border-left-width: 0px">Address</td><td>IF PRT-6 IS NOT VALUED</td><td><a href="http://hl7.org/fhir/R5/codesystem-concept-map-relationship.html#equivalent" title="equivalent">is equivalent to</a></td><td style="border-right-width: 0px">participant[2].member(RelatedPerson.address)</td><td style="border-left-width: 0px">participant[2].member(RelatedPerson.address)</td></tr><tr><td style="border-right-width: 0px">PRT-14</td><td style="border-left-width: 0px">Address</td><td>IF PRT-6 IS VALUED</td><td><a href="http://hl7.org/fhir/R5/codesystem-concept-map-relationship.html#equivalent" title="equivalent">is equivalent to</a></td><td style="border-right-width: 0px">participant[3].member(PractitionerRole.address)</td><td style="border-left-width: 0px">participant[3].member(PractitionerRole.address)</td></tr><tr><td style="border-right-width: 0px">PRT-14</td><td style="border-left-width: 0px">Address</td><td>IF PRT-5 AND PRT-6 AREA NOT VALUED</td><td><a href="http://hl7.org/fhir/R5/codesystem-concept-map-relationship.html#equivalent" title="equivalent">is equivalent to</a></td><td style="border-right-width: 0px">participant.member(Organization.address)</td><td style="border-left-width: 0px">participant.member(Organization.address)</td></tr><tr><td style="border-right-width: 0px">PRT-14</td><td style="border-left-width: 0px">Address</td><td>IF PRT-5 OR PRT-6 IS VALUED</td><td><a href="http://hl7.org/fhir/R5/codesystem-concept-map-relationship.html#equivalent" title="equivalent">is equivalent to</a></td><td style="border-right-width: 0px">participant.onBehalfOf(Organization.address)</td><td style="border-left-width: 0px">participant.onBehalfOf(Organization.address)</td></tr><tr><td style="border-right-width: 0px">PRT-15</td><td style="border-left-width: 0px">Telecommunication Address</td><td>IF PRT-6 IS NOT VALUED</td><td><a href="http://hl7.org/fhir/R5/codesystem-concept-map-relationship.html#equivalent" title="equivalent">is equivalent to</a></td><td style="border-right-width: 0px">participant[1].member(Practitioner.telecom)</td><td style="border-left-width: 0px">participant[1].member(Practitioner.telecom)</td></tr><tr><td style="border-right-width: 0px">PRT-15</td><td style="border-left-width: 0px">Telecommunication Address</td><td>IF PRT-6 IS NOT VALUED</td><td><a href="http://hl7.org/fhir/R5/codesystem-concept-map-relationship.html#equivalent" title="equivalent">is equivalent to</a></td><td style="border-right-width: 0px">participant[2].member(RelatedPerson.telecom)</td><td style="border-left-width: 0px">participant[2].member(RelatedPerson.telecom)</td></tr><tr><td style="border-right-width: 0px">PRT-15</td><td style="border-left-width: 0px">Telecommunication Address</td><td>IF PRT-6 IS VALUED</td><td><a href="http://hl7.org/fhir/R5/codesystem-concept-map-relationship.html#equivalent" title="equivalent">is equivalent to</a></td><td style="border-right-width: 0px">participant[3].member(PractitionerRole.telecom)</td><td style="border-left-width: 0px">participant[3].member(PractitionerRole.telecom)</td></tr><tr><td style="border-right-width: 0px">PRT-15</td><td style="border-left-width: 0px">Telecommunication Address</td><td>IF PRT-5 AND PRT-6 AREA NOT VALUED</td><td><a href="http://hl7.org/fhir/R5/codesystem-concept-map-relationship.html#equivalent" title="equivalent">is equivalent to</a></td><td style="border-right-width: 0px">participant.member(Organization.telecom)</td><td style="border-left-width: 0px">participant.member(Organization.telecom)</td></tr><tr><td style="border-right-width: 0px">PRT-15</td><td style="border-left-width: 0px">Telecommunication Address</td><td>IF PRT-5 OR PRT-6 IS VALUED</td><td><a href="http://hl7.org/fhir/R5/codesystem-concept-map-relationship.html#equivalent" title="equivalent">is equivalent to</a></td><td style="border-right-width: 0px">participant.onBehalfOf(Organization.telecom)</td><td style="border-left-width: 0px">participant.onBehalfOf(Organization.telecom)</td></tr></table></div>
  </text>
  <extension url="http://hl7.org/fhir/uv/v2mappings/StructureDefinition/RelatedArtifact">
    <extension url="type">
      <valueCode value="derived-from"/>
    </extension>
    <extension url="label">
      <valueString value="Segment PRT to CareTeam.fsh"/>
    </extension>
    <extension url="url">
      <valueUri value="https://docs.google.com/spreadsheets/d/1TcwjfyUSD-659jlIoZIne7O0JoxHPo6yhd4aaBGVrtE/edit#gid=0"/>
    </extension>
  </extension>
  <extension url="http://hl7.org/fhir/StructureDefinition/structuredefinition-wg">
    <valueCode value="oo"/>
  </extension>
  <extension url="http://hl7.org/fhir/StructureDefinition/structuredefinition-standards-status">
    <valueCode value="informative">
      <extension url="http://hl7.org/fhir/StructureDefinition/structuredefinition-conformance-derivedFrom">
        <valueCanonical value="http://hl7.org/fhir/uv/v2mappings/ImplementationGuide/hl7.fhir.uv.v2mappings"/>
      </extension>
    </valueCode>
  </extension>
  <url value="http://hl7.org/fhir/uv/v2mappings/ConceptMap/segment-prt-to-careteam"/>
  <version value="1.0.0"/>
  <name value="SegmentPRTToCareTeam"/>
  <title value="Segment PRT to CareTeam Map"/>
  <status value="active"/>
  <experimental value="true"/>
  <date value="2025-08-23"/>
  <publisher value="HL7 International / Orders and Observations"/>
  <contact>
    <name value="HL7 Orders and Observations Workgroup"/>
    <telecom>
      <system value="url"/>
      <value value="http://www.hl7.org/Special/committees/orders"/>
    </telecom>
  </contact>
  <description value="This ConceptMap represents a mapping from the HL7 V2 Segment PRT to the FHIR CareTeam Resource."/>
  <jurisdiction>
    <coding>
      <system value="http://unstats.un.org/unsd/methods/m49/m49.htm"/>
      <code value="001"/>
    </coding>
  </jurisdiction>
  <copyright value="Copyright (c) 2025, HL7 International, Inc., All Rights Reserved."/>
  <group>
    <element>
      <extension url="http://hl7.org/fhir/uv/v2mappings/StructureDefinition/TypeInfo">
        <extension url="type">
          <valueCode value="CWE"/>
        </extension>
        <extension url="cardinalityMin">
          <valueInteger value="1"/>
        </extension>
        <extension url="cardinalityMax">
          <valueInteger value="1"/>
        </extension>
      </extension>
      <code value="PRT-4"/>
      <display value="Role of Participation"/>
      <target>
        <extension url="http://hl7.org/fhir/uv/v2mappings/StructureDefinition/TypeInfo">
          <extension url="type">
            <valueCode value="CodeableConcept"/>
          </extension>
          <extension url="mappedVia">
            <valueUrl value="ConceptMap/table-hl70912-to-practitioner-role"/>
          </extension>
        </extension>
        <code value="participant.role"/>
        <display value="participant.role"/>
        <equivalence value="equivalent"/>
      </target>
    </element>
    <element>
      <extension url="http://hl7.org/fhir/uv/v2mappings/StructureDefinition/TypeInfo">
        <extension url="type">
          <valueCode value="XCN"/>
        </extension>
        <extension url="cardinalityMin">
          <valueInteger value="-1"/>
        </extension>
        <extension url="cardinalityMax">
          <valueInteger value="-1"/>
        </extension>
      </extension>
      <code value="PRT-5"/>
      <display value="Person"/>
      <target>
        <code value="participant[1].member(Practitioner)"/>
        <display value="participant[1].member(Practitioner)"/>
        <equivalence value="equivalent"/>
        <dependsOn>
          <property value="Computable-ANTLR"/>
          <value value="IF PRT-6 IS NOT VALUED"/>
        </dependsOn>
      </target>
    </element>
    <element>
      <extension url="http://hl7.org/fhir/uv/v2mappings/StructureDefinition/TypeInfo">
        <extension url="type">
          <valueCode value="XCN"/>
        </extension>
        <extension url="cardinalityMin">
          <valueInteger value="-1"/>
        </extension>
        <extension url="cardinalityMax">
          <valueInteger value="-1"/>
        </extension>
      </extension>
      <code value="PRT-5"/>
      <display value="Person"/>
      <target>
        <code value="participant[2].member(RelatedPerson)"/>
        <display value="participant[2].member(RelatedPerson)"/>
        <equivalence value="equivalent"/>
        <dependsOn>
          <property value="Computable-ANTLR"/>
          <value value="IF PRT-6 IS NOT VALUED"/>
        </dependsOn>
      </target>
    </element>
    <element>
      <extension url="http://hl7.org/fhir/uv/v2mappings/StructureDefinition/TypeInfo">
        <extension url="type">
          <valueCode value="XCN"/>
        </extension>
        <extension url="cardinalityMin">
          <valueInteger value="-1"/>
        </extension>
        <extension url="cardinalityMax">
          <valueInteger value="-1"/>
        </extension>
      </extension>
      <code value="PRT-5"/>
      <display value="Person"/>
      <target>
        <code value="participant[3].member(PractitionerRole)"/>
        <display value="participant[3].member(PractitionerRole)"/>
        <equivalence value="equivalent"/>
        <dependsOn>
          <property value="Computable-ANTLR"/>
          <value value="IF PRT-6 IS VALUED"/>
        </dependsOn>
      </target>
    </element>
    <element>
      <extension url="http://hl7.org/fhir/uv/v2mappings/StructureDefinition/TypeInfo">
        <extension url="type">
          <valueCode value="CWE"/>
        </extension>
        <extension url="cardinalityMin">
          <valueInteger value="1"/>
        </extension>
        <extension url="cardinalityMax">
          <valueInteger value="1"/>
        </extension>
      </extension>
      <code value="PRT-6"/>
      <display value="Person Provider Type"/>
      <target>
        <code value="participant[3].member(PractitionerRole)"/>
        <display value="participant[3].member(PractitionerRole)"/>
        <equivalence value="equivalent"/>
      </target>
    </element>
    <element>
      <extension url="http://hl7.org/fhir/uv/v2mappings/StructureDefinition/TypeInfo">
        <extension url="type">
          <valueCode value="XON"/>
        </extension>
        <extension url="cardinalityMin">
          <valueInteger value="-1"/>
        </extension>
        <extension url="cardinalityMax">
          <valueInteger value="-1"/>
        </extension>
      </extension>
      <code value="PRT-8"/>
      <display value="Organization"/>
      <target>
        <code value="participant.member(Organization)"/>
        <display value="participant.member(Organization)"/>
        <equivalence value="equivalent"/>
        <dependsOn>
          <property value="Computable-ANTLR"/>
          <value value="IF PRT-5 AND PRT-6 AREA NOT VALUED"/>
        </dependsOn>
      </target>
    </element>
    <element>
      <extension url="http://hl7.org/fhir/uv/v2mappings/StructureDefinition/TypeInfo">
        <extension url="type">
          <valueCode value="XON"/>
        </extension>
        <extension url="cardinalityMin">
          <valueInteger value="-1"/>
        </extension>
        <extension url="cardinalityMax">
          <valueInteger value="-1"/>
        </extension>
      </extension>
      <code value="PRT-8"/>
      <display value="Organization"/>
      <target>
        <code value="participant.onBehalfOf(Organization)"/>
        <display value="participant.onBehalfOf(Organization)"/>
        <equivalence value="equivalent"/>
        <dependsOn>
          <property value="Computable-ANTLR"/>
          <value value="IF PRT-5 OR PRT-6 IS VALUED"/>
        </dependsOn>
      </target>
    </element>
    <element>
      <extension url="http://hl7.org/fhir/uv/v2mappings/StructureDefinition/TypeInfo">
        <extension url="type">
          <valueCode value="DTM"/>
        </extension>
        <extension url="cardinalityMin">
          <valueInteger value="1"/>
        </extension>
        <extension url="cardinalityMax">
          <valueInteger value="1"/>
        </extension>
      </extension>
      <code value="PRT-11"/>
      <display value="Begin Date/Time (arrival time)"/>
      <target>
        <extension url="http://hl7.org/fhir/uv/v2mappings/StructureDefinition/TypeInfo">
          <extension url="type">
            <valueCode value="dateTime"/>
          </extension>
        </extension>
        <code value="participant.coveragePeriod.start"/>
        <display value="participant.coveragePeriod.start"/>
        <equivalence value="equivalent"/>
      </target>
    </element>
    <element>
      <extension url="http://hl7.org/fhir/uv/v2mappings/StructureDefinition/TypeInfo">
        <extension url="type">
          <valueCode value="DTM"/>
        </extension>
        <extension url="cardinalityMin">
          <valueInteger value="1"/>
        </extension>
        <extension url="cardinalityMax">
          <valueInteger value="1"/>
        </extension>
      </extension>
      <code value="PRT-12"/>
      <display value="End Date/Time (departure time)"/>
      <target>
        <extension url="http://hl7.org/fhir/uv/v2mappings/StructureDefinition/TypeInfo">
          <extension url="type">
            <valueCode value="dateTime"/>
          </extension>
        </extension>
        <code value="participant.coveragePeriod.end"/>
        <display value="participant.coveragePeriod.end"/>
        <equivalence value="equivalent"/>
      </target>
    </element>
    <element>
      <extension url="http://hl7.org/fhir/uv/v2mappings/StructureDefinition/TypeInfo">
        <extension url="type">
          <valueCode value="XAD"/>
        </extension>
        <extension url="cardinalityMin">
          <valueInteger value="-1"/>
        </extension>
        <extension url="cardinalityMax">
          <valueInteger value="-1"/>
        </extension>
      </extension>
      <code value="PRT-14"/>
      <display value="Address"/>
      <target>
        <code value="participant[1].member(Practitioner.address)"/>
        <display value="participant[1].member(Practitioner.address)"/>
        <equivalence value="equivalent"/>
        <dependsOn>
          <property value="Computable-ANTLR"/>
          <value value="IF PRT-6 IS NOT VALUED"/>
        </dependsOn>
      </target>
    </element>
    <element>
      <extension url="http://hl7.org/fhir/uv/v2mappings/StructureDefinition/TypeInfo">
        <extension url="type">
          <valueCode value="XAD"/>
        </extension>
        <extension url="cardinalityMin">
          <valueInteger value="-1"/>
        </extension>
        <extension url="cardinalityMax">
          <valueInteger value="-1"/>
        </extension>
      </extension>
      <code value="PRT-14"/>
      <display value="Address"/>
      <target>
        <code value="participant[2].member(RelatedPerson.address)"/>
        <display value="participant[2].member(RelatedPerson.address)"/>
        <equivalence value="equivalent"/>
        <dependsOn>
          <property value="Computable-ANTLR"/>
          <value value="IF PRT-6 IS NOT VALUED"/>
        </dependsOn>
      </target>
    </element>
    <element>
      <extension url="http://hl7.org/fhir/uv/v2mappings/StructureDefinition/TypeInfo">
        <extension url="type">
          <valueCode value="XAD"/>
        </extension>
        <extension url="cardinalityMin">
          <valueInteger value="-1"/>
        </extension>
        <extension url="cardinalityMax">
          <valueInteger value="-1"/>
        </extension>
      </extension>
      <code value="PRT-14"/>
      <display value="Address"/>
      <target>
        <code value="participant[3].member(PractitionerRole.address)"/>
        <display value="participant[3].member(PractitionerRole.address)"/>
        <equivalence value="equivalent"/>
        <dependsOn>
          <property value="Computable-ANTLR"/>
          <value value="IF PRT-6 IS VALUED"/>
        </dependsOn>
      </target>
    </element>
    <element>
      <extension url="http://hl7.org/fhir/uv/v2mappings/StructureDefinition/TypeInfo">
        <extension url="type">
          <valueCode value="XAD"/>
        </extension>
        <extension url="cardinalityMin">
          <valueInteger value="-1"/>
        </extension>
        <extension url="cardinalityMax">
          <valueInteger value="-1"/>
        </extension>
      </extension>
      <code value="PRT-14"/>
      <display value="Address"/>
      <target>
        <code value="participant.member(Organization.address)"/>
        <display value="participant.member(Organization.address)"/>
        <equivalence value="equivalent"/>
        <dependsOn>
          <property value="Computable-ANTLR"/>
          <value value="IF PRT-5 AND PRT-6 AREA NOT VALUED"/>
        </dependsOn>
      </target>
    </element>
    <element>
      <extension url="http://hl7.org/fhir/uv/v2mappings/StructureDefinition/TypeInfo">
        <extension url="type">
          <valueCode value="XAD"/>
        </extension>
        <extension url="cardinalityMin">
          <valueInteger value="-1"/>
        </extension>
        <extension url="cardinalityMax">
          <valueInteger value="-1"/>
        </extension>
      </extension>
      <code value="PRT-14"/>
      <display value="Address"/>
      <target>
        <code value="participant.onBehalfOf(Organization.address)"/>
        <display value="participant.onBehalfOf(Organization.address)"/>
        <equivalence value="equivalent"/>
        <dependsOn>
          <property value="Computable-ANTLR"/>
          <value value="IF PRT-5 OR PRT-6 IS VALUED"/>
        </dependsOn>
      </target>
    </element>
    <element>
      <extension url="http://hl7.org/fhir/uv/v2mappings/StructureDefinition/TypeInfo">
        <extension url="type">
          <valueCode value="XTN"/>
        </extension>
        <extension url="cardinalityMin">
          <valueInteger value="-1"/>
        </extension>
        <extension url="cardinalityMax">
          <valueInteger value="-1"/>
        </extension>
      </extension>
      <code value="PRT-15"/>
      <display value="Telecommunication Address"/>
      <target>
        <code value="participant[1].member(Practitioner.telecom)"/>
        <display value="participant[1].member(Practitioner.telecom)"/>
        <equivalence value="equivalent"/>
        <dependsOn>
          <property value="Computable-ANTLR"/>
          <value value="IF PRT-6 IS NOT VALUED"/>
        </dependsOn>
      </target>
    </element>
    <element>
      <extension url="http://hl7.org/fhir/uv/v2mappings/StructureDefinition/TypeInfo">
        <extension url="type">
          <valueCode value="XTN"/>
        </extension>
        <extension url="cardinalityMin">
          <valueInteger value="-1"/>
        </extension>
        <extension url="cardinalityMax">
          <valueInteger value="-1"/>
        </extension>
      </extension>
      <code value="PRT-15"/>
      <display value="Telecommunication Address"/>
      <target>
        <code value="participant[2].member(RelatedPerson.telecom)"/>
        <display value="participant[2].member(RelatedPerson.telecom)"/>
        <equivalence value="equivalent"/>
        <dependsOn>
          <property value="Computable-ANTLR"/>
          <value value="IF PRT-6 IS NOT VALUED"/>
        </dependsOn>
      </target>
    </element>
    <element>
      <extension url="http://hl7.org/fhir/uv/v2mappings/StructureDefinition/TypeInfo">
        <extension url="type">
          <valueCode value="XTN"/>
        </extension>
        <extension url="cardinalityMin">
          <valueInteger value="-1"/>
        </extension>
        <extension url="cardinalityMax">
          <valueInteger value="-1"/>
        </extension>
      </extension>
      <code value="PRT-15"/>
      <display value="Telecommunication Address"/>
      <target>
        <code value="participant[3].member(PractitionerRole.telecom)"/>
        <display value="participant[3].member(PractitionerRole.telecom)"/>
        <equivalence value="equivalent"/>
        <dependsOn>
          <property value="Computable-ANTLR"/>
          <value value="IF PRT-6 IS VALUED"/>
        </dependsOn>
      </target>
    </element>
    <element>
      <extension url="http://hl7.org/fhir/uv/v2mappings/StructureDefinition/TypeInfo">
        <extension url="type">
          <valueCode value="XTN"/>
        </extension>
        <extension url="cardinalityMin">
          <valueInteger value="-1"/>
        </extension>
        <extension url="cardinalityMax">
          <valueInteger value="-1"/>
        </extension>
      </extension>
      <code value="PRT-15"/>
      <display value="Telecommunication Address"/>
      <target>
        <code value="participant.member(Organization.telecom)"/>
        <display value="participant.member(Organization.telecom)"/>
        <equivalence value="equivalent"/>
        <dependsOn>
          <property value="Computable-ANTLR"/>
          <value value="IF PRT-5 AND PRT-6 AREA NOT VALUED"/>
        </dependsOn>
      </target>
    </element>
    <element>
      <extension url="http://hl7.org/fhir/uv/v2mappings/StructureDefinition/TypeInfo">
        <extension url="type">
          <valueCode value="XTN"/>
        </extension>
        <extension url="cardinalityMin">
          <valueInteger value="-1"/>
        </extension>
        <extension url="cardinalityMax">
          <valueInteger value="-1"/>
        </extension>
      </extension>
      <code value="PRT-15"/>
      <display value="Telecommunication Address"/>
      <target>
        <code value="participant.onBehalfOf(Organization.telecom)"/>
        <display value="participant.onBehalfOf(Organization.telecom)"/>
        <equivalence value="equivalent"/>
        <dependsOn>
          <property value="Computable-ANTLR"/>
          <value value="IF PRT-5 OR PRT-6 IS VALUED"/>
        </dependsOn>
      </target>
    </element>
  </group>
</ConceptMap>