{
  "resourceType" : "ConceptMap",
  "id" : "table-hl70128-to-reaction-event-severity",
  "text" : {
    "status" : "generated",
    "div" : "<div xmlns=\"http://www.w3.org/1999/xhtml\"><p class=\"res-header-id\"><b>Generated Narrative: ConceptMap table-hl70128-to-reaction-event-severity</b></p><a name=\"table-hl70128-to-reaction-event-severity\"> </a><a name=\"hctable-hl70128-to-reaction-event-severity\"> </a><p>Mapping from <a href=\"http://terminology.hl7.org/6.5.0/ValueSet-v2-0128.html\">hl7VS-allergySeverity</a> to (not specified)</p><br/><p><b>Group 1 </b>Mapping from <a href=\"http://terminology.hl7.org/6.5.0/CodeSystem-v2-0128.html\">allergySeverity</a> to <a href=\"http://hl7.org/fhir/R4/codesystem-reaction-event-severity.html\">AllergyIntoleranceSeverity</a></p><table class=\"grid\"><tr><td><b>Source Code</b></td><td><b>Relationship</b></td><td><b>Target Code</b></td></tr><tr><td>SV (Severe)</td><td><a href=\"http://hl7.org/fhir/R5/codesystem-concept-map-relationship.html#equivalent\" title=\"equivalent\">is equivalent to</a></td><td>severe</td></tr><tr><td>MO (Moderate)</td><td><a href=\"http://hl7.org/fhir/R5/codesystem-concept-map-relationship.html#equivalent\" title=\"equivalent\">is equivalent to</a></td><td>moderate</td></tr><tr><td>MI (Mild)</td><td><a href=\"http://hl7.org/fhir/R5/codesystem-concept-map-relationship.html#equivalent\" title=\"equivalent\">is equivalent to</a></td><td>mild</td></tr></table><hr/><p><b>Group 2 </b>Mapping from <a href=\"http://terminology.hl7.org/6.5.0/CodeSystem-v2-0128.html\">allergySeverity</a> to <code>unspecified code system</code></p><table class=\"grid\"><tr><td><b>Source Code</b></td><td><b>Relationship</b></td><td><b>Target Code</b></td></tr><tr><td>U (Unknown)</td><td colspan=\"2\" style=\"background-color: #efefef\">(not mapped)</td></tr></table></div>"
  },
  "extension" : [{
    "extension" : [{
      "url" : "type",
      "valueCode" : "derived-from"
    },
    {
      "url" : "label",
      "valueString" : "Table HL70128 to Reaction Event Severity.fsh"
    },
    {
      "url" : "url",
      "valueUri" : "https://docs.google.com/spreadsheets/d/1sMIR0cGVDt34suaYtk-yH0DA6lVdpV3yrthqOcZLOKg/edit#gid=0"
    }],
    "url" : "http://hl7.org/fhir/uv/v2mappings/StructureDefinition/RelatedArtifact"
  },
  {
    "url" : "http://hl7.org/fhir/StructureDefinition/structuredefinition-wg",
    "valueCode" : "oo"
  },
  {
    "url" : "http://hl7.org/fhir/StructureDefinition/structuredefinition-standards-status",
    "valueCode" : "informative",
    "_valueCode" : {
      "extension" : [{
        "url" : "http://hl7.org/fhir/StructureDefinition/structuredefinition-conformance-derivedFrom",
        "valueCanonical" : "http://hl7.org/fhir/uv/v2mappings/ImplementationGuide/hl7.fhir.uv.v2mappings"
      }]
    }
  }],
  "url" : "http://hl7.org/fhir/uv/v2mappings/ConceptMap/table-hl70128-to-reaction-event-severity",
  "version" : "1.0.0",
  "name" : "TableHL70128ToReactionEventSeverity",
  "title" : "Table HL70128 to Reaction Event Severity Map",
  "status" : "active",
  "experimental" : true,
  "date" : "2025-08-23",
  "publisher" : "HL7 International / Orders and Observations",
  "contact" : [{
    "name" : "HL7 Orders and Observations Workgroup",
    "telecom" : [{
      "system" : "url",
      "value" : "http://www.hl7.org/Special/committees/orders"
    }]
  }],
  "description" : "This ConceptMap represents a mapping from the HL7 V2 Table HL70128 to the FHIR Reaction Event Severity Value Set.",
  "jurisdiction" : [{
    "coding" : [{
      "system" : "http://unstats.un.org/unsd/methods/m49/m49.htm",
      "code" : "001"
    }]
  }],
  "copyright" : "Copyright (c) 2025, HL7 International, Inc., All Rights Reserved.",
  "sourceUri" : "http://terminology.hl7.org/ValueSet/v2-0128",
  "group" : [{
    "source" : "http://terminology.hl7.org/CodeSystem/v2-0128",
    "target" : "http://hl7.org/fhir/reaction-event-severity",
    "element" : [{
      "code" : "SV",
      "display" : "Severe",
      "target" : [{
        "code" : "severe",
        "display" : "Severe",
        "equivalence" : "equivalent"
      }]
    },
    {
      "code" : "MO",
      "display" : "Moderate",
      "target" : [{
        "code" : "moderate",
        "display" : "Moderate",
        "equivalence" : "equivalent"
      }]
    },
    {
      "code" : "MI",
      "display" : "Mild",
      "target" : [{
        "code" : "mild",
        "display" : "Mild",
        "equivalence" : "equivalent"
      }]
    }]
  },
  {
    "source" : "http://terminology.hl7.org/CodeSystem/v2-0128",
    "element" : [{
      "code" : "U",
      "display" : "Unknown",
      "target" : [{
        "equivalence" : "unmatched"
      }]
    }]
  }]
}