<?xml version="1.0" encoding="UTF-8"?>

<ConceptMap xmlns="http://hl7.org/fhir">
  <id value="datatype-cwe-to-organization"/>
  <text>
    <status value="generated"/><div xmlns="http://www.w3.org/1999/xhtml"><p class="res-header-id"><b>Generated Narrative: ConceptMap datatype-cwe-to-organization</b></p><a name="datatype-cwe-to-organization"> </a><a name="hcdatatype-cwe-to-organization"> </a><p>Mapping from (not specified) to (not specified)</p><br/><p><b>Group 1 </b>Mapping from <code>unspecified code system</code> to <code>unspecified code system</code></p><table class="grid"><tr><td><b>Source Code</b></td><td><b>Relationship</b></td><td><b>Target Code</b></td></tr><tr><td>CWE.1 (Identifier)</td><td><a href="http://hl7.org/fhir/R5/codesystem-concept-map-relationship.html#equivalent" title="equivalent">is equivalent to</a></td><td>identifier.value</td></tr><tr><td>CWE.2 (Text)</td><td><a href="http://hl7.org/fhir/R5/codesystem-concept-map-relationship.html#equivalent" title="equivalent">is equivalent to</a></td><td>name</td></tr><tr><td>CWE.3 (Name of Coding System)</td><td><a href="http://hl7.org/fhir/R5/codesystem-concept-map-relationship.html#equivalent" title="equivalent">is equivalent to</a></td><td>identifier.system</td></tr><tr><td>CWE.9 (Original Text)</td><td><a href="http://hl7.org/fhir/R5/codesystem-concept-map-relationship.html#equivalent" title="equivalent">is equivalent to</a></td><td>name</td></tr></table></div>
  </text>
  <extension url="http://hl7.org/fhir/uv/v2mappings/StructureDefinition/RelatedArtifact">
    <extension url="type">
      <valueCode value="derived-from"/>
    </extension>
    <extension url="label">
      <valueString value="Datatype CWE to Organization.fsh"/>
    </extension>
    <extension url="url">
      <valueUri value="https://docs.google.com/spreadsheets/d/1WA2er1u1qS9eHFuGDo_MDZstWxdyg_34YnlohIO2dBU/edit#gid=0"/>
    </extension>
  </extension>
  <extension url="http://hl7.org/fhir/StructureDefinition/structuredefinition-wg">
    <valueCode value="oo"/>
  </extension>
  <extension url="http://hl7.org/fhir/StructureDefinition/structuredefinition-standards-status">
    <valueCode value="informative">
      <extension url="http://hl7.org/fhir/StructureDefinition/structuredefinition-conformance-derivedFrom">
        <valueCanonical value="http://hl7.org/fhir/uv/v2mappings/ImplementationGuide/hl7.fhir.uv.v2mappings"/>
      </extension>
    </valueCode>
  </extension>
  <url value="http://hl7.org/fhir/uv/v2mappings/ConceptMap/datatype-cwe-to-organization"/>
  <version value="1.0.0"/>
  <name value="DatatypeCWEToOrganization"/>
  <title value="Datatype CWE to Organization Map"/>
  <status value="active"/>
  <experimental value="true"/>
  <date value="2025-08-23"/>
  <publisher value="HL7 International / Orders and Observations"/>
  <contact>
    <name value="HL7 Orders and Observations Workgroup"/>
    <telecom>
      <system value="url"/>
      <value value="http://www.hl7.org/Special/committees/orders"/>
    </telecom>
  </contact>
  <description value="This ConceptMap represents a mapping from the HL7 V2 Datatype CWE to the FHIR Organization Resource."/>
  <jurisdiction>
    <coding>
      <system value="http://unstats.un.org/unsd/methods/m49/m49.htm"/>
      <code value="001"/>
    </coding>
  </jurisdiction>
  <copyright value="Copyright (c) 2025, HL7 International, Inc., All Rights Reserved."/>
  <group>
    <element>
      <extension url="http://hl7.org/fhir/uv/v2mappings/StructureDefinition/TypeInfo">
        <extension url="type">
          <valueCode value="ST"/>
        </extension>
        <extension url="cardinalityMin">
          <valueInteger value="0"/>
        </extension>
        <extension url="cardinalityMax">
          <valueInteger value="1"/>
        </extension>
      </extension>
      <code value="CWE.1"/>
      <display value="Identifier"/>
      <target>
        <extension url="http://hl7.org/fhir/uv/v2mappings/StructureDefinition/TypeInfo">
          <extension url="type">
            <valueCode value="string"/>
          </extension>
          <extension url="cardinalityMin">
            <valueInteger value="1"/>
          </extension>
          <extension url="cardinalityMax">
            <valueInteger value="1"/>
          </extension>
        </extension>
        <code value="identifier.value"/>
        <display value="identifier.value"/>
        <equivalence value="equivalent"/>
      </target>
    </element>
    <element>
      <extension url="http://hl7.org/fhir/uv/v2mappings/StructureDefinition/TypeInfo">
        <extension url="type">
          <valueCode value="ST"/>
        </extension>
        <extension url="cardinalityMin">
          <valueInteger value="0"/>
        </extension>
        <extension url="cardinalityMax">
          <valueInteger value="1"/>
        </extension>
      </extension>
      <code value="CWE.2"/>
      <display value="Text"/>
      <target>
        <extension url="http://hl7.org/fhir/uv/v2mappings/StructureDefinition/TypeInfo">
          <extension url="type">
            <valueCode value="string"/>
          </extension>
          <extension url="cardinalityMin">
            <valueInteger value="1"/>
          </extension>
          <extension url="cardinalityMax">
            <valueInteger value="1"/>
          </extension>
        </extension>
        <code value="name"/>
        <display value="name"/>
        <equivalence value="equivalent"/>
      </target>
    </element>
    <element>
      <extension url="http://hl7.org/fhir/uv/v2mappings/StructureDefinition/TypeInfo">
        <extension url="type">
          <valueCode value="ID"/>
        </extension>
        <extension url="cardinalityMin">
          <valueInteger value="0"/>
        </extension>
        <extension url="cardinalityMax">
          <valueInteger value="1"/>
        </extension>
      </extension>
      <code value="CWE.3"/>
      <display value="Name of Coding System"/>
      <target>
        <extension url="http://hl7.org/fhir/uv/v2mappings/StructureDefinition/TypeInfo">
          <extension url="type">
            <valueCode value="uri"/>
          </extension>
          <extension url="cardinalityMin">
            <valueInteger value="1"/>
          </extension>
          <extension url="cardinalityMax">
            <valueInteger value="1"/>
          </extension>
        </extension>
        <code value="identifier.system"/>
        <display value="identifier.system"/>
        <equivalence value="equivalent"/>
      </target>
    </element>
    <element>
      <extension url="http://hl7.org/fhir/uv/v2mappings/StructureDefinition/TypeInfo">
        <extension url="type">
          <valueCode value="ST"/>
        </extension>
        <extension url="cardinalityMin">
          <valueInteger value="0"/>
        </extension>
        <extension url="cardinalityMax">
          <valueInteger value="1"/>
        </extension>
      </extension>
      <code value="CWE.9"/>
      <display value="Original Text"/>
      <target>
        <extension url="http://hl7.org/fhir/uv/v2mappings/StructureDefinition/TypeInfo">
          <extension url="type">
            <valueCode value="string"/>
          </extension>
          <extension url="cardinalityMin">
            <valueInteger value="1"/>
          </extension>
          <extension url="cardinalityMax">
            <valueInteger value="1"/>
          </extension>
        </extension>
        <code value="name"/>
        <display value="name"/>
        <equivalence value="equivalent"/>
      </target>
    </element>
  </group>
</ConceptMap>