<?xml version="1.0" encoding="UTF-8"?>

<ConceptMap xmlns="http://hl7.org/fhir">
  <id value="table-hl70078-to-v3-observationinterpretation"/>
  <text>
    <status value="generated"/><div xmlns="http://www.w3.org/1999/xhtml"><p class="res-header-id"><b>Generated Narrative: ConceptMap table-hl70078-to-v3-observationinterpretation</b></p><a name="table-hl70078-to-v3-observationinterpretation"> </a><a name="hctable-hl70078-to-v3-observationinterpretation"> </a><p>Mapping from <a href="http://terminology.hl7.org/6.5.0/ValueSet-v3-ObservationInterpretation.html">ObservationInterpretation</a> to (not specified)</p><br/><p><b>Group 1 </b>Mapping from <a href="http://terminology.hl7.org/6.5.0/CodeSystem-v3-ObservationInterpretation.html">ObservationInterpretation</a> to <a href="http://terminology.hl7.org/6.5.0/CodeSystem-v3-ObservationInterpretation.html">ObservationInterpretation</a></p><table class="grid"><tr><td><b>Source Code</b></td><td><b>Relationship</b></td><td><b>Target Code</b></td></tr><tr><td>&lt; (Off scale low)</td><td><a href="http://hl7.org/fhir/R5/codesystem-concept-map-relationship.html#equivalent" title="equivalent">is equivalent to</a></td><td>&lt; (Off scale low)</td></tr><tr><td>&gt; (Off scale high)</td><td><a href="http://hl7.org/fhir/R5/codesystem-concept-map-relationship.html#equivalent" title="equivalent">is equivalent to</a></td><td>&gt; (Off scale high)</td></tr><tr><td>A (Abnormal)</td><td><a href="http://hl7.org/fhir/R5/codesystem-concept-map-relationship.html#equivalent" title="equivalent">is equivalent to</a></td><td>A (Abnormal)</td></tr><tr><td>AA (Critical abnormal)</td><td><a href="http://hl7.org/fhir/R5/codesystem-concept-map-relationship.html#equivalent" title="equivalent">is equivalent to</a></td><td>AA (Critical abnormal)</td></tr><tr><td>B (Better)</td><td><a href="http://hl7.org/fhir/R5/codesystem-concept-map-relationship.html#equivalent" title="equivalent">is equivalent to</a></td><td>B (Better)</td></tr><tr><td>CAR (Carrier)</td><td><a href="http://hl7.org/fhir/R5/codesystem-concept-map-relationship.html#equivalent" title="equivalent">is equivalent to</a></td><td>CAR (Carrier)</td></tr><tr><td>D (Significant change down)</td><td><a href="http://hl7.org/fhir/R5/codesystem-concept-map-relationship.html#equivalent" title="equivalent">is equivalent to</a></td><td>D (Significant change down)</td></tr><tr><td>DET (Detected)</td><td><a href="http://hl7.org/fhir/R5/codesystem-concept-map-relationship.html#equivalent" title="equivalent">is equivalent to</a></td><td>DET (Detected)</td></tr><tr><td>E (Equivocal)</td><td><a href="http://hl7.org/fhir/R5/codesystem-concept-map-relationship.html#equivalent" title="equivalent">is equivalent to</a></td><td>E (Equivocal)</td></tr><tr><td>EX (outside threshold)</td><td><a href="http://hl7.org/fhir/R5/codesystem-concept-map-relationship.html#equivalent" title="equivalent">is equivalent to</a></td><td>EX (outside threshold)</td></tr><tr><td>EXP (Expected)</td><td><a href="http://hl7.org/fhir/R5/codesystem-concept-map-relationship.html#equivalent" title="equivalent">is equivalent to</a></td><td>EXP (Expected)</td></tr><tr><td>H (High)</td><td><a href="http://hl7.org/fhir/R5/codesystem-concept-map-relationship.html#equivalent" title="equivalent">is equivalent to</a></td><td>H (High)</td></tr><tr><td>HH (Critical high)</td><td><a href="http://hl7.org/fhir/R5/codesystem-concept-map-relationship.html#equivalent" title="equivalent">is equivalent to</a></td><td>HH (Critical high)</td></tr><tr><td>HU (Significantly high)</td><td><a href="http://hl7.org/fhir/R5/codesystem-concept-map-relationship.html#equivalent" title="equivalent">is equivalent to</a></td><td>HU (Significantly high)</td></tr><tr><td>I (Intermediate)</td><td><a href="http://hl7.org/fhir/R5/codesystem-concept-map-relationship.html#equivalent" title="equivalent">is equivalent to</a></td><td>I (Intermediate)</td></tr><tr><td>IE (Insufficient evidence)</td><td><a href="http://hl7.org/fhir/R5/codesystem-concept-map-relationship.html#equivalent" title="equivalent">is equivalent to</a></td><td>IE (Insufficient evidence)</td></tr><tr><td>IND (Indeterminate)</td><td><a href="http://hl7.org/fhir/R5/codesystem-concept-map-relationship.html#equivalent" title="equivalent">is equivalent to</a></td><td>IND (Indeterminate)</td></tr><tr><td>L (Low)</td><td><a href="http://hl7.org/fhir/R5/codesystem-concept-map-relationship.html#equivalent" title="equivalent">is equivalent to</a></td><td>L (Low)</td></tr><tr><td>LL (Critical low)</td><td><a href="http://hl7.org/fhir/R5/codesystem-concept-map-relationship.html#equivalent" title="equivalent">is equivalent to</a></td><td>LL (Critical low)</td></tr><tr><td>LU (Significantly low)</td><td><a href="http://hl7.org/fhir/R5/codesystem-concept-map-relationship.html#equivalent" title="equivalent">is equivalent to</a></td><td>LU (Significantly low)</td></tr><tr><td>MS (moderately susceptible)</td><td><a href="http://hl7.org/fhir/R5/codesystem-concept-map-relationship.html#equivalent" title="equivalent">is equivalent to</a></td><td>MS (moderately susceptible)</td></tr><tr><td>N (Normal)</td><td><a href="http://hl7.org/fhir/R5/codesystem-concept-map-relationship.html#equivalent" title="equivalent">is equivalent to</a></td><td>N (Normal)</td></tr><tr><td>NCL (No CLSI defined breakpoint)</td><td><a href="http://hl7.org/fhir/R5/codesystem-concept-map-relationship.html#equivalent" title="equivalent">is equivalent to</a></td><td>NCL (No CLSI defined breakpoint)</td></tr><tr><td>ND (Not Detected)</td><td><a href="http://hl7.org/fhir/R5/codesystem-concept-map-relationship.html#equivalent" title="equivalent">is equivalent to</a></td><td>ND (Not detected)</td></tr><tr><td>NEG (Negative)</td><td><a href="http://hl7.org/fhir/R5/codesystem-concept-map-relationship.html#equivalent" title="equivalent">is equivalent to</a></td><td>NEG (Negative)</td></tr><tr><td>NR (Non-reactive)</td><td><a href="http://hl7.org/fhir/R5/codesystem-concept-map-relationship.html#equivalent" title="equivalent">is equivalent to</a></td><td>NR (Non-reactive)</td></tr><tr><td>NS (Non-susceptible)</td><td><a href="http://hl7.org/fhir/R5/codesystem-concept-map-relationship.html#equivalent" title="equivalent">is equivalent to</a></td><td>NS (Non-susceptible)</td></tr><tr><td>POS (Positive)</td><td><a href="http://hl7.org/fhir/R5/codesystem-concept-map-relationship.html#equivalent" title="equivalent">is equivalent to</a></td><td>POS (Positive)</td></tr><tr><td>R (Resistant)</td><td><a href="http://hl7.org/fhir/R5/codesystem-concept-map-relationship.html#equivalent" title="equivalent">is equivalent to</a></td><td>R (Resistant)</td></tr><tr><td>RR (Reactive)</td><td><a href="http://hl7.org/fhir/R5/codesystem-concept-map-relationship.html#equivalent" title="equivalent">is equivalent to</a></td><td>RR (Reactive)</td></tr><tr><td>S (Susceptible)</td><td><a href="http://hl7.org/fhir/R5/codesystem-concept-map-relationship.html#equivalent" title="equivalent">is equivalent to</a></td><td>S (Susceptible)</td></tr><tr><td>SDD (Susceptible-dose dependent)</td><td><a href="http://hl7.org/fhir/R5/codesystem-concept-map-relationship.html#equivalent" title="equivalent">is equivalent to</a></td><td>SDD (Susceptible-dose dependent)</td></tr><tr><td>SYN-R (Synergy - resistant)</td><td><a href="http://hl7.org/fhir/R5/codesystem-concept-map-relationship.html#equivalent" title="equivalent">is equivalent to</a></td><td>SYN-R (Synergy - resistant)</td></tr><tr><td>SYN-S (Synergy - susceptible)</td><td><a href="http://hl7.org/fhir/R5/codesystem-concept-map-relationship.html#equivalent" title="equivalent">is equivalent to</a></td><td>SYN-S (Synergy - susceptible)</td></tr><tr><td>U (Significant change up)</td><td><a href="http://hl7.org/fhir/R5/codesystem-concept-map-relationship.html#equivalent" title="equivalent">is equivalent to</a></td><td>U (Significant change up)</td></tr><tr><td>VS (very susceptible)</td><td><a href="http://hl7.org/fhir/R5/codesystem-concept-map-relationship.html#equivalent" title="equivalent">is equivalent to</a></td><td>VS (very susceptible)</td></tr><tr><td>UNE (Unexpected)</td><td><a href="http://hl7.org/fhir/R5/codesystem-concept-map-relationship.html#equivalent" title="equivalent">is equivalent to</a></td><td>UNE (Unexpected)</td></tr><tr><td>W (Worse)</td><td><a href="http://hl7.org/fhir/R5/codesystem-concept-map-relationship.html#equivalent" title="equivalent">is equivalent to</a></td><td>W (Worse)</td></tr><tr><td>WR (Weakly reactive)</td><td><a href="http://hl7.org/fhir/R5/codesystem-concept-map-relationship.html#equivalent" title="equivalent">is equivalent to</a></td><td>WR (Weakly reactive)</td></tr></table><hr/><p><b>Group 2 </b>Mapping from <a href="http://terminology.hl7.org/6.5.0/CodeSystem-v3-ObservationInterpretation.html">ObservationInterpretation</a> to <code>unspecified code system</code></p><table class="grid"><tr><td><b>Source Code</b></td><td><b>Relationship</b></td><td><b>Target Code</b></td></tr><tr><td>AC (Anti-complementary substances present)</td><td colspan="2" style="background-color: #efefef">(not mapped)</td></tr><tr><td>HM (Hold for Medical Review)</td><td colspan="2" style="background-color: #efefef">(not mapped)</td></tr><tr><td>OBX (Interpretation qualifiers in separate OBX segments)</td><td colspan="2" style="background-color: #efefef">(not mapped)</td></tr><tr><td>QCF (Quality Control Failure)</td><td colspan="2" style="background-color: #efefef">(not mapped)</td></tr><tr><td>TOX (Cytotoxic substance present)</td><td colspan="2" style="background-color: #efefef">(not mapped)</td></tr></table></div>
  </text>
  <extension url="http://hl7.org/fhir/uv/v2mappings/StructureDefinition/RelatedArtifact">
    <extension url="type">
      <valueCode value="derived-from"/>
    </extension>
    <extension url="label">
      <valueString value="Table HL70078 to V3 ObservationInterpretation.fsh"/>
    </extension>
    <extension url="url">
      <valueUri value="https://docs.google.com/spreadsheets/d/1mxMfcCgpRM2gH6QBOxndzjZcy22MzlskspqEmNADLp8/edit#gid=0"/>
    </extension>
  </extension>
  <extension url="http://hl7.org/fhir/StructureDefinition/structuredefinition-wg">
    <valueCode value="oo"/>
  </extension>
  <extension url="http://hl7.org/fhir/StructureDefinition/structuredefinition-standards-status">
    <valueCode value="informative">
      <extension url="http://hl7.org/fhir/StructureDefinition/structuredefinition-conformance-derivedFrom">
        <valueCanonical value="http://hl7.org/fhir/uv/v2mappings/ImplementationGuide/hl7.fhir.uv.v2mappings"/>
      </extension>
    </valueCode>
  </extension>
  <url value="http://hl7.org/fhir/uv/v2mappings/ConceptMap/table-hl70078-to-v3-observationinterpretation"/>
  <version value="1.0.0"/>
  <name value="TableHL70078ToV3ObservationInterpretation"/>
  <title value="Table HL70078 to V3 ObservationInterpretation Map"/>
  <status value="active"/>
  <experimental value="true"/>
  <date value="2025-08-23"/>
  <publisher value="HL7 International / Orders and Observations"/>
  <contact>
    <name value="HL7 Orders and Observations Workgroup"/>
    <telecom>
      <system value="url"/>
      <value value="http://www.hl7.org/Special/committees/orders"/>
    </telecom>
  </contact>
  <description value="This ConceptMap represents a mapping from the HL7 V2 Table HL70078 to the FHIR V3 ObservationInterpretation Value Set."/>
  <jurisdiction>
    <coding>
      <system value="http://unstats.un.org/unsd/methods/m49/m49.htm"/>
      <code value="001"/>
    </coding>
  </jurisdiction>
  <copyright value="Copyright (c) 2025, HL7 International, Inc., All Rights Reserved."/>
  <sourceUri value="http://terminology.hl7.org/ValueSet/v3-ObservationInterpretation"/>
  <group>
    <source value="http://terminology.hl7.org/CodeSystem/v3-ObservationInterpretation"/>
    <target value="http://terminology.hl7.org/CodeSystem/v3-ObservationInterpretation"/>
    <element>
      <code value="&lt;"/>
      <display value="Off scale low"/>
      <target>
        <code value="&lt;"/>
        <display value="Off scale low"/>
        <equivalence value="equivalent"/>
      </target>
    </element>
    <element>
      <code value="&gt;"/>
      <display value="Off scale high"/>
      <target>
        <code value="&gt;"/>
        <display value="Off scale high"/>
        <equivalence value="equivalent"/>
      </target>
    </element>
    <element>
      <code value="A"/>
      <display value="Abnormal"/>
      <target>
        <code value="A"/>
        <display value="Abnormal"/>
        <equivalence value="equivalent"/>
      </target>
    </element>
    <element>
      <code value="AA"/>
      <display value="Critical abnormal"/>
      <target>
        <code value="AA"/>
        <display value="Critical abnormal"/>
        <equivalence value="equivalent"/>
      </target>
    </element>
    <element>
      <code value="B"/>
      <display value="Better"/>
      <target>
        <code value="B"/>
        <display value="Better"/>
        <equivalence value="equivalent"/>
      </target>
    </element>
    <element>
      <code value="CAR"/>
      <display value="Carrier"/>
      <target>
        <code value="CAR"/>
        <display value="Carrier"/>
        <equivalence value="equivalent"/>
      </target>
    </element>
    <element>
      <code value="D"/>
      <display value="Significant change down"/>
      <target>
        <code value="D"/>
        <display value="Significant change down"/>
        <equivalence value="equivalent"/>
      </target>
    </element>
    <element>
      <code value="DET"/>
      <display value="Detected"/>
      <target>
        <code value="DET"/>
        <display value="Detected"/>
        <equivalence value="equivalent"/>
      </target>
    </element>
    <element>
      <code value="E"/>
      <display value="Equivocal"/>
      <target>
        <code value="E"/>
        <display value="Equivocal"/>
        <equivalence value="equivalent"/>
      </target>
    </element>
    <element>
      <code value="EX"/>
      <display value="outside threshold"/>
      <target>
        <code value="EX"/>
        <display value="outside threshold"/>
        <equivalence value="equivalent"/>
      </target>
    </element>
    <element>
      <code value="EXP"/>
      <display value="Expected"/>
      <target>
        <code value="EXP"/>
        <display value="Expected"/>
        <equivalence value="equivalent"/>
      </target>
    </element>
    <element>
      <code value="H"/>
      <display value="High"/>
      <target>
        <code value="H"/>
        <display value="High"/>
        <equivalence value="equivalent"/>
      </target>
    </element>
    <element>
      <code value="HH"/>
      <display value="Critical high"/>
      <target>
        <code value="HH"/>
        <display value="Critical high"/>
        <equivalence value="equivalent"/>
      </target>
    </element>
    <element>
      <code value="HU"/>
      <display value="Significantly high"/>
      <target>
        <code value="HU"/>
        <display value="Significantly high"/>
        <equivalence value="equivalent"/>
      </target>
    </element>
    <element>
      <code value="I"/>
      <display value="Intermediate"/>
      <target>
        <code value="I"/>
        <display value="Intermediate"/>
        <equivalence value="equivalent"/>
      </target>
    </element>
    <element>
      <code value="IE"/>
      <display value="Insufficient evidence"/>
      <target>
        <code value="IE"/>
        <display value="Insufficient evidence"/>
        <equivalence value="equivalent"/>
      </target>
    </element>
    <element>
      <code value="IND"/>
      <display value="Indeterminate"/>
      <target>
        <code value="IND"/>
        <display value="Indeterminate"/>
        <equivalence value="equivalent"/>
      </target>
    </element>
    <element>
      <code value="L"/>
      <display value="Low"/>
      <target>
        <code value="L"/>
        <display value="Low"/>
        <equivalence value="equivalent"/>
      </target>
    </element>
    <element>
      <code value="LL"/>
      <display value="Critical low"/>
      <target>
        <code value="LL"/>
        <display value="Critical low"/>
        <equivalence value="equivalent"/>
      </target>
    </element>
    <element>
      <code value="LU"/>
      <display value="Significantly low"/>
      <target>
        <code value="LU"/>
        <display value="Significantly low"/>
        <equivalence value="equivalent"/>
      </target>
    </element>
    <element>
      <code value="MS"/>
      <display value="moderately susceptible"/>
      <target>
        <code value="MS"/>
        <display value="moderately susceptible"/>
        <equivalence value="equivalent"/>
      </target>
    </element>
    <element>
      <code value="N"/>
      <display value="Normal"/>
      <target>
        <code value="N"/>
        <display value="Normal"/>
        <equivalence value="equivalent"/>
      </target>
    </element>
    <element>
      <code value="NCL"/>
      <display value="No CLSI defined breakpoint"/>
      <target>
        <code value="NCL"/>
        <display value="No CLSI defined breakpoint"/>
        <equivalence value="equivalent"/>
      </target>
    </element>
    <element>
      <code value="ND"/>
      <display value="Not Detected"/>
      <target>
        <code value="ND"/>
        <display value="Not detected"/>
        <equivalence value="equivalent"/>
      </target>
    </element>
    <element>
      <code value="NEG"/>
      <display value="Negative"/>
      <target>
        <code value="NEG"/>
        <display value="Negative"/>
        <equivalence value="equivalent"/>
      </target>
    </element>
    <element>
      <code value="NR"/>
      <display value="Non-reactive"/>
      <target>
        <code value="NR"/>
        <display value="Non-reactive"/>
        <equivalence value="equivalent"/>
      </target>
    </element>
    <element>
      <code value="NS"/>
      <display value="Non-susceptible"/>
      <target>
        <code value="NS"/>
        <display value="Non-susceptible"/>
        <equivalence value="equivalent"/>
      </target>
    </element>
    <element>
      <code value="POS"/>
      <display value="Positive"/>
      <target>
        <code value="POS"/>
        <display value="Positive"/>
        <equivalence value="equivalent"/>
      </target>
    </element>
    <element>
      <code value="R"/>
      <display value="Resistant"/>
      <target>
        <code value="R"/>
        <display value="Resistant"/>
        <equivalence value="equivalent"/>
      </target>
    </element>
    <element>
      <code value="RR"/>
      <display value="Reactive"/>
      <target>
        <code value="RR"/>
        <display value="Reactive"/>
        <equivalence value="equivalent"/>
      </target>
    </element>
    <element>
      <code value="S"/>
      <display value="Susceptible"/>
      <target>
        <code value="S"/>
        <display value="Susceptible"/>
        <equivalence value="equivalent"/>
      </target>
    </element>
    <element>
      <code value="SDD"/>
      <display value="Susceptible-dose dependent"/>
      <target>
        <code value="SDD"/>
        <display value="Susceptible-dose dependent"/>
        <equivalence value="equivalent"/>
      </target>
    </element>
    <element>
      <code value="SYN-R"/>
      <display value="Synergy - resistant"/>
      <target>
        <code value="SYN-R"/>
        <display value="Synergy - resistant"/>
        <equivalence value="equivalent"/>
      </target>
    </element>
    <element>
      <code value="SYN-S"/>
      <display value="Synergy - susceptible"/>
      <target>
        <code value="SYN-S"/>
        <display value="Synergy - susceptible"/>
        <equivalence value="equivalent"/>
      </target>
    </element>
    <element>
      <code value="U"/>
      <display value="Significant change up"/>
      <target>
        <code value="U"/>
        <display value="Significant change up"/>
        <equivalence value="equivalent"/>
      </target>
    </element>
    <element>
      <code value="VS"/>
      <display value="very susceptible"/>
      <target>
        <code value="VS"/>
        <display value="very susceptible"/>
        <equivalence value="equivalent"/>
      </target>
    </element>
    <element>
      <code value="UNE"/>
      <display value="Unexpected"/>
      <target>
        <code value="UNE"/>
        <display value="Unexpected"/>
        <equivalence value="equivalent"/>
      </target>
    </element>
    <element>
      <code value="W"/>
      <display value="Worse"/>
      <target>
        <code value="W"/>
        <display value="Worse"/>
        <equivalence value="equivalent"/>
      </target>
    </element>
    <element>
      <code value="WR"/>
      <display value="Weakly reactive"/>
      <target>
        <code value="WR"/>
        <display value="Weakly reactive"/>
        <equivalence value="equivalent"/>
      </target>
    </element>
  </group>
  <group>
    <source value="http://terminology.hl7.org/CodeSystem/v3-ObservationInterpretation"/>
    <element>
      <code value="AC"/>
      <display value="Anti-complementary substances present"/>
      <target>
        <equivalence value="unmatched"/>
      </target>
    </element>
    <element>
      <code value="HM"/>
      <display value="Hold for Medical Review"/>
      <target>
        <equivalence value="unmatched"/>
      </target>
    </element>
    <element>
      <code value="OBX"/>
      <display value="Interpretation qualifiers in separate OBX segments"/>
      <target>
        <equivalence value="unmatched"/>
      </target>
    </element>
    <element>
      <code value="QCF"/>
      <display value="Quality Control Failure"/>
      <target>
        <equivalence value="unmatched"/>
      </target>
    </element>
    <element>
      <code value="TOX"/>
      <display value="Cytotoxic substance present"/>
      <target>
        <equivalence value="unmatched"/>
      </target>
    </element>
  </group>
</ConceptMap>