<?xml version="1.0" encoding="UTF-8"?>

<ConceptMap xmlns="http://hl7.org/fhir">
  <id value="segment-pr1-to-procedure"/>
  <text>
    <status value="generated"/><div xmlns="http://www.w3.org/1999/xhtml"><p class="res-header-id"><b>Generated Narrative: ConceptMap segment-pr1-to-procedure</b></p><a name="segment-pr1-to-procedure"> </a><a name="hcsegment-pr1-to-procedure"> </a><p>Mapping from (not specified) to (not specified)</p><br/><p><b>Group 1 </b>Mapping from <code>unspecified code system</code> to <code>unspecified code system</code></p><table class="grid"><tr><td colspan="4"><b>Source Concept Details</b></td><td><b>Relationship</b></td><td colspan="2"><b>Target Concept Details</b></td><td><b>Comment</b></td></tr><tr><td colspan="2"><b>Codes</b> from </td><td><b>NarrativeCondition</b></td><td><b>ComputableANTLR</b></td><td/><td colspan="2"><b>Codes</b> from </td><td/></tr><tr><td style="border-right-width: 0px">PR1</td><td style="border-left-width: 0px"/><td>The value mapping depends on the message context where the PR1 is used and to be determined by the implementer.  If not clear, use &quot;unknown&quot;.</td><td/><td><a href="http://hl7.org/fhir/R5/codesystem-concept-map-relationship.html#equivalent" title="equivalent">is equivalent to</a></td><td style="border-right-width: 0px">status</td><td style="border-left-width: 0px">status</td><td/></tr><tr><td style="border-right-width: 0px">PR1-3</td><td style="border-left-width: 0px">Procedure Code</td><td/><td/><td><a href="http://hl7.org/fhir/R5/codesystem-concept-map-relationship.html#equivalent" title="equivalent">is equivalent to</a></td><td style="border-right-width: 0px">code[1]</td><td style="border-left-width: 0px">code[1]</td><td/></tr><tr><td style="border-right-width: 0px">PR1-4</td><td style="border-left-width: 0px">Procedure Description</td><td/><td>IF PR1-3.9 NOT VALUED</td><td><a href="http://hl7.org/fhir/R5/codesystem-concept-map-relationship.html#equivalent" title="equivalent">is equivalent to</a></td><td style="border-right-width: 0px">code.text</td><td style="border-left-width: 0px">code.text</td><td>PR1-4 was deprecated in v2.3</td></tr><tr><td style="border-right-width: 0px">PR1-5</td><td style="border-left-width: 0px">Procedure Date/Time</td><td/><td>IF PR1-7 NOT VALUED</td><td><a href="http://hl7.org/fhir/R5/codesystem-concept-map-relationship.html#equivalent" title="equivalent">is equivalent to</a></td><td style="border-right-width: 0px">performedDateTime</td><td style="border-left-width: 0px">performedDateTime</td><td/></tr><tr><td style="border-right-width: 0px">PR1-5</td><td style="border-left-width: 0px">Procedure Date/Time</td><td/><td>IF PR1-7 VALUED AND PR1-5.5 NOT VALUED</td><td><a href="http://hl7.org/fhir/R5/codesystem-concept-map-relationship.html#equivalent" title="equivalent">is equivalent to</a></td><td style="border-right-width: 0px">performedDateTime</td><td style="border-left-width: 0px">performedDateTime</td><td>The Procedure date/time must be at least to the granularity of minutes if a performedPeriod is to be created from PR1-5 and PR1-7</td></tr><tr><td style="border-right-width: 0px">PR1-5</td><td style="border-left-width: 0px">Procedure Date/Time</td><td/><td>IF PR1-7 VALUED AND PR1-5.5 VALUED</td><td><a href="http://hl7.org/fhir/R5/codesystem-concept-map-relationship.html#equivalent" title="equivalent">is equivalent to</a></td><td style="border-right-width: 0px">performedPeriod.start</td><td style="border-left-width: 0px">performedPeriod.start</td><td/></tr><tr><td style="border-right-width: 0px">PR1-6</td><td style="border-left-width: 0px">Procedure Functional Type</td><td/><td/><td><a href="http://hl7.org/fhir/R5/codesystem-concept-map-relationship.html#equivalent" title="equivalent">is equivalent to</a></td><td style="border-right-width: 0px">category</td><td style="border-left-width: 0px">category</td><td/></tr><tr><td style="border-right-width: 0px">PR1-7</td><td style="border-left-width: 0px">Procedure Minutes</td><td/><td>IF PR1-5.5 IS VALUED</td><td><a href="http://hl7.org/fhir/R5/codesystem-concept-map-relationship.html#equivalent" title="equivalent">is equivalent to</a></td><td style="border-right-width: 0px">performedPeriod.end</td><td style="border-left-width: 0px">performedPeriod.end</td><td>The number of minutes in PR1-7 must be added to the time in PR1-5 to get the endpoint of the performedPeriod (note that other elements of the date/time (hours, date, etc) may also need to be changed depending on the length of the procedure)</td></tr><tr><td style="border-right-width: 0px">PR1-8</td><td style="border-left-width: 0px">Anesthesiologist</td><td/><td/><td><a href="http://hl7.org/fhir/R5/codesystem-concept-map-relationship.html#equivalent" title="equivalent">is equivalent to</a></td><td style="border-right-width: 0px">performer[1].actor(Practitioner)</td><td style="border-left-width: 0px">performer[1].actor(Practitioner)</td><td/></tr><tr><td style="border-right-width: 0px">PR1-8</td><td style="border-left-width: 0px">Anesthesiologist</td><td/><td/><td><a href="http://hl7.org/fhir/R5/codesystem-concept-map-relationship.html#equivalent" title="equivalent">is equivalent to</a></td><td style="border-right-width: 0px">performer[1].function.coding.code</td><td style="border-left-width: 0px">performer[1].function.coding.code</td><td/></tr><tr><td style="border-right-width: 0px">PR1-8</td><td style="border-left-width: 0px">Anesthesiologist</td><td/><td/><td><a href="http://hl7.org/fhir/R5/codesystem-concept-map-relationship.html#equivalent" title="equivalent">is equivalent to</a></td><td style="border-right-width: 0px">performer[1].function.coding.uri</td><td style="border-left-width: 0px">performer[1].function.coding.uri</td><td/></tr><tr><td style="border-right-width: 0px">PR1-11</td><td style="border-left-width: 0px">Surgeon</td><td/><td/><td><a href="http://hl7.org/fhir/R5/codesystem-concept-map-relationship.html#equivalent" title="equivalent">is equivalent to</a></td><td style="border-right-width: 0px">performer[2].actor(Practitioner)</td><td style="border-left-width: 0px">performer[2].actor(Practitioner)</td><td/></tr><tr><td style="border-right-width: 0px">PR1-11</td><td style="border-left-width: 0px">Surgeon</td><td/><td/><td><a href="http://hl7.org/fhir/R5/codesystem-concept-map-relationship.html#equivalent" title="equivalent">is equivalent to</a></td><td style="border-right-width: 0px">performer[2].function.coding.code</td><td style="border-left-width: 0px">performer[2].function.coding.code</td><td/></tr><tr><td style="border-right-width: 0px">PR1-11</td><td style="border-left-width: 0px">Surgeon</td><td/><td/><td><a href="http://hl7.org/fhir/R5/codesystem-concept-map-relationship.html#equivalent" title="equivalent">is equivalent to</a></td><td style="border-right-width: 0px">performer[2].function.coding.uri</td><td style="border-left-width: 0px">performer[2].function.coding.uri</td><td/></tr><tr><td style="border-right-width: 0px">PR1-12</td><td style="border-left-width: 0px">Procedure Practitioner</td><td/><td/><td><a href="http://hl7.org/fhir/R5/codesystem-concept-map-relationship.html#equivalent" title="equivalent">is equivalent to</a></td><td style="border-right-width: 0px">performer[3].actor(Practitioner)</td><td style="border-left-width: 0px">performer[3].actor(Practitioner)</td><td>Because PR1-12 is less specific than other fields in PR1 in regards to the role of the practitioner, this mapping is not providing a default code for performer.function. But if an implementation knows the function of the providers being exchanged in PR1-12, than a implementation-specific value for performer.function may be assigned on a case by case basis.</td></tr><tr><td style="border-right-width: 0px">PR1-15</td><td style="border-left-width: 0px">Associated Diagnosis Code</td><td/><td/><td><a href="http://hl7.org/fhir/R5/codesystem-concept-map-relationship.html#equivalent" title="equivalent">is equivalent to</a></td><td style="border-right-width: 0px">reasonCode</td><td style="border-left-width: 0px">reasonCode</td><td/></tr><tr><td style="border-right-width: 0px">PR1-16</td><td style="border-left-width: 0px">Procedure Code Modifier</td><td/><td/><td><a href="http://hl7.org/fhir/R5/codesystem-concept-map-relationship.html#equivalent" title="equivalent">is equivalent to</a></td><td style="border-right-width: 0px">code[1].value</td><td style="border-left-width: 0px">code[1].value</td><td>If there are multiple modifiers, they are all further concatenated using the &quot;:&quot; as the separator into Procedure.code.value in accordance to the guidance here: https://terminology.hl7.org/CPT.html#modifier-syntax</td></tr><tr><td style="border-right-width: 0px">PR1-19</td><td style="border-left-width: 0px">Procedure Identifier</td><td/><td/><td><a href="http://hl7.org/fhir/R5/codesystem-concept-map-relationship.html#equivalent" title="equivalent">is equivalent to</a></td><td style="border-right-width: 0px">identifier</td><td style="border-left-width: 0px">identifier</td><td/></tr><tr><td style="border-right-width: 0px">PR1-23</td><td style="border-left-width: 0px">Treating Organizational Unit</td><td/><td/><td><a href="http://hl7.org/fhir/R5/codesystem-concept-map-relationship.html#equivalent" title="equivalent">is equivalent to</a></td><td style="border-right-width: 0px">location(Location)</td><td style="border-left-width: 0px">location(Location)</td><td>We will address &gt;=2 cardinality if somebody raises the need.</td></tr><tr><td style="border-right-width: 0px">PR1-25</td><td style="border-left-width: 0px">Parent Procedure ID</td><td/><td/><td><a href="http://hl7.org/fhir/R5/codesystem-concept-map-relationship.html#equivalent" title="equivalent">is equivalent to</a></td><td style="border-right-width: 0px">partOf(Procedure.identifier)</td><td style="border-left-width: 0px">partOf(Procedure.identifier)</td><td>Procedure.partOf should contain the reference to another Procedure resource where Procedure.identifier matches the value of PR1-25</td></tr></table></div>
  </text>
  <extension url="http://hl7.org/fhir/uv/v2mappings/StructureDefinition/RelatedArtifact">
    <extension url="type">
      <valueCode value="derived-from"/>
    </extension>
    <extension url="label">
      <valueString value="Segment PR1 to Procedure.fsh"/>
    </extension>
    <extension url="url">
      <valueUri value="https://docs.google.com/spreadsheets/d/12jwNxyJ4zvjtbYbDGgnd_Pg7GsuG0iQK3TlJtDsADOU/edit#gid=0"/>
    </extension>
  </extension>
  <extension url="http://hl7.org/fhir/StructureDefinition/structuredefinition-wg">
    <valueCode value="oo"/>
  </extension>
  <extension url="http://hl7.org/fhir/StructureDefinition/structuredefinition-standards-status">
    <valueCode value="informative">
      <extension url="http://hl7.org/fhir/StructureDefinition/structuredefinition-conformance-derivedFrom">
        <valueCanonical value="http://hl7.org/fhir/uv/v2mappings/ImplementationGuide/hl7.fhir.uv.v2mappings"/>
      </extension>
    </valueCode>
  </extension>
  <url value="http://hl7.org/fhir/uv/v2mappings/ConceptMap/segment-pr1-to-procedure"/>
  <version value="1.0.0"/>
  <name value="SegmentPR1ToProcedure"/>
  <title value="Segment PR1 to Procedure Map"/>
  <status value="active"/>
  <experimental value="true"/>
  <date value="2025-08-23"/>
  <publisher value="HL7 International / Orders and Observations"/>
  <contact>
    <name value="HL7 Orders and Observations Workgroup"/>
    <telecom>
      <system value="url"/>
      <value value="http://www.hl7.org/Special/committees/orders"/>
    </telecom>
  </contact>
  <description value="This ConceptMap represents a mapping from the HL7 V2 Segment PR1 to the FHIR Procedure Resource."/>
  <jurisdiction>
    <coding>
      <system value="http://unstats.un.org/unsd/methods/m49/m49.htm"/>
      <code value="001"/>
    </coding>
  </jurisdiction>
  <copyright value="Copyright (c) 2025, HL7 International, Inc., All Rights Reserved."/>
  <group>
    <element>
      <code value="PR1"/>
      <target>
        <extension url="http://hl7.org/fhir/uv/v2mappings/StructureDefinition/TypeInfo">
          <extension url="type">
            <valueCode value="code"/>
          </extension>
          <extension url="cardinalityMin">
            <valueInteger value="1"/>
          </extension>
          <extension url="cardinalityMax">
            <valueInteger value="1"/>
          </extension>
        </extension>
        <code value="status"/>
        <display value="status"/>
        <equivalence value="equivalent"/>
        <dependsOn>
          <property value="Narrative-Condition"/>
          <value value="The value mapping depends on the message context where the PR1 is used and to be determined by the implementer.  If not clear, use &quot;unknown&quot;."/>
        </dependsOn>
      </target>
    </element>
    <element>
      <extension url="http://hl7.org/fhir/uv/v2mappings/StructureDefinition/TypeInfo">
        <extension url="type">
          <valueCode value="CNE"/>
        </extension>
        <extension url="cardinalityMin">
          <valueInteger value="-1"/>
        </extension>
        <extension url="cardinalityMax">
          <valueInteger value="-1"/>
        </extension>
      </extension>
      <code value="PR1-3"/>
      <display value="Procedure Code"/>
      <target>
        <extension url="http://hl7.org/fhir/uv/v2mappings/StructureDefinition/TypeInfo">
          <extension url="type">
            <valueCode value="CodeableConcept"/>
          </extension>
          <extension url="cardinalityMin">
            <valueInteger value="0"/>
          </extension>
          <extension url="cardinalityMax">
            <valueInteger value="1"/>
          </extension>
        </extension>
        <code value="code[1]"/>
        <display value="code[1]"/>
        <equivalence value="equivalent"/>
      </target>
    </element>
    <element>
      <extension url="http://hl7.org/fhir/uv/v2mappings/StructureDefinition/TypeInfo">
        <extension url="type">
          <valueCode value="ST"/>
        </extension>
        <extension url="cardinalityMin">
          <valueInteger value="-1"/>
        </extension>
        <extension url="cardinalityMax">
          <valueInteger value="-1"/>
        </extension>
      </extension>
      <code value="PR1-4"/>
      <display value="Procedure Description"/>
      <target>
        <extension url="http://hl7.org/fhir/uv/v2mappings/StructureDefinition/TypeInfo">
          <extension url="type">
            <valueCode value="string"/>
          </extension>
          <extension url="cardinalityMin">
            <valueInteger value="0"/>
          </extension>
          <extension url="cardinalityMax">
            <valueInteger value="1"/>
          </extension>
        </extension>
        <code value="code.text"/>
        <display value="code.text"/>
        <equivalence value="equivalent"/>
        <comment value="PR1-4 was deprecated in v2.3"/>
        <dependsOn>
          <property value="Computable-ANTLR"/>
          <value value="IF PR1-3.9 NOT VALUED"/>
        </dependsOn>
      </target>
    </element>
    <element>
      <extension url="http://hl7.org/fhir/uv/v2mappings/StructureDefinition/TypeInfo">
        <extension url="type">
          <valueCode value="DTM"/>
        </extension>
        <extension url="cardinalityMin">
          <valueInteger value="1"/>
        </extension>
        <extension url="cardinalityMax">
          <valueInteger value="1"/>
        </extension>
      </extension>
      <code value="PR1-5"/>
      <display value="Procedure Date/Time"/>
      <target>
        <extension url="http://hl7.org/fhir/uv/v2mappings/StructureDefinition/TypeInfo">
          <extension url="type">
            <valueCode value="dateTime"/>
          </extension>
          <extension url="cardinalityMin">
            <valueInteger value="0"/>
          </extension>
          <extension url="cardinalityMax">
            <valueInteger value="1"/>
          </extension>
        </extension>
        <code value="performedDateTime"/>
        <display value="performedDateTime"/>
        <equivalence value="equivalent"/>
        <dependsOn>
          <property value="Computable-ANTLR"/>
          <value value="IF PR1-7 NOT VALUED"/>
        </dependsOn>
      </target>
    </element>
    <element>
      <extension url="http://hl7.org/fhir/uv/v2mappings/StructureDefinition/TypeInfo">
        <extension url="type">
          <valueCode value="DTM"/>
        </extension>
        <extension url="cardinalityMin">
          <valueInteger value="1"/>
        </extension>
        <extension url="cardinalityMax">
          <valueInteger value="1"/>
        </extension>
      </extension>
      <code value="PR1-5"/>
      <display value="Procedure Date/Time"/>
      <target>
        <extension url="http://hl7.org/fhir/uv/v2mappings/StructureDefinition/TypeInfo">
          <extension url="type">
            <valueCode value="dateTime"/>
          </extension>
          <extension url="cardinalityMin">
            <valueInteger value="0"/>
          </extension>
          <extension url="cardinalityMax">
            <valueInteger value="1"/>
          </extension>
        </extension>
        <code value="performedDateTime"/>
        <display value="performedDateTime"/>
        <equivalence value="equivalent"/>
        <comment value="The Procedure date/time must be at least to the granularity of minutes if a performedPeriod is to be created from PR1-5 and PR1-7"/>
        <dependsOn>
          <property value="Computable-ANTLR"/>
          <value value="IF PR1-7 VALUED AND PR1-5.5 NOT VALUED"/>
        </dependsOn>
      </target>
    </element>
    <element>
      <extension url="http://hl7.org/fhir/uv/v2mappings/StructureDefinition/TypeInfo">
        <extension url="type">
          <valueCode value="DTM"/>
        </extension>
        <extension url="cardinalityMin">
          <valueInteger value="1"/>
        </extension>
        <extension url="cardinalityMax">
          <valueInteger value="1"/>
        </extension>
      </extension>
      <code value="PR1-5"/>
      <display value="Procedure Date/Time"/>
      <target>
        <extension url="http://hl7.org/fhir/uv/v2mappings/StructureDefinition/TypeInfo">
          <extension url="type">
            <valueCode value="dateTime"/>
          </extension>
          <extension url="cardinalityMin">
            <valueInteger value="0"/>
          </extension>
          <extension url="cardinalityMax">
            <valueInteger value="1"/>
          </extension>
        </extension>
        <code value="performedPeriod.start"/>
        <display value="performedPeriod.start"/>
        <equivalence value="equivalent"/>
        <dependsOn>
          <property value="Computable-ANTLR"/>
          <value value="IF PR1-7 VALUED AND PR1-5.5 VALUED"/>
        </dependsOn>
      </target>
    </element>
    <element>
      <extension url="http://hl7.org/fhir/uv/v2mappings/StructureDefinition/TypeInfo">
        <extension url="type">
          <valueCode value="CWE"/>
        </extension>
        <extension url="cardinalityMin">
          <valueInteger value="1"/>
        </extension>
        <extension url="cardinalityMax">
          <valueInteger value="1"/>
        </extension>
      </extension>
      <code value="PR1-6"/>
      <display value="Procedure Functional Type"/>
      <target>
        <extension url="http://hl7.org/fhir/uv/v2mappings/StructureDefinition/TypeInfo">
          <extension url="type">
            <valueCode value="CodeableConcept"/>
          </extension>
          <extension url="cardinalityMin">
            <valueInteger value="0"/>
          </extension>
          <extension url="cardinalityMax">
            <valueInteger value="1"/>
          </extension>
        </extension>
        <code value="category"/>
        <display value="category"/>
        <equivalence value="equivalent"/>
      </target>
    </element>
    <element>
      <extension url="http://hl7.org/fhir/uv/v2mappings/StructureDefinition/TypeInfo">
        <extension url="type">
          <valueCode value="NM"/>
        </extension>
        <extension url="cardinalityMin">
          <valueInteger value="1"/>
        </extension>
        <extension url="cardinalityMax">
          <valueInteger value="1"/>
        </extension>
      </extension>
      <code value="PR1-7"/>
      <display value="Procedure Minutes"/>
      <target>
        <extension url="http://hl7.org/fhir/uv/v2mappings/StructureDefinition/TypeInfo">
          <extension url="type">
            <valueCode value="dateTime"/>
          </extension>
          <extension url="cardinalityMin">
            <valueInteger value="0"/>
          </extension>
          <extension url="cardinalityMax">
            <valueInteger value="1"/>
          </extension>
          <extension url="assignment">
            <valueString value="Procedure.performedPeriod.start+PR1-7"/>
          </extension>
        </extension>
        <code value="performedPeriod.end"/>
        <display value="performedPeriod.end"/>
        <equivalence value="equivalent"/>
        <comment value="The number of minutes in PR1-7 must be added to the time in PR1-5 to get the endpoint of the performedPeriod (note that other elements of the date/time (hours, date, etc) may also need to be changed depending on the length of the procedure)"/>
        <dependsOn>
          <property value="Computable-ANTLR"/>
          <value value="IF PR1-5.5 IS VALUED"/>
        </dependsOn>
      </target>
    </element>
    <element>
      <extension url="http://hl7.org/fhir/uv/v2mappings/StructureDefinition/TypeInfo">
        <extension url="type">
          <valueCode value="XCN"/>
        </extension>
        <extension url="cardinalityMin">
          <valueInteger value="-1"/>
        </extension>
        <extension url="cardinalityMax">
          <valueInteger value="-1"/>
        </extension>
      </extension>
      <code value="PR1-8"/>
      <display value="Anesthesiologist"/>
      <target>
        <extension url="http://hl7.org/fhir/uv/v2mappings/StructureDefinition/TypeInfo">
          <extension url="type">
            <valueCode value="Reference(Practitioner)"/>
          </extension>
          <extension url="cardinalityMin">
            <valueInteger value="0"/>
          </extension>
          <extension url="cardinalityMax">
            <valueInteger value="1"/>
          </extension>
        </extension>
        <code value="performer[1].actor(Practitioner)"/>
        <display value="performer[1].actor(Practitioner)"/>
        <equivalence value="equivalent"/>
      </target>
    </element>
    <element>
      <extension url="http://hl7.org/fhir/uv/v2mappings/StructureDefinition/TypeInfo">
        <extension url="type">
          <valueCode value="XCN"/>
        </extension>
        <extension url="cardinalityMin">
          <valueInteger value="-1"/>
        </extension>
        <extension url="cardinalityMax">
          <valueInteger value="-1"/>
        </extension>
      </extension>
      <code value="PR1-8"/>
      <display value="Anesthesiologist"/>
      <target>
        <extension url="http://hl7.org/fhir/uv/v2mappings/StructureDefinition/TypeInfo">
          <extension url="type">
            <valueCode value="CodeableConcept"/>
          </extension>
          <extension url="cardinalityMin">
            <valueInteger value="0"/>
          </extension>
          <extension url="cardinalityMax">
            <valueInteger value="1"/>
          </extension>
          <extension url="assignment">
            <valueString value="&quot;88189002&quot;"/>
          </extension>
        </extension>
        <code value="performer[1].function.coding.code"/>
        <display value="performer[1].function.coding.code"/>
        <equivalence value="equivalent"/>
      </target>
    </element>
    <element>
      <extension url="http://hl7.org/fhir/uv/v2mappings/StructureDefinition/TypeInfo">
        <extension url="type">
          <valueCode value="XCN"/>
        </extension>
        <extension url="cardinalityMin">
          <valueInteger value="-1"/>
        </extension>
        <extension url="cardinalityMax">
          <valueInteger value="-1"/>
        </extension>
      </extension>
      <code value="PR1-8"/>
      <display value="Anesthesiologist"/>
      <target>
        <extension url="http://hl7.org/fhir/uv/v2mappings/StructureDefinition/TypeInfo">
          <extension url="type">
            <valueCode value="uri"/>
          </extension>
          <extension url="cardinalityMin">
            <valueInteger value="0"/>
          </extension>
          <extension url="cardinalityMax">
            <valueInteger value="1"/>
          </extension>
          <extension url="assignment">
            <valueString value="&quot;http://snomed.info/sct&quot;"/>
          </extension>
        </extension>
        <code value="performer[1].function.coding.uri"/>
        <display value="performer[1].function.coding.uri"/>
        <equivalence value="equivalent"/>
      </target>
    </element>
    <element>
      <extension url="http://hl7.org/fhir/uv/v2mappings/StructureDefinition/TypeInfo">
        <extension url="type">
          <valueCode value="XCN"/>
        </extension>
        <extension url="cardinalityMin">
          <valueInteger value="-1"/>
        </extension>
        <extension url="cardinalityMax">
          <valueInteger value="-1"/>
        </extension>
      </extension>
      <code value="PR1-11"/>
      <display value="Surgeon"/>
      <target>
        <extension url="http://hl7.org/fhir/uv/v2mappings/StructureDefinition/TypeInfo">
          <extension url="type">
            <valueCode value="Reference(Practitioner)"/>
          </extension>
          <extension url="cardinalityMin">
            <valueInteger value="0"/>
          </extension>
          <extension url="cardinalityMax">
            <valueInteger value="1"/>
          </extension>
        </extension>
        <code value="performer[2].actor(Practitioner)"/>
        <display value="performer[2].actor(Practitioner)"/>
        <equivalence value="equivalent"/>
      </target>
    </element>
    <element>
      <extension url="http://hl7.org/fhir/uv/v2mappings/StructureDefinition/TypeInfo">
        <extension url="type">
          <valueCode value="XCN"/>
        </extension>
        <extension url="cardinalityMin">
          <valueInteger value="-1"/>
        </extension>
        <extension url="cardinalityMax">
          <valueInteger value="-1"/>
        </extension>
      </extension>
      <code value="PR1-11"/>
      <display value="Surgeon"/>
      <target>
        <extension url="http://hl7.org/fhir/uv/v2mappings/StructureDefinition/TypeInfo">
          <extension url="type">
            <valueCode value="CodeableConcept"/>
          </extension>
          <extension url="cardinalityMin">
            <valueInteger value="0"/>
          </extension>
          <extension url="cardinalityMax">
            <valueInteger value="1"/>
          </extension>
          <extension url="assignment">
            <valueString value="&quot;304292004&quot;"/>
          </extension>
        </extension>
        <code value="performer[2].function.coding.code"/>
        <display value="performer[2].function.coding.code"/>
        <equivalence value="equivalent"/>
      </target>
    </element>
    <element>
      <extension url="http://hl7.org/fhir/uv/v2mappings/StructureDefinition/TypeInfo">
        <extension url="type">
          <valueCode value="XCN"/>
        </extension>
        <extension url="cardinalityMin">
          <valueInteger value="-1"/>
        </extension>
        <extension url="cardinalityMax">
          <valueInteger value="-1"/>
        </extension>
      </extension>
      <code value="PR1-11"/>
      <display value="Surgeon"/>
      <target>
        <extension url="http://hl7.org/fhir/uv/v2mappings/StructureDefinition/TypeInfo">
          <extension url="type">
            <valueCode value="uri"/>
          </extension>
          <extension url="cardinalityMin">
            <valueInteger value="0"/>
          </extension>
          <extension url="cardinalityMax">
            <valueInteger value="1"/>
          </extension>
          <extension url="assignment">
            <valueString value="&quot;http://snomed.info/sct&quot;"/>
          </extension>
        </extension>
        <code value="performer[2].function.coding.uri"/>
        <display value="performer[2].function.coding.uri"/>
        <equivalence value="equivalent"/>
      </target>
    </element>
    <element>
      <extension url="http://hl7.org/fhir/uv/v2mappings/StructureDefinition/TypeInfo">
        <extension url="type">
          <valueCode value="XCN"/>
        </extension>
        <extension url="cardinalityMin">
          <valueInteger value="-1"/>
        </extension>
        <extension url="cardinalityMax">
          <valueInteger value="-1"/>
        </extension>
      </extension>
      <code value="PR1-12"/>
      <display value="Procedure Practitioner"/>
      <target>
        <extension url="http://hl7.org/fhir/uv/v2mappings/StructureDefinition/TypeInfo">
          <extension url="type">
            <valueCode value="Reference(Practitioner)"/>
          </extension>
          <extension url="cardinalityMin">
            <valueInteger value="0"/>
          </extension>
          <extension url="cardinalityMax">
            <valueInteger value="1"/>
          </extension>
        </extension>
        <code value="performer[3].actor(Practitioner)"/>
        <display value="performer[3].actor(Practitioner)"/>
        <equivalence value="equivalent"/>
        <comment value="Because PR1-12 is less specific than other fields in PR1 in regards to the role of the practitioner, this mapping is not providing a default code for performer.function. But if an implementation knows the function of the providers being exchanged in PR1-12, than a implementation-specific value for performer.function may be assigned on a case by case basis."/>
      </target>
    </element>
    <element>
      <extension url="http://hl7.org/fhir/uv/v2mappings/StructureDefinition/TypeInfo">
        <extension url="type">
          <valueCode value="CWE"/>
        </extension>
        <extension url="cardinalityMin">
          <valueInteger value="1"/>
        </extension>
        <extension url="cardinalityMax">
          <valueInteger value="1"/>
        </extension>
      </extension>
      <code value="PR1-15"/>
      <display value="Associated Diagnosis Code"/>
      <target>
        <extension url="http://hl7.org/fhir/uv/v2mappings/StructureDefinition/TypeInfo">
          <extension url="type">
            <valueCode value="CodeableConcept"/>
          </extension>
          <extension url="cardinalityMin">
            <valueInteger value="0"/>
          </extension>
          <extension url="cardinalityMax">
            <valueInteger value="-1"/>
          </extension>
        </extension>
        <code value="reasonCode"/>
        <display value="reasonCode"/>
        <equivalence value="equivalent"/>
      </target>
    </element>
    <element>
      <extension url="http://hl7.org/fhir/uv/v2mappings/StructureDefinition/TypeInfo">
        <extension url="type">
          <valueCode value="CNE"/>
        </extension>
        <extension url="cardinalityMin">
          <valueInteger value="-1"/>
        </extension>
        <extension url="cardinalityMax">
          <valueInteger value="-1"/>
        </extension>
      </extension>
      <code value="PR1-16"/>
      <display value="Procedure Code Modifier"/>
      <target>
        <extension url="http://hl7.org/fhir/uv/v2mappings/StructureDefinition/TypeInfo">
          <extension url="type">
            <valueCode value="CodeableConcept"/>
          </extension>
          <extension url="cardinalityMin">
            <valueInteger value="0"/>
          </extension>
          <extension url="cardinalityMax">
            <valueInteger value="1"/>
          </extension>
          <extension url="assignment">
            <valueString value="PR1-3.1 + &quot;:&quot; + PR1-16.1"/>
          </extension>
        </extension>
        <code value="code[1].value"/>
        <display value="code[1].value"/>
        <equivalence value="equivalent"/>
        <comment value="If there are multiple modifiers, they are all further concatenated using the &quot;:&quot; as the separator into Procedure.code.value in accordance to the guidance here: https://terminology.hl7.org/CPT.html#modifier-syntax"/>
      </target>
    </element>
    <element>
      <extension url="http://hl7.org/fhir/uv/v2mappings/StructureDefinition/TypeInfo">
        <extension url="type">
          <valueCode value="EI"/>
        </extension>
        <extension url="cardinalityMin">
          <valueInteger value="1"/>
        </extension>
        <extension url="cardinalityMax">
          <valueInteger value="1"/>
        </extension>
      </extension>
      <code value="PR1-19"/>
      <display value="Procedure Identifier"/>
      <target>
        <extension url="http://hl7.org/fhir/uv/v2mappings/StructureDefinition/TypeInfo">
          <extension url="type">
            <valueCode value="Identifier"/>
          </extension>
          <extension url="cardinalityMin">
            <valueInteger value="0"/>
          </extension>
          <extension url="cardinalityMax">
            <valueInteger value="-1"/>
          </extension>
        </extension>
        <code value="identifier"/>
        <display value="identifier"/>
        <equivalence value="equivalent"/>
      </target>
    </element>
    <element>
      <extension url="http://hl7.org/fhir/uv/v2mappings/StructureDefinition/TypeInfo">
        <extension url="type">
          <valueCode value="PL"/>
        </extension>
        <extension url="cardinalityMin">
          <valueInteger value="-1"/>
        </extension>
        <extension url="cardinalityMax">
          <valueInteger value="-1"/>
        </extension>
      </extension>
      <code value="PR1-23"/>
      <display value="Treating Organizational Unit"/>
      <target>
        <extension url="http://hl7.org/fhir/uv/v2mappings/StructureDefinition/TypeInfo">
          <extension url="type">
            <valueCode value="Reference(Location)"/>
          </extension>
          <extension url="cardinalityMin">
            <valueInteger value="0"/>
          </extension>
          <extension url="cardinalityMax">
            <valueInteger value="1"/>
          </extension>
        </extension>
        <code value="location(Location)"/>
        <display value="location(Location)"/>
        <equivalence value="equivalent"/>
        <comment value="We will address &gt;=2 cardinality if somebody raises the need."/>
      </target>
    </element>
    <element>
      <extension url="http://hl7.org/fhir/uv/v2mappings/StructureDefinition/TypeInfo">
        <extension url="type">
          <valueCode value="EI"/>
        </extension>
        <extension url="cardinalityMin">
          <valueInteger value="1"/>
        </extension>
        <extension url="cardinalityMax">
          <valueInteger value="1"/>
        </extension>
      </extension>
      <code value="PR1-25"/>
      <display value="Parent Procedure ID"/>
      <target>
        <extension url="http://hl7.org/fhir/uv/v2mappings/StructureDefinition/TypeInfo">
          <extension url="type">
            <valueCode value="Reference(Procedure)"/>
          </extension>
          <extension url="cardinalityMin">
            <valueInteger value="0"/>
          </extension>
          <extension url="cardinalityMax">
            <valueInteger value="-1"/>
          </extension>
        </extension>
        <code value="partOf(Procedure.identifier)"/>
        <display value="partOf(Procedure.identifier)"/>
        <equivalence value="equivalent"/>
        <comment value="Procedure.partOf should contain the reference to another Procedure resource where Procedure.identifier matches the value of PR1-25"/>
      </target>
    </element>
  </group>
</ConceptMap>