{
  "resourceType" : "ConceptMap",
  "id" : "segment-tq1-to-servicerequest",
  "text" : {
    "status" : "generated",
    "div" : "<div xmlns=\"http://www.w3.org/1999/xhtml\"><p class=\"res-header-id\"><b>Generated Narrative: ConceptMap segment-tq1-to-servicerequest</b></p><a name=\"segment-tq1-to-servicerequest\"> </a><a name=\"hcsegment-tq1-to-servicerequest\"> </a><p>Mapping from (not specified) to (not specified)</p><br/><p><b>Group 1 </b>Mapping from <code>unspecified code system</code> to <code>unspecified code system</code></p><table class=\"grid\"><tr><td colspan=\"3\"><b>Source Concept Details</b></td><td><b>Relationship</b></td><td colspan=\"2\"><b>Target Concept Details</b></td><td><b>Comment</b></td></tr><tr><td colspan=\"2\"><b>Codes</b> from </td><td><b>ComputableANTLR</b></td><td/><td colspan=\"2\"><b>Codes</b> from </td><td/></tr><tr><td style=\"border-right-width: 0px\">TQ1-2</td><td style=\"border-left-width: 0px\">Quantity</td><td/><td><a href=\"http://hl7.org/fhir/R5/codesystem-concept-map-relationship.html#equivalent\" title=\"equivalent\">is equivalent to</a></td><td style=\"border-right-width: 0px\">quantityQuantity</td><td style=\"border-left-width: 0px\">quantityQuantity</td><td/></tr><tr><td style=\"border-right-width: 0px\">TQ1-3</td><td style=\"border-left-width: 0px\">Repeat Pattern</td><td/><td><a href=\"http://hl7.org/fhir/R5/codesystem-concept-map-relationship.html#equivalent\" title=\"equivalent\">is equivalent to</a></td><td style=\"border-right-width: 0px\">occurrenceTiming</td><td style=\"border-left-width: 0px\">occurrenceTiming</td><td/></tr><tr><td style=\"border-right-width: 0px\">TQ1-4</td><td style=\"border-left-width: 0px\">Explicit Time</td><td/><td><a href=\"http://hl7.org/fhir/R5/codesystem-concept-map-relationship.html#equivalent\" title=\"equivalent\">is equivalent to</a></td><td style=\"border-right-width: 0px\">occurrenceTiming.repeat.timeOfDay</td><td style=\"border-left-width: 0px\">occurrenceTiming.repeat.timeOfDay</td><td/></tr><tr><td style=\"border-right-width: 0px\">TQ1-5</td><td style=\"border-left-width: 0px\">Relative Time and Units</td><td>IF TQ1-3.9 IS EMPTY</td><td><a href=\"http://hl7.org/fhir/R5/codesystem-concept-map-relationship.html#equivalent\" title=\"equivalent\">is equivalent to</a></td><td style=\"border-right-width: 0px\">occurrenceTIming.repeat.offset</td><td style=\"border-left-width: 0px\">occurrenceTIming.repeat.offset</td><td/></tr><tr><td style=\"border-right-width: 0px\">TQ1-6</td><td style=\"border-left-width: 0px\">Service Duration</td><td>IF TQ1-7 AND TQ1-8 NOT VALUED</td><td><a href=\"http://hl7.org/fhir/R5/codesystem-concept-map-relationship.html#equivalent\" title=\"equivalent\">is equivalent to</a></td><td style=\"border-right-width: 0px\">occurrenceTiming.boundsDuration</td><td style=\"border-left-width: 0px\">occurrenceTiming.boundsDuration</td><td/></tr><tr><td style=\"border-right-width: 0px\">TQ1-6</td><td style=\"border-left-width: 0px\">Service Duration</td><td>IF TQ1-7 VALUED AND TQ1-8 NOT VALUED</td><td><a href=\"http://hl7.org/fhir/R5/codesystem-concept-map-relationship.html#equivalent\" title=\"equivalent\">is equivalent to</a></td><td style=\"border-right-width: 0px\">occurrenceTiming.boundsPeriod.end</td><td style=\"border-left-width: 0px\">occurrenceTiming.boundsPeriod.end</td><td/></tr><tr><td style=\"border-right-width: 0px\">TQ1-6</td><td style=\"border-left-width: 0px\">Service Duration</td><td>IF TQ1-7 NOT VALUED AND TQ1-8 VALUED</td><td><a href=\"http://hl7.org/fhir/R5/codesystem-concept-map-relationship.html#equivalent\" title=\"equivalent\">is equivalent to</a></td><td style=\"border-right-width: 0px\">occurrenceTiming.boundsPeriod.start</td><td style=\"border-left-width: 0px\">occurrenceTiming.boundsPeriod.start</td><td/></tr><tr><td style=\"border-right-width: 0px\">TQ1-7</td><td style=\"border-left-width: 0px\">Start date/time</td><td/><td><a href=\"http://hl7.org/fhir/R5/codesystem-concept-map-relationship.html#equivalent\" title=\"equivalent\">is equivalent to</a></td><td style=\"border-right-width: 0px\">occurrenceTiming.repeat.boundsPeriod.start</td><td style=\"border-left-width: 0px\">occurrenceTiming.repeat.boundsPeriod.start</td><td/></tr><tr><td style=\"border-right-width: 0px\">TQ1-8</td><td style=\"border-left-width: 0px\">End date/time</td><td>IF TQ1-6 NOT VAlUED</td><td><a href=\"http://hl7.org/fhir/R5/codesystem-concept-map-relationship.html#equivalent\" title=\"equivalent\">is equivalent to</a></td><td style=\"border-right-width: 0px\">occurrenceTiming.repeat.boundsPeriod.end</td><td style=\"border-left-width: 0px\">occurrenceTiming.repeat.boundsPeriod.end</td><td/></tr><tr><td style=\"border-right-width: 0px\">TQ1-9</td><td style=\"border-left-width: 0px\">Priority</td><td/><td><a href=\"http://hl7.org/fhir/R5/codesystem-concept-map-relationship.html#equivalent\" title=\"equivalent\">is equivalent to</a></td><td style=\"border-right-width: 0px\">priority</td><td style=\"border-left-width: 0px\">priority</td><td/></tr><tr><td style=\"border-right-width: 0px\">TQ1-11</td><td style=\"border-left-width: 0px\">Text instruction</td><td/><td><a href=\"http://hl7.org/fhir/R5/codesystem-concept-map-relationship.html#equivalent\" title=\"equivalent\">is equivalent to</a></td><td style=\"border-right-width: 0px\">note(Annotation.text)</td><td style=\"border-left-width: 0px\">note(Annotation.text)</td><td/></tr><tr><td style=\"border-right-width: 0px\">TQ1-13</td><td style=\"border-left-width: 0px\">Occurrence duration</td><td/><td><a href=\"http://hl7.org/fhir/R5/codesystem-concept-map-relationship.html#equivalent\" title=\"equivalent\">is equivalent to</a></td><td style=\"border-right-width: 0px\">occurrenceTiming.duration</td><td style=\"border-left-width: 0px\">occurrenceTiming.duration</td><td>goes to .duration and .durationUnit</td></tr><tr><td style=\"border-right-width: 0px\">TQ1-13</td><td style=\"border-left-width: 0px\">Occurrence duration</td><td/><td><a href=\"http://hl7.org/fhir/R5/codesystem-concept-map-relationship.html#equivalent\" title=\"equivalent\">is equivalent to</a></td><td style=\"border-right-width: 0px\">occurrenceTiming.durationUnit</td><td style=\"border-left-width: 0px\">occurrenceTiming.durationUnit</td><td/></tr><tr><td style=\"border-right-width: 0px\">TQ1-14</td><td style=\"border-left-width: 0px\">Total occurrences</td><td/><td><a href=\"http://hl7.org/fhir/R5/codesystem-concept-map-relationship.html#equivalent\" title=\"equivalent\">is equivalent to</a></td><td style=\"border-right-width: 0px\">occurrenceTiming.repeat.countMax</td><td style=\"border-left-width: 0px\">occurrenceTiming.repeat.countMax</td><td/></tr></table></div>"
  },
  "extension" : [{
    "extension" : [{
      "url" : "type",
      "valueCode" : "derived-from"
    },
    {
      "url" : "label",
      "valueString" : "Segment TQ1 to ServiceRequest.fsh"
    },
    {
      "url" : "url",
      "valueUri" : "https://docs.google.com/spreadsheets/d/1ArKfApTgRxut0iBM4BnkqS9-QnOfqcKD2oZmrWzTE1I/edit#gid=0"
    }],
    "url" : "http://hl7.org/fhir/uv/v2mappings/StructureDefinition/RelatedArtifact"
  },
  {
    "url" : "http://hl7.org/fhir/StructureDefinition/structuredefinition-wg",
    "valueCode" : "oo"
  },
  {
    "url" : "http://hl7.org/fhir/StructureDefinition/structuredefinition-standards-status",
    "valueCode" : "informative",
    "_valueCode" : {
      "extension" : [{
        "url" : "http://hl7.org/fhir/StructureDefinition/structuredefinition-conformance-derivedFrom",
        "valueCanonical" : "http://hl7.org/fhir/uv/v2mappings/ImplementationGuide/hl7.fhir.uv.v2mappings"
      }]
    }
  }],
  "url" : "http://hl7.org/fhir/uv/v2mappings/ConceptMap/segment-tq1-to-servicerequest",
  "version" : "1.0.0",
  "name" : "SegmentTQ1ToServiceRequest",
  "title" : "Segment TQ1 to ServiceRequest Map",
  "status" : "active",
  "experimental" : true,
  "date" : "2025-08-23",
  "publisher" : "HL7 International / Orders and Observations",
  "contact" : [{
    "name" : "HL7 Orders and Observations Workgroup",
    "telecom" : [{
      "system" : "url",
      "value" : "http://www.hl7.org/Special/committees/orders"
    }]
  }],
  "description" : "This ConceptMap represents a mapping from the HL7 V2 Segment TQ1 to the FHIR ServiceRequest Resource.",
  "jurisdiction" : [{
    "coding" : [{
      "system" : "http://unstats.un.org/unsd/methods/m49/m49.htm",
      "code" : "001"
    }]
  }],
  "copyright" : "Copyright (c) 2025, HL7 International, Inc., All Rights Reserved.",
  "group" : [{
    "element" : [{
      "extension" : [{
        "extension" : [{
          "url" : "type",
          "valueCode" : "CQ"
        },
        {
          "url" : "cardinalityMin",
          "valueInteger" : 1
        },
        {
          "url" : "cardinalityMax",
          "valueInteger" : 1
        }],
        "url" : "http://hl7.org/fhir/uv/v2mappings/StructureDefinition/TypeInfo"
      }],
      "code" : "TQ1-2",
      "display" : "Quantity",
      "target" : [{
        "extension" : [{
          "extension" : [{
            "url" : "type",
            "valueCode" : "Quantity"
          },
          {
            "url" : "cardinalityMin",
            "valueInteger" : 0
          },
          {
            "url" : "cardinalityMax",
            "valueInteger" : 1
          }],
          "url" : "http://hl7.org/fhir/uv/v2mappings/StructureDefinition/TypeInfo"
        }],
        "code" : "quantityQuantity",
        "display" : "quantityQuantity",
        "equivalence" : "equivalent"
      }]
    },
    {
      "extension" : [{
        "extension" : [{
          "url" : "type",
          "valueCode" : "RPT"
        },
        {
          "url" : "cardinalityMin",
          "valueInteger" : -1
        },
        {
          "url" : "cardinalityMax",
          "valueInteger" : -1
        }],
        "url" : "http://hl7.org/fhir/uv/v2mappings/StructureDefinition/TypeInfo"
      }],
      "code" : "TQ1-3",
      "display" : "Repeat Pattern",
      "target" : [{
        "extension" : [{
          "extension" : [{
            "url" : "type",
            "valueCode" : "BackboneElement"
          },
          {
            "url" : "cardinalityMin",
            "valueInteger" : 0
          },
          {
            "url" : "cardinalityMax",
            "valueInteger" : 1
          }],
          "url" : "http://hl7.org/fhir/uv/v2mappings/StructureDefinition/TypeInfo"
        }],
        "code" : "occurrenceTiming",
        "display" : "occurrenceTiming",
        "equivalence" : "equivalent"
      }]
    },
    {
      "extension" : [{
        "extension" : [{
          "url" : "type",
          "valueCode" : "TM"
        },
        {
          "url" : "cardinalityMin",
          "valueInteger" : -1
        },
        {
          "url" : "cardinalityMax",
          "valueInteger" : -1
        }],
        "url" : "http://hl7.org/fhir/uv/v2mappings/StructureDefinition/TypeInfo"
      }],
      "code" : "TQ1-4",
      "display" : "Explicit Time",
      "target" : [{
        "extension" : [{
          "extension" : [{
            "url" : "type",
            "valueCode" : "time"
          },
          {
            "url" : "cardinalityMin",
            "valueInteger" : 0
          },
          {
            "url" : "cardinalityMax",
            "valueInteger" : -1
          }],
          "url" : "http://hl7.org/fhir/uv/v2mappings/StructureDefinition/TypeInfo"
        }],
        "code" : "occurrenceTiming.repeat.timeOfDay",
        "display" : "occurrenceTiming.repeat.timeOfDay",
        "equivalence" : "equivalent"
      }]
    },
    {
      "extension" : [{
        "extension" : [{
          "url" : "type",
          "valueCode" : "CQ"
        },
        {
          "url" : "cardinalityMin",
          "valueInteger" : -1
        },
        {
          "url" : "cardinalityMax",
          "valueInteger" : -1
        }],
        "url" : "http://hl7.org/fhir/uv/v2mappings/StructureDefinition/TypeInfo"
      }],
      "code" : "TQ1-5",
      "display" : "Relative Time and Units",
      "target" : [{
        "extension" : [{
          "extension" : [{
            "url" : "type",
            "valueCode" : "unsignedInt"
          },
          {
            "url" : "cardinalityMin",
            "valueInteger" : 0
          },
          {
            "url" : "cardinalityMax",
            "valueInteger" : 1
          }],
          "url" : "http://hl7.org/fhir/uv/v2mappings/StructureDefinition/TypeInfo"
        }],
        "code" : "occurrenceTIming.repeat.offset",
        "display" : "occurrenceTIming.repeat.offset",
        "equivalence" : "equivalent",
        "dependsOn" : [{
          "property" : "Computable-ANTLR",
          "value" : "IF TQ1-3.9 IS EMPTY"
        }]
      }]
    },
    {
      "extension" : [{
        "extension" : [{
          "url" : "type",
          "valueCode" : "CQ"
        },
        {
          "url" : "cardinalityMin",
          "valueInteger" : 1
        },
        {
          "url" : "cardinalityMax",
          "valueInteger" : 1
        }],
        "url" : "http://hl7.org/fhir/uv/v2mappings/StructureDefinition/TypeInfo"
      }],
      "code" : "TQ1-6",
      "display" : "Service Duration",
      "target" : [{
        "extension" : [{
          "extension" : [{
            "url" : "type",
            "valueCode" : "SimpleQuantity"
          },
          {
            "url" : "cardinalityMin",
            "valueInteger" : 0
          },
          {
            "url" : "cardinalityMax",
            "valueInteger" : 1
          }],
          "url" : "http://hl7.org/fhir/uv/v2mappings/StructureDefinition/TypeInfo"
        }],
        "code" : "occurrenceTiming.boundsDuration",
        "display" : "occurrenceTiming.boundsDuration",
        "equivalence" : "equivalent",
        "dependsOn" : [{
          "property" : "Computable-ANTLR",
          "value" : "IF TQ1-7 AND TQ1-8 NOT VALUED"
        }]
      }]
    },
    {
      "extension" : [{
        "extension" : [{
          "url" : "type",
          "valueCode" : "CQ"
        },
        {
          "url" : "cardinalityMin",
          "valueInteger" : 1
        },
        {
          "url" : "cardinalityMax",
          "valueInteger" : 1
        }],
        "url" : "http://hl7.org/fhir/uv/v2mappings/StructureDefinition/TypeInfo"
      }],
      "code" : "TQ1-6",
      "display" : "Service Duration",
      "target" : [{
        "extension" : [{
          "extension" : [{
            "url" : "type",
            "valueCode" : "dateTime"
          },
          {
            "url" : "cardinalityMin",
            "valueInteger" : 0
          },
          {
            "url" : "cardinalityMax",
            "valueInteger" : 1
          },
          {
            "url" : "assignment",
            "valueString" : "occurrenceTiming.boundPeriod.start + TQ1-6"
          }],
          "url" : "http://hl7.org/fhir/uv/v2mappings/StructureDefinition/TypeInfo"
        }],
        "code" : "occurrenceTiming.boundsPeriod.end",
        "display" : "occurrenceTiming.boundsPeriod.end",
        "equivalence" : "equivalent",
        "dependsOn" : [{
          "property" : "Computable-ANTLR",
          "value" : "IF TQ1-7 VALUED AND TQ1-8 NOT VALUED"
        }]
      }]
    },
    {
      "extension" : [{
        "extension" : [{
          "url" : "type",
          "valueCode" : "CQ"
        },
        {
          "url" : "cardinalityMin",
          "valueInteger" : 1
        },
        {
          "url" : "cardinalityMax",
          "valueInteger" : 1
        }],
        "url" : "http://hl7.org/fhir/uv/v2mappings/StructureDefinition/TypeInfo"
      }],
      "code" : "TQ1-6",
      "display" : "Service Duration",
      "target" : [{
        "extension" : [{
          "extension" : [{
            "url" : "type",
            "valueCode" : "dateTime"
          },
          {
            "url" : "cardinalityMin",
            "valueInteger" : 0
          },
          {
            "url" : "cardinalityMax",
            "valueInteger" : 1
          },
          {
            "url" : "assignment",
            "valueString" : "occurrenceTiming.boundPeriod.end - TQ1-6"
          }],
          "url" : "http://hl7.org/fhir/uv/v2mappings/StructureDefinition/TypeInfo"
        }],
        "code" : "occurrenceTiming.boundsPeriod.start",
        "display" : "occurrenceTiming.boundsPeriod.start",
        "equivalence" : "equivalent",
        "dependsOn" : [{
          "property" : "Computable-ANTLR",
          "value" : "IF TQ1-7 NOT VALUED AND TQ1-8 VALUED"
        }]
      }]
    },
    {
      "extension" : [{
        "extension" : [{
          "url" : "type",
          "valueCode" : "DTM"
        },
        {
          "url" : "cardinalityMin",
          "valueInteger" : 1
        },
        {
          "url" : "cardinalityMax",
          "valueInteger" : 1
        }],
        "url" : "http://hl7.org/fhir/uv/v2mappings/StructureDefinition/TypeInfo"
      }],
      "code" : "TQ1-7",
      "display" : "Start date/time",
      "target" : [{
        "extension" : [{
          "extension" : [{
            "url" : "type",
            "valueCode" : "dateTime"
          },
          {
            "url" : "cardinalityMin",
            "valueInteger" : 0
          },
          {
            "url" : "cardinalityMax",
            "valueInteger" : 1
          }],
          "url" : "http://hl7.org/fhir/uv/v2mappings/StructureDefinition/TypeInfo"
        }],
        "code" : "occurrenceTiming.repeat.boundsPeriod.start",
        "display" : "occurrenceTiming.repeat.boundsPeriod.start",
        "equivalence" : "equivalent"
      }]
    },
    {
      "extension" : [{
        "extension" : [{
          "url" : "type",
          "valueCode" : "DTM"
        },
        {
          "url" : "cardinalityMin",
          "valueInteger" : 1
        },
        {
          "url" : "cardinalityMax",
          "valueInteger" : 1
        }],
        "url" : "http://hl7.org/fhir/uv/v2mappings/StructureDefinition/TypeInfo"
      }],
      "code" : "TQ1-8",
      "display" : "End date/time",
      "target" : [{
        "extension" : [{
          "extension" : [{
            "url" : "type",
            "valueCode" : "dateTime"
          },
          {
            "url" : "cardinalityMin",
            "valueInteger" : 0
          },
          {
            "url" : "cardinalityMax",
            "valueInteger" : 1
          }],
          "url" : "http://hl7.org/fhir/uv/v2mappings/StructureDefinition/TypeInfo"
        }],
        "code" : "occurrenceTiming.repeat.boundsPeriod.end",
        "display" : "occurrenceTiming.repeat.boundsPeriod.end",
        "equivalence" : "equivalent",
        "dependsOn" : [{
          "property" : "Computable-ANTLR",
          "value" : "IF TQ1-6 NOT VAlUED"
        }]
      }]
    },
    {
      "extension" : [{
        "extension" : [{
          "url" : "type",
          "valueCode" : "CWE"
        },
        {
          "url" : "cardinalityMin",
          "valueInteger" : -1
        },
        {
          "url" : "cardinalityMax",
          "valueInteger" : -1
        }],
        "url" : "http://hl7.org/fhir/uv/v2mappings/StructureDefinition/TypeInfo"
      }],
      "code" : "TQ1-9",
      "display" : "Priority",
      "target" : [{
        "extension" : [{
          "extension" : [{
            "url" : "type",
            "valueCode" : "code"
          },
          {
            "url" : "cardinalityMin",
            "valueInteger" : 0
          },
          {
            "url" : "cardinalityMax",
            "valueInteger" : 1
          },
          {
            "url" : "mappedVia",
            "valueUrl" : "ConceptMap/table-hl70485-to-request-priority"
          }],
          "url" : "http://hl7.org/fhir/uv/v2mappings/StructureDefinition/TypeInfo"
        }],
        "code" : "priority",
        "display" : "priority",
        "equivalence" : "equivalent"
      }]
    },
    {
      "extension" : [{
        "extension" : [{
          "url" : "type",
          "valueCode" : "TX"
        },
        {
          "url" : "cardinalityMin",
          "valueInteger" : 1
        },
        {
          "url" : "cardinalityMax",
          "valueInteger" : 1
        }],
        "url" : "http://hl7.org/fhir/uv/v2mappings/StructureDefinition/TypeInfo"
      }],
      "code" : "TQ1-11",
      "display" : "Text instruction",
      "target" : [{
        "extension" : [{
          "extension" : [{
            "url" : "type",
            "valueCode" : "Reference(Annotation)"
          },
          {
            "url" : "cardinalityMin",
            "valueInteger" : 0
          },
          {
            "url" : "cardinalityMax",
            "valueInteger" : -1
          }],
          "url" : "http://hl7.org/fhir/uv/v2mappings/StructureDefinition/TypeInfo"
        }],
        "code" : "note(Annotation.text)",
        "display" : "note(Annotation.text)",
        "equivalence" : "equivalent"
      }]
    },
    {
      "extension" : [{
        "extension" : [{
          "url" : "type",
          "valueCode" : "CQ"
        },
        {
          "url" : "cardinalityMin",
          "valueInteger" : 1
        },
        {
          "url" : "cardinalityMax",
          "valueInteger" : 1
        }],
        "url" : "http://hl7.org/fhir/uv/v2mappings/StructureDefinition/TypeInfo"
      }],
      "code" : "TQ1-13",
      "display" : "Occurrence duration",
      "target" : [{
        "extension" : [{
          "extension" : [{
            "url" : "type",
            "valueCode" : "decimal"
          },
          {
            "url" : "cardinalityMin",
            "valueInteger" : 0
          },
          {
            "url" : "cardinalityMax",
            "valueInteger" : 1
          }],
          "url" : "http://hl7.org/fhir/uv/v2mappings/StructureDefinition/TypeInfo"
        }],
        "code" : "occurrenceTiming.duration",
        "display" : "occurrenceTiming.duration",
        "equivalence" : "equivalent",
        "comment" : "goes to .duration and .durationUnit"
      }]
    },
    {
      "extension" : [{
        "extension" : [{
          "url" : "type",
          "valueCode" : "CQ"
        },
        {
          "url" : "cardinalityMin",
          "valueInteger" : 1
        },
        {
          "url" : "cardinalityMax",
          "valueInteger" : 1
        }],
        "url" : "http://hl7.org/fhir/uv/v2mappings/StructureDefinition/TypeInfo"
      }],
      "code" : "TQ1-13",
      "display" : "Occurrence duration",
      "target" : [{
        "extension" : [{
          "extension" : [{
            "url" : "type",
            "valueCode" : "code"
          },
          {
            "url" : "cardinalityMin",
            "valueInteger" : 0
          },
          {
            "url" : "cardinalityMax",
            "valueInteger" : 1
          }],
          "url" : "http://hl7.org/fhir/uv/v2mappings/StructureDefinition/TypeInfo"
        }],
        "code" : "occurrenceTiming.durationUnit",
        "display" : "occurrenceTiming.durationUnit",
        "equivalence" : "equivalent"
      }]
    },
    {
      "extension" : [{
        "extension" : [{
          "url" : "type",
          "valueCode" : "NM"
        },
        {
          "url" : "cardinalityMin",
          "valueInteger" : 1
        },
        {
          "url" : "cardinalityMax",
          "valueInteger" : 1
        }],
        "url" : "http://hl7.org/fhir/uv/v2mappings/StructureDefinition/TypeInfo"
      }],
      "code" : "TQ1-14",
      "display" : "Total occurrences",
      "target" : [{
        "extension" : [{
          "extension" : [{
            "url" : "type",
            "valueCode" : "positiveInt"
          },
          {
            "url" : "cardinalityMin",
            "valueInteger" : 0
          },
          {
            "url" : "cardinalityMax",
            "valueInteger" : 1
          }],
          "url" : "http://hl7.org/fhir/uv/v2mappings/StructureDefinition/TypeInfo"
        }],
        "code" : "occurrenceTiming.repeat.countMax",
        "display" : "occurrenceTiming.repeat.countMax",
        "equivalence" : "equivalent"
      }]
    }]
  }]
}