{
  "resourceType" : "ConceptMap",
  "id" : "table-hl70276-to-sct",
  "text" : {
    "status" : "generated",
    "div" : "<div xmlns=\"http://www.w3.org/1999/xhtml\"><p class=\"res-header-id\"><b>Generated Narrative: ConceptMap table-hl70276-to-sct</b></p><a name=\"table-hl70276-to-sct\"> </a><a name=\"hctable-hl70276-to-sct\"> </a><p>Mapping from <a href=\"http://terminology.hl7.org/6.5.0/ValueSet-v2-0276.html\">hl7VS-appointmentReasonCodes</a> to (not specified)</p><br/><p><b>Group 1 </b>Mapping from <a href=\"http://terminology.hl7.org/6.5.0/CodeSystem-v2-0276.html\">appointmentReason</a> to <a href=\"http://hl7.org/fhir/R4/codesystem-snomedct.html\">SNOMED CT (all versions)</a></p><table class=\"grid\"><tr><td><b>Source Code</b></td><td><b>Relationship</b></td><td><b>Target Code</b></td></tr><tr><td>ROUTINE (Routine appointment - default if not valued)</td><td><a href=\"http://hl7.org/fhir/R5/codesystem-concept-map-relationship.html#equivalent\" title=\"equivalent\">is equivalent to</a></td><td>3780001 (Routine patient disposition, no follow-up planned)</td></tr><tr><td>CHECKUP (A routine check-up, such as an annual physical)</td><td><a href=\"http://hl7.org/fhir/R5/codesystem-concept-map-relationship.html#equivalent\" title=\"equivalent\">is equivalent to</a></td><td>866149003 (Annual visit (procedure))</td></tr><tr><td>FOLLOWUP (A follow up visit from a previous appointment)</td><td><a href=\"http://hl7.org/fhir/R5/codesystem-concept-map-relationship.html#equivalent\" title=\"equivalent\">is equivalent to</a></td><td>185389009 (Follow-up visit (procedure))</td></tr><tr><td>EMERGENCY (Emergency appointment)</td><td><a href=\"http://hl7.org/fhir/R5/codesystem-concept-map-relationship.html#equivalent\" title=\"equivalent\">is equivalent to</a></td><td>373110003 (Emergency procedure (procedure))</td></tr></table><hr/><p><b>Group 2 </b>Mapping from <a href=\"http://terminology.hl7.org/6.5.0/CodeSystem-v2-0276.html\">appointmentReason</a> to <code>unspecified code system</code></p><table class=\"grid\"><tr><td><b>Source Code</b></td><td><b>Relationship</b></td><td><b>Target Code</b></td></tr><tr><td>WALKIN (A previously unscheduled walk-in visit)</td><td colspan=\"2\" style=\"background-color: #efefef\">(not mapped)</td></tr></table></div>"
  },
  "extension" : [{
    "extension" : [{
      "url" : "type",
      "valueCode" : "derived-from"
    },
    {
      "url" : "label",
      "valueString" : "Table HL70276 to Sct.fsh"
    },
    {
      "url" : "url",
      "valueUri" : "https://docs.google.com/spreadsheets/d/13B4B6YFRgukI2tipC7QOJ1J8i4iNJ2aYzQRuirCyFBg/edit#gid=0"
    }],
    "url" : "http://hl7.org/fhir/uv/v2mappings/StructureDefinition/RelatedArtifact"
  },
  {
    "url" : "http://hl7.org/fhir/StructureDefinition/structuredefinition-wg",
    "valueCode" : "oo"
  },
  {
    "url" : "http://hl7.org/fhir/StructureDefinition/structuredefinition-standards-status",
    "valueCode" : "informative",
    "_valueCode" : {
      "extension" : [{
        "url" : "http://hl7.org/fhir/StructureDefinition/structuredefinition-conformance-derivedFrom",
        "valueCanonical" : "http://hl7.org/fhir/uv/v2mappings/ImplementationGuide/hl7.fhir.uv.v2mappings"
      }]
    }
  }],
  "url" : "http://hl7.org/fhir/uv/v2mappings/ConceptMap/table-hl70276-to-sct",
  "version" : "1.0.0",
  "name" : "TableHL70276ToSct",
  "title" : "Table HL70276 to Sct Map",
  "status" : "active",
  "experimental" : true,
  "date" : "2025-08-23",
  "publisher" : "HL7 International / Orders and Observations",
  "contact" : [{
    "name" : "HL7 Orders and Observations Workgroup",
    "telecom" : [{
      "system" : "url",
      "value" : "http://www.hl7.org/Special/committees/orders"
    }]
  }],
  "description" : "This ConceptMap represents a mapping from the HL7 V2 Table HL70276 to the FHIR Sct Value Set.",
  "jurisdiction" : [{
    "coding" : [{
      "system" : "http://unstats.un.org/unsd/methods/m49/m49.htm",
      "code" : "001"
    }]
  }],
  "copyright" : "Copyright (c) 2025, HL7 International, Inc., All Rights Reserved.",
  "sourceUri" : "http://terminology.hl7.org/ValueSet/v2-0276",
  "group" : [{
    "source" : "http://terminology.hl7.org/CodeSystem/v2-0276",
    "target" : "http://snomed.info/sct",
    "element" : [{
      "code" : "ROUTINE",
      "display" : "Routine appointment - default if not valued",
      "target" : [{
        "code" : "3780001",
        "display" : "Routine patient disposition, no follow-up planned",
        "equivalence" : "equivalent"
      }]
    },
    {
      "code" : "CHECKUP",
      "display" : "A routine check-up, such as an annual physical",
      "target" : [{
        "code" : "866149003",
        "display" : "Annual visit (procedure)",
        "equivalence" : "equivalent"
      }]
    },
    {
      "code" : "FOLLOWUP",
      "display" : "A follow up visit from a previous appointment",
      "target" : [{
        "code" : "185389009",
        "display" : "Follow-up visit (procedure)",
        "equivalence" : "equivalent"
      }]
    },
    {
      "code" : "EMERGENCY",
      "display" : "Emergency appointment",
      "target" : [{
        "code" : "373110003",
        "display" : "Emergency procedure (procedure)",
        "equivalence" : "equivalent"
      }]
    }]
  },
  {
    "source" : "http://terminology.hl7.org/CodeSystem/v2-0276",
    "element" : [{
      "code" : "WALKIN",
      "display" : "A previously unscheduled walk-in visit",
      "target" : [{
        "equivalence" : "unmatched"
      }]
    }]
  }]
}