<?xml version="1.0" encoding="UTF-8"?>

<ConceptMap xmlns="http://hl7.org/fhir">
  <id value="table-hl70131-to-v2-0131"/>
  <text>
    <status value="generated"/><div xmlns="http://www.w3.org/1999/xhtml"><p class="res-header-id"><b>Generated Narrative: ConceptMap table-hl70131-to-v2-0131</b></p><a name="table-hl70131-to-v2-0131"> </a><a name="hctable-hl70131-to-v2-0131"> </a><p>Mapping from <a href="http://terminology.hl7.org/6.5.0/ValueSet-v2-0131.html">hl7VS-contactRole2</a> to <a href="http://terminology.hl7.org/6.5.0/ValueSet-v2-0131.html">hl7VS-contactRole2</a></p><br/><p><b>Group 1 </b>Mapping from <a href="http://terminology.hl7.org/6.5.0/CodeSystem-v2-0131.html">contactRole2</a> to <a href="http://terminology.hl7.org/6.5.0/CodeSystem-v2-0131.html">contactRole2</a></p><table class="grid"><tr><td><b>Source Code</b></td><td><b>Relationship</b></td><td><b>Target Code</b></td></tr><tr><td>E (Employer)</td><td><a href="http://hl7.org/fhir/R5/codesystem-concept-map-relationship.html#equivalent" title="equivalent">is equivalent to</a></td><td>E (Employer)</td></tr><tr><td>C (Emergency Contact)</td><td><a href="http://hl7.org/fhir/R5/codesystem-concept-map-relationship.html#equivalent" title="equivalent">is equivalent to</a></td><td>C (Emergency Contact)</td></tr><tr><td>F (Federal Agency)</td><td><a href="http://hl7.org/fhir/R5/codesystem-concept-map-relationship.html#equivalent" title="equivalent">is equivalent to</a></td><td>F (Federal Agency)</td></tr><tr><td>I (Insurance Company)</td><td><a href="http://hl7.org/fhir/R5/codesystem-concept-map-relationship.html#equivalent" title="equivalent">is equivalent to</a></td><td>I (Insurance Company)</td></tr><tr><td>N (Next-of-Kin)</td><td><a href="http://hl7.org/fhir/R5/codesystem-concept-map-relationship.html#equivalent" title="equivalent">is equivalent to</a></td><td>N (Next-of-Kin)</td></tr><tr><td>S (State Agency)</td><td><a href="http://hl7.org/fhir/R5/codesystem-concept-map-relationship.html#equivalent" title="equivalent">is equivalent to</a></td><td>S (State Agency)</td></tr><tr><td>O (Other)</td><td><a href="http://hl7.org/fhir/R5/codesystem-concept-map-relationship.html#equivalent" title="equivalent">is equivalent to</a></td><td>O (Other)</td></tr><tr><td>U (Unknown)</td><td><a href="http://hl7.org/fhir/R5/codesystem-concept-map-relationship.html#equivalent" title="equivalent">is equivalent to</a></td><td>U (Unknown)</td></tr></table></div>
  </text>
  <extension url="http://hl7.org/fhir/uv/v2mappings/StructureDefinition/RelatedArtifact">
    <extension url="type">
      <valueCode value="derived-from"/>
    </extension>
    <extension url="label">
      <valueString value="Table HL70131 to V2 0131.fsh"/>
    </extension>
    <extension url="url">
      <valueUri value="https://docs.google.com/spreadsheets/d/1IKIju2kedkokH5NGLWUlR1_Xsbdcplfb3wInd-W2lFE/edit#gid=0"/>
    </extension>
  </extension>
  <extension url="http://hl7.org/fhir/StructureDefinition/structuredefinition-wg">
    <valueCode value="oo"/>
  </extension>
  <extension url="http://hl7.org/fhir/StructureDefinition/structuredefinition-standards-status">
    <valueCode value="informative">
      <extension url="http://hl7.org/fhir/StructureDefinition/structuredefinition-conformance-derivedFrom">
        <valueCanonical value="http://hl7.org/fhir/uv/v2mappings/ImplementationGuide/hl7.fhir.uv.v2mappings"/>
      </extension>
    </valueCode>
  </extension>
  <url value="http://hl7.org/fhir/uv/v2mappings/ConceptMap/table-hl70131-to-v2-0131"/>
  <version value="1.0.0"/>
  <name value="TableHL70131ToV20131"/>
  <title value="Table HL70131 to V2 0131 Map"/>
  <status value="active"/>
  <experimental value="true"/>
  <date value="2025-08-23"/>
  <publisher value="HL7 International / Orders and Observations"/>
  <contact>
    <name value="HL7 Orders and Observations Workgroup"/>
    <telecom>
      <system value="url"/>
      <value value="http://www.hl7.org/Special/committees/orders"/>
    </telecom>
  </contact>
  <description value="This ConceptMap represents a mapping from the HL7 V2 Table HL70131 to the FHIR V2 0131 Value Set."/>
  <jurisdiction>
    <coding>
      <system value="http://unstats.un.org/unsd/methods/m49/m49.htm"/>
      <code value="001"/>
    </coding>
  </jurisdiction>
  <copyright value="Copyright (c) 2025, HL7 International, Inc., All Rights Reserved."/>
  <sourceUri value="http://terminology.hl7.org/ValueSet/v2-0131"/>
  <targetUri value="http://terminology.hl7.org/ValueSet/v2-0131"/>
  <group>
    <source value="http://terminology.hl7.org/CodeSystem/v2-0131"/>
    <target value="http://terminology.hl7.org/CodeSystem/v2-0131"/>
    <element>
      <code value="E"/>
      <display value="Employer"/>
      <target>
        <code value="E"/>
        <display value="Employer"/>
        <equivalence value="equivalent"/>
      </target>
    </element>
    <element>
      <code value="C"/>
      <display value="Emergency Contact"/>
      <target>
        <code value="C"/>
        <display value="Emergency Contact"/>
        <equivalence value="equivalent"/>
      </target>
    </element>
    <element>
      <code value="F"/>
      <display value="Federal Agency"/>
      <target>
        <code value="F"/>
        <display value="Federal Agency"/>
        <equivalence value="equivalent"/>
      </target>
    </element>
    <element>
      <code value="I"/>
      <display value="Insurance Company"/>
      <target>
        <code value="I"/>
        <display value="Insurance Company"/>
        <equivalence value="equivalent"/>
      </target>
    </element>
    <element>
      <code value="N"/>
      <display value="Next-of-Kin"/>
      <target>
        <code value="N"/>
        <display value="Next-of-Kin"/>
        <equivalence value="equivalent"/>
      </target>
    </element>
    <element>
      <code value="S"/>
      <display value="State Agency"/>
      <target>
        <code value="S"/>
        <display value="State Agency"/>
        <equivalence value="equivalent"/>
      </target>
    </element>
    <element>
      <code value="O"/>
      <display value="Other"/>
      <target>
        <code value="O"/>
        <display value="Other"/>
        <equivalence value="equivalent"/>
      </target>
    </element>
    <element>
      <code value="U"/>
      <display value="Unknown"/>
      <target>
        <code value="U"/>
        <display value="Unknown"/>
        <equivalence value="equivalent"/>
      </target>
    </element>
  </group>
</ConceptMap>