{
  "resourceType" : "ConceptMap",
  "id" : "datatype-ed-to-attachment",
  "text" : {
    "status" : "generated",
    "div" : "<div xmlns=\"http://www.w3.org/1999/xhtml\"><p class=\"res-header-id\"><b>Generated Narrative: ConceptMap datatype-ed-to-attachment</b></p><a name=\"datatype-ed-to-attachment\"> </a><a name=\"hcdatatype-ed-to-attachment\"> </a><p>Mapping from (not specified) to (not specified)</p><br/><p><b>Group 1 </b>Mapping from <code>unspecified code system</code> to <code>unspecified code system</code></p><table class=\"grid\"><tr><td colspan=\"3\"><b>Source Concept Details</b></td><td><b>Relationship</b></td><td colspan=\"2\"><b>Target Concept Details</b></td><td><b>Comment</b></td></tr><tr><td colspan=\"2\"><b>Codes</b> from </td><td><b>ComputableANTLR</b></td><td/><td colspan=\"2\"><b>Codes</b> from </td><td/></tr><tr><td style=\"border-right-width: 0px\">ED.2</td><td style=\"border-left-width: 0px\">Type of Data</td><td>IF ED.3 NOT VALUED</td><td><a href=\"http://hl7.org/fhir/R5/codesystem-concept-map-relationship.html#equivalent\" title=\"equivalent\">is equivalent to</a></td><td style=\"border-right-width: 0px\">extension[1].url</td><td style=\"border-left-width: 0px\">extension[1].url</td><td/></tr><tr><td style=\"border-right-width: 0px\">ED.2</td><td style=\"border-left-width: 0px\">Type of Data</td><td>IF ED.3 NOT VALUED</td><td><a href=\"http://hl7.org/fhir/R5/codesystem-concept-map-relationship.html#equivalent\" title=\"equivalent\">is equivalent to</a></td><td style=\"border-right-width: 0px\">extension[1].valueCodeableConcept</td><td style=\"border-left-width: 0px\">extension[1].valueCodeableConcept</td><td/></tr><tr><td style=\"border-right-width: 0px\">ED.3</td><td style=\"border-left-width: 0px\">Data Subtype</td><td/><td><a href=\"http://hl7.org/fhir/R5/codesystem-concept-map-relationship.html#equivalent\" title=\"equivalent\">is equivalent to</a></td><td style=\"border-right-width: 0px\">contentType</td><td style=\"border-left-width: 0px\">contentType</td><td/></tr><tr><td style=\"border-right-width: 0px\">ED.5</td><td style=\"border-left-width: 0px\">Data</td><td/><td><a href=\"http://hl7.org/fhir/R5/codesystem-concept-map-relationship.html#equivalent\" title=\"equivalent\">is equivalent to</a></td><td style=\"border-right-width: 0px\">data</td><td style=\"border-left-width: 0px\">data</td><td>Implementations are not always accurate, so to be safe you may want to always assess OBX-5.5 to determine the correct .contentType.</td></tr></table></div>"
  },
  "extension" : [{
    "extension" : [{
      "url" : "type",
      "valueCode" : "derived-from"
    },
    {
      "url" : "label",
      "valueString" : "Datatype ED to Attachment.fsh"
    },
    {
      "url" : "url",
      "valueUri" : "https://docs.google.com/spreadsheets/d/1SGCbdWUV21fClCmnt3zNqOMzeV5Bt2FcBIoO7eP51YM/edit#gid=0"
    }],
    "url" : "http://hl7.org/fhir/uv/v2mappings/StructureDefinition/RelatedArtifact"
  },
  {
    "url" : "http://hl7.org/fhir/StructureDefinition/structuredefinition-wg",
    "valueCode" : "oo"
  },
  {
    "url" : "http://hl7.org/fhir/StructureDefinition/structuredefinition-standards-status",
    "valueCode" : "informative",
    "_valueCode" : {
      "extension" : [{
        "url" : "http://hl7.org/fhir/StructureDefinition/structuredefinition-conformance-derivedFrom",
        "valueCanonical" : "http://hl7.org/fhir/uv/v2mappings/ImplementationGuide/hl7.fhir.uv.v2mappings"
      }]
    }
  }],
  "url" : "http://hl7.org/fhir/uv/v2mappings/ConceptMap/datatype-ed-to-attachment",
  "version" : "1.0.0",
  "name" : "DatatypeEDToAttachment",
  "title" : "Datatype ED to Attachment Map",
  "status" : "active",
  "experimental" : true,
  "date" : "2025-08-23",
  "publisher" : "HL7 International / Orders and Observations",
  "contact" : [{
    "name" : "HL7 Orders and Observations Workgroup",
    "telecom" : [{
      "system" : "url",
      "value" : "http://www.hl7.org/Special/committees/orders"
    }]
  }],
  "description" : "This ConceptMap represents a mapping from the HL7 V2 Datatype ED to the FHIR Attachment Data Type.",
  "jurisdiction" : [{
    "coding" : [{
      "system" : "http://unstats.un.org/unsd/methods/m49/m49.htm",
      "code" : "001"
    }]
  }],
  "copyright" : "Copyright (c) 2025, HL7 International, Inc., All Rights Reserved.",
  "group" : [{
    "element" : [{
      "extension" : [{
        "extension" : [{
          "url" : "type",
          "valueCode" : "ID"
        },
        {
          "url" : "cardinalityMin",
          "valueInteger" : 1
        },
        {
          "url" : "cardinalityMax",
          "valueInteger" : 1
        }],
        "url" : "http://hl7.org/fhir/uv/v2mappings/StructureDefinition/TypeInfo"
      }],
      "code" : "ED.2",
      "display" : "Type of Data",
      "target" : [{
        "extension" : [{
          "extension" : [{
            "url" : "type",
            "valueCode" : "uri"
          },
          {
            "url" : "cardinalityMin",
            "valueInteger" : 1
          },
          {
            "url" : "cardinalityMax",
            "valueInteger" : 1
          },
          {
            "url" : "assignment",
            "valueString" : "\"https://hl7.org/fhir/StructureDefinition/alternate-codes\""
          }],
          "url" : "http://hl7.org/fhir/uv/v2mappings/StructureDefinition/TypeInfo"
        }],
        "code" : "extension[1].url",
        "display" : "extension[1].url",
        "equivalence" : "equivalent",
        "dependsOn" : [{
          "property" : "Computable-ANTLR",
          "value" : "IF ED.3 NOT VALUED"
        }]
      }]
    },
    {
      "extension" : [{
        "extension" : [{
          "url" : "type",
          "valueCode" : "ID"
        },
        {
          "url" : "cardinalityMin",
          "valueInteger" : 1
        },
        {
          "url" : "cardinalityMax",
          "valueInteger" : 1
        }],
        "url" : "http://hl7.org/fhir/uv/v2mappings/StructureDefinition/TypeInfo"
      }],
      "code" : "ED.2",
      "display" : "Type of Data",
      "target" : [{
        "extension" : [{
          "extension" : [{
            "url" : "type",
            "valueCode" : "CodeableConcept"
          },
          {
            "url" : "cardinalityMin",
            "valueInteger" : 1
          },
          {
            "url" : "cardinalityMax",
            "valueInteger" : 1
          }],
          "url" : "http://hl7.org/fhir/uv/v2mappings/StructureDefinition/TypeInfo"
        }],
        "code" : "extension[1].valueCodeableConcept",
        "display" : "extension[1].valueCodeableConcept",
        "equivalence" : "equivalent",
        "dependsOn" : [{
          "property" : "Computable-ANTLR",
          "value" : "IF ED.3 NOT VALUED"
        }]
      }]
    },
    {
      "extension" : [{
        "extension" : [{
          "url" : "type",
          "valueCode" : "ID"
        },
        {
          "url" : "cardinalityMin",
          "valueInteger" : 0
        },
        {
          "url" : "cardinalityMax",
          "valueInteger" : 1
        }],
        "url" : "http://hl7.org/fhir/uv/v2mappings/StructureDefinition/TypeInfo"
      }],
      "code" : "ED.3",
      "display" : "Data Subtype",
      "target" : [{
        "extension" : [{
          "extension" : [{
            "url" : "type",
            "valueCode" : "code"
          },
          {
            "url" : "cardinalityMin",
            "valueInteger" : 1
          },
          {
            "url" : "cardinalityMax",
            "valueInteger" : 1
          }],
          "url" : "http://hl7.org/fhir/uv/v2mappings/StructureDefinition/TypeInfo"
        }],
        "code" : "contentType",
        "display" : "contentType",
        "equivalence" : "equivalent"
      }]
    },
    {
      "extension" : [{
        "extension" : [{
          "url" : "type",
          "valueCode" : "TX"
        },
        {
          "url" : "cardinalityMin",
          "valueInteger" : 1
        },
        {
          "url" : "cardinalityMax",
          "valueInteger" : 1
        }],
        "url" : "http://hl7.org/fhir/uv/v2mappings/StructureDefinition/TypeInfo"
      }],
      "code" : "ED.5",
      "display" : "Data",
      "target" : [{
        "extension" : [{
          "extension" : [{
            "url" : "type",
            "valueCode" : "base64Binary"
          },
          {
            "url" : "cardinalityMin",
            "valueInteger" : 1
          },
          {
            "url" : "cardinalityMax",
            "valueInteger" : 1
          },
          {
            "url" : "assignment",
            "valueString" : "/convert from A or HEX to binary64/"
          }],
          "url" : "http://hl7.org/fhir/uv/v2mappings/StructureDefinition/TypeInfo"
        }],
        "code" : "data",
        "display" : "data",
        "equivalence" : "equivalent",
        "comment" : "Implementations are not always accurate, so to be safe you may want to always assess OBX-5.5 to determine the correct .contentType."
      }]
    }]
  }]
}