{
  "resourceType" : "ConceptMap",
  "id" : "table-hl70443-to-v3-participationtype",
  "text" : {
    "status" : "generated",
    "div" : "<div xmlns=\"http://www.w3.org/1999/xhtml\"><p class=\"res-header-id\"><b>Generated Narrative: ConceptMap table-hl70443-to-v3-participationtype</b></p><a name=\"table-hl70443-to-v3-participationtype\"> </a><a name=\"hctable-hl70443-to-v3-participationtype\"> </a><p>Mapping from <a href=\"http://terminology.hl7.org/6.5.0/ValueSet-v2-0443.html\">hl7VS-providerRole</a> to (not specified)</p><br/><p><b>Group 1 </b>Mapping from <a href=\"http://terminology.hl7.org/6.5.0/CodeSystem-v2-0443.html\">providerRole</a> to <a href=\"http://terminology.hl7.org/6.5.0/CodeSystem-v3-ParticipationType.html\">ParticipationType</a></p><table class=\"grid\"><tr><td><b>Source Code</b></td><td><b>Relationship</b></td><td><b>Target Code</b></td></tr><tr><td>AD (Admitting)</td><td><a href=\"http://hl7.org/fhir/R5/codesystem-concept-map-relationship.html#equivalent\" title=\"equivalent\">is equivalent to</a></td><td>ADM (admitter)</td></tr><tr><td>AT (Attending)</td><td><a href=\"http://hl7.org/fhir/R5/codesystem-concept-map-relationship.html#equivalent\" title=\"equivalent\">is equivalent to</a></td><td>ATND (attender)</td></tr><tr><td>CP (Consulting Provider)</td><td><a href=\"http://hl7.org/fhir/R5/codesystem-concept-map-relationship.html#equivalent\" title=\"equivalent\">is equivalent to</a></td><td>CON (consultant)</td></tr><tr><td>RP (Referring Provider)</td><td><a href=\"http://hl7.org/fhir/R5/codesystem-concept-map-relationship.html#equivalent\" title=\"equivalent\">is equivalent to</a></td><td>REF (referrer)</td></tr></table><hr/><p><b>Group 2 </b>Mapping from <a href=\"http://terminology.hl7.org/6.5.0/CodeSystem-v2-0443.html\">providerRole</a> to <code>unspecified code system</code></p><table class=\"grid\"><tr><td><b>Source Code</b></td><td><b>Relationship</b></td><td><b>Target Code</b></td></tr><tr><td>AP (Administering Provider)</td><td colspan=\"2\" style=\"background-color: #efefef\">(not mapped)</td></tr><tr><td>CLP (Collecting Provider)</td><td colspan=\"2\" style=\"background-color: #efefef\">(not mapped)</td></tr><tr><td>DP (Dispensing Provider)</td><td colspan=\"2\" style=\"background-color: #efefef\">(not mapped)</td></tr><tr><td>EP (Entering Provider)</td><td colspan=\"2\" style=\"background-color: #efefef\">(not mapped)</td></tr><tr><td>FHCP (Family Health Care Professional)</td><td colspan=\"2\" style=\"background-color: #efefef\">(not mapped)</td></tr><tr><td>IP (Initiating Provider (as in action by))</td><td colspan=\"2\" style=\"background-color: #efefef\">(not mapped)</td></tr><tr><td>MDIR (Medical Director)</td><td colspan=\"2\" style=\"background-color: #efefef\">(not mapped)</td></tr><tr><td>OP (Ordering Provider)</td><td colspan=\"2\" style=\"background-color: #efefef\">(not mapped)</td></tr><tr><td>PH (Pharmacist)</td><td colspan=\"2\" style=\"background-color: #efefef\">(not mapped)</td></tr><tr><td>RO (Responsible Observer)</td><td colspan=\"2\" style=\"background-color: #efefef\">(not mapped)</td></tr><tr><td>RT (Referred to Provider)</td><td colspan=\"2\" style=\"background-color: #efefef\">(not mapped)</td></tr><tr><td>TR (Transcriptionist)</td><td colspan=\"2\" style=\"background-color: #efefef\">(not mapped)</td></tr><tr><td>AI (Assistant/Alternate Interpreter)</td><td colspan=\"2\" style=\"background-color: #efefef\">(not mapped)</td></tr><tr><td>TN (Technician)</td><td colspan=\"2\" style=\"background-color: #efefef\">(not mapped)</td></tr><tr><td>VP (Verifying Provider)</td><td colspan=\"2\" style=\"background-color: #efefef\">(not mapped)</td></tr><tr><td>VPS (Verifying Pharmaceutical Supplier)</td><td colspan=\"2\" style=\"background-color: #efefef\">(not mapped)</td></tr><tr><td>VTS (Verifying Treatment Supplier)</td><td colspan=\"2\" style=\"background-color: #efefef\">(not mapped)</td></tr></table><hr/><p><b>Group 3 </b>Mapping from <a href=\"http://terminology.hl7.org/6.5.0/CodeSystem-v2-0443.html\">providerRole</a> to <a href=\"http://hl7.org/fhir/R4/codesystem-snomedct.html\">SNOMED CT (all versions)</a></p><table class=\"grid\"><tr><td><b>Source Code</b></td><td><b>Relationship</b></td><td><b>Target Code</b></td></tr><tr><td>PP (Primary Care Provider)</td><td><a href=\"http://hl7.org/fhir/R5/codesystem-concept-map-relationship.html#equivalent\" title=\"equivalent\">is equivalent to</a></td><td>446050000 (PCP - Primary care physician)</td></tr><tr><td>PI (Primary Interpreter)</td><td><a href=\"http://hl7.org/fhir/R5/codesystem-concept-map-relationship.html#equivalent\" title=\"equivalent\">is equivalent to</a></td><td>40570005 (Interpreter)</td></tr></table></div>"
  },
  "extension" : [{
    "extension" : [{
      "url" : "type",
      "valueCode" : "derived-from"
    },
    {
      "url" : "label",
      "valueString" : "Table HL70443 to V3 ParticipationType.fsh"
    },
    {
      "url" : "url",
      "valueUri" : "https://docs.google.com/spreadsheets/d/1Mw2am81E0fuDQ-kNrCEc-LwgZ6PlxHNauOBzZ8y5qUM/edit#gid=0"
    }],
    "url" : "http://hl7.org/fhir/uv/v2mappings/StructureDefinition/RelatedArtifact"
  },
  {
    "url" : "http://hl7.org/fhir/StructureDefinition/structuredefinition-wg",
    "valueCode" : "oo"
  },
  {
    "url" : "http://hl7.org/fhir/StructureDefinition/structuredefinition-standards-status",
    "valueCode" : "informative",
    "_valueCode" : {
      "extension" : [{
        "url" : "http://hl7.org/fhir/StructureDefinition/structuredefinition-conformance-derivedFrom",
        "valueCanonical" : "http://hl7.org/fhir/uv/v2mappings/ImplementationGuide/hl7.fhir.uv.v2mappings"
      }]
    }
  }],
  "url" : "http://hl7.org/fhir/uv/v2mappings/ConceptMap/table-hl70443-to-v3-participationtype",
  "version" : "1.0.0",
  "name" : "TableHL70443ToV3ParticipationType",
  "title" : "Table HL70443 to V3 ParticipationType Map",
  "status" : "active",
  "experimental" : true,
  "date" : "2025-08-23",
  "publisher" : "HL7 International / Orders and Observations",
  "contact" : [{
    "name" : "HL7 Orders and Observations Workgroup",
    "telecom" : [{
      "system" : "url",
      "value" : "http://www.hl7.org/Special/committees/orders"
    }]
  }],
  "description" : "This ConceptMap represents a mapping from the HL7 V2 Table HL70443 to the FHIR V3 ParticipationType Value Set.",
  "jurisdiction" : [{
    "coding" : [{
      "system" : "http://unstats.un.org/unsd/methods/m49/m49.htm",
      "code" : "001"
    }]
  }],
  "copyright" : "Copyright (c) 2025, HL7 International, Inc., All Rights Reserved.",
  "sourceUri" : "http://terminology.hl7.org/ValueSet/v2-0443",
  "group" : [{
    "source" : "http://terminology.hl7.org/CodeSystem/v2-0443",
    "target" : "http://terminology.hl7.org/CodeSystem/v3-ParticipationType",
    "element" : [{
      "code" : "AD",
      "display" : "Admitting",
      "target" : [{
        "code" : "ADM",
        "display" : "admitter",
        "equivalence" : "equivalent"
      }]
    },
    {
      "code" : "AT",
      "display" : "Attending",
      "target" : [{
        "code" : "ATND",
        "display" : "attender",
        "equivalence" : "equivalent"
      }]
    },
    {
      "code" : "CP",
      "display" : "Consulting Provider",
      "target" : [{
        "code" : "CON",
        "display" : "consultant",
        "equivalence" : "equivalent"
      }]
    },
    {
      "code" : "RP",
      "display" : "Referring Provider",
      "target" : [{
        "code" : "REF",
        "display" : "referrer",
        "equivalence" : "equivalent"
      }]
    }]
  },
  {
    "source" : "http://terminology.hl7.org/CodeSystem/v2-0443",
    "element" : [{
      "code" : "AP",
      "display" : "Administering Provider",
      "target" : [{
        "equivalence" : "unmatched"
      }]
    },
    {
      "code" : "CLP",
      "display" : "Collecting Provider",
      "target" : [{
        "equivalence" : "unmatched"
      }]
    },
    {
      "code" : "DP",
      "display" : "Dispensing Provider",
      "target" : [{
        "equivalence" : "unmatched"
      }]
    },
    {
      "code" : "EP",
      "display" : "Entering Provider",
      "target" : [{
        "equivalence" : "unmatched"
      }]
    },
    {
      "code" : "FHCP",
      "display" : "Family Health Care Professional",
      "target" : [{
        "equivalence" : "unmatched"
      }]
    },
    {
      "code" : "IP",
      "display" : "Initiating Provider (as in action by)",
      "target" : [{
        "equivalence" : "unmatched"
      }]
    },
    {
      "code" : "MDIR",
      "display" : "Medical Director",
      "target" : [{
        "equivalence" : "unmatched"
      }]
    },
    {
      "code" : "OP",
      "display" : "Ordering Provider",
      "target" : [{
        "equivalence" : "unmatched"
      }]
    },
    {
      "code" : "PH",
      "display" : "Pharmacist",
      "target" : [{
        "equivalence" : "unmatched"
      }]
    },
    {
      "code" : "RO",
      "display" : "Responsible Observer",
      "target" : [{
        "equivalence" : "unmatched"
      }]
    },
    {
      "code" : "RT",
      "display" : "Referred to Provider",
      "target" : [{
        "equivalence" : "unmatched"
      }]
    },
    {
      "code" : "TR",
      "display" : "Transcriptionist",
      "target" : [{
        "equivalence" : "unmatched"
      }]
    },
    {
      "code" : "AI",
      "display" : "Assistant/Alternate Interpreter",
      "target" : [{
        "equivalence" : "unmatched"
      }]
    },
    {
      "code" : "TN",
      "display" : "Technician",
      "target" : [{
        "equivalence" : "unmatched"
      }]
    },
    {
      "code" : "VP",
      "display" : "Verifying Provider",
      "target" : [{
        "equivalence" : "unmatched"
      }]
    },
    {
      "code" : "VPS",
      "display" : "Verifying Pharmaceutical Supplier",
      "target" : [{
        "equivalence" : "unmatched"
      }]
    },
    {
      "code" : "VTS",
      "display" : "Verifying Treatment Supplier",
      "target" : [{
        "equivalence" : "unmatched"
      }]
    }]
  },
  {
    "source" : "http://terminology.hl7.org/CodeSystem/v2-0443",
    "target" : "http://snomed.info/sct",
    "element" : [{
      "code" : "PP",
      "display" : "Primary Care Provider",
      "target" : [{
        "code" : "446050000",
        "display" : "PCP - Primary care physician",
        "equivalence" : "equivalent"
      }]
    },
    {
      "code" : "PI",
      "display" : "Primary Interpreter",
      "target" : [{
        "code" : "40570005",
        "display" : "Interpreter",
        "equivalence" : "equivalent"
      }]
    }]
  }]
}