{
  "resourceType" : "ConceptMap",
  "id" : "datatype-tq-to-servicerequest",
  "text" : {
    "status" : "generated",
    "div" : "<div xmlns=\"http://www.w3.org/1999/xhtml\"><p class=\"res-header-id\"><b>Generated Narrative: ConceptMap datatype-tq-to-servicerequest</b></p><a name=\"datatype-tq-to-servicerequest\"> </a><a name=\"hcdatatype-tq-to-servicerequest\"> </a><p>Mapping from (not specified) to (not specified)</p><br/><p><b>Group 1 </b>Mapping from <code>unspecified code system</code> to <code>unspecified code system</code></p><table class=\"grid\"><tr><td colspan=\"3\"><b>Source Concept Details</b></td><td><b>Relationship</b></td><td colspan=\"2\"><b>Target Concept Details</b></td><td><b>Comment</b></td></tr><tr><td colspan=\"2\"><b>Codes</b> from </td><td><b>NarrativeCondition</b></td><td/><td colspan=\"2\"><b>Codes</b> from </td><td/></tr><tr><td style=\"border-right-width: 0px\">TQ.1</td><td style=\"border-left-width: 0px\">Quantity</td><td/><td><a href=\"http://hl7.org/fhir/R5/codesystem-concept-map-relationship.html#equivalent\" title=\"equivalent\">is equivalent to</a></td><td style=\"border-right-width: 0px\">quantityQuantity</td><td style=\"border-left-width: 0px\">quantityQuantity</td><td/></tr><tr><td style=\"border-right-width: 0px\">TQ.2</td><td style=\"border-left-width: 0px\">Interval</td><td/><td><a href=\"http://hl7.org/fhir/R5/codesystem-concept-map-relationship.html#equivalent\" title=\"equivalent\">is equivalent to</a></td><td style=\"border-right-width: 0px\">occurrenceTiming</td><td style=\"border-left-width: 0px\">occurrenceTiming</td><td/></tr><tr><td style=\"border-right-width: 0px\">TQ.3</td><td style=\"border-left-width: 0px\">Duration</td><td>If the value and unit in TQ.3 can be unambiguously parsed where the unit is translatable into UCUM and the field contains nothing else.</td><td><a href=\"http://hl7.org/fhir/R5/codesystem-concept-map-relationship.html#equivalent\" title=\"equivalent\">is equivalent to</a></td><td style=\"border-right-width: 0px\">occurenceTiming.repeat.boundsDuration.value</td><td style=\"border-left-width: 0px\">occurenceTiming.repeat.boundsDuration.value</td><td>See notes on TQ.3 in v2.5.1 for likely formats that will be used in the v2 message.</td></tr><tr><td style=\"border-right-width: 0px\">TQ.3</td><td style=\"border-left-width: 0px\">Duration</td><td>If the value and unit in TQ.3 can be unambiguously parsed where the unit is translatable into UCUM and the field contains nothing else.</td><td><a href=\"http://hl7.org/fhir/R5/codesystem-concept-map-relationship.html#equivalent\" title=\"equivalent\">is equivalent to</a></td><td style=\"border-right-width: 0px\">occurenceTiming.repeat.boundsDuration.unit</td><td style=\"border-left-width: 0px\">occurenceTiming.repeat.boundsDuration.unit</td><td>See notes on TQ.3 in v2.5.1 for likely formats that will be used in the v2 message.</td></tr><tr><td style=\"border-right-width: 0px\">TQ.3</td><td style=\"border-left-width: 0px\">Duration</td><td>If the value and unit in TQ.3 can be unambiguously parsed where the unit is translatable into UCUM and the field contains nothing else.</td><td><a href=\"http://hl7.org/fhir/R5/codesystem-concept-map-relationship.html#equivalent\" title=\"equivalent\">is equivalent to</a></td><td style=\"border-right-width: 0px\">occurenceTiming.repeat.boundsDuration.system</td><td style=\"border-left-width: 0px\">occurenceTiming.repeat.boundsDuration.system</td><td/></tr><tr><td style=\"border-right-width: 0px\">TQ.4</td><td style=\"border-left-width: 0px\">Start Date/Time</td><td/><td><a href=\"http://hl7.org/fhir/R5/codesystem-concept-map-relationship.html#equivalent\" title=\"equivalent\">is equivalent to</a></td><td style=\"border-right-width: 0px\">occurrenceTiming.repeat.boundsPeriod.start</td><td style=\"border-left-width: 0px\">occurrenceTiming.repeat.boundsPeriod.start</td><td/></tr><tr><td style=\"border-right-width: 0px\">TQ.5</td><td style=\"border-left-width: 0px\">End Date/Time</td><td/><td><a href=\"http://hl7.org/fhir/R5/codesystem-concept-map-relationship.html#equivalent\" title=\"equivalent\">is equivalent to</a></td><td style=\"border-right-width: 0px\">occurrenceTiming.repeat.boundsPeriod.end</td><td style=\"border-left-width: 0px\">occurrenceTiming.repeat.boundsPeriod.end</td><td/></tr><tr><td style=\"border-right-width: 0px\">TQ.6</td><td style=\"border-left-width: 0px\">Priority</td><td/><td><a href=\"http://hl7.org/fhir/R5/codesystem-concept-map-relationship.html#equivalent\" title=\"equivalent\">is equivalent to</a></td><td style=\"border-right-width: 0px\">priority</td><td style=\"border-left-width: 0px\">priority</td><td>A translation from the text priority in the v2 message to a coded value in the request-priority value set will be required.</td></tr><tr><td style=\"border-right-width: 0px\">TQ.8</td><td style=\"border-left-width: 0px\">Text</td><td/><td><a href=\"http://hl7.org/fhir/R5/codesystem-concept-map-relationship.html#equivalent\" title=\"equivalent\">is equivalent to</a></td><td style=\"border-right-width: 0px\">note(Annotation.text)</td><td style=\"border-left-width: 0px\">note(Annotation.text)</td><td/></tr><tr><td style=\"border-right-width: 0px\">TQ.12</td><td style=\"border-left-width: 0px\">Total Occurrences</td><td/><td><a href=\"http://hl7.org/fhir/R5/codesystem-concept-map-relationship.html#equivalent\" title=\"equivalent\">is equivalent to</a></td><td style=\"border-right-width: 0px\">occurrenceTiming.repeat.count</td><td style=\"border-left-width: 0px\">occurrenceTiming.repeat.count</td><td/></tr></table></div>"
  },
  "extension" : [{
    "extension" : [{
      "url" : "type",
      "valueCode" : "derived-from"
    },
    {
      "url" : "label",
      "valueString" : "Datatype TQ to ServiceRequest.fsh"
    },
    {
      "url" : "url",
      "valueUri" : "https://docs.google.com/spreadsheets/d/1cti6hPf-05Z2fziWk7lScLq6RHgspA4gMorBS6m4J3o/edit#gid=0"
    }],
    "url" : "http://hl7.org/fhir/uv/v2mappings/StructureDefinition/RelatedArtifact"
  },
  {
    "url" : "http://hl7.org/fhir/StructureDefinition/structuredefinition-wg",
    "valueCode" : "oo"
  },
  {
    "url" : "http://hl7.org/fhir/StructureDefinition/structuredefinition-standards-status",
    "valueCode" : "informative",
    "_valueCode" : {
      "extension" : [{
        "url" : "http://hl7.org/fhir/StructureDefinition/structuredefinition-conformance-derivedFrom",
        "valueCanonical" : "http://hl7.org/fhir/uv/v2mappings/ImplementationGuide/hl7.fhir.uv.v2mappings"
      }]
    }
  }],
  "url" : "http://hl7.org/fhir/uv/v2mappings/ConceptMap/datatype-tq-to-servicerequest",
  "version" : "1.0.0",
  "name" : "DatatypeTQToServiceRequest",
  "title" : "Datatype TQ to ServiceRequest Map",
  "status" : "active",
  "experimental" : true,
  "date" : "2025-08-23",
  "publisher" : "HL7 International / Orders and Observations",
  "contact" : [{
    "name" : "HL7 Orders and Observations Workgroup",
    "telecom" : [{
      "system" : "url",
      "value" : "http://www.hl7.org/Special/committees/orders"
    }]
  }],
  "description" : "This ConceptMap represents a mapping from the HL7 V2 Datatype TQ to the FHIR ServiceRequest Resource.",
  "jurisdiction" : [{
    "coding" : [{
      "system" : "http://unstats.un.org/unsd/methods/m49/m49.htm",
      "code" : "001"
    }]
  }],
  "copyright" : "Copyright (c) 2025, HL7 International, Inc., All Rights Reserved.",
  "group" : [{
    "element" : [{
      "extension" : [{
        "extension" : [{
          "url" : "type",
          "valueCode" : "CQ"
        },
        {
          "url" : "cardinalityMin",
          "valueInteger" : 0
        },
        {
          "url" : "cardinalityMax",
          "valueInteger" : 1
        }],
        "url" : "http://hl7.org/fhir/uv/v2mappings/StructureDefinition/TypeInfo"
      }],
      "code" : "TQ.1",
      "display" : "Quantity",
      "target" : [{
        "extension" : [{
          "extension" : [{
            "url" : "type",
            "valueCode" : "Quantity"
          },
          {
            "url" : "cardinalityMin",
            "valueInteger" : 1
          },
          {
            "url" : "cardinalityMax",
            "valueInteger" : 1
          }],
          "url" : "http://hl7.org/fhir/uv/v2mappings/StructureDefinition/TypeInfo"
        }],
        "code" : "quantityQuantity",
        "display" : "quantityQuantity",
        "equivalence" : "equivalent"
      }]
    },
    {
      "extension" : [{
        "extension" : [{
          "url" : "type",
          "valueCode" : "RI"
        },
        {
          "url" : "cardinalityMin",
          "valueInteger" : 0
        },
        {
          "url" : "cardinalityMax",
          "valueInteger" : 1
        }],
        "url" : "http://hl7.org/fhir/uv/v2mappings/StructureDefinition/TypeInfo"
      }],
      "code" : "TQ.2",
      "display" : "Interval",
      "target" : [{
        "extension" : [{
          "extension" : [{
            "url" : "type",
            "valueCode" : "Timing"
          },
          {
            "url" : "cardinalityMin",
            "valueInteger" : 1
          },
          {
            "url" : "cardinalityMax",
            "valueInteger" : 1
          }],
          "url" : "http://hl7.org/fhir/uv/v2mappings/StructureDefinition/TypeInfo"
        }],
        "code" : "occurrenceTiming",
        "display" : "occurrenceTiming",
        "equivalence" : "equivalent"
      }]
    },
    {
      "extension" : [{
        "extension" : [{
          "url" : "type",
          "valueCode" : "ST"
        },
        {
          "url" : "cardinalityMin",
          "valueInteger" : 0
        },
        {
          "url" : "cardinalityMax",
          "valueInteger" : 1
        }],
        "url" : "http://hl7.org/fhir/uv/v2mappings/StructureDefinition/TypeInfo"
      }],
      "code" : "TQ.3",
      "display" : "Duration",
      "target" : [{
        "extension" : [{
          "extension" : [{
            "url" : "type",
            "valueCode" : "decimal"
          },
          {
            "url" : "cardinalityMin",
            "valueInteger" : 1
          },
          {
            "url" : "cardinalityMax",
            "valueInteger" : 1
          }],
          "url" : "http://hl7.org/fhir/uv/v2mappings/StructureDefinition/TypeInfo"
        }],
        "code" : "occurenceTiming.repeat.boundsDuration.value",
        "display" : "occurenceTiming.repeat.boundsDuration.value",
        "equivalence" : "equivalent",
        "comment" : "See notes on TQ.3 in v2.5.1 for likely formats that will be used in the v2 message.",
        "dependsOn" : [{
          "property" : "Narrative-Condition",
          "value" : "If the value and unit in TQ.3 can be unambiguously parsed where the unit is translatable into UCUM and the field contains nothing else."
        }]
      }]
    },
    {
      "extension" : [{
        "extension" : [{
          "url" : "type",
          "valueCode" : "ST"
        },
        {
          "url" : "cardinalityMin",
          "valueInteger" : 0
        },
        {
          "url" : "cardinalityMax",
          "valueInteger" : 1
        }],
        "url" : "http://hl7.org/fhir/uv/v2mappings/StructureDefinition/TypeInfo"
      }],
      "code" : "TQ.3",
      "display" : "Duration",
      "target" : [{
        "extension" : [{
          "extension" : [{
            "url" : "type",
            "valueCode" : "string"
          },
          {
            "url" : "cardinalityMin",
            "valueInteger" : 1
          },
          {
            "url" : "cardinalityMax",
            "valueInteger" : 1
          }],
          "url" : "http://hl7.org/fhir/uv/v2mappings/StructureDefinition/TypeInfo"
        }],
        "code" : "occurenceTiming.repeat.boundsDuration.unit",
        "display" : "occurenceTiming.repeat.boundsDuration.unit",
        "equivalence" : "equivalent",
        "comment" : "See notes on TQ.3 in v2.5.1 for likely formats that will be used in the v2 message.",
        "dependsOn" : [{
          "property" : "Narrative-Condition",
          "value" : "If the value and unit in TQ.3 can be unambiguously parsed where the unit is translatable into UCUM and the field contains nothing else."
        }]
      }]
    },
    {
      "extension" : [{
        "extension" : [{
          "url" : "type",
          "valueCode" : "ST"
        },
        {
          "url" : "cardinalityMin",
          "valueInteger" : 0
        },
        {
          "url" : "cardinalityMax",
          "valueInteger" : 1
        }],
        "url" : "http://hl7.org/fhir/uv/v2mappings/StructureDefinition/TypeInfo"
      }],
      "code" : "TQ.3",
      "display" : "Duration",
      "target" : [{
        "extension" : [{
          "extension" : [{
            "url" : "cardinalityMin",
            "valueInteger" : 1
          },
          {
            "url" : "cardinalityMax",
            "valueInteger" : 1
          },
          {
            "url" : "assignment",
            "valueString" : "\"UCUM\""
          }],
          "url" : "http://hl7.org/fhir/uv/v2mappings/StructureDefinition/TypeInfo"
        }],
        "code" : "occurenceTiming.repeat.boundsDuration.system",
        "display" : "occurenceTiming.repeat.boundsDuration.system",
        "equivalence" : "equivalent",
        "dependsOn" : [{
          "property" : "Narrative-Condition",
          "value" : "If the value and unit in TQ.3 can be unambiguously parsed where the unit is translatable into UCUM and the field contains nothing else."
        }]
      }]
    },
    {
      "extension" : [{
        "extension" : [{
          "url" : "type",
          "valueCode" : "TS"
        },
        {
          "url" : "cardinalityMin",
          "valueInteger" : 0
        },
        {
          "url" : "cardinalityMax",
          "valueInteger" : 1
        }],
        "url" : "http://hl7.org/fhir/uv/v2mappings/StructureDefinition/TypeInfo"
      }],
      "code" : "TQ.4",
      "display" : "Start Date/Time",
      "target" : [{
        "extension" : [{
          "extension" : [{
            "url" : "type",
            "valueCode" : "dateTime"
          },
          {
            "url" : "cardinalityMin",
            "valueInteger" : 1
          },
          {
            "url" : "cardinalityMax",
            "valueInteger" : 1
          }],
          "url" : "http://hl7.org/fhir/uv/v2mappings/StructureDefinition/TypeInfo"
        }],
        "code" : "occurrenceTiming.repeat.boundsPeriod.start",
        "display" : "occurrenceTiming.repeat.boundsPeriod.start",
        "equivalence" : "equivalent"
      }]
    },
    {
      "extension" : [{
        "extension" : [{
          "url" : "type",
          "valueCode" : "TS"
        },
        {
          "url" : "cardinalityMin",
          "valueInteger" : 0
        },
        {
          "url" : "cardinalityMax",
          "valueInteger" : 1
        }],
        "url" : "http://hl7.org/fhir/uv/v2mappings/StructureDefinition/TypeInfo"
      }],
      "code" : "TQ.5",
      "display" : "End Date/Time",
      "target" : [{
        "extension" : [{
          "extension" : [{
            "url" : "type",
            "valueCode" : "dateTime"
          },
          {
            "url" : "cardinalityMin",
            "valueInteger" : 1
          },
          {
            "url" : "cardinalityMax",
            "valueInteger" : 1
          }],
          "url" : "http://hl7.org/fhir/uv/v2mappings/StructureDefinition/TypeInfo"
        }],
        "code" : "occurrenceTiming.repeat.boundsPeriod.end",
        "display" : "occurrenceTiming.repeat.boundsPeriod.end",
        "equivalence" : "equivalent"
      }]
    },
    {
      "extension" : [{
        "extension" : [{
          "url" : "type",
          "valueCode" : "ST"
        },
        {
          "url" : "cardinalityMin",
          "valueInteger" : 0
        },
        {
          "url" : "cardinalityMax",
          "valueInteger" : 1
        }],
        "url" : "http://hl7.org/fhir/uv/v2mappings/StructureDefinition/TypeInfo"
      }],
      "code" : "TQ.6",
      "display" : "Priority",
      "target" : [{
        "extension" : [{
          "extension" : [{
            "url" : "type",
            "valueCode" : "code"
          },
          {
            "url" : "cardinalityMin",
            "valueInteger" : 1
          },
          {
            "url" : "cardinalityMax",
            "valueInteger" : 1
          },
          {
            "url" : "mappedVia",
            "valueUrl" : "ConceptMap/table-hl70485-to-request-priority"
          }],
          "url" : "http://hl7.org/fhir/uv/v2mappings/StructureDefinition/TypeInfo"
        }],
        "code" : "priority",
        "display" : "priority",
        "equivalence" : "equivalent",
        "comment" : "A translation from the text priority in the v2 message to a coded value in the request-priority value set will be required."
      }]
    },
    {
      "extension" : [{
        "extension" : [{
          "url" : "type",
          "valueCode" : "TX"
        },
        {
          "url" : "cardinalityMin",
          "valueInteger" : 0
        },
        {
          "url" : "cardinalityMax",
          "valueInteger" : 1
        }],
        "url" : "http://hl7.org/fhir/uv/v2mappings/StructureDefinition/TypeInfo"
      }],
      "code" : "TQ.8",
      "display" : "Text",
      "target" : [{
        "extension" : [{
          "extension" : [{
            "url" : "type",
            "valueCode" : "Reference(Annotation)"
          },
          {
            "url" : "cardinalityMin",
            "valueInteger" : -1
          },
          {
            "url" : "cardinalityMax",
            "valueInteger" : -1
          }],
          "url" : "http://hl7.org/fhir/uv/v2mappings/StructureDefinition/TypeInfo"
        }],
        "code" : "note(Annotation.text)",
        "display" : "note(Annotation.text)",
        "equivalence" : "equivalent"
      }]
    },
    {
      "extension" : [{
        "extension" : [{
          "url" : "type",
          "valueCode" : "NM"
        },
        {
          "url" : "cardinalityMin",
          "valueInteger" : 0
        },
        {
          "url" : "cardinalityMax",
          "valueInteger" : 1
        }],
        "url" : "http://hl7.org/fhir/uv/v2mappings/StructureDefinition/TypeInfo"
      }],
      "code" : "TQ.12",
      "display" : "Total Occurrences",
      "target" : [{
        "extension" : [{
          "extension" : [{
            "url" : "type",
            "valueCode" : "positiveInt"
          },
          {
            "url" : "cardinalityMin",
            "valueInteger" : 1
          },
          {
            "url" : "cardinalityMax",
            "valueInteger" : 1
          }],
          "url" : "http://hl7.org/fhir/uv/v2mappings/StructureDefinition/TypeInfo"
        }],
        "code" : "occurrenceTiming.repeat.count",
        "display" : "occurrenceTiming.repeat.count",
        "equivalence" : "equivalent"
      }]
    }]
  }]
}