<?xml version="1.0" encoding="UTF-8"?>

<ConceptMap xmlns="http://hl7.org/fhir">
  <id value="table-hl70001-to-administrative-gender"/>
  <text>
    <status value="generated"/><div xmlns="http://www.w3.org/1999/xhtml"><p class="res-header-id"><b>Generated Narrative: ConceptMap table-hl70001-to-administrative-gender</b></p><a name="table-hl70001-to-administrative-gender"> </a><a name="hctable-hl70001-to-administrative-gender"> </a><p>Mapping from <a href="http://terminology.hl7.org/6.5.0/ValueSet-v2-0001.html">hl7VS-administrativeSex</a> to <a href="http://hl7.org/fhir/R4/valueset-administrative-gender.html">AdministrativeGender</a></p><br/><p><b>Group 1 </b>Mapping from <a href="http://terminology.hl7.org/6.5.0/CodeSystem-v2-0001.html">administrativeSex</a> to <a href="http://hl7.org/fhir/R4/codesystem-administrative-gender.html">AdministrativeGender</a></p><table class="grid"><tr><td><b>Source Code</b></td><td><b>Relationship</b></td><td><b>Target Code</b></td></tr><tr><td>F (Female)</td><td><a href="http://hl7.org/fhir/R5/codesystem-concept-map-relationship.html#equivalent" title="equivalent">is equivalent to</a></td><td>female</td></tr><tr><td>M (Male)</td><td><a href="http://hl7.org/fhir/R5/codesystem-concept-map-relationship.html#equivalent" title="equivalent">is equivalent to</a></td><td>male</td></tr><tr><td>O (Other)</td><td><a href="http://hl7.org/fhir/R5/codesystem-concept-map-relationship.html#equivalent" title="equivalent">is equivalent to</a></td><td>other</td></tr><tr><td>U (Unknown)</td><td><a href="http://hl7.org/fhir/R5/codesystem-concept-map-relationship.html#equivalent" title="equivalent">is equivalent to</a></td><td>unknown</td></tr><tr><td>A (Ambiguous)</td><td><a href="http://hl7.org/fhir/R5/codesystem-concept-map-relationship.html#equivalent" title="equivalent">is equivalent to</a></td><td>other</td></tr><tr><td>N (Not applicable)</td><td><a href="http://hl7.org/fhir/R5/codesystem-concept-map-relationship.html#equivalent" title="equivalent">is equivalent to</a></td><td>other</td></tr></table></div>
  </text>
  <extension url="http://hl7.org/fhir/uv/v2mappings/StructureDefinition/RelatedArtifact">
    <extension url="type">
      <valueCode value="derived-from"/>
    </extension>
    <extension url="label">
      <valueString value="Table HL70001 to Administrative Gender.fsh"/>
    </extension>
    <extension url="url">
      <valueUri value="https://docs.google.com/spreadsheets/d/1VxG2IpKlMJE_aC4hDB-PXKM6q2vC_E950WO2Nbctr5U/edit#gid=0"/>
    </extension>
  </extension>
  <extension url="http://hl7.org/fhir/StructureDefinition/structuredefinition-wg">
    <valueCode value="oo"/>
  </extension>
  <extension url="http://hl7.org/fhir/StructureDefinition/structuredefinition-standards-status">
    <valueCode value="informative">
      <extension url="http://hl7.org/fhir/StructureDefinition/structuredefinition-conformance-derivedFrom">
        <valueCanonical value="http://hl7.org/fhir/uv/v2mappings/ImplementationGuide/hl7.fhir.uv.v2mappings"/>
      </extension>
    </valueCode>
  </extension>
  <url value="http://hl7.org/fhir/uv/v2mappings/ConceptMap/table-hl70001-to-administrative-gender"/>
  <version value="1.0.0"/>
  <name value="TableHL70001ToAdministrativeGender"/>
  <title value="Table HL70001 to Administrative Gender Map"/>
  <status value="active"/>
  <experimental value="true"/>
  <date value="2025-08-23"/>
  <publisher value="HL7 International / Orders and Observations"/>
  <contact>
    <name value="HL7 Orders and Observations Workgroup"/>
    <telecom>
      <system value="url"/>
      <value value="http://www.hl7.org/Special/committees/orders"/>
    </telecom>
  </contact>
  <description value="This ConceptMap represents a mapping from the HL7 V2 Table HL70001 to the FHIR Administrative Gender Value Set."/>
  <jurisdiction>
    <coding>
      <system value="http://unstats.un.org/unsd/methods/m49/m49.htm"/>
      <code value="001"/>
    </coding>
  </jurisdiction>
  <copyright value="Copyright (c) 2025, HL7 International, Inc., All Rights Reserved."/>
  <sourceUri value="http://terminology.hl7.org/ValueSet/v2-0001"/>
  <targetUri value="http://hl7.org/fhir/ValueSet/administrative-gender"/>
  <group>
    <source value="http://terminology.hl7.org/CodeSystem/v2-0001"/>
    <target value="http://hl7.org/fhir/administrative-gender"/>
    <element>
      <code value="F"/>
      <display value="Female"/>
      <target>
        <code value="female"/>
        <display value="Female"/>
        <equivalence value="equivalent"/>
      </target>
    </element>
    <element>
      <code value="M"/>
      <display value="Male"/>
      <target>
        <code value="male"/>
        <display value="Male"/>
        <equivalence value="equivalent"/>
      </target>
    </element>
    <element>
      <code value="O"/>
      <display value="Other"/>
      <target>
        <code value="other"/>
        <display value="Other"/>
        <equivalence value="equivalent"/>
      </target>
    </element>
    <element>
      <code value="U"/>
      <display value="Unknown"/>
      <target>
        <code value="unknown"/>
        <display value="Unknown"/>
        <equivalence value="equivalent"/>
      </target>
    </element>
    <element>
      <code value="A"/>
      <display value="Ambiguous"/>
      <target>
        <code value="other"/>
        <display value="Other"/>
        <equivalence value="equivalent"/>
      </target>
    </element>
    <element>
      <code value="N"/>
      <display value="Not applicable"/>
      <target>
        <code value="other"/>
        <display value="Other"/>
        <equivalence value="equivalent"/>
      </target>
    </element>
  </group>
</ConceptMap>