<?xml version="1.0" encoding="UTF-8"?>

<ConceptMap xmlns="http://hl7.org/fhir">
  <id value="segment-obx-to-documentreference"/>
  <text>
    <status value="generated"/><div xmlns="http://www.w3.org/1999/xhtml"><p class="res-header-id"><b>Generated Narrative: ConceptMap segment-obx-to-documentreference</b></p><a name="segment-obx-to-documentreference"> </a><a name="hcsegment-obx-to-documentreference"> </a><p>Mapping from (not specified) to (not specified)</p><br/><p><b>Group 1 </b>Mapping from <code>unspecified code system</code> to <code>unspecified code system</code></p><table class="grid"><tr><td colspan="3"><b>Source Concept Details</b></td><td><b>Relationship</b></td><td colspan="2"><b>Target Concept Details</b></td><td><b>Comment</b></td></tr><tr><td colspan="2"><b>Codes</b> from </td><td><b>ComputableANTLR</b></td><td/><td colspan="2"><b>Codes</b> from </td><td/></tr><tr><td style="border-right-width: 0px">OBX-5</td><td style="border-left-width: 0px">Observation Value</td><td>IF OBX-2=&quot;ED&quot;</td><td><a href="http://hl7.org/fhir/R5/codesystem-concept-map-relationship.html#equivalent" title="equivalent">is equivalent to</a></td><td style="border-right-width: 0px">content[1].attachment</td><td style="border-left-width: 0px">content[1].attachment</td><td>When OBX-5 repeats, each repeat yields a new .content instance.</td></tr><tr><td style="border-right-width: 0px">OBX-5</td><td style="border-left-width: 0px">Observation Value</td><td>IF OBX-2=&quot;FT&quot;</td><td><a href="http://hl7.org/fhir/R5/codesystem-concept-map-relationship.html#equivalent" title="equivalent">is equivalent to</a></td><td style="border-right-width: 0px">content[2].data</td><td style="border-left-width: 0px">content[2].data</td><td>When OBX-5 repeats, each repeat yields a line feed within .content[2].data</td></tr><tr><td style="border-right-width: 0px">OBX-5</td><td style="border-left-width: 0px">Observation Value</td><td>IF OBX-2=&quot;FT&quot;</td><td><a href="http://hl7.org/fhir/R5/codesystem-concept-map-relationship.html#equivalent" title="equivalent">is equivalent to</a></td><td style="border-right-width: 0px">content[2].contentType</td><td style="border-left-width: 0px">content[2].contentType</td><td/></tr><tr><td style="border-right-width: 0px">OBX-5</td><td style="border-left-width: 0px">Observation Value</td><td>IF OBX-2=&quot;RP&quot;</td><td><a href="http://hl7.org/fhir/R5/codesystem-concept-map-relationship.html#equivalent" title="equivalent">is equivalent to</a></td><td style="border-right-width: 0px">content[3].url</td><td style="border-left-width: 0px">content[3].url</td><td>When OBX-5 repeats, each repeat yields a new .content instance.</td></tr><tr><td style="border-right-width: 0px">OBX-5</td><td style="border-left-width: 0px">Observation Value</td><td>IF OBX-2=&quot;TX&quot;</td><td><a href="http://hl7.org/fhir/R5/codesystem-concept-map-relationship.html#equivalent" title="equivalent">is equivalent to</a></td><td style="border-right-width: 0px">content[4].data</td><td style="border-left-width: 0px">content[4].data</td><td>When OBX-5 repeats, each repeat yields a line feed within .content[4].data</td></tr><tr><td style="border-right-width: 0px">OBX-5</td><td style="border-left-width: 0px">Observation Value</td><td>IF OBX-2=&quot;TX&quot;</td><td><a href="http://hl7.org/fhir/R5/codesystem-concept-map-relationship.html#equivalent" title="equivalent">is equivalent to</a></td><td style="border-right-width: 0px">content[4].contentType</td><td style="border-left-width: 0px">content[4].contentType</td><td/></tr></table></div>
  </text>
  <extension url="http://hl7.org/fhir/uv/v2mappings/StructureDefinition/RelatedArtifact">
    <extension url="type">
      <valueCode value="derived-from"/>
    </extension>
    <extension url="label">
      <valueString value="Segment OBX to DocumentReference.fsh"/>
    </extension>
    <extension url="url">
      <valueUri value="https://docs.google.com/spreadsheets/d/1CqIMtAqzUDiqaBOdyoJ76jPrHCRAVQTlKFxaf1JF07Q/edit#gid=0"/>
    </extension>
  </extension>
  <extension url="http://hl7.org/fhir/StructureDefinition/structuredefinition-wg">
    <valueCode value="oo"/>
  </extension>
  <extension url="http://hl7.org/fhir/StructureDefinition/structuredefinition-standards-status">
    <valueCode value="informative">
      <extension url="http://hl7.org/fhir/StructureDefinition/structuredefinition-conformance-derivedFrom">
        <valueCanonical value="http://hl7.org/fhir/uv/v2mappings/ImplementationGuide/hl7.fhir.uv.v2mappings"/>
      </extension>
    </valueCode>
  </extension>
  <url value="http://hl7.org/fhir/uv/v2mappings/ConceptMap/segment-obx-to-documentreference"/>
  <version value="1.0.0"/>
  <name value="SegmentOBXToDocumentReference"/>
  <title value="Segment OBX to DocumentReference Map"/>
  <status value="active"/>
  <experimental value="true"/>
  <date value="2025-08-23"/>
  <publisher value="HL7 International / Orders and Observations"/>
  <contact>
    <name value="HL7 Orders and Observations Workgroup"/>
    <telecom>
      <system value="url"/>
      <value value="http://www.hl7.org/Special/committees/orders"/>
    </telecom>
  </contact>
  <description value="This ConceptMap represents a mapping from the HL7 V2 Segment OBX to the FHIR DocumentReference Resource."/>
  <jurisdiction>
    <coding>
      <system value="http://unstats.un.org/unsd/methods/m49/m49.htm"/>
      <code value="001"/>
    </coding>
  </jurisdiction>
  <copyright value="Copyright (c) 2025, HL7 International, Inc., All Rights Reserved."/>
  <group>
    <element>
      <extension url="http://hl7.org/fhir/uv/v2mappings/StructureDefinition/TypeInfo">
        <extension url="type">
          <valueCode value="varies"/>
        </extension>
        <extension url="cardinalityMin">
          <valueInteger value="-1"/>
        </extension>
        <extension url="cardinalityMax">
          <valueInteger value="-1"/>
        </extension>
      </extension>
      <code value="OBX-5"/>
      <display value="Observation Value"/>
      <target>
        <extension url="http://hl7.org/fhir/uv/v2mappings/StructureDefinition/TypeInfo">
          <extension url="type">
            <valueCode value="Attachment"/>
          </extension>
        </extension>
        <code value="content[1].attachment"/>
        <display value="content[1].attachment"/>
        <equivalence value="equivalent"/>
        <comment value="When OBX-5 repeats, each repeat yields a new .content instance."/>
        <dependsOn>
          <property value="Computable-ANTLR"/>
          <value value="IF OBX-2=&quot;ED&quot;"/>
        </dependsOn>
      </target>
    </element>
    <element>
      <extension url="http://hl7.org/fhir/uv/v2mappings/StructureDefinition/TypeInfo">
        <extension url="type">
          <valueCode value="varies"/>
        </extension>
        <extension url="cardinalityMin">
          <valueInteger value="-1"/>
        </extension>
        <extension url="cardinalityMax">
          <valueInteger value="-1"/>
        </extension>
      </extension>
      <code value="OBX-5"/>
      <display value="Observation Value"/>
      <target>
        <extension url="http://hl7.org/fhir/uv/v2mappings/StructureDefinition/TypeInfo">
          <extension url="type">
            <valueCode value="binary64"/>
          </extension>
        </extension>
        <code value="content[2].data"/>
        <display value="content[2].data"/>
        <equivalence value="equivalent"/>
        <comment value="When OBX-5 repeats, each repeat yields a line feed within .content[2].data"/>
        <dependsOn>
          <property value="Computable-ANTLR"/>
          <value value="IF OBX-2=&quot;FT&quot;"/>
        </dependsOn>
      </target>
    </element>
    <element>
      <extension url="http://hl7.org/fhir/uv/v2mappings/StructureDefinition/TypeInfo">
        <extension url="type">
          <valueCode value="varies"/>
        </extension>
        <extension url="cardinalityMin">
          <valueInteger value="-1"/>
        </extension>
        <extension url="cardinalityMax">
          <valueInteger value="-1"/>
        </extension>
      </extension>
      <code value="OBX-5"/>
      <display value="Observation Value"/>
      <target>
        <extension url="http://hl7.org/fhir/uv/v2mappings/StructureDefinition/TypeInfo">
          <extension url="type">
            <valueCode value="code"/>
          </extension>
          <extension url="assignment">
            <valueString value="&quot;text/hl7v2&quot;"/>
          </extension>
        </extension>
        <code value="content[2].contentType"/>
        <display value="content[2].contentType"/>
        <equivalence value="equivalent"/>
        <dependsOn>
          <property value="Computable-ANTLR"/>
          <value value="IF OBX-2=&quot;FT&quot;"/>
        </dependsOn>
      </target>
    </element>
    <element>
      <extension url="http://hl7.org/fhir/uv/v2mappings/StructureDefinition/TypeInfo">
        <extension url="type">
          <valueCode value="varies"/>
        </extension>
        <extension url="cardinalityMin">
          <valueInteger value="-1"/>
        </extension>
        <extension url="cardinalityMax">
          <valueInteger value="-1"/>
        </extension>
      </extension>
      <code value="OBX-5"/>
      <display value="Observation Value"/>
      <target>
        <extension url="http://hl7.org/fhir/uv/v2mappings/StructureDefinition/TypeInfo">
          <extension url="type">
            <valueCode value="uri"/>
          </extension>
        </extension>
        <code value="content[3].url"/>
        <display value="content[3].url"/>
        <equivalence value="equivalent"/>
        <comment value="When OBX-5 repeats, each repeat yields a new .content instance."/>
        <dependsOn>
          <property value="Computable-ANTLR"/>
          <value value="IF OBX-2=&quot;RP&quot;"/>
        </dependsOn>
      </target>
    </element>
    <element>
      <extension url="http://hl7.org/fhir/uv/v2mappings/StructureDefinition/TypeInfo">
        <extension url="type">
          <valueCode value="varies"/>
        </extension>
        <extension url="cardinalityMin">
          <valueInteger value="-1"/>
        </extension>
        <extension url="cardinalityMax">
          <valueInteger value="-1"/>
        </extension>
      </extension>
      <code value="OBX-5"/>
      <display value="Observation Value"/>
      <target>
        <extension url="http://hl7.org/fhir/uv/v2mappings/StructureDefinition/TypeInfo">
          <extension url="type">
            <valueCode value="binary64"/>
          </extension>
        </extension>
        <code value="content[4].data"/>
        <display value="content[4].data"/>
        <equivalence value="equivalent"/>
        <comment value="When OBX-5 repeats, each repeat yields a line feed within .content[4].data"/>
        <dependsOn>
          <property value="Computable-ANTLR"/>
          <value value="IF OBX-2=&quot;TX&quot;"/>
        </dependsOn>
      </target>
    </element>
    <element>
      <extension url="http://hl7.org/fhir/uv/v2mappings/StructureDefinition/TypeInfo">
        <extension url="type">
          <valueCode value="varies"/>
        </extension>
        <extension url="cardinalityMin">
          <valueInteger value="-1"/>
        </extension>
        <extension url="cardinalityMax">
          <valueInteger value="-1"/>
        </extension>
      </extension>
      <code value="OBX-5"/>
      <display value="Observation Value"/>
      <target>
        <extension url="http://hl7.org/fhir/uv/v2mappings/StructureDefinition/TypeInfo">
          <extension url="type">
            <valueCode value="code"/>
          </extension>
          <extension url="assignment">
            <valueString value="&quot;application/text&quot;"/>
          </extension>
        </extension>
        <code value="content[4].contentType"/>
        <display value="content[4].contentType"/>
        <equivalence value="equivalent"/>
        <dependsOn>
          <property value="Computable-ANTLR"/>
          <value value="IF OBX-2=&quot;TX&quot;"/>
        </dependsOn>
      </target>
    </element>
  </group>
</ConceptMap>