<?xml version="1.0" encoding="UTF-8"?>

<ConceptMap xmlns="http://hl7.org/fhir">
  <id value="datatype-cwe-to-quantity"/>
  <text>
    <status value="generated"/><div xmlns="http://www.w3.org/1999/xhtml"><p class="res-header-id"><b>Generated Narrative: ConceptMap datatype-cwe-to-quantity</b></p><a name="datatype-cwe-to-quantity"> </a><a name="hcdatatype-cwe-to-quantity"> </a><p>Mapping from (not specified) to (not specified)</p><br/><p><b>Group 1 </b>Mapping from <code>unspecified code system</code> to <code>unspecified code system</code></p><table class="grid"><tr><td colspan="3"><b>Source Concept Details</b></td><td><b>Relationship</b></td><td colspan="2"><b>Target Concept Details</b></td><td><b>Comment</b></td></tr><tr><td colspan="2"><b>Codes</b> from </td><td><b>ComputableANTLR</b></td><td/><td colspan="2"><b>Codes</b> from </td><td/></tr><tr><td style="border-right-width: 0px">CWE.1</td><td style="border-left-width: 0px">Identifier</td><td>IF CWE.1 IS VALUED AND CWE.3 IS VALUED</td><td><a href="http://hl7.org/fhir/R5/codesystem-concept-map-relationship.html#equivalent" title="equivalent">is equivalent to</a></td><td style="border-right-width: 0px">Quantity.code</td><td style="border-left-width: 0px">Quantity.code</td><td>The source of Quantity.value will likely come from a different field (eg. OBX-5 may populate Quantity.value while OBX-6 populates the remaining Quantity elements).</td></tr><tr><td style="border-right-width: 0px">CWE.1</td><td style="border-left-width: 0px">Identifier</td><td>If CWE.2 IS NOT VALUED</td><td><a href="http://hl7.org/fhir/R5/codesystem-concept-map-relationship.html#equivalent" title="equivalent">is equivalent to</a></td><td style="border-right-width: 0px">Quantity.unit</td><td style="border-left-width: 0px">Quantity.unit</td><td/></tr><tr><td style="border-right-width: 0px">CWE.2</td><td style="border-left-width: 0px">Text</td><td/><td><a href="http://hl7.org/fhir/R5/codesystem-concept-map-relationship.html#equivalent" title="equivalent">is equivalent to</a></td><td style="border-right-width: 0px">Quantity.unit</td><td style="border-left-width: 0px">Quantity.unit</td><td/></tr><tr><td style="border-right-width: 0px">CWE.3</td><td style="border-left-width: 0px">Name of Coding System</td><td>IF CWE.1 IS VALUED AND CWE.3 IS VALUED</td><td><a href="http://hl7.org/fhir/R5/codesystem-concept-map-relationship.html#equivalent" title="equivalent">is equivalent to</a></td><td style="border-right-width: 0px">Quantity.system</td><td style="border-left-width: 0px">Quantity.system</td><td/></tr></table></div>
  </text>
  <extension url="http://hl7.org/fhir/uv/v2mappings/StructureDefinition/RelatedArtifact">
    <extension url="type">
      <valueCode value="derived-from"/>
    </extension>
    <extension url="label">
      <valueString value="Datatype CWE to Quantity.fsh"/>
    </extension>
    <extension url="url">
      <valueUri value="https://docs.google.com/spreadsheets/d/10NSiYc6zH_no7e-kRsnq4ZcosHYAHYKSa9wPvnY-Yfk/edit#gid=0"/>
    </extension>
  </extension>
  <extension url="http://hl7.org/fhir/StructureDefinition/structuredefinition-wg">
    <valueCode value="oo"/>
  </extension>
  <extension url="http://hl7.org/fhir/StructureDefinition/structuredefinition-standards-status">
    <valueCode value="informative">
      <extension url="http://hl7.org/fhir/StructureDefinition/structuredefinition-conformance-derivedFrom">
        <valueCanonical value="http://hl7.org/fhir/uv/v2mappings/ImplementationGuide/hl7.fhir.uv.v2mappings"/>
      </extension>
    </valueCode>
  </extension>
  <url value="http://hl7.org/fhir/uv/v2mappings/ConceptMap/datatype-cwe-to-quantity"/>
  <version value="1.0.0"/>
  <name value="DatatypeCWEToQuantity"/>
  <title value="Datatype CWE to Quantity Map"/>
  <status value="active"/>
  <experimental value="true"/>
  <date value="2025-08-23"/>
  <publisher value="HL7 International / Orders and Observations"/>
  <contact>
    <name value="HL7 Orders and Observations Workgroup"/>
    <telecom>
      <system value="url"/>
      <value value="http://www.hl7.org/Special/committees/orders"/>
    </telecom>
  </contact>
  <description value="This ConceptMap represents a mapping from the HL7 V2 Datatype CWE to the FHIR Quantity Data Type."/>
  <jurisdiction>
    <coding>
      <system value="http://unstats.un.org/unsd/methods/m49/m49.htm"/>
      <code value="001"/>
    </coding>
  </jurisdiction>
  <copyright value="Copyright (c) 2025, HL7 International, Inc., All Rights Reserved."/>
  <group>
    <element>
      <extension url="http://hl7.org/fhir/uv/v2mappings/StructureDefinition/TypeInfo">
        <extension url="type">
          <valueCode value="ST"/>
        </extension>
        <extension url="cardinalityMin">
          <valueInteger value="0"/>
        </extension>
        <extension url="cardinalityMax">
          <valueInteger value="1"/>
        </extension>
      </extension>
      <code value="CWE.1"/>
      <display value="Identifier"/>
      <target>
        <extension url="http://hl7.org/fhir/uv/v2mappings/StructureDefinition/TypeInfo">
          <extension url="type">
            <valueCode value="code"/>
          </extension>
          <extension url="cardinalityMin">
            <valueInteger value="1"/>
          </extension>
          <extension url="cardinalityMax">
            <valueInteger value="1"/>
          </extension>
        </extension>
        <code value="Quantity.code"/>
        <display value="Quantity.code"/>
        <equivalence value="equivalent"/>
        <comment value="The source of Quantity.value will likely come from a different field (eg. OBX-5 may populate Quantity.value while OBX-6 populates the remaining Quantity elements)."/>
        <dependsOn>
          <property value="Computable-ANTLR"/>
          <value value="IF CWE.1 IS VALUED AND CWE.3 IS VALUED"/>
        </dependsOn>
      </target>
    </element>
    <element>
      <extension url="http://hl7.org/fhir/uv/v2mappings/StructureDefinition/TypeInfo">
        <extension url="type">
          <valueCode value="ST"/>
        </extension>
        <extension url="cardinalityMin">
          <valueInteger value="0"/>
        </extension>
        <extension url="cardinalityMax">
          <valueInteger value="1"/>
        </extension>
      </extension>
      <code value="CWE.1"/>
      <display value="Identifier"/>
      <target>
        <extension url="http://hl7.org/fhir/uv/v2mappings/StructureDefinition/TypeInfo">
          <extension url="type">
            <valueCode value="string"/>
          </extension>
          <extension url="cardinalityMin">
            <valueInteger value="1"/>
          </extension>
          <extension url="cardinalityMax">
            <valueInteger value="1"/>
          </extension>
        </extension>
        <code value="Quantity.unit"/>
        <display value="Quantity.unit"/>
        <equivalence value="equivalent"/>
        <dependsOn>
          <property value="Computable-ANTLR"/>
          <value value="If CWE.2 IS NOT VALUED"/>
        </dependsOn>
      </target>
    </element>
    <element>
      <extension url="http://hl7.org/fhir/uv/v2mappings/StructureDefinition/TypeInfo">
        <extension url="type">
          <valueCode value="ST"/>
        </extension>
        <extension url="cardinalityMin">
          <valueInteger value="0"/>
        </extension>
        <extension url="cardinalityMax">
          <valueInteger value="1"/>
        </extension>
      </extension>
      <code value="CWE.2"/>
      <display value="Text"/>
      <target>
        <extension url="http://hl7.org/fhir/uv/v2mappings/StructureDefinition/TypeInfo">
          <extension url="type">
            <valueCode value="string"/>
          </extension>
          <extension url="cardinalityMin">
            <valueInteger value="1"/>
          </extension>
          <extension url="cardinalityMax">
            <valueInteger value="1"/>
          </extension>
        </extension>
        <code value="Quantity.unit"/>
        <display value="Quantity.unit"/>
        <equivalence value="equivalent"/>
      </target>
    </element>
    <element>
      <extension url="http://hl7.org/fhir/uv/v2mappings/StructureDefinition/TypeInfo">
        <extension url="type">
          <valueCode value="ID"/>
        </extension>
        <extension url="cardinalityMin">
          <valueInteger value="0"/>
        </extension>
        <extension url="cardinalityMax">
          <valueInteger value="1"/>
        </extension>
      </extension>
      <code value="CWE.3"/>
      <display value="Name of Coding System"/>
      <target>
        <extension url="http://hl7.org/fhir/uv/v2mappings/StructureDefinition/TypeInfo">
          <extension url="type">
            <valueCode value="uri"/>
          </extension>
          <extension url="cardinalityMin">
            <valueInteger value="1"/>
          </extension>
          <extension url="cardinalityMax">
            <valueInteger value="1"/>
          </extension>
        </extension>
        <code value="Quantity.system"/>
        <display value="Quantity.system"/>
        <equivalence value="equivalent"/>
        <dependsOn>
          <property value="Computable-ANTLR"/>
          <value value="IF CWE.1 IS VALUED AND CWE.3 IS VALUED"/>
        </dependsOn>
      </target>
    </element>
  </group>
</ConceptMap>