<?xml version="1.0" encoding="UTF-8"?>

<ConceptMap xmlns="http://hl7.org/fhir">
  <id value="segment-aip-to-appointment"/>
  <text>
    <status value="generated"/><div xmlns="http://www.w3.org/1999/xhtml"><p class="res-header-id"><b>Generated Narrative: ConceptMap segment-aip-to-appointment</b></p><a name="segment-aip-to-appointment"> </a><a name="hcsegment-aip-to-appointment"> </a><p>Mapping from (not specified) to (not specified)</p><br/><p><b>Group 1 </b>Mapping from <code>unspecified code system</code> to <code>unspecified code system</code></p><table class="grid"><tr><td colspan="3"><b>Source Concept Details</b></td><td><b>Relationship</b></td><td colspan="2"><b>Target Concept Details</b></td></tr><tr><td colspan="2"><b>Codes</b> from </td><td><b>ComputableANTLR</b></td><td/><td colspan="2"><b>Codes</b> from </td></tr><tr><td style="border-right-width: 0px">AIP-3</td><td style="border-left-width: 0px">Personnel Resource ID</td><td/><td><a href="http://hl7.org/fhir/R5/codesystem-concept-map-relationship.html#equivalent" title="equivalent">is equivalent to</a></td><td style="border-right-width: 0px">participant.actor[1]</td><td style="border-left-width: 0px">participant.actor[1]</td></tr><tr><td style="border-right-width: 0px">AIP-4</td><td style="border-left-width: 0px">Resource Type</td><td/><td><a href="http://hl7.org/fhir/R5/codesystem-concept-map-relationship.html#equivalent" title="equivalent">is equivalent to</a></td><td style="border-right-width: 0px">participant.type[1]</td><td style="border-left-width: 0px">participant.type[1]</td></tr><tr><td style="border-right-width: 0px">AIP-6</td><td style="border-left-width: 0px">Start Date/Time</td><td/><td><a href="http://hl7.org/fhir/R5/codesystem-concept-map-relationship.html#equivalent" title="equivalent">is equivalent to</a></td><td style="border-right-width: 0px">participant.period.start</td><td style="border-left-width: 0px">participant.period.start</td></tr><tr><td style="border-right-width: 0px">AIP-7</td><td style="border-left-width: 0px">Start Date/Time Offset</td><td>IF AIP-6 NOT VALUED</td><td><a href="http://hl7.org/fhir/R5/codesystem-concept-map-relationship.html#equivalent" title="equivalent">is equivalent to</a></td><td style="border-right-width: 0px">participant.period.start</td><td style="border-left-width: 0px">participant.period.start</td></tr><tr><td style="border-right-width: 0px">AIP-9</td><td style="border-left-width: 0px">Duration</td><td>IF AIP-6 IS VALUED</td><td><a href="http://hl7.org/fhir/R5/codesystem-concept-map-relationship.html#equivalent" title="equivalent">is equivalent to</a></td><td style="border-right-width: 0px">participant.period.end</td><td style="border-left-width: 0px">participant.period.end</td></tr><tr><td style="border-right-width: 0px">AIP-12</td><td style="border-left-width: 0px">Filler Status Code</td><td/><td><a href="http://hl7.org/fhir/R5/codesystem-concept-map-relationship.html#equivalent" title="equivalent">is equivalent to</a></td><td style="border-right-width: 0px">participant.status[1]</td><td style="border-left-width: 0px">participant.status[1]</td></tr></table></div>
  </text>
  <extension url="http://hl7.org/fhir/uv/v2mappings/StructureDefinition/RelatedArtifact">
    <extension url="type">
      <valueCode value="derived-from"/>
    </extension>
    <extension url="label">
      <valueString value="Segment AIP to Appointment.fsh"/>
    </extension>
    <extension url="url">
      <valueUri value="https://docs.google.com/spreadsheets/d/1xyWdix_ljILp2hGI_pHaYvU-JVc5v7t1z3DmAK2K-o0/edit#gid=0"/>
    </extension>
  </extension>
  <extension url="http://hl7.org/fhir/StructureDefinition/structuredefinition-wg">
    <valueCode value="oo"/>
  </extension>
  <extension url="http://hl7.org/fhir/StructureDefinition/structuredefinition-standards-status">
    <valueCode value="informative">
      <extension url="http://hl7.org/fhir/StructureDefinition/structuredefinition-conformance-derivedFrom">
        <valueCanonical value="http://hl7.org/fhir/uv/v2mappings/ImplementationGuide/hl7.fhir.uv.v2mappings"/>
      </extension>
    </valueCode>
  </extension>
  <url value="http://hl7.org/fhir/uv/v2mappings/ConceptMap/segment-aip-to-appointment"/>
  <version value="1.0.0"/>
  <name value="SegmentAIPToAppointment"/>
  <title value="Segment AIP to Appointment Map"/>
  <status value="active"/>
  <experimental value="true"/>
  <date value="2025-08-23"/>
  <publisher value="HL7 International / Orders and Observations"/>
  <contact>
    <name value="HL7 Orders and Observations Workgroup"/>
    <telecom>
      <system value="url"/>
      <value value="http://www.hl7.org/Special/committees/orders"/>
    </telecom>
  </contact>
  <description value="This ConceptMap represents a mapping from the HL7 V2 Segment AIP to the FHIR Appointment Resource."/>
  <jurisdiction>
    <coding>
      <system value="http://unstats.un.org/unsd/methods/m49/m49.htm"/>
      <code value="001"/>
    </coding>
  </jurisdiction>
  <copyright value="Copyright (c) 2025, HL7 International, Inc., All Rights Reserved."/>
  <group>
    <element>
      <extension url="http://hl7.org/fhir/uv/v2mappings/StructureDefinition/TypeInfo">
        <extension url="type">
          <valueCode value="XCN"/>
        </extension>
        <extension url="cardinalityMin">
          <valueInteger value="1"/>
        </extension>
        <extension url="cardinalityMax">
          <valueInteger value="1"/>
        </extension>
      </extension>
      <code value="AIP-3"/>
      <display value="Personnel Resource ID"/>
      <target>
        <extension url="http://hl7.org/fhir/uv/v2mappings/StructureDefinition/TypeInfo">
          <extension url="type">
            <valueCode value="Reference(Practitioner)"/>
          </extension>
          <extension url="cardinalityMin">
            <valueInteger value="0"/>
          </extension>
          <extension url="cardinalityMax">
            <valueInteger value="1"/>
          </extension>
        </extension>
        <code value="participant.actor[1]"/>
        <display value="participant.actor[1]"/>
        <equivalence value="equivalent"/>
      </target>
    </element>
    <element>
      <extension url="http://hl7.org/fhir/uv/v2mappings/StructureDefinition/TypeInfo">
        <extension url="type">
          <valueCode value="CWE"/>
        </extension>
        <extension url="cardinalityMin">
          <valueInteger value="1"/>
        </extension>
        <extension url="cardinalityMax">
          <valueInteger value="1"/>
        </extension>
      </extension>
      <code value="AIP-4"/>
      <display value="Resource Type"/>
      <target>
        <extension url="http://hl7.org/fhir/uv/v2mappings/StructureDefinition/TypeInfo">
          <extension url="type">
            <valueCode value="CodeableConcept"/>
          </extension>
          <extension url="cardinalityMin">
            <valueInteger value="0"/>
          </extension>
          <extension url="cardinalityMax">
            <valueInteger value="-1"/>
          </extension>
          <extension url="assignment">
            <valueString value="https://www.hl7.org/fhir/valueset-encounter-participant-type.html"/>
          </extension>
        </extension>
        <code value="participant.type[1]"/>
        <display value="participant.type[1]"/>
        <equivalence value="equivalent"/>
      </target>
    </element>
    <element>
      <extension url="http://hl7.org/fhir/uv/v2mappings/StructureDefinition/TypeInfo">
        <extension url="type">
          <valueCode value="DTM"/>
        </extension>
        <extension url="cardinalityMin">
          <valueInteger value="1"/>
        </extension>
        <extension url="cardinalityMax">
          <valueInteger value="1"/>
        </extension>
      </extension>
      <code value="AIP-6"/>
      <display value="Start Date/Time"/>
      <target>
        <code value="participant.period.start"/>
        <display value="participant.period.start"/>
        <equivalence value="equivalent"/>
      </target>
    </element>
    <element>
      <extension url="http://hl7.org/fhir/uv/v2mappings/StructureDefinition/TypeInfo">
        <extension url="type">
          <valueCode value="NM"/>
        </extension>
        <extension url="cardinalityMin">
          <valueInteger value="1"/>
        </extension>
        <extension url="cardinalityMax">
          <valueInteger value="1"/>
        </extension>
      </extension>
      <code value="AIP-7"/>
      <display value="Start Date/Time Offset"/>
      <target>
        <extension url="http://hl7.org/fhir/uv/v2mappings/StructureDefinition/TypeInfo">
          <extension url="assignment">
            <valueString value="/.start + AIP-7 according to AIP-8 units/"/>
          </extension>
        </extension>
        <code value="participant.period.start"/>
        <display value="participant.period.start"/>
        <equivalence value="equivalent"/>
        <dependsOn>
          <property value="Computable-ANTLR"/>
          <value value="IF AIP-6 NOT VALUED"/>
        </dependsOn>
      </target>
    </element>
    <element>
      <extension url="http://hl7.org/fhir/uv/v2mappings/StructureDefinition/TypeInfo">
        <extension url="type">
          <valueCode value="NM"/>
        </extension>
        <extension url="cardinalityMin">
          <valueInteger value="1"/>
        </extension>
        <extension url="cardinalityMax">
          <valueInteger value="1"/>
        </extension>
      </extension>
      <code value="AIP-9"/>
      <display value="Duration"/>
      <target>
        <extension url="http://hl7.org/fhir/uv/v2mappings/StructureDefinition/TypeInfo">
          <extension url="assignment">
            <valueString value="Appointment.participant.period.start + AIP-9"/>
          </extension>
        </extension>
        <code value="participant.period.end"/>
        <display value="participant.period.end"/>
        <equivalence value="equivalent"/>
        <dependsOn>
          <property value="Computable-ANTLR"/>
          <value value="IF AIP-6 IS VALUED"/>
        </dependsOn>
      </target>
    </element>
    <element>
      <extension url="http://hl7.org/fhir/uv/v2mappings/StructureDefinition/TypeInfo">
        <extension url="type">
          <valueCode value="CWE"/>
        </extension>
        <extension url="cardinalityMin">
          <valueInteger value="1"/>
        </extension>
        <extension url="cardinalityMax">
          <valueInteger value="1"/>
        </extension>
      </extension>
      <code value="AIP-12"/>
      <display value="Filler Status Code"/>
      <target>
        <code value="participant.status[1]"/>
        <display value="participant.status[1]"/>
        <equivalence value="equivalent"/>
      </target>
    </element>
  </group>
</ConceptMap>