<?xml version="1.0" encoding="UTF-8"?>

<ConceptMap xmlns="http://hl7.org/fhir">
  <id value="datatype-cwe-to-identifier"/>
  <text>
    <status value="generated"/><div xmlns="http://www.w3.org/1999/xhtml"><p class="res-header-id"><b>Generated Narrative: ConceptMap datatype-cwe-to-identifier</b></p><a name="datatype-cwe-to-identifier"> </a><a name="hcdatatype-cwe-to-identifier"> </a><p>Mapping from (not specified) to (not specified)</p><br/><p><b>Group 1 </b>Mapping from <code>unspecified code system</code> to <code>unspecified code system</code></p><table class="grid"><tr><td><b>Source Code</b></td><td><b>Relationship</b></td><td><b>Target Code</b></td><td><b>Comment</b></td></tr><tr><td>CWE.1 (Identifier)</td><td><a href="http://hl7.org/fhir/R5/codesystem-concept-map-relationship.html#equivalent" title="equivalent">is equivalent to</a></td><td>[1].value</td><td/></tr><tr><td>CWE.2 (Text)</td><td><a href="http://hl7.org/fhir/R5/codesystem-concept-map-relationship.html#equivalent" title="equivalent">is equivalent to</a></td><td>[1].name</td><td/></tr><tr><td>CWE.3 (Name of Coding System)</td><td><a href="http://hl7.org/fhir/R5/codesystem-concept-map-relationship.html#equivalent" title="equivalent">is equivalent to</a></td><td>[1].system</td><td>Some mapping of the CWE.3 value to an actual uri will be necessary</td></tr><tr><td>CWE.4 (Alternate Identifier)</td><td><a href="http://hl7.org/fhir/R5/codesystem-concept-map-relationship.html#equivalent" title="equivalent">is equivalent to</a></td><td>[2].value</td><td/></tr><tr><td>CWE.5 (Alternate Text)</td><td><a href="http://hl7.org/fhir/R5/codesystem-concept-map-relationship.html#equivalent" title="equivalent">is equivalent to</a></td><td>[2].name</td><td/></tr><tr><td>CWE.6 (Name of Alternate Coding System)</td><td><a href="http://hl7.org/fhir/R5/codesystem-concept-map-relationship.html#equivalent" title="equivalent">is equivalent to</a></td><td>[2].system</td><td>Some mapping of the CWE.3 value to an actual uri will be necessary</td></tr><tr><td>CWE.10 (Second Alternate Identifier)</td><td><a href="http://hl7.org/fhir/R5/codesystem-concept-map-relationship.html#equivalent" title="equivalent">is equivalent to</a></td><td>[3].value</td><td/></tr><tr><td>CWE.11 (Second Alternate Text)</td><td><a href="http://hl7.org/fhir/R5/codesystem-concept-map-relationship.html#equivalent" title="equivalent">is equivalent to</a></td><td>[3].name</td><td/></tr><tr><td>CWE.13 (Second Alternate Coding System Version ID)</td><td><a href="http://hl7.org/fhir/R5/codesystem-concept-map-relationship.html#equivalent" title="equivalent">is equivalent to</a></td><td>[3].system</td><td/></tr></table></div>
  </text>
  <extension url="http://hl7.org/fhir/uv/v2mappings/StructureDefinition/RelatedArtifact">
    <extension url="type">
      <valueCode value="derived-from"/>
    </extension>
    <extension url="label">
      <valueString value="Datatype CWE to Identifier.fsh"/>
    </extension>
    <extension url="url">
      <valueUri value="https://docs.google.com/spreadsheets/d/1uMJal5GjmIC2nJcjd6m0kDY0o7iuOb9O3oSwTjpHtYs/edit#gid=0"/>
    </extension>
  </extension>
  <extension url="http://hl7.org/fhir/StructureDefinition/structuredefinition-wg">
    <valueCode value="oo"/>
  </extension>
  <extension url="http://hl7.org/fhir/StructureDefinition/structuredefinition-standards-status">
    <valueCode value="informative">
      <extension url="http://hl7.org/fhir/StructureDefinition/structuredefinition-conformance-derivedFrom">
        <valueCanonical value="http://hl7.org/fhir/uv/v2mappings/ImplementationGuide/hl7.fhir.uv.v2mappings"/>
      </extension>
    </valueCode>
  </extension>
  <url value="http://hl7.org/fhir/uv/v2mappings/ConceptMap/datatype-cwe-to-identifier"/>
  <version value="1.0.0"/>
  <name value="DatatypeCWEToIdentifier"/>
  <title value="Datatype CWE to Identifier Map"/>
  <status value="active"/>
  <experimental value="true"/>
  <date value="2025-08-23"/>
  <publisher value="HL7 International / Orders and Observations"/>
  <contact>
    <name value="HL7 Orders and Observations Workgroup"/>
    <telecom>
      <system value="url"/>
      <value value="http://www.hl7.org/Special/committees/orders"/>
    </telecom>
  </contact>
  <description value="This ConceptMap represents a mapping from the HL7 V2 Datatype CWE to the FHIR Identifier Data Type."/>
  <jurisdiction>
    <coding>
      <system value="http://unstats.un.org/unsd/methods/m49/m49.htm"/>
      <code value="001"/>
    </coding>
  </jurisdiction>
  <copyright value="Copyright (c) 2025, HL7 International, Inc., All Rights Reserved."/>
  <group>
    <element>
      <extension url="http://hl7.org/fhir/uv/v2mappings/StructureDefinition/TypeInfo">
        <extension url="type">
          <valueCode value="ST"/>
        </extension>
        <extension url="cardinalityMin">
          <valueInteger value="0"/>
        </extension>
        <extension url="cardinalityMax">
          <valueInteger value="1"/>
        </extension>
      </extension>
      <code value="CWE.1"/>
      <display value="Identifier"/>
      <target>
        <extension url="http://hl7.org/fhir/uv/v2mappings/StructureDefinition/TypeInfo">
          <extension url="type">
            <valueCode value="string"/>
          </extension>
          <extension url="cardinalityMin">
            <valueInteger value="1"/>
          </extension>
          <extension url="cardinalityMax">
            <valueInteger value="1"/>
          </extension>
        </extension>
        <code value="[1].value"/>
        <display value="[1].value"/>
        <equivalence value="equivalent"/>
      </target>
    </element>
    <element>
      <extension url="http://hl7.org/fhir/uv/v2mappings/StructureDefinition/TypeInfo">
        <extension url="type">
          <valueCode value="ST"/>
        </extension>
        <extension url="cardinalityMin">
          <valueInteger value="0"/>
        </extension>
        <extension url="cardinalityMax">
          <valueInteger value="1"/>
        </extension>
      </extension>
      <code value="CWE.2"/>
      <display value="Text"/>
      <target>
        <extension url="http://hl7.org/fhir/uv/v2mappings/StructureDefinition/TypeInfo">
          <extension url="type">
            <valueCode value="string"/>
          </extension>
          <extension url="cardinalityMin">
            <valueInteger value="1"/>
          </extension>
          <extension url="cardinalityMax">
            <valueInteger value="1"/>
          </extension>
        </extension>
        <code value="[1].name"/>
        <display value="[1].name"/>
        <equivalence value="equivalent"/>
      </target>
    </element>
    <element>
      <extension url="http://hl7.org/fhir/uv/v2mappings/StructureDefinition/TypeInfo">
        <extension url="type">
          <valueCode value="ID"/>
        </extension>
        <extension url="cardinalityMin">
          <valueInteger value="0"/>
        </extension>
        <extension url="cardinalityMax">
          <valueInteger value="1"/>
        </extension>
      </extension>
      <code value="CWE.3"/>
      <display value="Name of Coding System"/>
      <target>
        <extension url="http://hl7.org/fhir/uv/v2mappings/StructureDefinition/TypeInfo">
          <extension url="type">
            <valueCode value="uri"/>
          </extension>
          <extension url="cardinalityMin">
            <valueInteger value="1"/>
          </extension>
          <extension url="cardinalityMax">
            <valueInteger value="1"/>
          </extension>
        </extension>
        <code value="[1].system"/>
        <display value="[1].system"/>
        <equivalence value="equivalent"/>
        <comment value="Some mapping of the CWE.3 value to an actual uri will be necessary"/>
      </target>
    </element>
    <element>
      <extension url="http://hl7.org/fhir/uv/v2mappings/StructureDefinition/TypeInfo">
        <extension url="type">
          <valueCode value="ST"/>
        </extension>
        <extension url="cardinalityMin">
          <valueInteger value="0"/>
        </extension>
        <extension url="cardinalityMax">
          <valueInteger value="1"/>
        </extension>
      </extension>
      <code value="CWE.4"/>
      <display value="Alternate Identifier"/>
      <target>
        <extension url="http://hl7.org/fhir/uv/v2mappings/StructureDefinition/TypeInfo">
          <extension url="type">
            <valueCode value="string"/>
          </extension>
          <extension url="cardinalityMin">
            <valueInteger value="1"/>
          </extension>
          <extension url="cardinalityMax">
            <valueInteger value="1"/>
          </extension>
        </extension>
        <code value="[2].value"/>
        <display value="[2].value"/>
        <equivalence value="equivalent"/>
      </target>
    </element>
    <element>
      <extension url="http://hl7.org/fhir/uv/v2mappings/StructureDefinition/TypeInfo">
        <extension url="type">
          <valueCode value="ST"/>
        </extension>
        <extension url="cardinalityMin">
          <valueInteger value="0"/>
        </extension>
        <extension url="cardinalityMax">
          <valueInteger value="1"/>
        </extension>
      </extension>
      <code value="CWE.5"/>
      <display value="Alternate Text"/>
      <target>
        <extension url="http://hl7.org/fhir/uv/v2mappings/StructureDefinition/TypeInfo">
          <extension url="type">
            <valueCode value="string"/>
          </extension>
          <extension url="cardinalityMin">
            <valueInteger value="1"/>
          </extension>
          <extension url="cardinalityMax">
            <valueInteger value="1"/>
          </extension>
        </extension>
        <code value="[2].name"/>
        <display value="[2].name"/>
        <equivalence value="equivalent"/>
      </target>
    </element>
    <element>
      <extension url="http://hl7.org/fhir/uv/v2mappings/StructureDefinition/TypeInfo">
        <extension url="type">
          <valueCode value="ID"/>
        </extension>
        <extension url="cardinalityMin">
          <valueInteger value="0"/>
        </extension>
        <extension url="cardinalityMax">
          <valueInteger value="1"/>
        </extension>
      </extension>
      <code value="CWE.6"/>
      <display value="Name of Alternate Coding System"/>
      <target>
        <extension url="http://hl7.org/fhir/uv/v2mappings/StructureDefinition/TypeInfo">
          <extension url="type">
            <valueCode value="uri"/>
          </extension>
          <extension url="cardinalityMin">
            <valueInteger value="1"/>
          </extension>
          <extension url="cardinalityMax">
            <valueInteger value="1"/>
          </extension>
        </extension>
        <code value="[2].system"/>
        <display value="[2].system"/>
        <equivalence value="equivalent"/>
        <comment value="Some mapping of the CWE.3 value to an actual uri will be necessary"/>
      </target>
    </element>
    <element>
      <extension url="http://hl7.org/fhir/uv/v2mappings/StructureDefinition/TypeInfo">
        <extension url="type">
          <valueCode value="ST"/>
        </extension>
        <extension url="cardinalityMin">
          <valueInteger value="0"/>
        </extension>
        <extension url="cardinalityMax">
          <valueInteger value="1"/>
        </extension>
      </extension>
      <code value="CWE.10"/>
      <display value="Second Alternate Identifier"/>
      <target>
        <extension url="http://hl7.org/fhir/uv/v2mappings/StructureDefinition/TypeInfo">
          <extension url="type">
            <valueCode value="string"/>
          </extension>
          <extension url="cardinalityMin">
            <valueInteger value="1"/>
          </extension>
          <extension url="cardinalityMax">
            <valueInteger value="1"/>
          </extension>
        </extension>
        <code value="[3].value"/>
        <display value="[3].value"/>
        <equivalence value="equivalent"/>
      </target>
    </element>
    <element>
      <extension url="http://hl7.org/fhir/uv/v2mappings/StructureDefinition/TypeInfo">
        <extension url="type">
          <valueCode value="ST"/>
        </extension>
        <extension url="cardinalityMin">
          <valueInteger value="0"/>
        </extension>
        <extension url="cardinalityMax">
          <valueInteger value="1"/>
        </extension>
      </extension>
      <code value="CWE.11"/>
      <display value="Second Alternate Text"/>
      <target>
        <extension url="http://hl7.org/fhir/uv/v2mappings/StructureDefinition/TypeInfo">
          <extension url="type">
            <valueCode value="string"/>
          </extension>
          <extension url="cardinalityMin">
            <valueInteger value="1"/>
          </extension>
          <extension url="cardinalityMax">
            <valueInteger value="1"/>
          </extension>
        </extension>
        <code value="[3].name"/>
        <display value="[3].name"/>
        <equivalence value="equivalent"/>
      </target>
    </element>
    <element>
      <extension url="http://hl7.org/fhir/uv/v2mappings/StructureDefinition/TypeInfo">
        <extension url="type">
          <valueCode value="ST"/>
        </extension>
        <extension url="cardinalityMin">
          <valueInteger value="0"/>
        </extension>
        <extension url="cardinalityMax">
          <valueInteger value="1"/>
        </extension>
      </extension>
      <code value="CWE.13"/>
      <display value="Second Alternate Coding System Version ID"/>
      <target>
        <extension url="http://hl7.org/fhir/uv/v2mappings/StructureDefinition/TypeInfo">
          <extension url="type">
            <valueCode value="uri"/>
          </extension>
          <extension url="cardinalityMin">
            <valueInteger value="1"/>
          </extension>
          <extension url="cardinalityMax">
            <valueInteger value="1"/>
          </extension>
        </extension>
        <code value="[3].system"/>
        <display value="[3].system"/>
        <equivalence value="equivalent"/>
      </target>
    </element>
  </group>
</ConceptMap>