{
  "resourceType" : "ConceptMap",
  "id" : "message-orm-o01-to-bundle",
  "text" : {
    "status" : "generated",
    "div" : "<div xmlns=\"http://www.w3.org/1999/xhtml\"><p class=\"res-header-id\"><b>Generated Narrative: ConceptMap message-orm-o01-to-bundle</b></p><a name=\"message-orm-o01-to-bundle\"> </a><a name=\"hcmessage-orm-o01-to-bundle\"> </a><p>Mapping from (not specified) to (not specified)</p><br/><p><b>Group 1 </b>Mapping from <code>unspecified code system</code> to <code>unspecified code system</code></p><table class=\"grid\"><tr><td colspan=\"5\"><b>Source Concept Details</b></td><td><b>Relationship</b></td><td colspan=\"2\"><b>Target Concept Details</b></td><td><b>Comment</b></td></tr><tr><td colspan=\"2\"><b>Codes</b> from </td><td><b>NarrativeCondition</b></td><td><b>ComputableFHIRPath</b></td><td><b>ComputableANTLR</b></td><td/><td colspan=\"2\"><b>Codes</b> from </td><td/></tr><tr><td style=\"border-right-width: 0px\">ORM_O01.MSH</td><td style=\"border-left-width: 0px\">Message Header</td><td/><td/><td/><td><a href=\"http://hl7.org/fhir/R5/codesystem-concept-map-relationship.html#equivalent\" title=\"equivalent\">is equivalent to</a></td><td style=\"border-right-width: 0px\">Bundle</td><td style=\"border-left-width: 0px\">Bundle</td><td/></tr><tr><td style=\"border-right-width: 0px\">ORM_O01.MSH</td><td style=\"border-left-width: 0px\">Message Header</td><td/><td/><td/><td><a href=\"http://hl7.org/fhir/R5/codesystem-concept-map-relationship.html#equivalent\" title=\"equivalent\">is equivalent to</a></td><td style=\"border-right-width: 0px\">MessageHeader[1]</td><td style=\"border-left-width: 0px\">MessageHeader[1]</td><td>Processing of the MSH segment results in the creation of a new MessageHeader resource</td></tr><tr><td style=\"border-right-width: 0px\">ORM_O01.MSH</td><td style=\"border-left-width: 0px\">Message Header</td><td>If there is a source in MSH-4, or known based on the configuration.</td><td/><td/><td><a href=\"http://hl7.org/fhir/R5/codesystem-concept-map-relationship.html#equivalent\" title=\"equivalent\">is equivalent to</a></td><td style=\"border-right-width: 0px\">Provenance[1]</td><td style=\"border-left-width: 0px\">Provenance[1]</td><td>If the FHIR transformation does not yield a FHIR message, but only a set of resource (APIs, repository, etc.) than one should consider attaching this Provenance resource instance to the relevant FHIR resources generated.</td></tr><tr><td style=\"border-right-width: 0px\">ORM_O01.MSH</td><td style=\"border-left-width: 0px\">Message Header</td><td/><td/><td/><td><a href=\"http://hl7.org/fhir/R5/codesystem-concept-map-relationship.html#equivalent\" title=\"equivalent\">is equivalent to</a></td><td style=\"border-right-width: 0px\">Provenance[2]</td><td style=\"border-left-width: 0px\">Provenance[2]</td><td>If the FHIR transformation does not yield a FHIR Bunlde, but only a set of resource (APIs, repository, etc.) than one should consider attaching this Provenance resource instance to the relevant FHIR resources generated.</td></tr><tr><td style=\"border-right-width: 0px\">ORM_O01.PATIENT.PID</td><td style=\"border-left-width: 0px\">Patient Identification</td><td/><td/><td/><td><a href=\"http://hl7.org/fhir/R5/codesystem-concept-map-relationship.html#equivalent\" title=\"equivalent\">is equivalent to</a></td><td style=\"border-right-width: 0px\">Patient[1]</td><td style=\"border-left-width: 0px\">Patient[1]</td><td>Processing of the PID segment results in the creation of a new Patient resource</td></tr><tr><td style=\"border-right-width: 0px\">ORM_O01.PATIENT.PID</td><td style=\"border-left-width: 0px\">Patient Identification</td><td>One  may drop PID-33 from the condition if PID-34 Last Update Facility is still sufficient without a date.</td><td/><td>IF PID-33 AND PID-34 VALUED</td><td><a href=\"http://hl7.org/fhir/R5/codesystem-concept-map-relationship.html#equivalent\" title=\"equivalent\">is equivalent to</a></td><td style=\"border-right-width: 0px\">Provenance[4]</td><td style=\"border-left-width: 0px\">Provenance[4]</td><td/></tr><tr><td style=\"border-right-width: 0px\">ORM_O01.PATIENT.PD1</td><td style=\"border-left-width: 0px\">Additional Demographics</td><td/><td/><td/><td><a href=\"http://hl7.org/fhir/R5/codesystem-concept-map-relationship.html#equivalent\" title=\"equivalent\">is equivalent to</a></td><td style=\"border-right-width: 0px\">Patient[1]</td><td style=\"border-left-width: 0px\">Patient[1]</td><td>Incorporate PD1 content into the Patient created from the PID segment.</td></tr><tr><td style=\"border-right-width: 0px\">ORM_O01.PATIENT.PD1</td><td style=\"border-left-width: 0px\">Additional Demographics</td><td/><td/><td>IF PD1-7 VALUED</td><td><a href=\"http://hl7.org/fhir/R5/codesystem-concept-map-relationship.html#equivalent\" title=\"equivalent\">is equivalent to</a></td><td style=\"border-right-width: 0px\">Observation[2]</td><td style=\"border-left-width: 0px\">Observation[2]</td><td/></tr><tr><td style=\"border-right-width: 0px\">ORM_O01.PATIENT.VISIT.PV1</td><td style=\"border-left-width: 0px\">Patient Visit</td><td/><td/><td/><td><a href=\"http://hl7.org/fhir/R5/codesystem-concept-map-relationship.html#equivalent\" title=\"equivalent\">is equivalent to</a></td><td style=\"border-right-width: 0px\">Encounter[1]</td><td style=\"border-left-width: 0px\">Encounter[1]</td><td>Processing of the PV1 segment results in the creation of a new Encounter resource</td></tr><tr><td style=\"border-right-width: 0px\">ORM_O01.PATIENT.VISIT.PV1</td><td style=\"border-left-width: 0px\">Patient Visit</td><td/><td/><td>IF PV1-43 VALUED</td><td><a href=\"http://hl7.org/fhir/R5/codesystem-concept-map-relationship.html#equivalent\" title=\"equivalent\">is equivalent to</a></td><td style=\"border-right-width: 0px\">Basic</td><td style=\"border-left-width: 0px\">Basic</td><td/></tr><tr><td style=\"border-right-width: 0px\">ORM_O01.PATIENT.VISIT.PV1</td><td style=\"border-left-width: 0px\">Patient Visit</td><td/><td/><td/><td><a href=\"http://hl7.org/fhir/R5/codesystem-concept-map-relationship.html#equivalent\" title=\"equivalent\">is equivalent to</a></td><td style=\"border-right-width: 0px\">Patient[1]</td><td style=\"border-left-width: 0px\">Patient[1]</td><td/></tr><tr><td style=\"border-right-width: 0px\">ORM_O01.PATIENT.VISIT.PV1</td><td style=\"border-left-width: 0px\">Patient Visit</td><td/><td/><td>IF PV1-20 VALUE</td><td><a href=\"http://hl7.org/fhir/R5/codesystem-concept-map-relationship.html#equivalent\" title=\"equivalent\">is equivalent to</a></td><td style=\"border-right-width: 0px\">Coverage[1]</td><td style=\"border-left-width: 0px\">Coverage[1]</td><td/></tr><tr><td style=\"border-right-width: 0px\">ORM_O01.PATIENT.VISIT.PV2</td><td style=\"border-left-width: 0px\">Patient Visit- Additional Info</td><td/><td/><td/><td><a href=\"http://hl7.org/fhir/R5/codesystem-concept-map-relationship.html#equivalent\" title=\"equivalent\">is equivalent to</a></td><td style=\"border-right-width: 0px\">Encounter[1]</td><td style=\"border-left-width: 0px\">Encounter[1]</td><td>Incorporate PV2 content into the Encounter created from the PV1 segment.</td></tr><tr><td style=\"border-right-width: 0px\">ORM_O01.PATIENT.INSURANCE.IN1</td><td style=\"border-left-width: 0px\">Insurance</td><td/><td/><td/><td><a href=\"http://hl7.org/fhir/R5/codesystem-concept-map-relationship.html#equivalent\" title=\"equivalent\">is equivalent to</a></td><td style=\"border-right-width: 0px\">Coverage[1]</td><td style=\"border-left-width: 0px\">Coverage[1]</td><td>Processing of the IN1 segment results in the creation of a new Coverage resource</td></tr><tr><td style=\"border-right-width: 0px\">ORM_O01.PATIENT.INSURANCE.IN2</td><td style=\"border-left-width: 0px\">Insurance Additional Info</td><td/><td/><td/><td><a href=\"http://hl7.org/fhir/R5/codesystem-concept-map-relationship.html#equivalent\" title=\"equivalent\">is equivalent to</a></td><td style=\"border-right-width: 0px\">Coverage[1]</td><td style=\"border-left-width: 0px\">Coverage[1]</td><td>Incorporate IN2 content into the Coverage created from the IN1 segment.</td></tr><tr><td style=\"border-right-width: 0px\">ORM_O01.PATIENT.INSURANCE.IN3</td><td style=\"border-left-width: 0px\">Insurance Add'l Info – Cert.</td><td/><td/><td/><td><a href=\"http://hl7.org/fhir/R5/codesystem-concept-map-relationship.html#equivalent\" title=\"equivalent\">is equivalent to</a></td><td style=\"border-right-width: 0px\">Coverage[1]</td><td style=\"border-left-width: 0px\">Coverage[1]</td><td>Incorporate IN3 content into the Coverage created from the IN1 segment.</td></tr><tr><td style=\"border-right-width: 0px\">ORM_O01.PATIENT.AL1</td><td style=\"border-left-width: 0px\">Allergy Information</td><td/><td/><td/><td><a href=\"http://hl7.org/fhir/R5/codesystem-concept-map-relationship.html#equivalent\" title=\"equivalent\">is equivalent to</a></td><td style=\"border-right-width: 0px\">AllergyIntolerance</td><td style=\"border-left-width: 0px\">AllergyIntolerance</td><td>Processing of the AL1 segment results in the creation of a new AllergyIntolerance resource</td></tr><tr><td style=\"border-right-width: 0px\">ORM_O01.ORDER.ORC</td><td style=\"border-left-width: 0px\">Common Order</td><td/><td/><td/><td><a href=\"http://hl7.org/fhir/R5/codesystem-concept-map-relationship.html#equivalent\" title=\"equivalent\">is equivalent to</a></td><td style=\"border-right-width: 0px\">ServiceRequest[1]</td><td style=\"border-left-width: 0px\">ServiceRequest[1]</td><td>Processing of each ORC segment results in the creation of a new ServiceRequest resource</td></tr><tr><td style=\"border-right-width: 0px\">ORM_O01.ORDER.ORC</td><td style=\"border-left-width: 0px\">Common Order</td><td/><td>h</td><td/><td><a href=\"http://hl7.org/fhir/R5/codesystem-concept-map-relationship.html#equivalent\" title=\"equivalent\">is equivalent to</a></td><td style=\"border-right-width: 0px\">Task[1]</td><td style=\"border-left-width: 0px\">Task[1]</td><td>Processing of each ORC segment results in the creation of a new Task resource which is linked back to the ServiceRequest created for the same ORC segment. =*= The creation of a Task resource and its inclusion in the FHIR bundle should only happen when the receiving system is responsible for fulfillment of the ServiceRequest. Other systems may receive notification of the order, but should not receive a Task Resource if they are not the intended filler system. =*= The actual value of the ORC-1 Order Control Code will yield different population of the Task resource.</td></tr><tr><td style=\"border-right-width: 0px\">ORM_O01.ORDER.ORC</td><td style=\"border-left-width: 0px\">Common Order</td><td/><td/><td/><td><a href=\"http://hl7.org/fhir/R5/codesystem-concept-map-relationship.html#equivalent\" title=\"equivalent\">is equivalent to</a></td><td style=\"border-right-width: 0px\">Provenance[2]</td><td style=\"border-left-width: 0px\">Provenance[2]</td><td/></tr><tr><td style=\"border-right-width: 0px\">ORM_O01.ORDER_DETAIL.CHOICE.OBR</td><td style=\"border-left-width: 0px\">Order Detail Segment OBR, etc.</td><td/><td/><td>IF PID VALUED</td><td><a href=\"http://hl7.org/fhir/R5/codesystem-concept-map-relationship.html#equivalent\" title=\"equivalent\">is equivalent to</a></td><td style=\"border-right-width: 0px\">ServiceRequest[1]</td><td style=\"border-left-width: 0px\">ServiceRequest[1]</td><td>Incorporate OBR content into the ServiceRequest created from the ORC segment in the same segment group.</td></tr><tr><td style=\"border-right-width: 0px\">ORM_O01.ORDER_DETAIL.CHOICE.OBR</td><td style=\"border-left-width: 0px\">Order Detail Segment OBR, etc.</td><td/><td/><td>IF PID NOT VALUED</td><td><a href=\"http://hl7.org/fhir/R5/codesystem-concept-map-relationship.html#equivalent\" title=\"equivalent\">is equivalent to</a></td><td style=\"border-right-width: 0px\">SupplyRequest[1]</td><td style=\"border-left-width: 0px\">SupplyRequest[1]</td><td/></tr><tr><td style=\"border-right-width: 0px\">ORM_O01.ORDER_DETAIL.CHOICE.RXO</td><td style=\"border-left-width: 0px\">Pharmacy/Treatment Order</td><td/><td/><td/><td><a href=\"http://hl7.org/fhir/R5/codesystem-concept-map-relationship.html#equivalent\" title=\"equivalent\">is equivalent to</a></td><td style=\"border-right-width: 0px\">MedicationRequest</td><td style=\"border-left-width: 0px\">MedicationRequest</td><td/></tr><tr><td style=\"border-right-width: 0px\">ORM_O01.ORDER_DETAIL.CHOICE.ODS</td><td style=\"border-left-width: 0px\">Dietary Orders, Supplements, and Preferences</td><td/><td/><td>IF PID NOT VALUED</td><td><a href=\"http://hl7.org/fhir/R5/codesystem-concept-map-relationship.html#equivalent\" title=\"equivalent\">is equivalent to</a></td><td style=\"border-right-width: 0px\">SupplyRequest[2]</td><td style=\"border-left-width: 0px\">SupplyRequest[2]</td><td/></tr><tr><td style=\"border-right-width: 0px\">ORM_O01.ORDER_DETAIL.NTE</td><td style=\"border-left-width: 0px\">Notes and Comments (for Detail)</td><td/><td/><td/><td><a href=\"http://hl7.org/fhir/R5/codesystem-concept-map-relationship.html#equivalent\" title=\"equivalent\">is equivalent to</a></td><td style=\"border-right-width: 0px\">ServiceRequest[1].note</td><td style=\"border-left-width: 0px\">ServiceRequest[1].note</td><td/></tr><tr><td style=\"border-right-width: 0px\">ORM_O01.ORDER_DETAIL.DG1</td><td style=\"border-left-width: 0px\">Diagnosis</td><td/><td/><td/><td><a href=\"http://hl7.org/fhir/R5/codesystem-concept-map-relationship.html#equivalent\" title=\"equivalent\">is equivalent to</a></td><td style=\"border-right-width: 0px\">ServiceRequest[1].reasonReference(Condition)</td><td style=\"border-left-width: 0px\">ServiceRequest[1].reasonReference(Condition)</td><td>Processing of the DG1 segment results in the creation of a new Condition resource which is referenced in the ServiceRequest created by the ORC segment</td></tr><tr><td style=\"border-right-width: 0px\">ORM_O01.ORDER_DETAIL.OBSERVATION.OBX</td><td style=\"border-left-width: 0px\">Observation/Result</td><td/><td/><td>IF OBX-5 LST.count LESS THAN OR EQUALS 1 OR OBX-2 IS &quot;NA&quot;</td><td><a href=\"http://hl7.org/fhir/R5/codesystem-concept-map-relationship.html#equivalent\" title=\"equivalent\">is equivalent to</a></td><td style=\"border-right-width: 0px\">Observation[1]</td><td style=\"border-left-width: 0px\">Observation[1]</td><td/></tr><tr><td style=\"border-right-width: 0px\">ORM_O01.ORDER_DETAIL.OBSERVATION.OBX</td><td style=\"border-left-width: 0px\">Observation/Result</td><td/><td/><td>IF  OBX-5 LST.count GREATER THAN 1 AND OBX-2 IS NOT &quot;NA&quot;</td><td><a href=\"http://hl7.org/fhir/R5/codesystem-concept-map-relationship.html#equivalent\" title=\"equivalent\">is equivalent to</a></td><td style=\"border-right-width: 0px\">Observation[1]</td><td style=\"border-left-width: 0px\">Observation[1]</td><td/></tr></table></div>"
  },
  "extension" : [{
    "extension" : [{
      "url" : "type",
      "valueCode" : "derived-from"
    },
    {
      "url" : "label",
      "valueString" : "Message ORM:O01 to Bundle.fsh"
    },
    {
      "url" : "url",
      "valueUri" : "https://docs.google.com/spreadsheets/d/19C2jjzXZ8D7Um1iB-e6NmLfZVPvyZNkgwU8IxCJiwGs/edit#gid=0"
    }],
    "url" : "http://hl7.org/fhir/uv/v2mappings/StructureDefinition/RelatedArtifact"
  },
  {
    "url" : "http://hl7.org/fhir/StructureDefinition/structuredefinition-wg",
    "valueCode" : "oo"
  },
  {
    "url" : "http://hl7.org/fhir/StructureDefinition/structuredefinition-standards-status",
    "valueCode" : "informative",
    "_valueCode" : {
      "extension" : [{
        "url" : "http://hl7.org/fhir/StructureDefinition/structuredefinition-conformance-derivedFrom",
        "valueCanonical" : "http://hl7.org/fhir/uv/v2mappings/ImplementationGuide/hl7.fhir.uv.v2mappings"
      }]
    }
  }],
  "url" : "http://hl7.org/fhir/uv/v2mappings/ConceptMap/message-orm-o01-to-bundle",
  "version" : "1.0.0",
  "name" : "MessageORM_O01ToBundle",
  "title" : "Message ORM_O01 to Bundle Map",
  "status" : "active",
  "experimental" : true,
  "date" : "2025-08-23",
  "publisher" : "HL7 International / Orders and Observations",
  "contact" : [{
    "name" : "HL7 Orders and Observations Workgroup",
    "telecom" : [{
      "system" : "url",
      "value" : "http://www.hl7.org/Special/committees/orders"
    }]
  }],
  "description" : "This ConceptMap represents a mapping from the HL7 V2 Message ORM_O01 to the FHIR Message Bundle.",
  "jurisdiction" : [{
    "coding" : [{
      "system" : "http://unstats.un.org/unsd/methods/m49/m49.htm",
      "code" : "001"
    }]
  }],
  "copyright" : "Copyright (c) 2025, HL7 International, Inc., All Rights Reserved.",
  "group" : [{
    "element" : [{
      "extension" : [{
        "extension" : [{
          "url" : "cardinalityMin",
          "valueInteger" : 1
        },
        {
          "url" : "cardinalityMax",
          "valueInteger" : 1
        }],
        "url" : "http://hl7.org/fhir/uv/v2mappings/StructureDefinition/TypeInfo"
      }],
      "code" : "ORM_O01.MSH",
      "display" : "Message Header",
      "target" : [{
        "code" : "Bundle",
        "display" : "Bundle",
        "equivalence" : "equivalent"
      }]
    },
    {
      "extension" : [{
        "extension" : [{
          "url" : "cardinalityMin",
          "valueInteger" : 1
        },
        {
          "url" : "cardinalityMax",
          "valueInteger" : 1
        }],
        "url" : "http://hl7.org/fhir/uv/v2mappings/StructureDefinition/TypeInfo"
      }],
      "code" : "ORM_O01.MSH",
      "display" : "Message Header",
      "target" : [{
        "code" : "MessageHeader[1]",
        "display" : "MessageHeader[1]",
        "equivalence" : "equivalent",
        "comment" : "Processing of the MSH segment results in the creation of a new MessageHeader resource"
      }]
    },
    {
      "extension" : [{
        "extension" : [{
          "url" : "cardinalityMin",
          "valueInteger" : 1
        },
        {
          "url" : "cardinalityMax",
          "valueInteger" : 1
        }],
        "url" : "http://hl7.org/fhir/uv/v2mappings/StructureDefinition/TypeInfo"
      }],
      "code" : "ORM_O01.MSH",
      "display" : "Message Header",
      "target" : [{
        "code" : "Provenance[1]",
        "display" : "Provenance[1]",
        "equivalence" : "equivalent",
        "comment" : "If the FHIR transformation does not yield a FHIR message, but only a set of resource (APIs, repository, etc.) than one should consider attaching this Provenance resource instance to the relevant FHIR resources generated.",
        "dependsOn" : [{
          "property" : "Narrative-Condition",
          "value" : "If there is a source in MSH-4, or known based on the configuration."
        }]
      }]
    },
    {
      "extension" : [{
        "extension" : [{
          "url" : "cardinalityMin",
          "valueInteger" : 1
        },
        {
          "url" : "cardinalityMax",
          "valueInteger" : 1
        }],
        "url" : "http://hl7.org/fhir/uv/v2mappings/StructureDefinition/TypeInfo"
      }],
      "code" : "ORM_O01.MSH",
      "display" : "Message Header",
      "target" : [{
        "code" : "Provenance[2]",
        "display" : "Provenance[2]",
        "equivalence" : "equivalent",
        "comment" : "If the FHIR transformation does not yield a FHIR Bunlde, but only a set of resource (APIs, repository, etc.) than one should consider attaching this Provenance resource instance to the relevant FHIR resources generated."
      }]
    },
    {
      "extension" : [{
        "extension" : [{
          "url" : "cardinalityMin",
          "valueInteger" : 1
        },
        {
          "url" : "cardinalityMax",
          "valueInteger" : 1
        }],
        "url" : "http://hl7.org/fhir/uv/v2mappings/StructureDefinition/TypeInfo"
      }],
      "code" : "ORM_O01.PATIENT.PID",
      "display" : "Patient Identification",
      "target" : [{
        "code" : "Patient[1]",
        "display" : "Patient[1]",
        "equivalence" : "equivalent",
        "comment" : "Processing of the PID segment results in the creation of a new Patient resource"
      }]
    },
    {
      "extension" : [{
        "extension" : [{
          "url" : "cardinalityMin",
          "valueInteger" : 1
        },
        {
          "url" : "cardinalityMax",
          "valueInteger" : 1
        }],
        "url" : "http://hl7.org/fhir/uv/v2mappings/StructureDefinition/TypeInfo"
      }],
      "code" : "ORM_O01.PATIENT.PID",
      "display" : "Patient Identification",
      "target" : [{
        "code" : "Provenance[4]",
        "display" : "Provenance[4]",
        "equivalence" : "equivalent",
        "dependsOn" : [{
          "property" : "Computable-ANTLR",
          "value" : "IF PID-33 AND PID-34 VALUED"
        },
        {
          "property" : "Narrative-Condition",
          "value" : "One  may drop PID-33 from the condition if PID-34 Last Update Facility is still sufficient without a date."
        }]
      }]
    },
    {
      "extension" : [{
        "extension" : [{
          "url" : "cardinalityMin",
          "valueInteger" : 0
        },
        {
          "url" : "cardinalityMax",
          "valueInteger" : 1
        }],
        "url" : "http://hl7.org/fhir/uv/v2mappings/StructureDefinition/TypeInfo"
      }],
      "code" : "ORM_O01.PATIENT.PD1",
      "display" : "Additional Demographics",
      "target" : [{
        "code" : "Patient[1]",
        "display" : "Patient[1]",
        "equivalence" : "equivalent",
        "comment" : "Incorporate PD1 content into the Patient created from the PID segment."
      }]
    },
    {
      "extension" : [{
        "extension" : [{
          "url" : "cardinalityMin",
          "valueInteger" : 0
        },
        {
          "url" : "cardinalityMax",
          "valueInteger" : 1
        }],
        "url" : "http://hl7.org/fhir/uv/v2mappings/StructureDefinition/TypeInfo"
      }],
      "code" : "ORM_O01.PATIENT.PD1",
      "display" : "Additional Demographics",
      "target" : [{
        "code" : "Observation[2]",
        "display" : "Observation[2]",
        "equivalence" : "equivalent",
        "dependsOn" : [{
          "property" : "Computable-ANTLR",
          "value" : "IF PD1-7 VALUED"
        }]
      }]
    },
    {
      "extension" : [{
        "extension" : [{
          "url" : "cardinalityMin",
          "valueInteger" : 1
        },
        {
          "url" : "cardinalityMax",
          "valueInteger" : 1
        }],
        "url" : "http://hl7.org/fhir/uv/v2mappings/StructureDefinition/TypeInfo"
      }],
      "code" : "ORM_O01.PATIENT.VISIT.PV1",
      "display" : "Patient Visit",
      "target" : [{
        "code" : "Encounter[1]",
        "display" : "Encounter[1]",
        "equivalence" : "equivalent",
        "comment" : "Processing of the PV1 segment results in the creation of a new Encounter resource"
      }]
    },
    {
      "extension" : [{
        "extension" : [{
          "url" : "cardinalityMin",
          "valueInteger" : 1
        },
        {
          "url" : "cardinalityMax",
          "valueInteger" : 1
        }],
        "url" : "http://hl7.org/fhir/uv/v2mappings/StructureDefinition/TypeInfo"
      }],
      "code" : "ORM_O01.PATIENT.VISIT.PV1",
      "display" : "Patient Visit",
      "target" : [{
        "code" : "Basic",
        "display" : "Basic",
        "equivalence" : "equivalent",
        "dependsOn" : [{
          "property" : "Computable-ANTLR",
          "value" : "IF PV1-43 VALUED"
        }]
      }]
    },
    {
      "extension" : [{
        "extension" : [{
          "url" : "cardinalityMin",
          "valueInteger" : 1
        },
        {
          "url" : "cardinalityMax",
          "valueInteger" : 1
        }],
        "url" : "http://hl7.org/fhir/uv/v2mappings/StructureDefinition/TypeInfo"
      }],
      "code" : "ORM_O01.PATIENT.VISIT.PV1",
      "display" : "Patient Visit",
      "target" : [{
        "code" : "Patient[1]",
        "display" : "Patient[1]",
        "equivalence" : "equivalent"
      }]
    },
    {
      "extension" : [{
        "extension" : [{
          "url" : "cardinalityMin",
          "valueInteger" : 1
        },
        {
          "url" : "cardinalityMax",
          "valueInteger" : 1
        }],
        "url" : "http://hl7.org/fhir/uv/v2mappings/StructureDefinition/TypeInfo"
      }],
      "code" : "ORM_O01.PATIENT.VISIT.PV1",
      "display" : "Patient Visit",
      "target" : [{
        "code" : "Coverage[1]",
        "display" : "Coverage[1]",
        "equivalence" : "equivalent",
        "dependsOn" : [{
          "property" : "Computable-ANTLR",
          "value" : "IF PV1-20 VALUE"
        }]
      }]
    },
    {
      "extension" : [{
        "extension" : [{
          "url" : "cardinalityMin",
          "valueInteger" : 0
        },
        {
          "url" : "cardinalityMax",
          "valueInteger" : 1
        }],
        "url" : "http://hl7.org/fhir/uv/v2mappings/StructureDefinition/TypeInfo"
      }],
      "code" : "ORM_O01.PATIENT.VISIT.PV2",
      "display" : "Patient Visit- Additional Info",
      "target" : [{
        "code" : "Encounter[1]",
        "display" : "Encounter[1]",
        "equivalence" : "equivalent",
        "comment" : "Incorporate PV2 content into the Encounter created from the PV1 segment."
      }]
    },
    {
      "extension" : [{
        "extension" : [{
          "url" : "cardinalityMin",
          "valueInteger" : 1
        },
        {
          "url" : "cardinalityMax",
          "valueInteger" : 1
        }],
        "url" : "http://hl7.org/fhir/uv/v2mappings/StructureDefinition/TypeInfo"
      }],
      "code" : "ORM_O01.PATIENT.INSURANCE.IN1",
      "display" : "Insurance",
      "target" : [{
        "code" : "Coverage[1]",
        "display" : "Coverage[1]",
        "equivalence" : "equivalent",
        "comment" : "Processing of the IN1 segment results in the creation of a new Coverage resource"
      }]
    },
    {
      "extension" : [{
        "extension" : [{
          "url" : "cardinalityMin",
          "valueInteger" : 0
        },
        {
          "url" : "cardinalityMax",
          "valueInteger" : 1
        }],
        "url" : "http://hl7.org/fhir/uv/v2mappings/StructureDefinition/TypeInfo"
      }],
      "code" : "ORM_O01.PATIENT.INSURANCE.IN2",
      "display" : "Insurance Additional Info",
      "target" : [{
        "code" : "Coverage[1]",
        "display" : "Coverage[1]",
        "equivalence" : "equivalent",
        "comment" : "Incorporate IN2 content into the Coverage created from the IN1 segment."
      }]
    },
    {
      "extension" : [{
        "extension" : [{
          "url" : "cardinalityMin",
          "valueInteger" : 0
        },
        {
          "url" : "cardinalityMax",
          "valueInteger" : 1
        }],
        "url" : "http://hl7.org/fhir/uv/v2mappings/StructureDefinition/TypeInfo"
      }],
      "code" : "ORM_O01.PATIENT.INSURANCE.IN3",
      "display" : "Insurance Add'l Info – Cert.",
      "target" : [{
        "code" : "Coverage[1]",
        "display" : "Coverage[1]",
        "equivalence" : "equivalent",
        "comment" : "Incorporate IN3 content into the Coverage created from the IN1 segment."
      }]
    },
    {
      "extension" : [{
        "extension" : [{
          "url" : "cardinalityMin",
          "valueInteger" : 0
        },
        {
          "url" : "cardinalityMax",
          "valueInteger" : -1
        }],
        "url" : "http://hl7.org/fhir/uv/v2mappings/StructureDefinition/TypeInfo"
      }],
      "code" : "ORM_O01.PATIENT.AL1",
      "display" : "Allergy Information",
      "target" : [{
        "code" : "AllergyIntolerance",
        "display" : "AllergyIntolerance",
        "equivalence" : "equivalent",
        "comment" : "Processing of the AL1 segment results in the creation of a new AllergyIntolerance resource"
      }]
    },
    {
      "extension" : [{
        "extension" : [{
          "url" : "cardinalityMin",
          "valueInteger" : 1
        },
        {
          "url" : "cardinalityMax",
          "valueInteger" : 1
        }],
        "url" : "http://hl7.org/fhir/uv/v2mappings/StructureDefinition/TypeInfo"
      }],
      "code" : "ORM_O01.ORDER.ORC",
      "display" : "Common Order",
      "target" : [{
        "code" : "ServiceRequest[1]",
        "display" : "ServiceRequest[1]",
        "equivalence" : "equivalent",
        "comment" : "Processing of each ORC segment results in the creation of a new ServiceRequest resource"
      }]
    },
    {
      "extension" : [{
        "extension" : [{
          "url" : "cardinalityMin",
          "valueInteger" : 1
        },
        {
          "url" : "cardinalityMax",
          "valueInteger" : 1
        }],
        "url" : "http://hl7.org/fhir/uv/v2mappings/StructureDefinition/TypeInfo"
      }],
      "code" : "ORM_O01.ORDER.ORC",
      "display" : "Common Order",
      "target" : [{
        "code" : "Task[1]",
        "display" : "Task[1]",
        "equivalence" : "equivalent",
        "comment" : "Processing of each ORC segment results in the creation of a new Task resource which is linked back to the ServiceRequest created for the same ORC segment. =*= The creation of a Task resource and its inclusion in the FHIR bundle should only happen when the receiving system is responsible for fulfillment of the ServiceRequest. Other systems may receive notification of the order, but should not receive a Task Resource if they are not the intended filler system. =*= The actual value of the ORC-1 Order Control Code will yield different population of the Task resource.",
        "dependsOn" : [{
          "property" : "Computable-FHIRPath",
          "value" : "h"
        }]
      }]
    },
    {
      "extension" : [{
        "extension" : [{
          "url" : "cardinalityMin",
          "valueInteger" : 1
        },
        {
          "url" : "cardinalityMax",
          "valueInteger" : 1
        }],
        "url" : "http://hl7.org/fhir/uv/v2mappings/StructureDefinition/TypeInfo"
      }],
      "code" : "ORM_O01.ORDER.ORC",
      "display" : "Common Order",
      "target" : [{
        "code" : "Provenance[2]",
        "display" : "Provenance[2]",
        "equivalence" : "equivalent"
      }]
    },
    {
      "extension" : [{
        "extension" : [{
          "url" : "cardinalityMin",
          "valueInteger" : 0
        },
        {
          "url" : "cardinalityMax",
          "valueInteger" : 1
        }],
        "url" : "http://hl7.org/fhir/uv/v2mappings/StructureDefinition/TypeInfo"
      }],
      "code" : "ORM_O01.ORDER_DETAIL.CHOICE.OBR",
      "display" : "Order Detail Segment OBR, etc.",
      "target" : [{
        "code" : "ServiceRequest[1]",
        "display" : "ServiceRequest[1]",
        "equivalence" : "equivalent",
        "comment" : "Incorporate OBR content into the ServiceRequest created from the ORC segment in the same segment group.",
        "dependsOn" : [{
          "property" : "Computable-ANTLR",
          "value" : "IF PID VALUED"
        }]
      }]
    },
    {
      "extension" : [{
        "extension" : [{
          "url" : "cardinalityMin",
          "valueInteger" : 0
        },
        {
          "url" : "cardinalityMax",
          "valueInteger" : 1
        }],
        "url" : "http://hl7.org/fhir/uv/v2mappings/StructureDefinition/TypeInfo"
      }],
      "code" : "ORM_O01.ORDER_DETAIL.CHOICE.OBR",
      "display" : "Order Detail Segment OBR, etc.",
      "target" : [{
        "code" : "SupplyRequest[1]",
        "display" : "SupplyRequest[1]",
        "equivalence" : "equivalent",
        "dependsOn" : [{
          "property" : "Computable-ANTLR",
          "value" : "IF PID NOT VALUED"
        }]
      }]
    },
    {
      "extension" : [{
        "extension" : [{
          "url" : "cardinalityMin",
          "valueInteger" : 0
        },
        {
          "url" : "cardinalityMax",
          "valueInteger" : 1
        }],
        "url" : "http://hl7.org/fhir/uv/v2mappings/StructureDefinition/TypeInfo"
      }],
      "code" : "ORM_O01.ORDER_DETAIL.CHOICE.RXO",
      "display" : "Pharmacy/Treatment Order",
      "target" : [{
        "code" : "MedicationRequest",
        "display" : "MedicationRequest",
        "equivalence" : "equivalent"
      }]
    },
    {
      "extension" : [{
        "extension" : [{
          "url" : "cardinalityMin",
          "valueInteger" : 0
        },
        {
          "url" : "cardinalityMax",
          "valueInteger" : 1
        }],
        "url" : "http://hl7.org/fhir/uv/v2mappings/StructureDefinition/TypeInfo"
      }],
      "code" : "ORM_O01.ORDER_DETAIL.CHOICE.ODS",
      "display" : "Dietary Orders, Supplements, and Preferences",
      "target" : [{
        "code" : "SupplyRequest[2]",
        "display" : "SupplyRequest[2]",
        "equivalence" : "equivalent",
        "dependsOn" : [{
          "property" : "Computable-ANTLR",
          "value" : "IF PID NOT VALUED"
        }]
      }]
    },
    {
      "extension" : [{
        "extension" : [{
          "url" : "cardinalityMin",
          "valueInteger" : 0
        },
        {
          "url" : "cardinalityMax",
          "valueInteger" : -1
        }],
        "url" : "http://hl7.org/fhir/uv/v2mappings/StructureDefinition/TypeInfo"
      }],
      "code" : "ORM_O01.ORDER_DETAIL.NTE",
      "display" : "Notes and Comments (for Detail)",
      "target" : [{
        "code" : "ServiceRequest[1].note",
        "display" : "ServiceRequest[1].note",
        "equivalence" : "equivalent"
      }]
    },
    {
      "extension" : [{
        "extension" : [{
          "url" : "cardinalityMin",
          "valueInteger" : 0
        },
        {
          "url" : "cardinalityMax",
          "valueInteger" : -1
        }],
        "url" : "http://hl7.org/fhir/uv/v2mappings/StructureDefinition/TypeInfo"
      }],
      "code" : "ORM_O01.ORDER_DETAIL.DG1",
      "display" : "Diagnosis",
      "target" : [{
        "code" : "ServiceRequest[1].reasonReference(Condition)",
        "display" : "ServiceRequest[1].reasonReference(Condition)",
        "equivalence" : "equivalent",
        "comment" : "Processing of the DG1 segment results in the creation of a new Condition resource which is referenced in the ServiceRequest created by the ORC segment"
      }]
    },
    {
      "extension" : [{
        "extension" : [{
          "url" : "cardinalityMin",
          "valueInteger" : 1
        },
        {
          "url" : "cardinalityMax",
          "valueInteger" : 1
        }],
        "url" : "http://hl7.org/fhir/uv/v2mappings/StructureDefinition/TypeInfo"
      }],
      "code" : "ORM_O01.ORDER_DETAIL.OBSERVATION.OBX",
      "display" : "Observation/Result",
      "target" : [{
        "code" : "Observation[1]",
        "display" : "Observation[1]",
        "equivalence" : "equivalent",
        "dependsOn" : [{
          "property" : "Computable-ANTLR",
          "value" : "IF OBX-5 LST.count LESS THAN OR EQUALS 1 OR OBX-2 IS \"NA\""
        }]
      }]
    },
    {
      "extension" : [{
        "extension" : [{
          "url" : "cardinalityMin",
          "valueInteger" : 1
        },
        {
          "url" : "cardinalityMax",
          "valueInteger" : 1
        }],
        "url" : "http://hl7.org/fhir/uv/v2mappings/StructureDefinition/TypeInfo"
      }],
      "code" : "ORM_O01.ORDER_DETAIL.OBSERVATION.OBX",
      "display" : "Observation/Result",
      "target" : [{
        "code" : "Observation[1]",
        "display" : "Observation[1]",
        "equivalence" : "equivalent",
        "dependsOn" : [{
          "property" : "Computable-ANTLR",
          "value" : "IF  OBX-5 LST.count GREATER THAN 1 AND OBX-2 IS NOT \"NA\""
        }]
      }]
    }]
  }]
}