{
  "resourceType" : "ConceptMap",
  "id" : "table-hl70127-to-allergy-intolerance-category",
  "text" : {
    "status" : "generated",
    "div" : "<div xmlns=\"http://www.w3.org/1999/xhtml\"><p class=\"res-header-id\"><b>Generated Narrative: ConceptMap table-hl70127-to-allergy-intolerance-category</b></p><a name=\"table-hl70127-to-allergy-intolerance-category\"> </a><a name=\"hctable-hl70127-to-allergy-intolerance-category\"> </a><p>Mapping from <a href=\"http://terminology.hl7.org/6.5.0/ValueSet-v2-0127.html\">hl7VS-allergyType</a> to (not specified)</p><br/><p><b>Group 1 </b>Mapping from <a href=\"http://terminology.hl7.org/6.5.0/CodeSystem-v2-0127.html\">allergenType</a> to <a href=\"http://hl7.org/fhir/R4/codesystem-allergy-intolerance-category.html\">AllergyIntoleranceCategory</a></p><table class=\"grid\"><tr><td><b>Source Code</b></td><td><b>Relationship</b></td><td><b>Target Code</b></td></tr><tr><td>DA (Drug allergy)</td><td><a href=\"http://hl7.org/fhir/R5/codesystem-concept-map-relationship.html#equivalent\" title=\"equivalent\">is equivalent to</a></td><td>medication</td></tr><tr><td>FA (Food allergy)</td><td><a href=\"http://hl7.org/fhir/R5/codesystem-concept-map-relationship.html#equivalent\" title=\"equivalent\">is equivalent to</a></td><td>food</td></tr><tr><td>EA (Environmental allergy)</td><td><a href=\"http://hl7.org/fhir/R5/codesystem-concept-map-relationship.html#equivalent\" title=\"equivalent\">is equivalent to</a></td><td>environment</td></tr><tr><td>AA (Animal allergy)</td><td><a href=\"http://hl7.org/fhir/R5/codesystem-concept-map-relationship.html#equivalent\" title=\"equivalent\">is equivalent to</a></td><td>biologic</td></tr><tr><td>PA (Plant allergy)</td><td><a href=\"http://hl7.org/fhir/R5/codesystem-concept-map-relationship.html#equivalent\" title=\"equivalent\">is equivalent to</a></td><td>environment</td></tr><tr><td>LA (Pollen allergy)</td><td><a href=\"http://hl7.org/fhir/R5/codesystem-concept-map-relationship.html#equivalent\" title=\"equivalent\">is equivalent to</a></td><td>environment</td></tr></table><hr/><p><b>Group 2 </b>Mapping from <a href=\"http://terminology.hl7.org/6.5.0/CodeSystem-v2-0127.html\">allergenType</a> to <code>unspecified code system</code></p><table class=\"grid\"><tr><td><b>Source Code</b></td><td><b>Relationship</b></td><td><b>Target Code</b></td></tr><tr><td>MA (Miscellaneous allergy)</td><td colspan=\"2\" style=\"background-color: #efefef\">(not mapped)</td></tr><tr><td>MC (Miscellaneous contraindication)</td><td colspan=\"2\" style=\"background-color: #efefef\">(not mapped)</td></tr></table></div>"
  },
  "extension" : [{
    "extension" : [{
      "url" : "type",
      "valueCode" : "derived-from"
    },
    {
      "url" : "label",
      "valueString" : "Table HL70127 to Allergy Intolerance Category.fsh"
    },
    {
      "url" : "url",
      "valueUri" : "https://docs.google.com/spreadsheets/d/1kRIGg82psj97HFzQx5-t34LbHBzhAQzFqM1BT2uNVSI/edit?gid=0#gid=0"
    }],
    "url" : "http://hl7.org/fhir/uv/v2mappings/StructureDefinition/RelatedArtifact"
  },
  {
    "url" : "http://hl7.org/fhir/StructureDefinition/structuredefinition-wg",
    "valueCode" : "oo"
  },
  {
    "url" : "http://hl7.org/fhir/StructureDefinition/structuredefinition-standards-status",
    "valueCode" : "informative",
    "_valueCode" : {
      "extension" : [{
        "url" : "http://hl7.org/fhir/StructureDefinition/structuredefinition-conformance-derivedFrom",
        "valueCanonical" : "http://hl7.org/fhir/uv/v2mappings/ImplementationGuide/hl7.fhir.uv.v2mappings"
      }]
    }
  }],
  "url" : "http://hl7.org/fhir/uv/v2mappings/ConceptMap/table-hl70127-to-allergy-intolerance-category",
  "version" : "1.0.0",
  "name" : "TableHL70127ToAllergyIntoleranceCategory",
  "title" : "Table HL70127 to Allergy Intolerance Category Map",
  "status" : "active",
  "experimental" : true,
  "date" : "2025-08-23",
  "publisher" : "HL7 International / Orders and Observations",
  "contact" : [{
    "name" : "HL7 Orders and Observations Workgroup",
    "telecom" : [{
      "system" : "url",
      "value" : "http://www.hl7.org/Special/committees/orders"
    }]
  }],
  "description" : "This ConceptMap represents a mapping from the HL7 V2 Table HL70127 to the FHIR Allergy Intolerance Category Value Set.",
  "jurisdiction" : [{
    "coding" : [{
      "system" : "http://unstats.un.org/unsd/methods/m49/m49.htm",
      "code" : "001"
    }]
  }],
  "copyright" : "Copyright (c) 2025, HL7 International, Inc., All Rights Reserved.",
  "sourceUri" : "http://terminology.hl7.org/ValueSet/v2-0127",
  "group" : [{
    "source" : "http://terminology.hl7.org/CodeSystem/v2-0127",
    "target" : "http://hl7.org/fhir/allergy-intolerance-category",
    "element" : [{
      "code" : "DA",
      "display" : "Drug allergy",
      "target" : [{
        "code" : "medication",
        "display" : "Medication",
        "equivalence" : "equivalent"
      }]
    },
    {
      "code" : "FA",
      "display" : "Food allergy",
      "target" : [{
        "code" : "food",
        "display" : "Food",
        "equivalence" : "equivalent"
      }]
    },
    {
      "code" : "EA",
      "display" : "Environmental allergy",
      "target" : [{
        "code" : "environment",
        "display" : "Environment",
        "equivalence" : "equivalent"
      }]
    },
    {
      "code" : "AA",
      "display" : "Animal allergy",
      "target" : [{
        "code" : "biologic",
        "display" : "Biologic",
        "equivalence" : "equivalent"
      }]
    },
    {
      "code" : "PA",
      "display" : "Plant allergy",
      "target" : [{
        "code" : "environment",
        "display" : "Environment",
        "equivalence" : "equivalent"
      }]
    },
    {
      "code" : "LA",
      "display" : "Pollen allergy",
      "target" : [{
        "code" : "environment",
        "display" : "Environment",
        "equivalence" : "equivalent"
      }]
    }]
  },
  {
    "source" : "http://terminology.hl7.org/CodeSystem/v2-0127",
    "element" : [{
      "code" : "MA",
      "display" : "Miscellaneous allergy",
      "target" : [{
        "equivalence" : "unmatched"
      }]
    },
    {
      "code" : "MC",
      "display" : "Miscellaneous contraindication",
      "target" : [{
        "equivalence" : "unmatched"
      }]
    }]
  }]
}