<?xml version="1.0" encoding="UTF-8"?>

<ConceptMap xmlns="http://hl7.org/fhir">
  <id value="segment-rxo-to-medicationrequest"/>
  <text>
    <status value="generated"/><div xmlns="http://www.w3.org/1999/xhtml"><p class="res-header-id"><b>Generated Narrative: ConceptMap segment-rxo-to-medicationrequest</b></p><a name="segment-rxo-to-medicationrequest"> </a><a name="hcsegment-rxo-to-medicationrequest"> </a><p>Mapping from (not specified) to (not specified)</p><br/><p><b>Group 1 </b>Mapping from <code>unspecified code system</code> to <code>unspecified code system</code></p><table class="grid"><tr><td colspan="3"><b>Source Concept Details</b></td><td><b>Relationship</b></td><td colspan="2"><b>Target Concept Details</b></td></tr><tr><td colspan="2"><b>Codes</b> from </td><td><b>ComputableANTLR</b></td><td/><td colspan="2"><b>Codes</b> from </td></tr><tr><td style="border-right-width: 0px">RXO</td><td style="border-left-width: 0px"/><td/><td><a href="http://hl7.org/fhir/R5/codesystem-concept-map-relationship.html#equivalent" title="equivalent">is equivalent to</a></td><td style="border-right-width: 0px">intent</td><td style="border-left-width: 0px">= &quot;original-order&quot;</td></tr><tr><td style="border-right-width: 0px">RXO-1</td><td style="border-left-width: 0px">Requested Give Code</td><td/><td><a href="http://hl7.org/fhir/R5/codesystem-concept-map-relationship.html#equivalent" title="equivalent">is equivalent to</a></td><td style="border-right-width: 0px">medication(Medication.code)</td><td style="border-left-width: 0px">medication(Medication.code)</td></tr><tr><td style="border-right-width: 0px">RXO-2</td><td style="border-left-width: 0px">Requested Give Amount - Minimum</td><td/><td><a href="http://hl7.org/fhir/R5/codesystem-concept-map-relationship.html#equivalent" title="equivalent">is equivalent to</a></td><td style="border-right-width: 0px">dosageInstruction.doseAndRate[1].doseRange.low.value</td><td style="border-left-width: 0px">dosageInstruction.doseAndRate[1].doseRange.low.value</td></tr><tr><td style="border-right-width: 0px">RXO-2</td><td style="border-left-width: 0px">Requested Give Amount - Minimum</td><td/><td><a href="http://hl7.org/fhir/R5/codesystem-concept-map-relationship.html#equivalent" title="equivalent">is equivalent to</a></td><td style="border-right-width: 0px">dosageInstruction.doseAndRate[1].type</td><td style="border-left-width: 0px">dosageInstruction.doseAndRate[1].type</td></tr><tr><td style="border-right-width: 0px">RXO-3</td><td style="border-left-width: 0px">Requested Give Amount - Maximum</td><td/><td><a href="http://hl7.org/fhir/R5/codesystem-concept-map-relationship.html#equivalent" title="equivalent">is equivalent to</a></td><td style="border-right-width: 0px">dosageInstruction.doseAndRate[1].doseRange.high.value</td><td style="border-left-width: 0px">dosageInstruction.doseAndRate[1].doseRange.high.value</td></tr><tr><td style="border-right-width: 0px">RXO-4</td><td style="border-left-width: 0px">Requested Give Units</td><td>IF RXO-2 IS VALUED AND (IF RXO-4.1 IS VALUED OR RXO-4.3 IS VALUED)</td><td><a href="http://hl7.org/fhir/R5/codesystem-concept-map-relationship.html#equivalent" title="equivalent">is equivalent to</a></td><td style="border-right-width: 0px">dosageInstruction.doseAndRate[1].doseRange.low.code</td><td style="border-left-width: 0px">dosageInstruction.doseAndRate[1].doseRange.low.code</td></tr><tr><td style="border-right-width: 0px">RXO-4</td><td style="border-left-width: 0px">Requested Give Units</td><td>IF RXO-2 IS VALUED AND (IF RXO-4.1 IS NOT VALUED AND RXO-4.3 IS NOT VALUED)</td><td><a href="http://hl7.org/fhir/R5/codesystem-concept-map-relationship.html#equivalent" title="equivalent">is equivalent to</a></td><td style="border-right-width: 0px">dosageInstruction.doseAndRate[1].doseRange.low.unit</td><td style="border-left-width: 0px">dosageInstruction.doseAndRate[1].doseRange.low.unit</td></tr><tr><td style="border-right-width: 0px">RXO-4</td><td style="border-left-width: 0px">Requested Give Units</td><td>IF RXO-2 IS VALUED AND (IF RXO-4.1 IS VALUED OR RXO-4.3 IS VALUED)</td><td><a href="http://hl7.org/fhir/R5/codesystem-concept-map-relationship.html#equivalent" title="equivalent">is equivalent to</a></td><td style="border-right-width: 0px">dosageInstruction.doseAndRate[1].doseRange.high.code</td><td style="border-left-width: 0px">dosageInstruction.doseAndRate[1].doseRange.high.code</td></tr><tr><td style="border-right-width: 0px">RXO-4</td><td style="border-left-width: 0px">Requested Give Units</td><td>IF RXO-2 IS VALUED AND (IF RXO-4.1 IS NOT VALUED AND RXO-4.3 IS NOT VALUED)</td><td><a href="http://hl7.org/fhir/R5/codesystem-concept-map-relationship.html#equivalent" title="equivalent">is equivalent to</a></td><td style="border-right-width: 0px">dosageInstruction.doseAndRate[1].doseRange.high.unit</td><td style="border-left-width: 0px">dosageInstruction.doseAndRate[1].doseRange.high.unit</td></tr><tr><td style="border-right-width: 0px">RXO-5</td><td style="border-left-width: 0px">Requested Dosage Form</td><td/><td><a href="http://hl7.org/fhir/R5/codesystem-concept-map-relationship.html#equivalent" title="equivalent">is equivalent to</a></td><td style="border-right-width: 0px">medication(Medication.doseForm)</td><td style="border-left-width: 0px">medication(Medication.doseForm)</td></tr><tr><td style="border-right-width: 0px">RXO-9</td><td style="border-left-width: 0px">Allow Substitutions</td><td/><td><a href="http://hl7.org/fhir/R5/codesystem-concept-map-relationship.html#equivalent" title="equivalent">is equivalent to</a></td><td style="border-right-width: 0px">substitution.allowedCodeableConcept</td><td style="border-left-width: 0px">substitution.allowedCodeableConcept</td></tr><tr><td style="border-right-width: 0px">RXO-11</td><td style="border-left-width: 0px">Requested Dispense Amount</td><td/><td><a href="http://hl7.org/fhir/R5/codesystem-concept-map-relationship.html#equivalent" title="equivalent">is equivalent to</a></td><td style="border-right-width: 0px">dispenseRequest.quantity.value</td><td style="border-left-width: 0px">dispenseRequest.quantity.value</td></tr><tr><td style="border-right-width: 0px">RXO-12</td><td style="border-left-width: 0px">Requested Dispense Units</td><td>IF RXO-12.1 IS VALUED OR RXO-12.3 IS VALUED</td><td><a href="http://hl7.org/fhir/R5/codesystem-concept-map-relationship.html#equivalent" title="equivalent">is equivalent to</a></td><td style="border-right-width: 0px">dispenseRequest.quantity.code</td><td style="border-left-width: 0px">dispenseRequest.quantity.code</td></tr><tr><td style="border-right-width: 0px">RXO-12</td><td style="border-left-width: 0px">Requested Dispense Units</td><td>IF RXO-12.1 IS NOT VALUED AND RXO-12.3 IS NOT VALUED</td><td><a href="http://hl7.org/fhir/R5/codesystem-concept-map-relationship.html#equivalent" title="equivalent">is equivalent to</a></td><td style="border-right-width: 0px">dispenseRequest.quantity.unit</td><td style="border-left-width: 0px">dispenseRequest.quantity.unit</td></tr><tr><td style="border-right-width: 0px">RXO-13</td><td style="border-left-width: 0px">Number Of Refills</td><td/><td><a href="http://hl7.org/fhir/R5/codesystem-concept-map-relationship.html#equivalent" title="equivalent">is equivalent to</a></td><td style="border-right-width: 0px">dispenseRequest.numberOfRepeatsAllowed</td><td style="border-left-width: 0px">dispenseRequest.numberOfRepeatsAllowed</td></tr><tr><td style="border-right-width: 0px">RXO-14</td><td style="border-left-width: 0px">Ordering Provider's DEA Number</td><td/><td><a href="http://hl7.org/fhir/R5/codesystem-concept-map-relationship.html#equivalent" title="equivalent">is equivalent to</a></td><td style="border-right-width: 0px">requester(Practitioner)</td><td style="border-left-width: 0px">requester(Practitioner)</td></tr><tr><td style="border-right-width: 0px">RXO-18</td><td style="border-left-width: 0px">Requested Give Strength</td><td/><td><a href="http://hl7.org/fhir/R5/codesystem-concept-map-relationship.html#equivalent" title="equivalent">is equivalent to</a></td><td style="border-right-width: 0px">medicationReference(Medication.ingredient.strength.numerator.value</td><td style="border-left-width: 0px">medicationReference(Medication.ingredient.strength.numerator.value</td></tr><tr><td style="border-right-width: 0px">RXO-19</td><td style="border-left-width: 0px">Requested Give Strength Units</td><td>IF RXO-19.1 IS VALUED OR RXO-19.3 IS VALUED</td><td><a href="http://hl7.org/fhir/R5/codesystem-concept-map-relationship.html#equivalent" title="equivalent">is equivalent to</a></td><td style="border-right-width: 0px">medicationReference(Medication.ingredient.strength.numerator.code</td><td style="border-left-width: 0px">medicationReference(Medication.ingredient.strength.numerator.code</td></tr><tr><td style="border-right-width: 0px">RXO-19</td><td style="border-left-width: 0px">Requested Give Strength Units</td><td>IF RXO-19.1 IS NOT VALUED AND RXO-19.3 IS NOT VALUED</td><td><a href="http://hl7.org/fhir/R5/codesystem-concept-map-relationship.html#equivalent" title="equivalent">is equivalent to</a></td><td style="border-right-width: 0px">medicationReference(Medication.ingredient.strength.numerator.unit</td><td style="border-left-width: 0px">medicationReference(Medication.ingredient.strength.numerator.unit</td></tr><tr><td style="border-right-width: 0px">RXE-19</td><td style="border-left-width: 0px">Total Daily Dose</td><td/><td><a href="http://hl7.org/fhir/R5/codesystem-concept-map-relationship.html#equivalent" title="equivalent">is equivalent to</a></td><td style="border-right-width: 0px">dosageInstruction.maxDosePerPeriod.numerator</td><td style="border-left-width: 0px">dosageInstruction.maxDosePerPeriod.numerator</td></tr><tr><td style="border-right-width: 0px">RXE-19</td><td style="border-left-width: 0px">Total Daily Dose</td><td/><td><a href="http://hl7.org/fhir/R5/codesystem-concept-map-relationship.html#equivalent" title="equivalent">is equivalent to</a></td><td style="border-right-width: 0px">dosageInstruction.maxDosePerPeriod.denominator.value</td><td style="border-left-width: 0px">dosageInstruction.maxDosePerPeriod.denominator.value</td></tr><tr><td style="border-right-width: 0px">RXE-19</td><td style="border-left-width: 0px">Total Daily Dose</td><td/><td><a href="http://hl7.org/fhir/R5/codesystem-concept-map-relationship.html#equivalent" title="equivalent">is equivalent to</a></td><td style="border-right-width: 0px">dosageInstruction.maxDosePerPeriod.denominator.code</td><td style="border-left-width: 0px">dosageInstruction.maxDosePerPeriod.denominator.code</td></tr><tr><td style="border-right-width: 0px">RXO-25</td><td style="border-left-width: 0px">Requested Drug Strength Volume</td><td/><td><a href="http://hl7.org/fhir/R5/codesystem-concept-map-relationship.html#equivalent" title="equivalent">is equivalent to</a></td><td style="border-right-width: 0px">medicationReference(Medication.ingredient.strength.denominator.value</td><td style="border-left-width: 0px">medicationReference(Medication.ingredient.strength.denominator.value</td></tr><tr><td style="border-right-width: 0px">RXO-26</td><td style="border-left-width: 0px">Requested Drug Strength Volume Units</td><td>IF RXO-26.1 IS VALUED OR RXO-26.3 IS VALUED</td><td><a href="http://hl7.org/fhir/R5/codesystem-concept-map-relationship.html#equivalent" title="equivalent">is equivalent to</a></td><td style="border-right-width: 0px">medicationReference(Medication.ingredient.strength.denominator.code</td><td style="border-left-width: 0px">medicationReference(Medication.ingredient.strength.denominator.code</td></tr><tr><td style="border-right-width: 0px">RXO-26</td><td style="border-left-width: 0px">Requested Drug Strength Volume Units</td><td>IF RXO-26.1 IS NOT VALUED AND RXO-26.3 IS NOT VALUED</td><td><a href="http://hl7.org/fhir/R5/codesystem-concept-map-relationship.html#equivalent" title="equivalent">is equivalent to</a></td><td style="border-right-width: 0px">medicationReference(Medication.ingredient.strength.denominator.unit</td><td style="border-left-width: 0px">medicationReference(Medication.ingredient.strength.denominator.unit</td></tr></table></div>
  </text>
  <extension url="http://hl7.org/fhir/uv/v2mappings/StructureDefinition/RelatedArtifact">
    <extension url="type">
      <valueCode value="derived-from"/>
    </extension>
    <extension url="label">
      <valueString value="Segment RXO to MedicationRequest.fsh"/>
    </extension>
    <extension url="url">
      <valueUri value="https://docs.google.com/spreadsheets/d/1IikDPobXAskISQ4b6rkBIBWPhBr02mrB4eUHy6eXzQ0/edit#gid=0"/>
    </extension>
  </extension>
  <extension url="http://hl7.org/fhir/StructureDefinition/structuredefinition-wg">
    <valueCode value="oo"/>
  </extension>
  <extension url="http://hl7.org/fhir/StructureDefinition/structuredefinition-standards-status">
    <valueCode value="informative">
      <extension url="http://hl7.org/fhir/StructureDefinition/structuredefinition-conformance-derivedFrom">
        <valueCanonical value="http://hl7.org/fhir/uv/v2mappings/ImplementationGuide/hl7.fhir.uv.v2mappings"/>
      </extension>
    </valueCode>
  </extension>
  <url value="http://hl7.org/fhir/uv/v2mappings/ConceptMap/segment-rxo-to-medicationrequest"/>
  <version value="1.0.0"/>
  <name value="SegmentRXOToMedicationRequest"/>
  <title value="Segment RXO to MedicationRequest Map"/>
  <status value="active"/>
  <experimental value="true"/>
  <date value="2025-08-23"/>
  <publisher value="HL7 International / Orders and Observations"/>
  <contact>
    <name value="HL7 Orders and Observations Workgroup"/>
    <telecom>
      <system value="url"/>
      <value value="http://www.hl7.org/Special/committees/orders"/>
    </telecom>
  </contact>
  <description value="This ConceptMap represents a mapping from the HL7 V2 Segment RXO to the FHIR MedicationRequest Resource."/>
  <jurisdiction>
    <coding>
      <system value="http://unstats.un.org/unsd/methods/m49/m49.htm"/>
      <code value="001"/>
    </coding>
  </jurisdiction>
  <copyright value="Copyright (c) 2025, HL7 International, Inc., All Rights Reserved."/>
  <group>
    <element>
      <code value="RXO"/>
      <target>
        <extension url="http://hl7.org/fhir/uv/v2mappings/StructureDefinition/TypeInfo">
          <extension url="type">
            <valueCode value="code"/>
          </extension>
        </extension>
        <code value="intent"/>
        <display value="= &quot;original-order&quot;"/>
        <equivalence value="equivalent"/>
      </target>
    </element>
    <element>
      <extension url="http://hl7.org/fhir/uv/v2mappings/StructureDefinition/TypeInfo">
        <extension url="type">
          <valueCode value="CWE"/>
        </extension>
        <extension url="cardinalityMin">
          <valueInteger value="1"/>
        </extension>
        <extension url="cardinalityMax">
          <valueInteger value="1"/>
        </extension>
      </extension>
      <code value="RXO-1"/>
      <display value="Requested Give Code"/>
      <target>
        <extension url="http://hl7.org/fhir/uv/v2mappings/StructureDefinition/TypeInfo">
          <extension url="type">
            <valueCode value="CodeableConcept"/>
          </extension>
          <extension url="cardinalityMin">
            <valueInteger value="1"/>
          </extension>
        </extension>
        <code value="medication(Medication.code)"/>
        <display value="medication(Medication.code)"/>
        <equivalence value="equivalent"/>
      </target>
    </element>
    <element>
      <extension url="http://hl7.org/fhir/uv/v2mappings/StructureDefinition/TypeInfo">
        <extension url="type">
          <valueCode value="NM"/>
        </extension>
        <extension url="cardinalityMin">
          <valueInteger value="1"/>
        </extension>
        <extension url="cardinalityMax">
          <valueInteger value="1"/>
        </extension>
      </extension>
      <code value="RXO-2"/>
      <display value="Requested Give Amount - Minimum"/>
      <target>
        <extension url="http://hl7.org/fhir/uv/v2mappings/StructureDefinition/TypeInfo">
          <extension url="type">
            <valueCode value="decimal"/>
          </extension>
        </extension>
        <code value="dosageInstruction.doseAndRate[1].doseRange.low.value"/>
        <display value="dosageInstruction.doseAndRate[1].doseRange.low.value"/>
        <equivalence value="equivalent"/>
      </target>
    </element>
    <element>
      <extension url="http://hl7.org/fhir/uv/v2mappings/StructureDefinition/TypeInfo">
        <extension url="type">
          <valueCode value="NM"/>
        </extension>
        <extension url="cardinalityMin">
          <valueInteger value="1"/>
        </extension>
        <extension url="cardinalityMax">
          <valueInteger value="1"/>
        </extension>
      </extension>
      <code value="RXO-2"/>
      <display value="Requested Give Amount - Minimum"/>
      <target>
        <extension url="http://hl7.org/fhir/uv/v2mappings/StructureDefinition/TypeInfo">
          <extension url="assignment">
            <valueString value="&quot;ordered&quot;"/>
          </extension>
        </extension>
        <code value="dosageInstruction.doseAndRate[1].type"/>
        <display value="dosageInstruction.doseAndRate[1].type"/>
        <equivalence value="equivalent"/>
      </target>
    </element>
    <element>
      <extension url="http://hl7.org/fhir/uv/v2mappings/StructureDefinition/TypeInfo">
        <extension url="type">
          <valueCode value="NM"/>
        </extension>
        <extension url="cardinalityMin">
          <valueInteger value="1"/>
        </extension>
        <extension url="cardinalityMax">
          <valueInteger value="1"/>
        </extension>
      </extension>
      <code value="RXO-3"/>
      <display value="Requested Give Amount - Maximum"/>
      <target>
        <extension url="http://hl7.org/fhir/uv/v2mappings/StructureDefinition/TypeInfo">
          <extension url="type">
            <valueCode value="decimal"/>
          </extension>
        </extension>
        <code value="dosageInstruction.doseAndRate[1].doseRange.high.value"/>
        <display value="dosageInstruction.doseAndRate[1].doseRange.high.value"/>
        <equivalence value="equivalent"/>
      </target>
    </element>
    <element>
      <extension url="http://hl7.org/fhir/uv/v2mappings/StructureDefinition/TypeInfo">
        <extension url="type">
          <valueCode value="CWE"/>
        </extension>
        <extension url="cardinalityMin">
          <valueInteger value="1"/>
        </extension>
        <extension url="cardinalityMax">
          <valueInteger value="1"/>
        </extension>
      </extension>
      <code value="RXO-4"/>
      <display value="Requested Give Units"/>
      <target>
        <extension url="http://hl7.org/fhir/uv/v2mappings/StructureDefinition/TypeInfo">
          <extension url="type">
            <valueCode value="code"/>
          </extension>
          <extension url="mappedVia">
            <valueUrl value="unspecified_mapping"/>
          </extension>
        </extension>
        <code value="dosageInstruction.doseAndRate[1].doseRange.low.code"/>
        <display value="dosageInstruction.doseAndRate[1].doseRange.low.code"/>
        <equivalence value="equivalent"/>
        <dependsOn>
          <property value="Computable-ANTLR"/>
          <value value="IF RXO-2 IS VALUED AND (IF RXO-4.1 IS VALUED OR RXO-4.3 IS VALUED)"/>
        </dependsOn>
      </target>
    </element>
    <element>
      <extension url="http://hl7.org/fhir/uv/v2mappings/StructureDefinition/TypeInfo">
        <extension url="type">
          <valueCode value="CWE"/>
        </extension>
        <extension url="cardinalityMin">
          <valueInteger value="1"/>
        </extension>
        <extension url="cardinalityMax">
          <valueInteger value="1"/>
        </extension>
      </extension>
      <code value="RXO-4"/>
      <display value="Requested Give Units"/>
      <target>
        <extension url="http://hl7.org/fhir/uv/v2mappings/StructureDefinition/TypeInfo">
          <extension url="type">
            <valueCode value="string"/>
          </extension>
        </extension>
        <code value="dosageInstruction.doseAndRate[1].doseRange.low.unit"/>
        <display value="dosageInstruction.doseAndRate[1].doseRange.low.unit"/>
        <equivalence value="equivalent"/>
        <dependsOn>
          <property value="Computable-ANTLR"/>
          <value value="IF RXO-2 IS VALUED AND (IF RXO-4.1 IS NOT VALUED AND RXO-4.3 IS NOT VALUED)"/>
        </dependsOn>
      </target>
    </element>
    <element>
      <extension url="http://hl7.org/fhir/uv/v2mappings/StructureDefinition/TypeInfo">
        <extension url="type">
          <valueCode value="CWE"/>
        </extension>
        <extension url="cardinalityMin">
          <valueInteger value="1"/>
        </extension>
        <extension url="cardinalityMax">
          <valueInteger value="1"/>
        </extension>
      </extension>
      <code value="RXO-4"/>
      <display value="Requested Give Units"/>
      <target>
        <extension url="http://hl7.org/fhir/uv/v2mappings/StructureDefinition/TypeInfo">
          <extension url="type">
            <valueCode value="code"/>
          </extension>
        </extension>
        <code value="dosageInstruction.doseAndRate[1].doseRange.high.code"/>
        <display value="dosageInstruction.doseAndRate[1].doseRange.high.code"/>
        <equivalence value="equivalent"/>
        <dependsOn>
          <property value="Computable-ANTLR"/>
          <value value="IF RXO-2 IS VALUED AND (IF RXO-4.1 IS VALUED OR RXO-4.3 IS VALUED)"/>
        </dependsOn>
      </target>
    </element>
    <element>
      <extension url="http://hl7.org/fhir/uv/v2mappings/StructureDefinition/TypeInfo">
        <extension url="type">
          <valueCode value="CWE"/>
        </extension>
        <extension url="cardinalityMin">
          <valueInteger value="1"/>
        </extension>
        <extension url="cardinalityMax">
          <valueInteger value="1"/>
        </extension>
      </extension>
      <code value="RXO-4"/>
      <display value="Requested Give Units"/>
      <target>
        <extension url="http://hl7.org/fhir/uv/v2mappings/StructureDefinition/TypeInfo">
          <extension url="type">
            <valueCode value="string"/>
          </extension>
        </extension>
        <code value="dosageInstruction.doseAndRate[1].doseRange.high.unit"/>
        <display value="dosageInstruction.doseAndRate[1].doseRange.high.unit"/>
        <equivalence value="equivalent"/>
        <dependsOn>
          <property value="Computable-ANTLR"/>
          <value value="IF RXO-2 IS VALUED AND (IF RXO-4.1 IS NOT VALUED AND RXO-4.3 IS NOT VALUED)"/>
        </dependsOn>
      </target>
    </element>
    <element>
      <extension url="http://hl7.org/fhir/uv/v2mappings/StructureDefinition/TypeInfo">
        <extension url="type">
          <valueCode value="CWE"/>
        </extension>
        <extension url="cardinalityMin">
          <valueInteger value="1"/>
        </extension>
        <extension url="cardinalityMax">
          <valueInteger value="1"/>
        </extension>
      </extension>
      <code value="RXO-5"/>
      <display value="Requested Dosage Form"/>
      <target>
        <extension url="http://hl7.org/fhir/uv/v2mappings/StructureDefinition/TypeInfo">
          <extension url="type">
            <valueCode value="CodeableConcept"/>
          </extension>
          <extension url="mappedVia">
            <valueUrl value="unspecified_mapping"/>
          </extension>
        </extension>
        <code value="medication(Medication.doseForm)"/>
        <display value="medication(Medication.doseForm)"/>
        <equivalence value="equivalent"/>
      </target>
    </element>
    <element>
      <extension url="http://hl7.org/fhir/uv/v2mappings/StructureDefinition/TypeInfo">
        <extension url="type">
          <valueCode value="ID"/>
        </extension>
        <extension url="cardinalityMin">
          <valueInteger value="1"/>
        </extension>
        <extension url="cardinalityMax">
          <valueInteger value="1"/>
        </extension>
      </extension>
      <code value="RXO-9"/>
      <display value="Allow Substitutions"/>
      <target>
        <extension url="http://hl7.org/fhir/uv/v2mappings/StructureDefinition/TypeInfo">
          <extension url="type">
            <valueCode value="CodeableConcept"/>
          </extension>
          <extension url="mappedVia">
            <valueUrl value="ConceptMap/table-hl70161-to-v2-0161"/>
          </extension>
        </extension>
        <code value="substitution.allowedCodeableConcept"/>
        <display value="substitution.allowedCodeableConcept"/>
        <equivalence value="equivalent"/>
      </target>
    </element>
    <element>
      <extension url="http://hl7.org/fhir/uv/v2mappings/StructureDefinition/TypeInfo">
        <extension url="type">
          <valueCode value="NM"/>
        </extension>
        <extension url="cardinalityMin">
          <valueInteger value="1"/>
        </extension>
        <extension url="cardinalityMax">
          <valueInteger value="1"/>
        </extension>
      </extension>
      <code value="RXO-11"/>
      <display value="Requested Dispense Amount"/>
      <target>
        <extension url="http://hl7.org/fhir/uv/v2mappings/StructureDefinition/TypeInfo">
          <extension url="type">
            <valueCode value="decimal"/>
          </extension>
        </extension>
        <code value="dispenseRequest.quantity.value"/>
        <display value="dispenseRequest.quantity.value"/>
        <equivalence value="equivalent"/>
      </target>
    </element>
    <element>
      <extension url="http://hl7.org/fhir/uv/v2mappings/StructureDefinition/TypeInfo">
        <extension url="type">
          <valueCode value="CWE"/>
        </extension>
        <extension url="cardinalityMin">
          <valueInteger value="1"/>
        </extension>
        <extension url="cardinalityMax">
          <valueInteger value="1"/>
        </extension>
      </extension>
      <code value="RXO-12"/>
      <display value="Requested Dispense Units"/>
      <target>
        <extension url="http://hl7.org/fhir/uv/v2mappings/StructureDefinition/TypeInfo">
          <extension url="type">
            <valueCode value="code"/>
          </extension>
          <extension url="mappedVia">
            <valueUrl value="unspecified_mapping"/>
          </extension>
        </extension>
        <code value="dispenseRequest.quantity.code"/>
        <display value="dispenseRequest.quantity.code"/>
        <equivalence value="equivalent"/>
        <dependsOn>
          <property value="Computable-ANTLR"/>
          <value value="IF RXO-12.1 IS VALUED OR RXO-12.3 IS VALUED"/>
        </dependsOn>
      </target>
    </element>
    <element>
      <extension url="http://hl7.org/fhir/uv/v2mappings/StructureDefinition/TypeInfo">
        <extension url="type">
          <valueCode value="CWE"/>
        </extension>
        <extension url="cardinalityMin">
          <valueInteger value="1"/>
        </extension>
        <extension url="cardinalityMax">
          <valueInteger value="1"/>
        </extension>
      </extension>
      <code value="RXO-12"/>
      <display value="Requested Dispense Units"/>
      <target>
        <extension url="http://hl7.org/fhir/uv/v2mappings/StructureDefinition/TypeInfo">
          <extension url="type">
            <valueCode value="string"/>
          </extension>
        </extension>
        <code value="dispenseRequest.quantity.unit"/>
        <display value="dispenseRequest.quantity.unit"/>
        <equivalence value="equivalent"/>
        <dependsOn>
          <property value="Computable-ANTLR"/>
          <value value="IF RXO-12.1 IS NOT VALUED AND RXO-12.3 IS NOT VALUED"/>
        </dependsOn>
      </target>
    </element>
    <element>
      <extension url="http://hl7.org/fhir/uv/v2mappings/StructureDefinition/TypeInfo">
        <extension url="type">
          <valueCode value="NM"/>
        </extension>
        <extension url="cardinalityMin">
          <valueInteger value="1"/>
        </extension>
        <extension url="cardinalityMax">
          <valueInteger value="1"/>
        </extension>
      </extension>
      <code value="RXO-13"/>
      <display value="Number Of Refills"/>
      <target>
        <extension url="http://hl7.org/fhir/uv/v2mappings/StructureDefinition/TypeInfo">
          <extension url="type">
            <valueCode value="unsignedInt"/>
          </extension>
        </extension>
        <code value="dispenseRequest.numberOfRepeatsAllowed"/>
        <display value="dispenseRequest.numberOfRepeatsAllowed"/>
        <equivalence value="equivalent"/>
      </target>
    </element>
    <element>
      <extension url="http://hl7.org/fhir/uv/v2mappings/StructureDefinition/TypeInfo">
        <extension url="type">
          <valueCode value="XCN"/>
        </extension>
        <extension url="cardinalityMin">
          <valueInteger value="-1"/>
        </extension>
        <extension url="cardinalityMax">
          <valueInteger value="-1"/>
        </extension>
      </extension>
      <code value="RXO-14"/>
      <display value="Ordering Provider's DEA Number"/>
      <target>
        <extension url="http://hl7.org/fhir/uv/v2mappings/StructureDefinition/TypeInfo">
          <extension url="type">
            <valueCode value="Reference"/>
          </extension>
        </extension>
        <code value="requester(Practitioner)"/>
        <display value="requester(Practitioner)"/>
        <equivalence value="equivalent"/>
      </target>
    </element>
    <element>
      <extension url="http://hl7.org/fhir/uv/v2mappings/StructureDefinition/TypeInfo">
        <extension url="type">
          <valueCode value="NM"/>
        </extension>
        <extension url="cardinalityMin">
          <valueInteger value="1"/>
        </extension>
        <extension url="cardinalityMax">
          <valueInteger value="1"/>
        </extension>
      </extension>
      <code value="RXO-18"/>
      <display value="Requested Give Strength"/>
      <target>
        <code value="medicationReference(Medication.ingredient.strength.numerator.value"/>
        <display value="medicationReference(Medication.ingredient.strength.numerator.value"/>
        <equivalence value="equivalent"/>
      </target>
    </element>
    <element>
      <extension url="http://hl7.org/fhir/uv/v2mappings/StructureDefinition/TypeInfo">
        <extension url="type">
          <valueCode value="CWE"/>
        </extension>
        <extension url="cardinalityMin">
          <valueInteger value="1"/>
        </extension>
        <extension url="cardinalityMax">
          <valueInteger value="1"/>
        </extension>
      </extension>
      <code value="RXO-19"/>
      <display value="Requested Give Strength Units"/>
      <target>
        <extension url="http://hl7.org/fhir/uv/v2mappings/StructureDefinition/TypeInfo">
          <extension url="type">
            <valueCode value="code"/>
          </extension>
          <extension url="mappedVia">
            <valueUrl value="unspecified_mapping"/>
          </extension>
        </extension>
        <code value="medicationReference(Medication.ingredient.strength.numerator.code"/>
        <display value="medicationReference(Medication.ingredient.strength.numerator.code"/>
        <equivalence value="equivalent"/>
        <dependsOn>
          <property value="Computable-ANTLR"/>
          <value value="IF RXO-19.1 IS VALUED OR RXO-19.3 IS VALUED"/>
        </dependsOn>
      </target>
    </element>
    <element>
      <extension url="http://hl7.org/fhir/uv/v2mappings/StructureDefinition/TypeInfo">
        <extension url="type">
          <valueCode value="CWE"/>
        </extension>
        <extension url="cardinalityMin">
          <valueInteger value="1"/>
        </extension>
        <extension url="cardinalityMax">
          <valueInteger value="1"/>
        </extension>
      </extension>
      <code value="RXO-19"/>
      <display value="Requested Give Strength Units"/>
      <target>
        <extension url="http://hl7.org/fhir/uv/v2mappings/StructureDefinition/TypeInfo">
          <extension url="type">
            <valueCode value="string"/>
          </extension>
        </extension>
        <code value="medicationReference(Medication.ingredient.strength.numerator.unit"/>
        <display value="medicationReference(Medication.ingredient.strength.numerator.unit"/>
        <equivalence value="equivalent"/>
        <dependsOn>
          <property value="Computable-ANTLR"/>
          <value value="IF RXO-19.1 IS NOT VALUED AND RXO-19.3 IS NOT VALUED"/>
        </dependsOn>
      </target>
    </element>
    <element>
      <extension url="http://hl7.org/fhir/uv/v2mappings/StructureDefinition/TypeInfo">
        <extension url="type">
          <valueCode value="CQ"/>
        </extension>
        <extension url="cardinalityMin">
          <valueInteger value="1"/>
        </extension>
        <extension url="cardinalityMax">
          <valueInteger value="1"/>
        </extension>
      </extension>
      <code value="RXE-19"/>
      <display value="Total Daily Dose"/>
      <target>
        <extension url="http://hl7.org/fhir/uv/v2mappings/StructureDefinition/TypeInfo">
          <extension url="type">
            <valueCode value="Quantity"/>
          </extension>
          <extension url="cardinalityMin">
            <valueInteger value="0"/>
          </extension>
          <extension url="cardinalityMax">
            <valueInteger value="1"/>
          </extension>
        </extension>
        <code value="dosageInstruction.maxDosePerPeriod.numerator"/>
        <display value="dosageInstruction.maxDosePerPeriod.numerator"/>
        <equivalence value="equivalent"/>
      </target>
    </element>
    <element>
      <extension url="http://hl7.org/fhir/uv/v2mappings/StructureDefinition/TypeInfo">
        <extension url="type">
          <valueCode value="CQ"/>
        </extension>
        <extension url="cardinalityMin">
          <valueInteger value="1"/>
        </extension>
        <extension url="cardinalityMax">
          <valueInteger value="1"/>
        </extension>
      </extension>
      <code value="RXE-19"/>
      <display value="Total Daily Dose"/>
      <target>
        <extension url="http://hl7.org/fhir/uv/v2mappings/StructureDefinition/TypeInfo">
          <extension url="type">
            <valueCode value="Quantity"/>
          </extension>
          <extension url="cardinalityMin">
            <valueInteger value="0"/>
          </extension>
          <extension url="cardinalityMax">
            <valueInteger value="1"/>
          </extension>
          <extension url="assignment">
            <valueString value="&quot;1&quot;"/>
          </extension>
        </extension>
        <code value="dosageInstruction.maxDosePerPeriod.denominator.value"/>
        <display value="dosageInstruction.maxDosePerPeriod.denominator.value"/>
        <equivalence value="equivalent"/>
      </target>
    </element>
    <element>
      <extension url="http://hl7.org/fhir/uv/v2mappings/StructureDefinition/TypeInfo">
        <extension url="type">
          <valueCode value="CQ"/>
        </extension>
        <extension url="cardinalityMin">
          <valueInteger value="1"/>
        </extension>
        <extension url="cardinalityMax">
          <valueInteger value="1"/>
        </extension>
      </extension>
      <code value="RXE-19"/>
      <display value="Total Daily Dose"/>
      <target>
        <extension url="http://hl7.org/fhir/uv/v2mappings/StructureDefinition/TypeInfo">
          <extension url="assignment">
            <valueString value="&quot;d&quot;"/>
          </extension>
        </extension>
        <code value="dosageInstruction.maxDosePerPeriod.denominator.code"/>
        <display value="dosageInstruction.maxDosePerPeriod.denominator.code"/>
        <equivalence value="equivalent"/>
      </target>
    </element>
    <element>
      <extension url="http://hl7.org/fhir/uv/v2mappings/StructureDefinition/TypeInfo">
        <extension url="type">
          <valueCode value="NM"/>
        </extension>
        <extension url="cardinalityMin">
          <valueInteger value="1"/>
        </extension>
        <extension url="cardinalityMax">
          <valueInteger value="1"/>
        </extension>
      </extension>
      <code value="RXO-25"/>
      <display value="Requested Drug Strength Volume"/>
      <target>
        <extension url="http://hl7.org/fhir/uv/v2mappings/StructureDefinition/TypeInfo">
          <extension url="type">
            <valueCode value="decimal"/>
          </extension>
        </extension>
        <code value="medicationReference(Medication.ingredient.strength.denominator.value"/>
        <display value="medicationReference(Medication.ingredient.strength.denominator.value"/>
        <equivalence value="equivalent"/>
      </target>
    </element>
    <element>
      <extension url="http://hl7.org/fhir/uv/v2mappings/StructureDefinition/TypeInfo">
        <extension url="type">
          <valueCode value="CWE"/>
        </extension>
        <extension url="cardinalityMin">
          <valueInteger value="1"/>
        </extension>
        <extension url="cardinalityMax">
          <valueInteger value="1"/>
        </extension>
      </extension>
      <code value="RXO-26"/>
      <display value="Requested Drug Strength Volume Units"/>
      <target>
        <extension url="http://hl7.org/fhir/uv/v2mappings/StructureDefinition/TypeInfo">
          <extension url="type">
            <valueCode value="code"/>
          </extension>
          <extension url="mappedVia">
            <valueUrl value="unspecified_mapping"/>
          </extension>
        </extension>
        <code value="medicationReference(Medication.ingredient.strength.denominator.code"/>
        <display value="medicationReference(Medication.ingredient.strength.denominator.code"/>
        <equivalence value="equivalent"/>
        <dependsOn>
          <property value="Computable-ANTLR"/>
          <value value="IF RXO-26.1 IS VALUED OR RXO-26.3 IS VALUED"/>
        </dependsOn>
      </target>
    </element>
    <element>
      <extension url="http://hl7.org/fhir/uv/v2mappings/StructureDefinition/TypeInfo">
        <extension url="type">
          <valueCode value="CWE"/>
        </extension>
        <extension url="cardinalityMin">
          <valueInteger value="1"/>
        </extension>
        <extension url="cardinalityMax">
          <valueInteger value="1"/>
        </extension>
      </extension>
      <code value="RXO-26"/>
      <display value="Requested Drug Strength Volume Units"/>
      <target>
        <extension url="http://hl7.org/fhir/uv/v2mappings/StructureDefinition/TypeInfo">
          <extension url="type">
            <valueCode value="string"/>
          </extension>
        </extension>
        <code value="medicationReference(Medication.ingredient.strength.denominator.unit"/>
        <display value="medicationReference(Medication.ingredient.strength.denominator.unit"/>
        <equivalence value="equivalent"/>
        <dependsOn>
          <property value="Computable-ANTLR"/>
          <value value="IF RXO-26.1 IS NOT VALUED AND RXO-26.3 IS NOT VALUED"/>
        </dependsOn>
      </target>
    </element>
  </group>
</ConceptMap>