{
  "resourceType" : "ConceptMap",
  "id" : "message-vxu-v04-to-bundle",
  "text" : {
    "status" : "generated",
    "div" : "<div xmlns=\"http://www.w3.org/1999/xhtml\"><p class=\"res-header-id\"><b>Generated Narrative: ConceptMap message-vxu-v04-to-bundle</b></p><a name=\"message-vxu-v04-to-bundle\"> </a><a name=\"hcmessage-vxu-v04-to-bundle\"> </a><p>Mapping from (not specified) to (not specified)</p><br/><p><b>Group 1 </b>Mapping from <code>unspecified code system</code> to <code>unspecified code system</code></p><table class=\"grid\"><tr><td colspan=\"5\"><b>Source Concept Details</b></td><td><b>Relationship</b></td><td colspan=\"2\"><b>Target Concept Details</b></td><td><b>Comment</b></td></tr><tr><td colspan=\"2\"><b>Codes</b> from </td><td><b>NarrativeCondition</b></td><td><b>ComputableFHIRPath</b></td><td><b>ComputableANTLR</b></td><td/><td colspan=\"2\"><b>Codes</b> from </td><td/></tr><tr><td style=\"border-right-width: 0px\">VXU_V04.MSH</td><td style=\"border-left-width: 0px\">Message Header</td><td/><td/><td/><td><a href=\"http://hl7.org/fhir/R5/codesystem-concept-map-relationship.html#equivalent\" title=\"equivalent\">is equivalent to</a></td><td style=\"border-right-width: 0px\">Bundle</td><td style=\"border-left-width: 0px\">Bundle</td><td/></tr><tr><td style=\"border-right-width: 0px\">VXU_V04.MSH</td><td style=\"border-left-width: 0px\">Message Header Segment</td><td/><td/><td/><td><a href=\"http://hl7.org/fhir/R5/codesystem-concept-map-relationship.html#equivalent\" title=\"equivalent\">is equivalent to</a></td><td style=\"border-right-width: 0px\">MessageHeader[1]</td><td style=\"border-left-width: 0px\">MessageHeader[1]</td><td>Processing of the MSH segment results in the creation of a new MessageHeader resource</td></tr><tr><td style=\"border-right-width: 0px\">VXU_V04.MSH</td><td style=\"border-left-width: 0px\">Message Header Segment</td><td>If there is a source in MSH-4, or known based on the configuration.</td><td/><td/><td><a href=\"http://hl7.org/fhir/R5/codesystem-concept-map-relationship.html#equivalent\" title=\"equivalent\">is equivalent to</a></td><td style=\"border-right-width: 0px\">Provenance[1]</td><td style=\"border-left-width: 0px\">Provenance[1]</td><td>If the FHIR transformation does not yield a FHIR message, but only a set of resource (APIs, repository, etc.) than one should consider attaching this Provenance resource instance to the relevant FHIR resources generated.</td></tr><tr><td style=\"border-right-width: 0px\">VXU_V04.MSH</td><td style=\"border-left-width: 0px\">Message Header Segment</td><td/><td/><td/><td><a href=\"http://hl7.org/fhir/R5/codesystem-concept-map-relationship.html#equivalent\" title=\"equivalent\">is equivalent to</a></td><td style=\"border-right-width: 0px\">Provenance[2]</td><td style=\"border-left-width: 0px\">Provenance[2]</td><td>If the FHIR transformation does not yield a FHIR Bunlde, but only a set of resource (APIs, repository, etc.) than one should consider attaching this Provenance resource instance to the relevant FHIR resources generated.</td></tr><tr><td style=\"border-right-width: 0px\">VXU_V04.SFT</td><td style=\"border-left-width: 0px\">Software</td><td>If the software does represent not the original source system</td><td/><td/><td><a href=\"http://hl7.org/fhir/R5/codesystem-concept-map-relationship.html#equivalent\" title=\"equivalent\">is equivalent to</a></td><td style=\"border-right-width: 0px\">Provenance[1].entity.what(Device)</td><td style=\"border-left-width: 0px\">Provenance[1].entity.what(Device)</td><td/></tr><tr><td style=\"border-right-width: 0px\">VXU_V04.SFT</td><td style=\"border-left-width: 0px\">Software</td><td>If the software represents the original source system</td><td/><td/><td><a href=\"http://hl7.org/fhir/R5/codesystem-concept-map-relationship.html#equivalent\" title=\"equivalent\">is equivalent to</a></td><td style=\"border-right-width: 0px\">Provenance[1].entity.what(Device)</td><td style=\"border-left-width: 0px\">Provenance[1].entity.what(Device)</td><td/></tr><tr><td style=\"border-right-width: 0px\">VXU_V04.PID</td><td style=\"border-left-width: 0px\">Patient Identification Segment</td><td/><td/><td/><td><a href=\"http://hl7.org/fhir/R5/codesystem-concept-map-relationship.html#equivalent\" title=\"equivalent\">is equivalent to</a></td><td style=\"border-right-width: 0px\">Patient[1]</td><td style=\"border-left-width: 0px\">Patient[1]</td><td>Processing of the PID segment results in the creation of a new Patient resource</td></tr><tr><td style=\"border-right-width: 0px\">VXU_V04.PID</td><td style=\"border-left-width: 0px\">Patient Identification Segment</td><td>One  may drop PID-33 from the condition if PID-34 Last Update Facility is still sufficient without a date.</td><td/><td>IF PID-33 AND PID-34 VALUED</td><td><a href=\"http://hl7.org/fhir/R5/codesystem-concept-map-relationship.html#equivalent\" title=\"equivalent\">is equivalent to</a></td><td style=\"border-right-width: 0px\">Provenance[4]</td><td style=\"border-left-width: 0px\">Provenance[4]</td><td/></tr><tr><td style=\"border-right-width: 0px\">VXU_V04.PD1</td><td style=\"border-left-width: 0px\">Additional Demographics</td><td/><td/><td/><td><a href=\"http://hl7.org/fhir/R5/codesystem-concept-map-relationship.html#equivalent\" title=\"equivalent\">is equivalent to</a></td><td style=\"border-right-width: 0px\">Patient[1]</td><td style=\"border-left-width: 0px\">Patient[1]</td><td>Incorporate PD1 content into the Patient created from the PID segment.</td></tr><tr><td style=\"border-right-width: 0px\">VXU_V04.PD1</td><td style=\"border-left-width: 0px\">Additional Demographics</td><td/><td/><td>IF PD1-7 VALUED</td><td><a href=\"http://hl7.org/fhir/R5/codesystem-concept-map-relationship.html#equivalent\" title=\"equivalent\">is equivalent to</a></td><td style=\"border-right-width: 0px\">Observation[3]</td><td style=\"border-left-width: 0px\">Observation[3]</td><td/></tr><tr><td style=\"border-right-width: 0px\">VXU_V04.NK1</td><td style=\"border-left-width: 0px\">Next of Kin/Associated Parties</td><td/><td/><td/><td><a href=\"http://hl7.org/fhir/R5/codesystem-concept-map-relationship.html#equivalent\" title=\"equivalent\">is equivalent to</a></td><td style=\"border-right-width: 0px\">RelatedPerson[1]</td><td style=\"border-left-width: 0px\">RelatedPerson[1]</td><td>Typically, each NK1 will be translated to either a new RelatedPerson resource or added as a new occurrence of Patient.contact, but it's possible to insert the NK1 data into both structures.</td></tr><tr><td style=\"border-right-width: 0px\">VXU_V04.NK1</td><td style=\"border-left-width: 0px\">Next of Kin/Associated Parties</td><td/><td/><td/><td><a href=\"http://hl7.org/fhir/R5/codesystem-concept-map-relationship.html#equivalent\" title=\"equivalent\">is equivalent to</a></td><td style=\"border-right-width: 0px\">Patient[1]</td><td style=\"border-left-width: 0px\">Patient[1]</td><td/></tr><tr><td style=\"border-right-width: 0px\">VXU_V04.PATIENT_VISIT.PV1</td><td style=\"border-left-width: 0px\">Patient Visit</td><td>Only if the system wants to know about the encounter related to the immunization event</td><td/><td/><td><a href=\"http://hl7.org/fhir/R5/codesystem-concept-map-relationship.html#equivalent\" title=\"equivalent\">is equivalent to</a></td><td style=\"border-right-width: 0px\">Encounter[1]</td><td style=\"border-left-width: 0px\">Encounter[1]</td><td>Processing of the PV1 segment results in the creation of a new Encounter resource</td></tr><tr><td style=\"border-right-width: 0px\">VXU_V04.PATIENT_VISIT.PV1</td><td style=\"border-left-width: 0px\">Patient Visit</td><td/><td/><td>IF PV1-43 VALUED</td><td><a href=\"http://hl7.org/fhir/R5/codesystem-concept-map-relationship.html#equivalent\" title=\"equivalent\">is equivalent to</a></td><td style=\"border-right-width: 0px\">Basic</td><td style=\"border-left-width: 0px\">Basic</td><td/></tr><tr><td style=\"border-right-width: 0px\">VXU_V04.PATIENT_VISIT.PV1</td><td style=\"border-left-width: 0px\">Patient Visit</td><td/><td/><td/><td><a href=\"http://hl7.org/fhir/R5/codesystem-concept-map-relationship.html#equivalent\" title=\"equivalent\">is equivalent to</a></td><td style=\"border-right-width: 0px\">Patient[1]</td><td style=\"border-left-width: 0px\">Patient[1]</td><td/></tr><tr><td style=\"border-right-width: 0px\">VXU_V04.PATIENT_VISIT.PV1</td><td style=\"border-left-width: 0px\">Patient Visit</td><td/><td/><td>IF PV1-20 VALUE</td><td><a href=\"http://hl7.org/fhir/R5/codesystem-concept-map-relationship.html#equivalent\" title=\"equivalent\">is equivalent to</a></td><td style=\"border-right-width: 0px\">Coverage[1]</td><td style=\"border-left-width: 0px\">Coverage[1]</td><td/></tr><tr><td style=\"border-right-width: 0px\">VXU_V04.PATIENT_VISIT.PV2</td><td style=\"border-left-width: 0px\">Patient Visit – Additional Info</td><td/><td/><td/><td><a href=\"http://hl7.org/fhir/R5/codesystem-concept-map-relationship.html#equivalent\" title=\"equivalent\">is equivalent to</a></td><td style=\"border-right-width: 0px\">Encounter[1]</td><td style=\"border-left-width: 0px\">Encounter[1]</td><td>Incorporate PV2 content into the Encounter created from the PV1 segment.</td></tr><tr><td style=\"border-right-width: 0px\">VXU_V04.PERSON_OBSERVATION.OBX</td><td style=\"border-left-width: 0px\">Observation/Result</td><td/><td/><td>IF OBX-5 LST.count LESS THAN OR EQUALS 1 OR OBX-2 IS &quot;NA&quot;</td><td><a href=\"http://hl7.org/fhir/R5/codesystem-concept-map-relationship.html#equivalent\" title=\"equivalent\">is equivalent to</a></td><td style=\"border-right-width: 0px\">Observation[1]</td><td style=\"border-left-width: 0px\">Observation[1]</td><td/></tr><tr><td style=\"border-right-width: 0px\">VXU_V04.PERSON_OBSERVATION.OBX</td><td style=\"border-left-width: 0px\">Observation/Result</td><td/><td/><td>IF  OBX-5 LST.count GREATER THAN 1 AND OBX-2 IS NOT &quot;NA&quot;</td><td><a href=\"http://hl7.org/fhir/R5/codesystem-concept-map-relationship.html#equivalent\" title=\"equivalent\">is equivalent to</a></td><td style=\"border-right-width: 0px\">Observation[1]</td><td style=\"border-left-width: 0px\">Observation[1]</td><td>Note that when OBX-5 repeats, the standard mapping is to use Observation.component (see OBX[Observation-Component] map) rather than creating separate Observation instances.  However, we are aware that some profiles and implementation guides do separate the OBX into multiple observations depending on the OBX-2 value.  This is an example of a non-standard interpretation as the OBX should have been separated into multiple OBX segments to start.  Please consider the local profiles and implementation guides on how to manage these variants.</td></tr><tr><td style=\"border-right-width: 0px\">VXU_V04.PERSON_OBSERVATION.PRT</td><td style=\"border-left-width: 0px\">Participation (for Observation)</td><td/><td/><td>IF PRT-10 VALUED</td><td><a href=\"http://hl7.org/fhir/R5/codesystem-concept-map-relationship.html#equivalent\" title=\"equivalent\">is equivalent to</a></td><td style=\"border-right-width: 0px\">Device[1]</td><td style=\"border-left-width: 0px\">Device[1]</td><td/></tr><tr><td style=\"border-right-width: 0px\">VXU_V04.PERSON_OBSERVATION.PRT</td><td style=\"border-left-width: 0px\">Participation (for Observation)</td><td/><td/><td>IF PRT-9 VALUED OR IF PRT-14 VALUED</td><td><a href=\"http://hl7.org/fhir/R5/codesystem-concept-map-relationship.html#equivalent\" title=\"equivalent\">is equivalent to</a></td><td style=\"border-right-width: 0px\">Observation[1]</td><td style=\"border-left-width: 0px\">Observation[1]</td><td>At this time we don't know of a use case for sending a location PRT to a patient level observations. We've provided a mapping from PRT to Location but not way to link it to other resources in the Bundle. If there is a known use case, please comment on it so that we can develop a solution.</td></tr><tr><td style=\"border-right-width: 0px\">VXU_V04.PERSON_OBSERVATION.PRT</td><td style=\"border-left-width: 0px\">Participation (for Observation)</td><td/><td/><td>IF PRT-5 VALUED</td><td><a href=\"http://hl7.org/fhir/R5/codesystem-concept-map-relationship.html#equivalent\" title=\"equivalent\">is equivalent to</a></td><td style=\"border-right-width: 0px\">PractitionerRole[1]</td><td style=\"border-left-width: 0px\">PractitionerRole[1]</td><td/></tr><tr><td style=\"border-right-width: 0px\">VXU_V04.PERSON_OBSERVATION.NTE</td><td style=\"border-left-width: 0px\">Notes (Regarding Patient Observation)</td><td/><td/><td/><td><a href=\"http://hl7.org/fhir/R5/codesystem-concept-map-relationship.html#equivalent\" title=\"equivalent\">is equivalent to</a></td><td style=\"border-right-width: 0px\">Observation[1].note</td><td style=\"border-left-width: 0px\">Observation[1].note</td><td/></tr><tr><td style=\"border-right-width: 0px\">VXU_V04.ORDER.ORC</td><td style=\"border-left-width: 0px\">Common Order</td><td/><td/><td/><td><a href=\"http://hl7.org/fhir/R5/codesystem-concept-map-relationship.html#equivalent\" title=\"equivalent\">is equivalent to</a></td><td style=\"border-right-width: 0px\">Immunization[1]</td><td style=\"border-left-width: 0px\">Immunization[1]</td><td>Processing of each ORC segment results in the creation of a new Immunization resource</td></tr><tr><td style=\"border-right-width: 0px\">VXU_V04.ORDER.ORC</td><td style=\"border-left-width: 0px\">Common Order</td><td>Only if the system wants to know about the order that lead to the immunization event</td><td/><td/><td><a href=\"http://hl7.org/fhir/R5/codesystem-concept-map-relationship.html#equivalent\" title=\"equivalent\">is equivalent to</a></td><td style=\"border-right-width: 0px\">ServiceRequest[1]</td><td style=\"border-left-width: 0px\">ServiceRequest[1]</td><td>Processing of each ORC segment results in the creation of a new ServiceRequest resource if the receiving system wants to know about the order that lead to the immunization event</td></tr><tr><td style=\"border-right-width: 0px\">VXU_V04.ORDER.PRT</td><td style=\"border-left-width: 0px\">Participation (for ORC)</td><td/><td>(element(&quot;4.1&quot;)=&quot;OP&quot;)and(element(&quot;4.3&quot;)=&quot;HL70443&quot;)</td><td>IF PRT-4.1 EQUALS &quot;OP&quot; AND PRT-4.3 EQUALS &quot;HL70443&quot;</td><td><a href=\"http://hl7.org/fhir/R5/codesystem-concept-map-relationship.html#equivalent\" title=\"equivalent\">is equivalent to</a></td><td style=\"border-right-width: 0px\">PractitionerRole[2]</td><td style=\"border-left-width: 0px\">PractitionerRole[2]</td><td>Processing of each PRT segment typically results in the creation of a new Practitioner or PractitionerRole resource. \n\nThe decision between creating a Practitioner or PractitionerRole resource may depend on the availability of data related to the practitioner's role elsewhere in the message.\n\nIt may be possible to reuse a Practitioner resource in the bundle created from somewhere else in the bundle rather than creating a new resource for each PRT segment (eg, the same administering practictioner resource could be pointed to from multiple order segment groups) - if an implementer decides to do this, the system must be certain that it's the same person (same name, ID, etc) potentially even playing the same role (if the bundle uses PractitionerRole in addition to Practitioner).\\</td></tr><tr><td style=\"border-right-width: 0px\">VXU_V04.ORDER.PRT</td><td style=\"border-left-width: 0px\">Participation (for ORC)</td><td/><td>(element(&quot;4.1&quot;)=&quot;OP&quot;)and(element(&quot;4.3&quot;)=&quot;HL70443&quot;)</td><td>IF PRT-4.1 EQUALS &quot;OP&quot; AND PRT-4.3 EQUALS &quot;HL70443&quot;</td><td><a href=\"http://hl7.org/fhir/R5/codesystem-concept-map-relationship.html#equivalent\" title=\"equivalent\">is equivalent to</a></td><td style=\"border-right-width: 0px\">Immunization[1].performer.function.coding.code</td><td style=\"border-left-width: 0px\">= &quot;OP'&quot;</td><td/></tr><tr><td style=\"border-right-width: 0px\">VXU_V04.ORDER.PRT</td><td style=\"border-left-width: 0px\">Participation (for ORC)</td><td/><td>(element(&quot;4.1&quot;)=&quot;OP&quot;)and(element(&quot;4.3&quot;)=&quot;HL70443&quot;)</td><td>IF PRT-4.1 EQUALS &quot;OP&quot; AND PRT-4.3 EQUALS &quot;HL70443&quot;</td><td><a href=\"http://hl7.org/fhir/R5/codesystem-concept-map-relationship.html#equivalent\" title=\"equivalent\">is equivalent to</a></td><td style=\"border-right-width: 0px\">Immunization[1].performer.function.coding.system</td><td style=\"border-left-width: 0px\">= &quot;http://terminology.hl7.org/CodeSystem/v2-0443&quot;</td><td/></tr><tr><td style=\"border-right-width: 0px\">VXU_V04.ORDER.PRT</td><td style=\"border-left-width: 0px\">Participation (for ORC)</td><td/><td>(element(&quot;4.1&quot;)=&quot;AP&quot;)and(element(&quot;4.3&quot;)=&quot;HL70443&quot;)</td><td>IF PRT-4.1 EQUALS &quot;AP&quot; AND PRT-4.3 EQUALS &quot;HL70443&quot;</td><td><a href=\"http://hl7.org/fhir/R5/codesystem-concept-map-relationship.html#equivalent\" title=\"equivalent\">is equivalent to</a></td><td style=\"border-right-width: 0px\">PractitionerRole[3]</td><td style=\"border-left-width: 0px\">PractitionerRole[3]</td><td/></tr><tr><td style=\"border-right-width: 0px\">VXU_V04.ORDER.PRT</td><td style=\"border-left-width: 0px\">Participation (for ORC)</td><td/><td>(element(&quot;4.1&quot;)=&quot;AP&quot;)and(element(&quot;4.3&quot;)=&quot;HL70443&quot;)</td><td>IF PRT-4.1 EQUALS &quot;AP&quot; AND PRT-4.3 EQUALS &quot;HL70443&quot;</td><td><a href=\"http://hl7.org/fhir/R5/codesystem-concept-map-relationship.html#equivalent\" title=\"equivalent\">is equivalent to</a></td><td style=\"border-right-width: 0px\">Immunization[1].performer.function.coding.code</td><td style=\"border-left-width: 0px\">= &quot;AP'&quot;</td><td/></tr><tr><td style=\"border-right-width: 0px\">VXU_V04.ORDER.PRT</td><td style=\"border-left-width: 0px\">Participation (for ORC)</td><td/><td>(element(&quot;4.1&quot;)=&quot;AP&quot;)and(element(&quot;4.3&quot;)=&quot;HL70443&quot;)</td><td>IF PRT-4.1 EQUALS &quot;AP&quot; AND PRT-4.3 EQUALS &quot;HL70443&quot;</td><td><a href=\"http://hl7.org/fhir/R5/codesystem-concept-map-relationship.html#equivalent\" title=\"equivalent\">is equivalent to</a></td><td style=\"border-right-width: 0px\">Immunization[1].performer.function.coding.system</td><td style=\"border-left-width: 0px\">= &quot;http://terminology.hl7.org/CodeSystem/v2-0443&quot;</td><td/></tr><tr><td style=\"border-right-width: 0px\">VXU_V04.ORDER.RXA</td><td style=\"border-left-width: 0px\">Pharmacy Administration Segment</td><td/><td/><td/><td><a href=\"http://hl7.org/fhir/R5/codesystem-concept-map-relationship.html#equivalent\" title=\"equivalent\">is equivalent to</a></td><td style=\"border-right-width: 0px\">Immunization[1]</td><td style=\"border-left-width: 0px\">Immunization[1]</td><td>Incorporate RXA content into the Immunization created from the ORC segment in the same segment group.</td></tr><tr><td style=\"border-right-width: 0px\">VXU_V04.ORDER.RXR</td><td style=\"border-left-width: 0px\">Pharmacy Route</td><td/><td/><td/><td><a href=\"http://hl7.org/fhir/R5/codesystem-concept-map-relationship.html#equivalent\" title=\"equivalent\">is equivalent to</a></td><td style=\"border-right-width: 0px\">Immunization[1]</td><td style=\"border-left-width: 0px\">Immunization[1]</td><td>Incorporate RXR content into the Immunization created from the ORC segment in the same segment group.</td></tr><tr><td style=\"border-right-width: 0px\">VXU_V04.ORDER.OBSERVATION.OBX</td><td style=\"border-left-width: 0px\">Observation/Result</td><td>Some observations about the immunization may map to elements within the Immuniation resource rather than an independent Observation resource. For example, funding source, patient eligibility and educational material are often sent as OBX segments but map to Immunization elements.  Specific guidance on how to map, e.g., the US CDC implementation guide on immunizations, will be provided separately at a future time TBD.</td><td/><td>IF OBX-5 LST.count LESS THAN OR EQUALS 1 AND OBX-2 IS &quot;NA&quot;</td><td><a href=\"http://hl7.org/fhir/R5/codesystem-concept-map-relationship.html#equivalent\" title=\"equivalent\">is equivalent to</a></td><td style=\"border-right-width: 0px\">Observation[2]</td><td style=\"border-left-width: 0px\">Observation[2]</td><td/></tr><tr><td style=\"border-right-width: 0px\">VXU_V04.ORDER.OBSERVATION.OBX</td><td style=\"border-left-width: 0px\">Observation/Result</td><td>Some observations about the immunization may map to elements within the Immuniation resource rather than an independent Observation resource. For example, funding source, patient eligibility and educational material are often sent as OBX segments but map to Immunization elements.  Specific guidance on how to map, e.g., the US CDC implementation guide on immunizations, will be provided separately at a future time TBD.</td><td/><td>IF OBX-5 LST.count GREATER THAN 1 AND OBX-2 IS NOT &quot;NA&quot;</td><td><a href=\"http://hl7.org/fhir/R5/codesystem-concept-map-relationship.html#equivalent\" title=\"equivalent\">is equivalent to</a></td><td style=\"border-right-width: 0px\">Observation[2]</td><td style=\"border-left-width: 0px\">Observation[2]</td><td/></tr><tr><td style=\"border-right-width: 0px\">VXU_V04.ORDER.OBSERVATION.PRT</td><td style=\"border-left-width: 0px\">Participation (for Observation)</td><td/><td/><td>IF PRT-10 VALUED</td><td><a href=\"http://hl7.org/fhir/R5/codesystem-concept-map-relationship.html#equivalent\" title=\"equivalent\">is equivalent to</a></td><td style=\"border-right-width: 0px\">Device[2]</td><td style=\"border-left-width: 0px\">Device[2]</td><td/></tr><tr><td style=\"border-right-width: 0px\">VXU_V04.ORDER.OBSERVATION.PRT</td><td style=\"border-left-width: 0px\">Participation (for Observation)</td><td/><td/><td>IF PRT-9 VALUED OR IF PRT-14 VALUED</td><td><a href=\"http://hl7.org/fhir/R5/codesystem-concept-map-relationship.html#equivalent\" title=\"equivalent\">is equivalent to</a></td><td style=\"border-right-width: 0px\">Observation[2]</td><td style=\"border-left-width: 0px\">Observation[2]</td><td/></tr><tr><td style=\"border-right-width: 0px\">VXU_V04.ORDER.OBSERVATION.PRT</td><td style=\"border-left-width: 0px\">Participation (for Observation)</td><td/><td/><td>IF PRT-5 VALUED</td><td><a href=\"http://hl7.org/fhir/R5/codesystem-concept-map-relationship.html#equivalent\" title=\"equivalent\">is equivalent to</a></td><td style=\"border-right-width: 0px\">PractitionerRole[4]</td><td style=\"border-left-width: 0px\">PractitionerRole[4]</td><td/></tr><tr><td style=\"border-right-width: 0px\">VXU_V04.ORDER.OBSERVATION.NTE</td><td style=\"border-left-width: 0px\">Notes (Regarding Immunization)</td><td/><td/><td/><td><a href=\"http://hl7.org/fhir/R5/codesystem-concept-map-relationship.html#equivalent\" title=\"equivalent\">is equivalent to</a></td><td style=\"border-right-width: 0px\">Observation[2].note</td><td style=\"border-left-width: 0px\">Observation[2].note</td><td/></tr></table></div>"
  },
  "extension" : [{
    "extension" : [{
      "url" : "type",
      "valueCode" : "derived-from"
    },
    {
      "url" : "label",
      "valueString" : "Message VXU:V04 to Bundle.fsh"
    },
    {
      "url" : "url",
      "valueUri" : "https://docs.google.com/spreadsheets/d/1_7maXDpc_qMMRzMm0x6d90-Hj6vvhGyO2kyFX0tpuZs/edit#gid=0"
    }],
    "url" : "http://hl7.org/fhir/uv/v2mappings/StructureDefinition/RelatedArtifact"
  },
  {
    "url" : "http://hl7.org/fhir/StructureDefinition/structuredefinition-wg",
    "valueCode" : "oo"
  },
  {
    "url" : "http://hl7.org/fhir/StructureDefinition/structuredefinition-standards-status",
    "valueCode" : "informative",
    "_valueCode" : {
      "extension" : [{
        "url" : "http://hl7.org/fhir/StructureDefinition/structuredefinition-conformance-derivedFrom",
        "valueCanonical" : "http://hl7.org/fhir/uv/v2mappings/ImplementationGuide/hl7.fhir.uv.v2mappings"
      }]
    }
  }],
  "url" : "http://hl7.org/fhir/uv/v2mappings/ConceptMap/message-vxu-v04-to-bundle",
  "version" : "1.0.0",
  "name" : "MessageVXU_V04ToBundle",
  "title" : "Message VXU_V04 to Bundle Map",
  "status" : "active",
  "experimental" : true,
  "date" : "2025-08-23",
  "publisher" : "HL7 International / Orders and Observations",
  "contact" : [{
    "name" : "HL7 Orders and Observations Workgroup",
    "telecom" : [{
      "system" : "url",
      "value" : "http://www.hl7.org/Special/committees/orders"
    }]
  }],
  "description" : "This ConceptMap represents a mapping from the HL7 V2 Message VXU_V04 to the FHIR Message Bundle.",
  "jurisdiction" : [{
    "coding" : [{
      "system" : "http://unstats.un.org/unsd/methods/m49/m49.htm",
      "code" : "001"
    }]
  }],
  "copyright" : "Copyright (c) 2025, HL7 International, Inc., All Rights Reserved.",
  "group" : [{
    "element" : [{
      "extension" : [{
        "extension" : [{
          "url" : "cardinalityMin",
          "valueInteger" : 1
        },
        {
          "url" : "cardinalityMax",
          "valueInteger" : 1
        }],
        "url" : "http://hl7.org/fhir/uv/v2mappings/StructureDefinition/TypeInfo"
      }],
      "code" : "VXU_V04.MSH",
      "display" : "Message Header",
      "target" : [{
        "code" : "Bundle",
        "display" : "Bundle",
        "equivalence" : "equivalent"
      }]
    },
    {
      "extension" : [{
        "extension" : [{
          "url" : "cardinalityMin",
          "valueInteger" : 1
        },
        {
          "url" : "cardinalityMax",
          "valueInteger" : 1
        }],
        "url" : "http://hl7.org/fhir/uv/v2mappings/StructureDefinition/TypeInfo"
      }],
      "code" : "VXU_V04.MSH",
      "display" : "Message Header Segment",
      "target" : [{
        "code" : "MessageHeader[1]",
        "display" : "MessageHeader[1]",
        "equivalence" : "equivalent",
        "comment" : "Processing of the MSH segment results in the creation of a new MessageHeader resource"
      }]
    },
    {
      "extension" : [{
        "extension" : [{
          "url" : "cardinalityMin",
          "valueInteger" : 1
        },
        {
          "url" : "cardinalityMax",
          "valueInteger" : 1
        }],
        "url" : "http://hl7.org/fhir/uv/v2mappings/StructureDefinition/TypeInfo"
      }],
      "code" : "VXU_V04.MSH",
      "display" : "Message Header Segment",
      "target" : [{
        "code" : "Provenance[1]",
        "display" : "Provenance[1]",
        "equivalence" : "equivalent",
        "comment" : "If the FHIR transformation does not yield a FHIR message, but only a set of resource (APIs, repository, etc.) than one should consider attaching this Provenance resource instance to the relevant FHIR resources generated.",
        "dependsOn" : [{
          "property" : "Narrative-Condition",
          "value" : "If there is a source in MSH-4, or known based on the configuration."
        }]
      }]
    },
    {
      "extension" : [{
        "extension" : [{
          "url" : "cardinalityMin",
          "valueInteger" : 1
        },
        {
          "url" : "cardinalityMax",
          "valueInteger" : 1
        }],
        "url" : "http://hl7.org/fhir/uv/v2mappings/StructureDefinition/TypeInfo"
      }],
      "code" : "VXU_V04.MSH",
      "display" : "Message Header Segment",
      "target" : [{
        "code" : "Provenance[2]",
        "display" : "Provenance[2]",
        "equivalence" : "equivalent",
        "comment" : "If the FHIR transformation does not yield a FHIR Bunlde, but only a set of resource (APIs, repository, etc.) than one should consider attaching this Provenance resource instance to the relevant FHIR resources generated."
      }]
    },
    {
      "extension" : [{
        "extension" : [{
          "url" : "cardinalityMin",
          "valueInteger" : 0
        },
        {
          "url" : "cardinalityMax",
          "valueInteger" : -1
        }],
        "url" : "http://hl7.org/fhir/uv/v2mappings/StructureDefinition/TypeInfo"
      }],
      "code" : "VXU_V04.SFT",
      "display" : "Software",
      "target" : [{
        "code" : "Provenance[1].entity.what(Device)",
        "display" : "Provenance[1].entity.what(Device)",
        "equivalence" : "equivalent",
        "dependsOn" : [{
          "property" : "Narrative-Condition",
          "value" : "If the software does represent not the original source system"
        }]
      }]
    },
    {
      "extension" : [{
        "extension" : [{
          "url" : "cardinalityMin",
          "valueInteger" : 0
        },
        {
          "url" : "cardinalityMax",
          "valueInteger" : -1
        }],
        "url" : "http://hl7.org/fhir/uv/v2mappings/StructureDefinition/TypeInfo"
      }],
      "code" : "VXU_V04.SFT",
      "display" : "Software",
      "target" : [{
        "code" : "Provenance[1].entity.what(Device)",
        "display" : "Provenance[1].entity.what(Device)",
        "equivalence" : "equivalent",
        "dependsOn" : [{
          "property" : "Narrative-Condition",
          "value" : "If the software represents the original source system"
        }]
      }]
    },
    {
      "extension" : [{
        "extension" : [{
          "url" : "cardinalityMin",
          "valueInteger" : 1
        },
        {
          "url" : "cardinalityMax",
          "valueInteger" : 1
        }],
        "url" : "http://hl7.org/fhir/uv/v2mappings/StructureDefinition/TypeInfo"
      }],
      "code" : "VXU_V04.PID",
      "display" : "Patient Identification Segment",
      "target" : [{
        "code" : "Patient[1]",
        "display" : "Patient[1]",
        "equivalence" : "equivalent",
        "comment" : "Processing of the PID segment results in the creation of a new Patient resource"
      }]
    },
    {
      "extension" : [{
        "extension" : [{
          "url" : "cardinalityMin",
          "valueInteger" : 1
        },
        {
          "url" : "cardinalityMax",
          "valueInteger" : 1
        }],
        "url" : "http://hl7.org/fhir/uv/v2mappings/StructureDefinition/TypeInfo"
      }],
      "code" : "VXU_V04.PID",
      "display" : "Patient Identification Segment",
      "target" : [{
        "code" : "Provenance[4]",
        "display" : "Provenance[4]",
        "equivalence" : "equivalent",
        "dependsOn" : [{
          "property" : "Computable-ANTLR",
          "value" : "IF PID-33 AND PID-34 VALUED"
        },
        {
          "property" : "Narrative-Condition",
          "value" : "One  may drop PID-33 from the condition if PID-34 Last Update Facility is still sufficient without a date."
        }]
      }]
    },
    {
      "extension" : [{
        "extension" : [{
          "url" : "cardinalityMin",
          "valueInteger" : 0
        },
        {
          "url" : "cardinalityMax",
          "valueInteger" : 1
        }],
        "url" : "http://hl7.org/fhir/uv/v2mappings/StructureDefinition/TypeInfo"
      }],
      "code" : "VXU_V04.PD1",
      "display" : "Additional Demographics",
      "target" : [{
        "code" : "Patient[1]",
        "display" : "Patient[1]",
        "equivalence" : "equivalent",
        "comment" : "Incorporate PD1 content into the Patient created from the PID segment."
      }]
    },
    {
      "extension" : [{
        "extension" : [{
          "url" : "cardinalityMin",
          "valueInteger" : 0
        },
        {
          "url" : "cardinalityMax",
          "valueInteger" : 1
        }],
        "url" : "http://hl7.org/fhir/uv/v2mappings/StructureDefinition/TypeInfo"
      }],
      "code" : "VXU_V04.PD1",
      "display" : "Additional Demographics",
      "target" : [{
        "code" : "Observation[3]",
        "display" : "Observation[3]",
        "equivalence" : "equivalent",
        "dependsOn" : [{
          "property" : "Computable-ANTLR",
          "value" : "IF PD1-7 VALUED"
        }]
      }]
    },
    {
      "extension" : [{
        "extension" : [{
          "url" : "cardinalityMin",
          "valueInteger" : 0
        },
        {
          "url" : "cardinalityMax",
          "valueInteger" : -1
        }],
        "url" : "http://hl7.org/fhir/uv/v2mappings/StructureDefinition/TypeInfo"
      }],
      "code" : "VXU_V04.NK1",
      "display" : "Next of Kin/Associated Parties",
      "target" : [{
        "code" : "RelatedPerson[1]",
        "display" : "RelatedPerson[1]",
        "equivalence" : "equivalent",
        "comment" : "Typically, each NK1 will be translated to either a new RelatedPerson resource or added as a new occurrence of Patient.contact, but it's possible to insert the NK1 data into both structures."
      }]
    },
    {
      "extension" : [{
        "extension" : [{
          "url" : "cardinalityMin",
          "valueInteger" : 0
        },
        {
          "url" : "cardinalityMax",
          "valueInteger" : -1
        }],
        "url" : "http://hl7.org/fhir/uv/v2mappings/StructureDefinition/TypeInfo"
      }],
      "code" : "VXU_V04.NK1",
      "display" : "Next of Kin/Associated Parties",
      "target" : [{
        "code" : "Patient[1]",
        "display" : "Patient[1]",
        "equivalence" : "equivalent"
      }]
    },
    {
      "extension" : [{
        "extension" : [{
          "url" : "cardinalityMin",
          "valueInteger" : 1
        },
        {
          "url" : "cardinalityMax",
          "valueInteger" : 1
        }],
        "url" : "http://hl7.org/fhir/uv/v2mappings/StructureDefinition/TypeInfo"
      }],
      "code" : "VXU_V04.PATIENT_VISIT.PV1",
      "display" : "Patient Visit",
      "target" : [{
        "code" : "Encounter[1]",
        "display" : "Encounter[1]",
        "equivalence" : "equivalent",
        "comment" : "Processing of the PV1 segment results in the creation of a new Encounter resource",
        "dependsOn" : [{
          "property" : "Narrative-Condition",
          "value" : "Only if the system wants to know about the encounter related to the immunization event"
        }]
      }]
    },
    {
      "extension" : [{
        "extension" : [{
          "url" : "cardinalityMin",
          "valueInteger" : 1
        },
        {
          "url" : "cardinalityMax",
          "valueInteger" : 1
        }],
        "url" : "http://hl7.org/fhir/uv/v2mappings/StructureDefinition/TypeInfo"
      }],
      "code" : "VXU_V04.PATIENT_VISIT.PV1",
      "display" : "Patient Visit",
      "target" : [{
        "code" : "Basic",
        "display" : "Basic",
        "equivalence" : "equivalent",
        "dependsOn" : [{
          "property" : "Computable-ANTLR",
          "value" : "IF PV1-43 VALUED"
        }]
      }]
    },
    {
      "extension" : [{
        "extension" : [{
          "url" : "cardinalityMin",
          "valueInteger" : 1
        },
        {
          "url" : "cardinalityMax",
          "valueInteger" : 1
        }],
        "url" : "http://hl7.org/fhir/uv/v2mappings/StructureDefinition/TypeInfo"
      }],
      "code" : "VXU_V04.PATIENT_VISIT.PV1",
      "display" : "Patient Visit",
      "target" : [{
        "code" : "Patient[1]",
        "display" : "Patient[1]",
        "equivalence" : "equivalent"
      }]
    },
    {
      "extension" : [{
        "extension" : [{
          "url" : "cardinalityMin",
          "valueInteger" : 1
        },
        {
          "url" : "cardinalityMax",
          "valueInteger" : 1
        }],
        "url" : "http://hl7.org/fhir/uv/v2mappings/StructureDefinition/TypeInfo"
      }],
      "code" : "VXU_V04.PATIENT_VISIT.PV1",
      "display" : "Patient Visit",
      "target" : [{
        "code" : "Coverage[1]",
        "display" : "Coverage[1]",
        "equivalence" : "equivalent",
        "dependsOn" : [{
          "property" : "Computable-ANTLR",
          "value" : "IF PV1-20 VALUE"
        }]
      }]
    },
    {
      "extension" : [{
        "extension" : [{
          "url" : "cardinalityMin",
          "valueInteger" : 0
        },
        {
          "url" : "cardinalityMax",
          "valueInteger" : 1
        }],
        "url" : "http://hl7.org/fhir/uv/v2mappings/StructureDefinition/TypeInfo"
      }],
      "code" : "VXU_V04.PATIENT_VISIT.PV2",
      "display" : "Patient Visit – Additional Info",
      "target" : [{
        "code" : "Encounter[1]",
        "display" : "Encounter[1]",
        "equivalence" : "equivalent",
        "comment" : "Incorporate PV2 content into the Encounter created from the PV1 segment."
      }]
    },
    {
      "extension" : [{
        "extension" : [{
          "url" : "cardinalityMin",
          "valueInteger" : 1
        },
        {
          "url" : "cardinalityMax",
          "valueInteger" : 1
        }],
        "url" : "http://hl7.org/fhir/uv/v2mappings/StructureDefinition/TypeInfo"
      }],
      "code" : "VXU_V04.PERSON_OBSERVATION.OBX",
      "display" : "Observation/Result",
      "target" : [{
        "code" : "Observation[1]",
        "display" : "Observation[1]",
        "equivalence" : "equivalent",
        "dependsOn" : [{
          "property" : "Computable-ANTLR",
          "value" : "IF OBX-5 LST.count LESS THAN OR EQUALS 1 OR OBX-2 IS \"NA\""
        }]
      }]
    },
    {
      "extension" : [{
        "extension" : [{
          "url" : "cardinalityMin",
          "valueInteger" : 1
        },
        {
          "url" : "cardinalityMax",
          "valueInteger" : 1
        }],
        "url" : "http://hl7.org/fhir/uv/v2mappings/StructureDefinition/TypeInfo"
      }],
      "code" : "VXU_V04.PERSON_OBSERVATION.OBX",
      "display" : "Observation/Result",
      "target" : [{
        "code" : "Observation[1]",
        "display" : "Observation[1]",
        "equivalence" : "equivalent",
        "comment" : "Note that when OBX-5 repeats, the standard mapping is to use Observation.component (see OBX[Observation-Component] map) rather than creating separate Observation instances.  However, we are aware that some profiles and implementation guides do separate the OBX into multiple observations depending on the OBX-2 value.  This is an example of a non-standard interpretation as the OBX should have been separated into multiple OBX segments to start.  Please consider the local profiles and implementation guides on how to manage these variants.",
        "dependsOn" : [{
          "property" : "Computable-ANTLR",
          "value" : "IF  OBX-5 LST.count GREATER THAN 1 AND OBX-2 IS NOT \"NA\""
        }]
      }]
    },
    {
      "extension" : [{
        "extension" : [{
          "url" : "cardinalityMin",
          "valueInteger" : 0
        },
        {
          "url" : "cardinalityMax",
          "valueInteger" : -1
        }],
        "url" : "http://hl7.org/fhir/uv/v2mappings/StructureDefinition/TypeInfo"
      }],
      "code" : "VXU_V04.PERSON_OBSERVATION.PRT",
      "display" : "Participation (for Observation)",
      "target" : [{
        "code" : "Device[1]",
        "display" : "Device[1]",
        "equivalence" : "equivalent",
        "dependsOn" : [{
          "property" : "Computable-ANTLR",
          "value" : "IF PRT-10 VALUED"
        }]
      }]
    },
    {
      "extension" : [{
        "extension" : [{
          "url" : "cardinalityMin",
          "valueInteger" : 0
        },
        {
          "url" : "cardinalityMax",
          "valueInteger" : -1
        }],
        "url" : "http://hl7.org/fhir/uv/v2mappings/StructureDefinition/TypeInfo"
      }],
      "code" : "VXU_V04.PERSON_OBSERVATION.PRT",
      "display" : "Participation (for Observation)",
      "target" : [{
        "code" : "Observation[1]",
        "display" : "Observation[1]",
        "equivalence" : "equivalent",
        "comment" : "At this time we don't know of a use case for sending a location PRT to a patient level observations. We've provided a mapping from PRT to Location but not way to link it to other resources in the Bundle. If there is a known use case, please comment on it so that we can develop a solution.",
        "dependsOn" : [{
          "property" : "Computable-ANTLR",
          "value" : "IF PRT-9 VALUED OR IF PRT-14 VALUED"
        }]
      }]
    },
    {
      "extension" : [{
        "extension" : [{
          "url" : "cardinalityMin",
          "valueInteger" : 0
        },
        {
          "url" : "cardinalityMax",
          "valueInteger" : -1
        }],
        "url" : "http://hl7.org/fhir/uv/v2mappings/StructureDefinition/TypeInfo"
      }],
      "code" : "VXU_V04.PERSON_OBSERVATION.PRT",
      "display" : "Participation (for Observation)",
      "target" : [{
        "code" : "PractitionerRole[1]",
        "display" : "PractitionerRole[1]",
        "equivalence" : "equivalent",
        "dependsOn" : [{
          "property" : "Computable-ANTLR",
          "value" : "IF PRT-5 VALUED"
        }]
      }]
    },
    {
      "extension" : [{
        "extension" : [{
          "url" : "cardinalityMin",
          "valueInteger" : 0
        },
        {
          "url" : "cardinalityMax",
          "valueInteger" : -1
        }],
        "url" : "http://hl7.org/fhir/uv/v2mappings/StructureDefinition/TypeInfo"
      }],
      "code" : "VXU_V04.PERSON_OBSERVATION.NTE",
      "display" : "Notes (Regarding Patient Observation)",
      "target" : [{
        "code" : "Observation[1].note",
        "display" : "Observation[1].note",
        "equivalence" : "equivalent"
      }]
    },
    {
      "extension" : [{
        "extension" : [{
          "url" : "cardinalityMin",
          "valueInteger" : 1
        },
        {
          "url" : "cardinalityMax",
          "valueInteger" : 1
        }],
        "url" : "http://hl7.org/fhir/uv/v2mappings/StructureDefinition/TypeInfo"
      }],
      "code" : "VXU_V04.ORDER.ORC",
      "display" : "Common Order",
      "target" : [{
        "code" : "Immunization[1]",
        "display" : "Immunization[1]",
        "equivalence" : "equivalent",
        "comment" : "Processing of each ORC segment results in the creation of a new Immunization resource"
      }]
    },
    {
      "extension" : [{
        "extension" : [{
          "url" : "cardinalityMin",
          "valueInteger" : 1
        },
        {
          "url" : "cardinalityMax",
          "valueInteger" : 1
        }],
        "url" : "http://hl7.org/fhir/uv/v2mappings/StructureDefinition/TypeInfo"
      }],
      "code" : "VXU_V04.ORDER.ORC",
      "display" : "Common Order",
      "target" : [{
        "code" : "ServiceRequest[1]",
        "display" : "ServiceRequest[1]",
        "equivalence" : "equivalent",
        "comment" : "Processing of each ORC segment results in the creation of a new ServiceRequest resource if the receiving system wants to know about the order that lead to the immunization event",
        "dependsOn" : [{
          "property" : "Narrative-Condition",
          "value" : "Only if the system wants to know about the order that lead to the immunization event"
        }]
      }]
    },
    {
      "extension" : [{
        "extension" : [{
          "url" : "cardinalityMin",
          "valueInteger" : 0
        },
        {
          "url" : "cardinalityMax",
          "valueInteger" : -1
        }],
        "url" : "http://hl7.org/fhir/uv/v2mappings/StructureDefinition/TypeInfo"
      }],
      "code" : "VXU_V04.ORDER.PRT",
      "display" : "Participation (for ORC)",
      "target" : [{
        "code" : "PractitionerRole[2]",
        "display" : "PractitionerRole[2]",
        "equivalence" : "equivalent",
        "comment" : "Processing of each PRT segment typically results in the creation of a new Practitioner or PractitionerRole resource. \n\nThe decision between creating a Practitioner or PractitionerRole resource may depend on the availability of data related to the practitioner's role elsewhere in the message.\n\nIt may be possible to reuse a Practitioner resource in the bundle created from somewhere else in the bundle rather than creating a new resource for each PRT segment (eg, the same administering practictioner resource could be pointed to from multiple order segment groups) - if an implementer decides to do this, the system must be certain that it's the same person (same name, ID, etc) potentially even playing the same role (if the bundle uses PractitionerRole in addition to Practitioner).\\",
        "dependsOn" : [{
          "property" : "Computable-ANTLR",
          "value" : "IF PRT-4.1 EQUALS \"OP\" AND PRT-4.3 EQUALS \"HL70443\""
        },
        {
          "property" : "Computable-FHIRPath",
          "value" : "(element(\"4.1\")=\"OP\")and(element(\"4.3\")=\"HL70443\")"
        }]
      }]
    },
    {
      "extension" : [{
        "extension" : [{
          "url" : "cardinalityMin",
          "valueInteger" : 0
        },
        {
          "url" : "cardinalityMax",
          "valueInteger" : -1
        }],
        "url" : "http://hl7.org/fhir/uv/v2mappings/StructureDefinition/TypeInfo"
      }],
      "code" : "VXU_V04.ORDER.PRT",
      "display" : "Participation (for ORC)",
      "target" : [{
        "code" : "Immunization[1].performer.function.coding.code",
        "display" : "= \"OP'\"",
        "equivalence" : "equivalent",
        "dependsOn" : [{
          "property" : "Computable-ANTLR",
          "value" : "IF PRT-4.1 EQUALS \"OP\" AND PRT-4.3 EQUALS \"HL70443\""
        },
        {
          "property" : "Computable-FHIRPath",
          "value" : "(element(\"4.1\")=\"OP\")and(element(\"4.3\")=\"HL70443\")"
        }]
      }]
    },
    {
      "extension" : [{
        "extension" : [{
          "url" : "cardinalityMin",
          "valueInteger" : 0
        },
        {
          "url" : "cardinalityMax",
          "valueInteger" : -1
        }],
        "url" : "http://hl7.org/fhir/uv/v2mappings/StructureDefinition/TypeInfo"
      }],
      "code" : "VXU_V04.ORDER.PRT",
      "display" : "Participation (for ORC)",
      "target" : [{
        "code" : "Immunization[1].performer.function.coding.system",
        "display" : "= \"http://terminology.hl7.org/CodeSystem/v2-0443\"",
        "equivalence" : "equivalent",
        "dependsOn" : [{
          "property" : "Computable-ANTLR",
          "value" : "IF PRT-4.1 EQUALS \"OP\" AND PRT-4.3 EQUALS \"HL70443\""
        },
        {
          "property" : "Computable-FHIRPath",
          "value" : "(element(\"4.1\")=\"OP\")and(element(\"4.3\")=\"HL70443\")"
        }]
      }]
    },
    {
      "extension" : [{
        "extension" : [{
          "url" : "cardinalityMin",
          "valueInteger" : 0
        },
        {
          "url" : "cardinalityMax",
          "valueInteger" : -1
        }],
        "url" : "http://hl7.org/fhir/uv/v2mappings/StructureDefinition/TypeInfo"
      }],
      "code" : "VXU_V04.ORDER.PRT",
      "display" : "Participation (for ORC)",
      "target" : [{
        "code" : "PractitionerRole[3]",
        "display" : "PractitionerRole[3]",
        "equivalence" : "equivalent",
        "dependsOn" : [{
          "property" : "Computable-ANTLR",
          "value" : "IF PRT-4.1 EQUALS \"AP\" AND PRT-4.3 EQUALS \"HL70443\""
        },
        {
          "property" : "Computable-FHIRPath",
          "value" : "(element(\"4.1\")=\"AP\")and(element(\"4.3\")=\"HL70443\")"
        }]
      }]
    },
    {
      "extension" : [{
        "extension" : [{
          "url" : "cardinalityMin",
          "valueInteger" : 0
        },
        {
          "url" : "cardinalityMax",
          "valueInteger" : -1
        }],
        "url" : "http://hl7.org/fhir/uv/v2mappings/StructureDefinition/TypeInfo"
      }],
      "code" : "VXU_V04.ORDER.PRT",
      "display" : "Participation (for ORC)",
      "target" : [{
        "code" : "Immunization[1].performer.function.coding.code",
        "display" : "= \"AP'\"",
        "equivalence" : "equivalent",
        "dependsOn" : [{
          "property" : "Computable-ANTLR",
          "value" : "IF PRT-4.1 EQUALS \"AP\" AND PRT-4.3 EQUALS \"HL70443\""
        },
        {
          "property" : "Computable-FHIRPath",
          "value" : "(element(\"4.1\")=\"AP\")and(element(\"4.3\")=\"HL70443\")"
        }]
      }]
    },
    {
      "extension" : [{
        "extension" : [{
          "url" : "cardinalityMin",
          "valueInteger" : 0
        },
        {
          "url" : "cardinalityMax",
          "valueInteger" : -1
        }],
        "url" : "http://hl7.org/fhir/uv/v2mappings/StructureDefinition/TypeInfo"
      }],
      "code" : "VXU_V04.ORDER.PRT",
      "display" : "Participation (for ORC)",
      "target" : [{
        "code" : "Immunization[1].performer.function.coding.system",
        "display" : "= \"http://terminology.hl7.org/CodeSystem/v2-0443\"",
        "equivalence" : "equivalent",
        "dependsOn" : [{
          "property" : "Computable-ANTLR",
          "value" : "IF PRT-4.1 EQUALS \"AP\" AND PRT-4.3 EQUALS \"HL70443\""
        },
        {
          "property" : "Computable-FHIRPath",
          "value" : "(element(\"4.1\")=\"AP\")and(element(\"4.3\")=\"HL70443\")"
        }]
      }]
    },
    {
      "extension" : [{
        "extension" : [{
          "url" : "cardinalityMin",
          "valueInteger" : 1
        },
        {
          "url" : "cardinalityMax",
          "valueInteger" : 1
        }],
        "url" : "http://hl7.org/fhir/uv/v2mappings/StructureDefinition/TypeInfo"
      }],
      "code" : "VXU_V04.ORDER.RXA",
      "display" : "Pharmacy Administration Segment",
      "target" : [{
        "code" : "Immunization[1]",
        "display" : "Immunization[1]",
        "equivalence" : "equivalent",
        "comment" : "Incorporate RXA content into the Immunization created from the ORC segment in the same segment group."
      }]
    },
    {
      "extension" : [{
        "extension" : [{
          "url" : "cardinalityMin",
          "valueInteger" : 0
        },
        {
          "url" : "cardinalityMax",
          "valueInteger" : 1
        }],
        "url" : "http://hl7.org/fhir/uv/v2mappings/StructureDefinition/TypeInfo"
      }],
      "code" : "VXU_V04.ORDER.RXR",
      "display" : "Pharmacy Route",
      "target" : [{
        "code" : "Immunization[1]",
        "display" : "Immunization[1]",
        "equivalence" : "equivalent",
        "comment" : "Incorporate RXR content into the Immunization created from the ORC segment in the same segment group."
      }]
    },
    {
      "extension" : [{
        "extension" : [{
          "url" : "cardinalityMin",
          "valueInteger" : 1
        },
        {
          "url" : "cardinalityMax",
          "valueInteger" : 1
        }],
        "url" : "http://hl7.org/fhir/uv/v2mappings/StructureDefinition/TypeInfo"
      }],
      "code" : "VXU_V04.ORDER.OBSERVATION.OBX",
      "display" : "Observation/Result",
      "target" : [{
        "code" : "Observation[2]",
        "display" : "Observation[2]",
        "equivalence" : "equivalent",
        "dependsOn" : [{
          "property" : "Computable-ANTLR",
          "value" : "IF OBX-5 LST.count LESS THAN OR EQUALS 1 AND OBX-2 IS \"NA\""
        },
        {
          "property" : "Narrative-Condition",
          "value" : "Some observations about the immunization may map to elements within the Immuniation resource rather than an independent Observation resource. For example, funding source, patient eligibility and educational material are often sent as OBX segments but map to Immunization elements.  Specific guidance on how to map, e.g., the US CDC implementation guide on immunizations, will be provided separately at a future time TBD."
        }]
      }]
    },
    {
      "extension" : [{
        "extension" : [{
          "url" : "cardinalityMin",
          "valueInteger" : 1
        },
        {
          "url" : "cardinalityMax",
          "valueInteger" : 1
        }],
        "url" : "http://hl7.org/fhir/uv/v2mappings/StructureDefinition/TypeInfo"
      }],
      "code" : "VXU_V04.ORDER.OBSERVATION.OBX",
      "display" : "Observation/Result",
      "target" : [{
        "code" : "Observation[2]",
        "display" : "Observation[2]",
        "equivalence" : "equivalent",
        "dependsOn" : [{
          "property" : "Computable-ANTLR",
          "value" : "IF OBX-5 LST.count GREATER THAN 1 AND OBX-2 IS NOT \"NA\""
        },
        {
          "property" : "Narrative-Condition",
          "value" : "Some observations about the immunization may map to elements within the Immuniation resource rather than an independent Observation resource. For example, funding source, patient eligibility and educational material are often sent as OBX segments but map to Immunization elements.  Specific guidance on how to map, e.g., the US CDC implementation guide on immunizations, will be provided separately at a future time TBD."
        }]
      }]
    },
    {
      "extension" : [{
        "extension" : [{
          "url" : "cardinalityMin",
          "valueInteger" : 0
        },
        {
          "url" : "cardinalityMax",
          "valueInteger" : -1
        }],
        "url" : "http://hl7.org/fhir/uv/v2mappings/StructureDefinition/TypeInfo"
      }],
      "code" : "VXU_V04.ORDER.OBSERVATION.PRT",
      "display" : "Participation (for Observation)",
      "target" : [{
        "code" : "Device[2]",
        "display" : "Device[2]",
        "equivalence" : "equivalent",
        "dependsOn" : [{
          "property" : "Computable-ANTLR",
          "value" : "IF PRT-10 VALUED"
        }]
      }]
    },
    {
      "extension" : [{
        "extension" : [{
          "url" : "cardinalityMin",
          "valueInteger" : 0
        },
        {
          "url" : "cardinalityMax",
          "valueInteger" : -1
        }],
        "url" : "http://hl7.org/fhir/uv/v2mappings/StructureDefinition/TypeInfo"
      }],
      "code" : "VXU_V04.ORDER.OBSERVATION.PRT",
      "display" : "Participation (for Observation)",
      "target" : [{
        "code" : "Observation[2]",
        "display" : "Observation[2]",
        "equivalence" : "equivalent",
        "dependsOn" : [{
          "property" : "Computable-ANTLR",
          "value" : "IF PRT-9 VALUED OR IF PRT-14 VALUED"
        }]
      }]
    },
    {
      "extension" : [{
        "extension" : [{
          "url" : "cardinalityMin",
          "valueInteger" : 0
        },
        {
          "url" : "cardinalityMax",
          "valueInteger" : -1
        }],
        "url" : "http://hl7.org/fhir/uv/v2mappings/StructureDefinition/TypeInfo"
      }],
      "code" : "VXU_V04.ORDER.OBSERVATION.PRT",
      "display" : "Participation (for Observation)",
      "target" : [{
        "code" : "PractitionerRole[4]",
        "display" : "PractitionerRole[4]",
        "equivalence" : "equivalent",
        "dependsOn" : [{
          "property" : "Computable-ANTLR",
          "value" : "IF PRT-5 VALUED"
        }]
      }]
    },
    {
      "extension" : [{
        "extension" : [{
          "url" : "cardinalityMin",
          "valueInteger" : 0
        },
        {
          "url" : "cardinalityMax",
          "valueInteger" : -1
        }],
        "url" : "http://hl7.org/fhir/uv/v2mappings/StructureDefinition/TypeInfo"
      }],
      "code" : "VXU_V04.ORDER.OBSERVATION.NTE",
      "display" : "Notes (Regarding Immunization)",
      "target" : [{
        "code" : "Observation[2].note",
        "display" : "Observation[2].note",
        "equivalence" : "equivalent"
      }]
    }]
  }]
}