<?xml version="1.0" encoding="UTF-8"?>

<ConceptMap xmlns="http://hl7.org/fhir">
  <id value="segment-tq1-to-medicationrequest"/>
  <text>
    <status value="generated"/><div xmlns="http://www.w3.org/1999/xhtml"><p class="res-header-id"><b>Generated Narrative: ConceptMap segment-tq1-to-medicationrequest</b></p><a name="segment-tq1-to-medicationrequest"> </a><a name="hcsegment-tq1-to-medicationrequest"> </a><p>Mapping from (not specified) to (not specified)</p><br/><p><b>Group 1 </b>Mapping from <code>unspecified code system</code> to <code>unspecified code system</code></p><table class="grid"><tr><td colspan="3"><b>Source Concept Details</b></td><td><b>Relationship</b></td><td colspan="2"><b>Target Concept Details</b></td><td><b>Comment</b></td></tr><tr><td colspan="2"><b>Codes</b> from </td><td><b>ComputableANTLR</b></td><td/><td colspan="2"><b>Codes</b> from </td><td/></tr><tr><td style="border-right-width: 0px">TQ1-2</td><td style="border-left-width: 0px">Quantity</td><td/><td><a href="http://hl7.org/fhir/R5/codesystem-concept-map-relationship.html#equivalent" title="equivalent">is equivalent to</a></td><td style="border-right-width: 0px">dosageInstruction.doseAndRate.doseQuantity</td><td style="border-left-width: 0px">dosageInstruction.doseAndRate.doseQuantity</td><td/></tr><tr><td style="border-right-width: 0px">TQ1-3</td><td style="border-left-width: 0px">Repeat Pattern</td><td/><td><a href="http://hl7.org/fhir/R5/codesystem-concept-map-relationship.html#equivalent" title="equivalent">is equivalent to</a></td><td style="border-right-width: 0px">dosageInstruction.timing</td><td style="border-left-width: 0px">dosageInstruction.timing</td><td/></tr><tr><td style="border-right-width: 0px">TQ1-4</td><td style="border-left-width: 0px">Explicit Time</td><td/><td><a href="http://hl7.org/fhir/R5/codesystem-concept-map-relationship.html#equivalent" title="equivalent">is equivalent to</a></td><td style="border-right-width: 0px">dosageInstruction.timing.event</td><td style="border-left-width: 0px">dosageInstruction.timing.event</td><td/></tr><tr><td style="border-right-width: 0px">TQ1-5</td><td style="border-left-width: 0px">Relative Time and Units</td><td>IF TQ1-3.9 IS EMPTY</td><td><a href="http://hl7.org/fhir/R5/codesystem-concept-map-relationship.html#equivalent" title="equivalent">is equivalent to</a></td><td style="border-right-width: 0px">dosageInstruction.timing.repeat.offset</td><td style="border-left-width: 0px">dosageInstruction.timing.repeat.offset</td><td/></tr><tr><td style="border-right-width: 0px">TQ1-6</td><td style="border-left-width: 0px">Service Duration</td><td>IF TQ1-7 AND TQ1-8 NOT VALUED</td><td><a href="http://hl7.org/fhir/R5/codesystem-concept-map-relationship.html#equivalent" title="equivalent">is equivalent to</a></td><td style="border-right-width: 0px">occurrenceTiming.boundsDuration</td><td style="border-left-width: 0px">occurrenceTiming.boundsDuration</td><td>The Duration data type is required to be an expression of time using UCUM units</td></tr><tr><td style="border-right-width: 0px">TQ1-6</td><td style="border-left-width: 0px">Service Duration</td><td>IF TQ1-7 VALUED AND TQ1-8 NOT VALUED</td><td><a href="http://hl7.org/fhir/R5/codesystem-concept-map-relationship.html#equivalent" title="equivalent">is equivalent to</a></td><td style="border-right-width: 0px">occurrenceTiming.boundsPeriod.end</td><td style="border-left-width: 0px">occurrenceTiming.boundsPeriod.end</td><td/></tr><tr><td style="border-right-width: 0px">TQ1-6</td><td style="border-left-width: 0px">Service Duration</td><td>IF TQ1-7 NOT VALUED AND TQ1-8 VALUED</td><td><a href="http://hl7.org/fhir/R5/codesystem-concept-map-relationship.html#equivalent" title="equivalent">is equivalent to</a></td><td style="border-right-width: 0px">occurneceTiming.boundsPeriod.start</td><td style="border-left-width: 0px">occurneceTiming.boundsPeriod.start</td><td/></tr><tr><td style="border-right-width: 0px">TQ1-7</td><td style="border-left-width: 0px">Start date/time</td><td/><td><a href="http://hl7.org/fhir/R5/codesystem-concept-map-relationship.html#equivalent" title="equivalent">is equivalent to</a></td><td style="border-right-width: 0px">dosageInstruction.timing.repeat.boundsPeriod.start</td><td style="border-left-width: 0px">dosageInstruction.timing.repeat.boundsPeriod.start</td><td/></tr><tr><td style="border-right-width: 0px">TQ1-8</td><td style="border-left-width: 0px">End date/time</td><td/><td><a href="http://hl7.org/fhir/R5/codesystem-concept-map-relationship.html#equivalent" title="equivalent">is equivalent to</a></td><td style="border-right-width: 0px">dosageInstruction.timing.repeat.boundsPeriod.end</td><td style="border-left-width: 0px">dosageInstruction.timing.repeat.boundsPeriod.end</td><td/></tr><tr><td style="border-right-width: 0px">TQ1-9</td><td style="border-left-width: 0px">Priority</td><td/><td><a href="http://hl7.org/fhir/R5/codesystem-concept-map-relationship.html#equivalent" title="equivalent">is equivalent to</a></td><td style="border-right-width: 0px">priority</td><td style="border-left-width: 0px">priority</td><td/></tr><tr><td style="border-right-width: 0px">TQ1-10</td><td style="border-left-width: 0px">Condition text</td><td/><td><a href="http://hl7.org/fhir/R5/codesystem-concept-map-relationship.html#equivalent" title="equivalent">is equivalent to</a></td><td style="border-right-width: 0px">dosageInstruction.additionalInstruction.text</td><td style="border-left-width: 0px">dosageInstruction.additionalInstruction.text</td><td/></tr><tr><td style="border-right-width: 0px">TQ1-11</td><td style="border-left-width: 0px">Text instruction</td><td/><td><a href="http://hl7.org/fhir/R5/codesystem-concept-map-relationship.html#equivalent" title="equivalent">is equivalent to</a></td><td style="border-right-width: 0px">text</td><td style="border-left-width: 0px">text</td><td/></tr><tr><td style="border-right-width: 0px">TQ1-13</td><td style="border-left-width: 0px">Occurrence duration</td><td/><td><a href="http://hl7.org/fhir/R5/codesystem-concept-map-relationship.html#equivalent" title="equivalent">is equivalent to</a></td><td style="border-right-width: 0px">dosageInstruction.timing.repeat.duration</td><td style="border-left-width: 0px">dosageInstruction.timing.repeat.duration</td><td/></tr><tr><td style="border-right-width: 0px">TQ1-13</td><td style="border-left-width: 0px">Occurrence duration</td><td/><td><a href="http://hl7.org/fhir/R5/codesystem-concept-map-relationship.html#equivalent" title="equivalent">is equivalent to</a></td><td style="border-right-width: 0px">dosageInstruction.timing.repeat.durationUnit</td><td style="border-left-width: 0px">dosageInstruction.timing.repeat.durationUnit</td><td/></tr><tr><td style="border-right-width: 0px">TQ1-14</td><td style="border-left-width: 0px">Total occurrences</td><td/><td><a href="http://hl7.org/fhir/R5/codesystem-concept-map-relationship.html#equivalent" title="equivalent">is equivalent to</a></td><td style="border-right-width: 0px">dosageInstruction.timing.repeat.countMax</td><td style="border-left-width: 0px">dosageInstruction.timing.repeat.countMax</td><td/></tr></table></div>
  </text>
  <extension url="http://hl7.org/fhir/uv/v2mappings/StructureDefinition/RelatedArtifact">
    <extension url="type">
      <valueCode value="derived-from"/>
    </extension>
    <extension url="label">
      <valueString value="Segment TQ1 to MedicationRequest.fsh"/>
    </extension>
    <extension url="url">
      <valueUri value="https://docs.google.com/spreadsheets/d/1_6CCUdxwoUh_5SNqWkYCgRiNGB8sxvpRwVO9V072Tas/edit#gid=0"/>
    </extension>
  </extension>
  <extension url="http://hl7.org/fhir/StructureDefinition/structuredefinition-wg">
    <valueCode value="oo"/>
  </extension>
  <extension url="http://hl7.org/fhir/StructureDefinition/structuredefinition-standards-status">
    <valueCode value="informative">
      <extension url="http://hl7.org/fhir/StructureDefinition/structuredefinition-conformance-derivedFrom">
        <valueCanonical value="http://hl7.org/fhir/uv/v2mappings/ImplementationGuide/hl7.fhir.uv.v2mappings"/>
      </extension>
    </valueCode>
  </extension>
  <url value="http://hl7.org/fhir/uv/v2mappings/ConceptMap/segment-tq1-to-medicationrequest"/>
  <version value="1.0.0"/>
  <name value="SegmentTQ1ToMedicationRequest"/>
  <title value="Segment TQ1 to MedicationRequest Map"/>
  <status value="active"/>
  <experimental value="true"/>
  <date value="2025-08-23"/>
  <publisher value="HL7 International / Orders and Observations"/>
  <contact>
    <name value="HL7 Orders and Observations Workgroup"/>
    <telecom>
      <system value="url"/>
      <value value="http://www.hl7.org/Special/committees/orders"/>
    </telecom>
  </contact>
  <description value="This ConceptMap represents a mapping from the HL7 V2 Segment TQ1 to the FHIR MedicationRequest Resource."/>
  <jurisdiction>
    <coding>
      <system value="http://unstats.un.org/unsd/methods/m49/m49.htm"/>
      <code value="001"/>
    </coding>
  </jurisdiction>
  <copyright value="Copyright (c) 2025, HL7 International, Inc., All Rights Reserved."/>
  <group>
    <element>
      <extension url="http://hl7.org/fhir/uv/v2mappings/StructureDefinition/TypeInfo">
        <extension url="type">
          <valueCode value="CQ"/>
        </extension>
        <extension url="cardinalityMin">
          <valueInteger value="1"/>
        </extension>
        <extension url="cardinalityMax">
          <valueInteger value="1"/>
        </extension>
      </extension>
      <code value="TQ1-2"/>
      <display value="Quantity"/>
      <target>
        <extension url="http://hl7.org/fhir/uv/v2mappings/StructureDefinition/TypeInfo">
          <extension url="type">
            <valueCode value="simpleQuantity"/>
          </extension>
          <extension url="cardinalityMin">
            <valueInteger value="0"/>
          </extension>
          <extension url="cardinalityMax">
            <valueInteger value="1"/>
          </extension>
        </extension>
        <code value="dosageInstruction.doseAndRate.doseQuantity"/>
        <display value="dosageInstruction.doseAndRate.doseQuantity"/>
        <equivalence value="equivalent"/>
      </target>
    </element>
    <element>
      <extension url="http://hl7.org/fhir/uv/v2mappings/StructureDefinition/TypeInfo">
        <extension url="type">
          <valueCode value="RPT"/>
        </extension>
        <extension url="cardinalityMin">
          <valueInteger value="-1"/>
        </extension>
        <extension url="cardinalityMax">
          <valueInteger value="-1"/>
        </extension>
      </extension>
      <code value="TQ1-3"/>
      <display value="Repeat Pattern"/>
      <target>
        <extension url="http://hl7.org/fhir/uv/v2mappings/StructureDefinition/TypeInfo">
          <extension url="type">
            <valueCode value="CodeableConcept"/>
          </extension>
          <extension url="cardinalityMin">
            <valueInteger value="0"/>
          </extension>
          <extension url="cardinalityMax">
            <valueInteger value="1"/>
          </extension>
        </extension>
        <code value="dosageInstruction.timing"/>
        <display value="dosageInstruction.timing"/>
        <equivalence value="equivalent"/>
      </target>
    </element>
    <element>
      <extension url="http://hl7.org/fhir/uv/v2mappings/StructureDefinition/TypeInfo">
        <extension url="type">
          <valueCode value="TM"/>
        </extension>
        <extension url="cardinalityMin">
          <valueInteger value="-1"/>
        </extension>
        <extension url="cardinalityMax">
          <valueInteger value="-1"/>
        </extension>
      </extension>
      <code value="TQ1-4"/>
      <display value="Explicit Time"/>
      <target>
        <extension url="http://hl7.org/fhir/uv/v2mappings/StructureDefinition/TypeInfo">
          <extension url="type">
            <valueCode value="dateTime"/>
          </extension>
          <extension url="cardinalityMin">
            <valueInteger value="0"/>
          </extension>
          <extension url="cardinalityMax">
            <valueInteger value="1"/>
          </extension>
        </extension>
        <code value="dosageInstruction.timing.event"/>
        <display value="dosageInstruction.timing.event"/>
        <equivalence value="equivalent"/>
      </target>
    </element>
    <element>
      <extension url="http://hl7.org/fhir/uv/v2mappings/StructureDefinition/TypeInfo">
        <extension url="type">
          <valueCode value="CQ"/>
        </extension>
        <extension url="cardinalityMin">
          <valueInteger value="-1"/>
        </extension>
        <extension url="cardinalityMax">
          <valueInteger value="-1"/>
        </extension>
      </extension>
      <code value="TQ1-5"/>
      <display value="Relative Time and Units"/>
      <target>
        <extension url="http://hl7.org/fhir/uv/v2mappings/StructureDefinition/TypeInfo">
          <extension url="type">
            <valueCode value="unsignedInt"/>
          </extension>
          <extension url="cardinalityMin">
            <valueInteger value="0"/>
          </extension>
          <extension url="cardinalityMax">
            <valueInteger value="1"/>
          </extension>
        </extension>
        <code value="dosageInstruction.timing.repeat.offset"/>
        <display value="dosageInstruction.timing.repeat.offset"/>
        <equivalence value="equivalent"/>
        <dependsOn>
          <property value="Computable-ANTLR"/>
          <value value="IF TQ1-3.9 IS EMPTY"/>
        </dependsOn>
      </target>
    </element>
    <element>
      <extension url="http://hl7.org/fhir/uv/v2mappings/StructureDefinition/TypeInfo">
        <extension url="type">
          <valueCode value="CQ"/>
        </extension>
        <extension url="cardinalityMin">
          <valueInteger value="1"/>
        </extension>
        <extension url="cardinalityMax">
          <valueInteger value="1"/>
        </extension>
      </extension>
      <code value="TQ1-6"/>
      <display value="Service Duration"/>
      <target>
        <extension url="http://hl7.org/fhir/uv/v2mappings/StructureDefinition/TypeInfo">
          <extension url="type">
            <valueCode value="SimpleQuantity"/>
          </extension>
          <extension url="cardinalityMin">
            <valueInteger value="0"/>
          </extension>
          <extension url="cardinalityMax">
            <valueInteger value="1"/>
          </extension>
        </extension>
        <code value="occurrenceTiming.boundsDuration"/>
        <display value="occurrenceTiming.boundsDuration"/>
        <equivalence value="equivalent"/>
        <comment value="The Duration data type is required to be an expression of time using UCUM units"/>
        <dependsOn>
          <property value="Computable-ANTLR"/>
          <value value="IF TQ1-7 AND TQ1-8 NOT VALUED"/>
        </dependsOn>
      </target>
    </element>
    <element>
      <extension url="http://hl7.org/fhir/uv/v2mappings/StructureDefinition/TypeInfo">
        <extension url="type">
          <valueCode value="CQ"/>
        </extension>
        <extension url="cardinalityMin">
          <valueInteger value="1"/>
        </extension>
        <extension url="cardinalityMax">
          <valueInteger value="1"/>
        </extension>
      </extension>
      <code value="TQ1-6"/>
      <display value="Service Duration"/>
      <target>
        <extension url="http://hl7.org/fhir/uv/v2mappings/StructureDefinition/TypeInfo">
          <extension url="type">
            <valueCode value="dateTime"/>
          </extension>
          <extension url="cardinalityMin">
            <valueInteger value="0"/>
          </extension>
          <extension url="cardinalityMax">
            <valueInteger value="1"/>
          </extension>
          <extension url="assignment">
            <valueString value="occurrenceTiming.boundPeriod.start + TQ1-6"/>
          </extension>
        </extension>
        <code value="occurrenceTiming.boundsPeriod.end"/>
        <display value="occurrenceTiming.boundsPeriod.end"/>
        <equivalence value="equivalent"/>
        <dependsOn>
          <property value="Computable-ANTLR"/>
          <value value="IF TQ1-7 VALUED AND TQ1-8 NOT VALUED"/>
        </dependsOn>
      </target>
    </element>
    <element>
      <extension url="http://hl7.org/fhir/uv/v2mappings/StructureDefinition/TypeInfo">
        <extension url="type">
          <valueCode value="CQ"/>
        </extension>
        <extension url="cardinalityMin">
          <valueInteger value="1"/>
        </extension>
        <extension url="cardinalityMax">
          <valueInteger value="1"/>
        </extension>
      </extension>
      <code value="TQ1-6"/>
      <display value="Service Duration"/>
      <target>
        <extension url="http://hl7.org/fhir/uv/v2mappings/StructureDefinition/TypeInfo">
          <extension url="type">
            <valueCode value="dateTime"/>
          </extension>
          <extension url="cardinalityMin">
            <valueInteger value="0"/>
          </extension>
          <extension url="cardinalityMax">
            <valueInteger value="1"/>
          </extension>
          <extension url="assignment">
            <valueString value="occurrenceTiming.boundPeriod.end - TQ1-6"/>
          </extension>
        </extension>
        <code value="occurneceTiming.boundsPeriod.start"/>
        <display value="occurneceTiming.boundsPeriod.start"/>
        <equivalence value="equivalent"/>
        <dependsOn>
          <property value="Computable-ANTLR"/>
          <value value="IF TQ1-7 NOT VALUED AND TQ1-8 VALUED"/>
        </dependsOn>
      </target>
    </element>
    <element>
      <extension url="http://hl7.org/fhir/uv/v2mappings/StructureDefinition/TypeInfo">
        <extension url="type">
          <valueCode value="DTM"/>
        </extension>
        <extension url="cardinalityMin">
          <valueInteger value="1"/>
        </extension>
        <extension url="cardinalityMax">
          <valueInteger value="1"/>
        </extension>
      </extension>
      <code value="TQ1-7"/>
      <display value="Start date/time"/>
      <target>
        <extension url="http://hl7.org/fhir/uv/v2mappings/StructureDefinition/TypeInfo">
          <extension url="type">
            <valueCode value="dateTime"/>
          </extension>
          <extension url="cardinalityMin">
            <valueInteger value="0"/>
          </extension>
          <extension url="cardinalityMax">
            <valueInteger value="1"/>
          </extension>
        </extension>
        <code value="dosageInstruction.timing.repeat.boundsPeriod.start"/>
        <display value="dosageInstruction.timing.repeat.boundsPeriod.start"/>
        <equivalence value="equivalent"/>
      </target>
    </element>
    <element>
      <extension url="http://hl7.org/fhir/uv/v2mappings/StructureDefinition/TypeInfo">
        <extension url="type">
          <valueCode value="DTM"/>
        </extension>
        <extension url="cardinalityMin">
          <valueInteger value="1"/>
        </extension>
        <extension url="cardinalityMax">
          <valueInteger value="1"/>
        </extension>
      </extension>
      <code value="TQ1-8"/>
      <display value="End date/time"/>
      <target>
        <extension url="http://hl7.org/fhir/uv/v2mappings/StructureDefinition/TypeInfo">
          <extension url="type">
            <valueCode value="dateTime"/>
          </extension>
          <extension url="cardinalityMin">
            <valueInteger value="0"/>
          </extension>
          <extension url="cardinalityMax">
            <valueInteger value="1"/>
          </extension>
        </extension>
        <code value="dosageInstruction.timing.repeat.boundsPeriod.end"/>
        <display value="dosageInstruction.timing.repeat.boundsPeriod.end"/>
        <equivalence value="equivalent"/>
      </target>
    </element>
    <element>
      <extension url="http://hl7.org/fhir/uv/v2mappings/StructureDefinition/TypeInfo">
        <extension url="type">
          <valueCode value="CWE"/>
        </extension>
        <extension url="cardinalityMin">
          <valueInteger value="-1"/>
        </extension>
        <extension url="cardinalityMax">
          <valueInteger value="-1"/>
        </extension>
      </extension>
      <code value="TQ1-9"/>
      <display value="Priority"/>
      <target>
        <extension url="http://hl7.org/fhir/uv/v2mappings/StructureDefinition/TypeInfo">
          <extension url="type">
            <valueCode value="code"/>
          </extension>
          <extension url="cardinalityMin">
            <valueInteger value="0"/>
          </extension>
          <extension url="cardinalityMax">
            <valueInteger value="1"/>
          </extension>
          <extension url="mappedVia">
            <valueUrl value="ConceptMap/table-hl70485-to-request-priority"/>
          </extension>
        </extension>
        <code value="priority"/>
        <display value="priority"/>
        <equivalence value="equivalent"/>
      </target>
    </element>
    <element>
      <extension url="http://hl7.org/fhir/uv/v2mappings/StructureDefinition/TypeInfo">
        <extension url="type">
          <valueCode value="TX"/>
        </extension>
        <extension url="cardinalityMin">
          <valueInteger value="1"/>
        </extension>
        <extension url="cardinalityMax">
          <valueInteger value="1"/>
        </extension>
      </extension>
      <code value="TQ1-10"/>
      <display value="Condition text"/>
      <target>
        <extension url="http://hl7.org/fhir/uv/v2mappings/StructureDefinition/TypeInfo">
          <extension url="type">
            <valueCode value="string"/>
          </extension>
          <extension url="cardinalityMin">
            <valueInteger value="0"/>
          </extension>
          <extension url="cardinalityMax">
            <valueInteger value="-1"/>
          </extension>
        </extension>
        <code value="dosageInstruction.additionalInstruction.text"/>
        <display value="dosageInstruction.additionalInstruction.text"/>
        <equivalence value="equivalent"/>
      </target>
    </element>
    <element>
      <extension url="http://hl7.org/fhir/uv/v2mappings/StructureDefinition/TypeInfo">
        <extension url="type">
          <valueCode value="TX"/>
        </extension>
        <extension url="cardinalityMin">
          <valueInteger value="1"/>
        </extension>
        <extension url="cardinalityMax">
          <valueInteger value="1"/>
        </extension>
      </extension>
      <code value="TQ1-11"/>
      <display value="Text instruction"/>
      <target>
        <extension url="http://hl7.org/fhir/uv/v2mappings/StructureDefinition/TypeInfo">
          <extension url="type">
            <valueCode value="string"/>
          </extension>
          <extension url="cardinalityMin">
            <valueInteger value="0"/>
          </extension>
          <extension url="cardinalityMax">
            <valueInteger value="1"/>
          </extension>
        </extension>
        <code value="text"/>
        <display value="text"/>
        <equivalence value="equivalent"/>
      </target>
    </element>
    <element>
      <extension url="http://hl7.org/fhir/uv/v2mappings/StructureDefinition/TypeInfo">
        <extension url="type">
          <valueCode value="CQ"/>
        </extension>
        <extension url="cardinalityMin">
          <valueInteger value="1"/>
        </extension>
        <extension url="cardinalityMax">
          <valueInteger value="1"/>
        </extension>
      </extension>
      <code value="TQ1-13"/>
      <display value="Occurrence duration"/>
      <target>
        <extension url="http://hl7.org/fhir/uv/v2mappings/StructureDefinition/TypeInfo">
          <extension url="type">
            <valueCode value="decimal"/>
          </extension>
          <extension url="cardinalityMin">
            <valueInteger value="0"/>
          </extension>
          <extension url="cardinalityMax">
            <valueInteger value="1"/>
          </extension>
        </extension>
        <code value="dosageInstruction.timing.repeat.duration"/>
        <display value="dosageInstruction.timing.repeat.duration"/>
        <equivalence value="equivalent"/>
      </target>
    </element>
    <element>
      <extension url="http://hl7.org/fhir/uv/v2mappings/StructureDefinition/TypeInfo">
        <extension url="type">
          <valueCode value="CQ"/>
        </extension>
        <extension url="cardinalityMin">
          <valueInteger value="1"/>
        </extension>
        <extension url="cardinalityMax">
          <valueInteger value="1"/>
        </extension>
      </extension>
      <code value="TQ1-13"/>
      <display value="Occurrence duration"/>
      <target>
        <extension url="http://hl7.org/fhir/uv/v2mappings/StructureDefinition/TypeInfo">
          <extension url="type">
            <valueCode value="code"/>
          </extension>
          <extension url="cardinalityMin">
            <valueInteger value="0"/>
          </extension>
          <extension url="cardinalityMax">
            <valueInteger value="1"/>
          </extension>
        </extension>
        <code value="dosageInstruction.timing.repeat.durationUnit"/>
        <display value="dosageInstruction.timing.repeat.durationUnit"/>
        <equivalence value="equivalent"/>
      </target>
    </element>
    <element>
      <extension url="http://hl7.org/fhir/uv/v2mappings/StructureDefinition/TypeInfo">
        <extension url="type">
          <valueCode value="NM"/>
        </extension>
        <extension url="cardinalityMin">
          <valueInteger value="1"/>
        </extension>
        <extension url="cardinalityMax">
          <valueInteger value="1"/>
        </extension>
      </extension>
      <code value="TQ1-14"/>
      <display value="Total occurrences"/>
      <target>
        <extension url="http://hl7.org/fhir/uv/v2mappings/StructureDefinition/TypeInfo">
          <extension url="type">
            <valueCode value="positiveInt"/>
          </extension>
          <extension url="cardinalityMin">
            <valueInteger value="0"/>
          </extension>
          <extension url="cardinalityMax">
            <valueInteger value="1"/>
          </extension>
        </extension>
        <code value="dosageInstruction.timing.repeat.countMax"/>
        <display value="dosageInstruction.timing.repeat.countMax"/>
        <equivalence value="equivalent"/>
      </target>
    </element>
  </group>
</ConceptMap>