{
  "resourceType" : "ConceptMap",
  "id" : "table-hl70201-to-contact-point-use",
  "text" : {
    "status" : "generated",
    "div" : "<div xmlns=\"http://www.w3.org/1999/xhtml\"><p class=\"res-header-id\"><b>Generated Narrative: ConceptMap table-hl70201-to-contact-point-use</b></p><a name=\"table-hl70201-to-contact-point-use\"> </a><a name=\"hctable-hl70201-to-contact-point-use\"> </a><p>Mapping from <a href=\"http://terminology.hl7.org/6.5.0/ValueSet-v2-0201.html\">hl7VS-telecommunicationUseCode</a> to (not specified)</p><br/><p><b>Group 1 </b>Mapping from <a href=\"http://terminology.hl7.org/6.5.0/CodeSystem-v2-0201.html\">telecommunicationUse</a> to <a href=\"http://hl7.org/fhir/R4/codesystem-contact-point-use.html\">ContactPointUse</a></p><table class=\"grid\"><tr><td><b>Source Code</b></td><td><b>Relationship</b></td><td><b>Target Code</b></td></tr><tr><td>PRN (Primary Residence Number)</td><td><a href=\"http://hl7.org/fhir/R5/codesystem-concept-map-relationship.html#equivalent\" title=\"equivalent\">is equivalent to</a></td><td>home</td></tr><tr><td>WPN (Work Number)</td><td><a href=\"http://hl7.org/fhir/R5/codesystem-concept-map-relationship.html#equivalent\" title=\"equivalent\">is equivalent to</a></td><td>work</td></tr><tr><td>PRS (Personal)</td><td><a href=\"http://hl7.org/fhir/R5/codesystem-concept-map-relationship.html#equivalent\" title=\"equivalent\">is equivalent to</a></td><td>mobile</td></tr></table><hr/><p><b>Group 2 </b>Mapping from <a href=\"http://terminology.hl7.org/6.5.0/CodeSystem-v2-0201.html\">telecommunicationUse</a> to <code>unspecified code system</code></p><table class=\"grid\"><tr><td><b>Source Code</b></td><td><b>Relationship</b></td><td><b>Target Code</b></td></tr><tr><td>ORN (Other Residence Number)</td><td colspan=\"2\" style=\"background-color: #efefef\">(not mapped)</td></tr><tr><td>VHN (Vacation Home Number)</td><td colspan=\"2\" style=\"background-color: #efefef\">(not mapped)</td></tr><tr><td>ASN (Answering Service Number)</td><td colspan=\"2\" style=\"background-color: #efefef\">(not mapped)</td></tr><tr><td>EMR (Emergency Number)</td><td colspan=\"2\" style=\"background-color: #efefef\">(not mapped)</td></tr><tr><td>NET (Network (email) Address)</td><td colspan=\"2\" style=\"background-color: #efefef\">(not mapped)</td></tr><tr><td>BPN (Beeper Number)</td><td colspan=\"2\" style=\"background-color: #efefef\">(not mapped)</td></tr></table></div>"
  },
  "extension" : [{
    "extension" : [{
      "url" : "type",
      "valueCode" : "derived-from"
    },
    {
      "url" : "label",
      "valueString" : "Table HL70201 to Contact Point Use.fsh"
    },
    {
      "url" : "url",
      "valueUri" : "https://docs.google.com/spreadsheets/d/1EE3a5UIGXLi8wMDr49fWTEVx8QS2GFqYgitE3vLOQTQ/edit#gid=0"
    }],
    "url" : "http://hl7.org/fhir/uv/v2mappings/StructureDefinition/RelatedArtifact"
  },
  {
    "url" : "http://hl7.org/fhir/StructureDefinition/structuredefinition-wg",
    "valueCode" : "oo"
  },
  {
    "url" : "http://hl7.org/fhir/StructureDefinition/structuredefinition-standards-status",
    "valueCode" : "informative",
    "_valueCode" : {
      "extension" : [{
        "url" : "http://hl7.org/fhir/StructureDefinition/structuredefinition-conformance-derivedFrom",
        "valueCanonical" : "http://hl7.org/fhir/uv/v2mappings/ImplementationGuide/hl7.fhir.uv.v2mappings"
      }]
    }
  }],
  "url" : "http://hl7.org/fhir/uv/v2mappings/ConceptMap/table-hl70201-to-contact-point-use",
  "version" : "1.0.0",
  "name" : "TableHL70201ToContactPointUse",
  "title" : "Table HL70201 to Contact Point Use Map",
  "status" : "active",
  "experimental" : true,
  "date" : "2025-08-23",
  "publisher" : "HL7 International / Orders and Observations",
  "contact" : [{
    "name" : "HL7 Orders and Observations Workgroup",
    "telecom" : [{
      "system" : "url",
      "value" : "http://www.hl7.org/Special/committees/orders"
    }]
  }],
  "description" : "This ConceptMap represents a mapping from the HL7 V2 Table HL70201 to the FHIR Contact Point Use Value Set.",
  "jurisdiction" : [{
    "coding" : [{
      "system" : "http://unstats.un.org/unsd/methods/m49/m49.htm",
      "code" : "001"
    }]
  }],
  "copyright" : "Copyright (c) 2025, HL7 International, Inc., All Rights Reserved.",
  "sourceUri" : "http://terminology.hl7.org/ValueSet/v2-0201",
  "group" : [{
    "source" : "http://terminology.hl7.org/CodeSystem/v2-0201",
    "target" : "http://hl7.org/fhir/contact-point-use",
    "element" : [{
      "code" : "PRN",
      "display" : "Primary Residence Number",
      "target" : [{
        "code" : "home",
        "display" : "Home",
        "equivalence" : "equivalent"
      }]
    },
    {
      "code" : "WPN",
      "display" : "Work Number",
      "target" : [{
        "code" : "work",
        "display" : "Work",
        "equivalence" : "equivalent"
      }]
    },
    {
      "code" : "PRS",
      "display" : "Personal",
      "target" : [{
        "code" : "mobile",
        "display" : "Mobile",
        "equivalence" : "equivalent"
      }]
    }]
  },
  {
    "source" : "http://terminology.hl7.org/CodeSystem/v2-0201",
    "element" : [{
      "code" : "ORN",
      "display" : "Other Residence Number",
      "target" : [{
        "equivalence" : "unmatched"
      }]
    },
    {
      "code" : "VHN",
      "display" : "Vacation Home Number",
      "target" : [{
        "equivalence" : "unmatched"
      }]
    },
    {
      "code" : "ASN",
      "display" : "Answering Service Number",
      "target" : [{
        "equivalence" : "unmatched"
      }]
    },
    {
      "code" : "EMR",
      "display" : "Emergency Number",
      "target" : [{
        "equivalence" : "unmatched"
      }]
    },
    {
      "code" : "NET",
      "display" : "Network (email) Address",
      "target" : [{
        "equivalence" : "unmatched"
      }]
    },
    {
      "code" : "BPN",
      "display" : "Beeper Number",
      "target" : [{
        "equivalence" : "unmatched"
      }]
    }]
  }]
}