<?xml version="1.0" encoding="UTF-8"?>

<ConceptMap xmlns="http://hl7.org/fhir">
  <id value="table-hl70080-to-v2-0080"/>
  <text>
    <status value="generated"/><div xmlns="http://www.w3.org/1999/xhtml"><p class="res-header-id"><b>Generated Narrative: ConceptMap table-hl70080-to-v2-0080</b></p><a name="table-hl70080-to-v2-0080"> </a><a name="hctable-hl70080-to-v2-0080"> </a><p>Mapping from <a href="http://terminology.hl7.org/6.5.0/ValueSet-v2-0080.html">hl7VS-natureOfAbnormalTesting</a> to <a href="http://terminology.hl7.org/6.5.0/ValueSet-v2-0080.html">hl7VS-natureOfAbnormalTesting</a></p><br/><p><b>Group 1 </b>Mapping from <a href="http://terminology.hl7.org/6.5.0/CodeSystem-v2-0080.html">natureOfAbnormalTesting</a> to <a href="http://terminology.hl7.org/6.5.0/CodeSystem-v2-0080.html">natureOfAbnormalTesting</a></p><table class="grid"><tr><td><b>Source Code</b></td><td><b>Relationship</b></td><td><b>Target Code</b></td></tr><tr><td>A (An age-based population)</td><td><a href="http://hl7.org/fhir/R5/codesystem-concept-map-relationship.html#equivalent" title="equivalent">is equivalent to</a></td><td>A (An age-based population)</td></tr><tr><td>N (None - generic normal range)</td><td><a href="http://hl7.org/fhir/R5/codesystem-concept-map-relationship.html#equivalent" title="equivalent">is equivalent to</a></td><td>N (None - generic normal range)</td></tr><tr><td>R (A race-based population)</td><td><a href="http://hl7.org/fhir/R5/codesystem-concept-map-relationship.html#equivalent" title="equivalent">is equivalent to</a></td><td>R (A race-based population)</td></tr><tr><td>S (A sex-based population)</td><td><a href="http://hl7.org/fhir/R5/codesystem-concept-map-relationship.html#equivalent" title="equivalent">is equivalent to</a></td><td>S (A sex-based population)</td></tr><tr><td>SP (Species)</td><td><a href="http://hl7.org/fhir/R5/codesystem-concept-map-relationship.html#equivalent" title="equivalent">is equivalent to</a></td><td>SP (Species)</td></tr><tr><td>B (Breed)</td><td><a href="http://hl7.org/fhir/R5/codesystem-concept-map-relationship.html#equivalent" title="equivalent">is equivalent to</a></td><td>B (Breed)</td></tr><tr><td>ST (Strain)</td><td><a href="http://hl7.org/fhir/R5/codesystem-concept-map-relationship.html#equivalent" title="equivalent">is equivalent to</a></td><td>ST (Strain)</td></tr></table></div>
  </text>
  <extension url="http://hl7.org/fhir/uv/v2mappings/StructureDefinition/RelatedArtifact">
    <extension url="type">
      <valueCode value="derived-from"/>
    </extension>
    <extension url="label">
      <valueString value="Table HL70080 to V2 0080.fsh"/>
    </extension>
    <extension url="url">
      <valueUri value="https://docs.google.com/spreadsheets/d/1xwKH-TZTVdS5-CrBlJ6nPE-EvH2bUlYPpeoT-v794q8/edit#gid=0"/>
    </extension>
  </extension>
  <extension url="http://hl7.org/fhir/StructureDefinition/structuredefinition-wg">
    <valueCode value="oo"/>
  </extension>
  <extension url="http://hl7.org/fhir/StructureDefinition/structuredefinition-standards-status">
    <valueCode value="informative">
      <extension url="http://hl7.org/fhir/StructureDefinition/structuredefinition-conformance-derivedFrom">
        <valueCanonical value="http://hl7.org/fhir/uv/v2mappings/ImplementationGuide/hl7.fhir.uv.v2mappings"/>
      </extension>
    </valueCode>
  </extension>
  <url value="http://hl7.org/fhir/uv/v2mappings/ConceptMap/table-hl70080-to-v2-0080"/>
  <version value="1.0.0"/>
  <name value="TableHL70080ToV20080"/>
  <title value="Table HL70080 to V2 0080 Map"/>
  <status value="active"/>
  <experimental value="true"/>
  <date value="2025-08-23"/>
  <publisher value="HL7 International / Orders and Observations"/>
  <contact>
    <name value="HL7 Orders and Observations Workgroup"/>
    <telecom>
      <system value="url"/>
      <value value="http://www.hl7.org/Special/committees/orders"/>
    </telecom>
  </contact>
  <description value="This ConceptMap represents a mapping from the HL7 V2 Table HL70080 to the FHIR V2 0080 Value Set."/>
  <jurisdiction>
    <coding>
      <system value="http://unstats.un.org/unsd/methods/m49/m49.htm"/>
      <code value="001"/>
    </coding>
  </jurisdiction>
  <copyright value="Copyright (c) 2025, HL7 International, Inc., All Rights Reserved."/>
  <sourceUri value="http://terminology.hl7.org/ValueSet/v2-0080"/>
  <targetUri value="http://terminology.hl7.org/ValueSet/v2-0080"/>
  <group>
    <source value="http://terminology.hl7.org/CodeSystem/v2-0080"/>
    <target value="http://terminology.hl7.org/CodeSystem/v2-0080"/>
    <element>
      <code value="A"/>
      <display value="An age-based population"/>
      <target>
        <code value="A"/>
        <display value="An age-based population"/>
        <equivalence value="equivalent"/>
      </target>
    </element>
    <element>
      <code value="N"/>
      <display value="None - generic normal range"/>
      <target>
        <code value="N"/>
        <display value="None - generic normal range"/>
        <equivalence value="equivalent"/>
      </target>
    </element>
    <element>
      <code value="R"/>
      <display value="A race-based population"/>
      <target>
        <code value="R"/>
        <display value="A race-based population"/>
        <equivalence value="equivalent"/>
      </target>
    </element>
    <element>
      <code value="S"/>
      <display value="A sex-based population"/>
      <target>
        <code value="S"/>
        <display value="A sex-based population"/>
        <equivalence value="equivalent"/>
      </target>
    </element>
    <element>
      <code value="SP"/>
      <display value="Species"/>
      <target>
        <code value="SP"/>
        <display value="Species"/>
        <equivalence value="equivalent"/>
      </target>
    </element>
    <element>
      <code value="B"/>
      <display value="Breed"/>
      <target>
        <code value="B"/>
        <display value="Breed"/>
        <equivalence value="equivalent"/>
      </target>
    </element>
    <element>
      <code value="ST"/>
      <display value="Strain"/>
      <target>
        <code value="ST"/>
        <display value="Strain"/>
        <equivalence value="equivalent"/>
      </target>
    </element>
  </group>
</ConceptMap>