<?xml version="1.0" encoding="UTF-8"?>

<ConceptMap xmlns="http://hl7.org/fhir">
  <id value="datatype-hd-endpoint-to-messageheader-source"/>
  <text>
    <status value="generated"/><div xmlns="http://www.w3.org/1999/xhtml"><p class="res-header-id"><b>Generated Narrative: ConceptMap datatype-hd-endpoint-to-messageheader-source</b></p><a name="datatype-hd-endpoint-to-messageheader-source"> </a><a name="hcdatatype-hd-endpoint-to-messageheader-source"> </a><p>Mapping from (not specified) to (not specified)</p><br/><p><b>Group 1 </b>Mapping from <code>unspecified code system</code> to <code>unspecified code system</code></p><table class="grid"><tr><td colspan="3"><b>Source Concept Details</b></td><td><b>Relationship</b></td><td colspan="2"><b>Target Concept Details</b></td></tr><tr><td colspan="2"><b>Codes</b> from </td><td><b>ComputableANTLR</b></td><td/><td colspan="2"><b>Codes</b> from </td></tr><tr><td style="border-right-width: 0px">HD.1</td><td style="border-left-width: 0px">Namespace ID</td><td>IF HD.2 NOT VALUED AND (HD-3 NOT IN (&quot;ISO&quot;, &quot;UUID&quot;, &quot;DNS&quot;, &quot;URI&quot;))</td><td><a href="http://hl7.org/fhir/R5/codesystem-concept-map-relationship.html#equivalent" title="equivalent">is equivalent to</a></td><td style="border-right-width: 0px">name</td><td style="border-left-width: 0px">name</td></tr><tr><td style="border-right-width: 0px">HD.2</td><td style="border-left-width: 0px">Universal ID</td><td>IF HD-3 = &quot;ISO&quot;</td><td><a href="http://hl7.org/fhir/R5/codesystem-concept-map-relationship.html#equivalent" title="equivalent">is equivalent to</a></td><td style="border-right-width: 0px">endpoint</td><td style="border-left-width: 0px">endpoint</td></tr><tr><td style="border-right-width: 0px">HD.2</td><td style="border-left-width: 0px">Universal ID</td><td>IF HD-3 = &quot;UUID&quot;</td><td><a href="http://hl7.org/fhir/R5/codesystem-concept-map-relationship.html#equivalent" title="equivalent">is equivalent to</a></td><td style="border-right-width: 0px">endpoint</td><td style="border-left-width: 0px">endpoint</td></tr><tr><td style="border-right-width: 0px">HD.2</td><td style="border-left-width: 0px">Universal ID</td><td>IF HD-3 = &quot;DNS&quot;</td><td><a href="http://hl7.org/fhir/R5/codesystem-concept-map-relationship.html#equivalent" title="equivalent">is equivalent to</a></td><td style="border-right-width: 0px">endpoint</td><td style="border-left-width: 0px">endpoint</td></tr><tr><td style="border-right-width: 0px">HD.2</td><td style="border-left-width: 0px">Universal ID</td><td>IF HD-3 = &quot;URI&quot;</td><td><a href="http://hl7.org/fhir/R5/codesystem-concept-map-relationship.html#equivalent" title="equivalent">is equivalent to</a></td><td style="border-right-width: 0px">endpoint</td><td style="border-left-width: 0px">endpoint</td></tr><tr><td style="border-right-width: 0px">HD.2</td><td style="border-left-width: 0px">Universal ID</td><td>IF HD-3 NOT IN (&quot;ISO&quot;, &quot;UUID&quot;, &quot;DNS&quot;, &quot;URI&quot;)</td><td><a href="http://hl7.org/fhir/R5/codesystem-concept-map-relationship.html#equivalent" title="equivalent">is equivalent to</a></td><td style="border-right-width: 0px">name</td><td style="border-left-width: 0px">name</td></tr><tr><td style="border-right-width: 0px">HD.3</td><td style="border-left-width: 0px">Univeral ID Type</td><td>IF NOT VALUED OR NOT IN (&quot;ISO&quot;, &quot;UUID&quot;, &quot;DNS&quot;, &quot;URI&quot;)</td><td><a href="http://hl7.org/fhir/R5/codesystem-concept-map-relationship.html#equivalent" title="equivalent">is equivalent to</a></td><td style="border-right-width: 0px">endpoint.extension[1].url</td><td style="border-left-width: 0px">endpoint.extension[1].url</td></tr><tr><td style="border-right-width: 0px">HD.3</td><td style="border-left-width: 0px">Univeral ID Type</td><td>IF NOT VALUED OR NOT IN (&quot;ISO&quot;, &quot;UUID&quot;, &quot;DNS&quot;, &quot;URI&quot;)</td><td><a href="http://hl7.org/fhir/R5/codesystem-concept-map-relationship.html#equivalent" title="equivalent">is equivalent to</a></td><td style="border-right-width: 0px">endpoint.extension[1].valueCode</td><td style="border-left-width: 0px">endpoint.extension[1].valueCode</td></tr></table></div>
  </text>
  <extension url="http://hl7.org/fhir/uv/v2mappings/StructureDefinition/RelatedArtifact">
    <extension url="type">
      <valueCode value="derived-from"/>
    </extension>
    <extension url="label">
      <valueString value="Datatype HD[endpoint] to MessageHeader.source.fsh"/>
    </extension>
    <extension url="url">
      <valueUri value="https://docs.google.com/spreadsheets/d/18o2QLSHQPkRr1S0vax7G4tuuXQnhE9wJl0n1kjupS7U/edit#gid=0"/>
    </extension>
  </extension>
  <extension url="http://hl7.org/fhir/StructureDefinition/structuredefinition-wg">
    <valueCode value="oo"/>
  </extension>
  <extension url="http://hl7.org/fhir/StructureDefinition/structuredefinition-standards-status">
    <valueCode value="informative">
      <extension url="http://hl7.org/fhir/StructureDefinition/structuredefinition-conformance-derivedFrom">
        <valueCanonical value="http://hl7.org/fhir/uv/v2mappings/ImplementationGuide/hl7.fhir.uv.v2mappings"/>
      </extension>
    </valueCode>
  </extension>
  <url value="http://hl7.org/fhir/uv/v2mappings/ConceptMap/datatype-hd-endpoint-to-messageheader-source"/>
  <version value="1.0.0"/>
  <name value="DatatypeHDEndpointToMessageHeaderSource"/>
  <title value="Datatype HD [endpoint] to MessageHeader.source Map"/>
  <status value="active"/>
  <experimental value="true"/>
  <date value="2025-08-23"/>
  <publisher value="HL7 International / Orders and Observations"/>
  <contact>
    <name value="HL7 Orders and Observations Workgroup"/>
    <telecom>
      <system value="url"/>
      <value value="http://www.hl7.org/Special/committees/orders"/>
    </telecom>
  </contact>
  <description value="This ConceptMap represents a mapping from the HL7 V2 Datatype HD to the FHIR MessageHeader.source Data Type."/>
  <jurisdiction>
    <coding>
      <system value="http://unstats.un.org/unsd/methods/m49/m49.htm"/>
      <code value="001"/>
    </coding>
  </jurisdiction>
  <copyright value="Copyright (c) 2025, HL7 International, Inc., All Rights Reserved."/>
  <group>
    <element>
      <extension url="http://hl7.org/fhir/uv/v2mappings/StructureDefinition/TypeInfo">
        <extension url="type">
          <valueCode value="IS"/>
        </extension>
        <extension url="cardinalityMin">
          <valueInteger value="0"/>
        </extension>
        <extension url="cardinalityMax">
          <valueInteger value="1"/>
        </extension>
      </extension>
      <code value="HD.1"/>
      <display value="Namespace ID"/>
      <target>
        <extension url="http://hl7.org/fhir/uv/v2mappings/StructureDefinition/TypeInfo">
          <extension url="type">
            <valueCode value="string"/>
          </extension>
        </extension>
        <code value="name"/>
        <display value="name"/>
        <equivalence value="equivalent"/>
        <dependsOn>
          <property value="Computable-ANTLR"/>
          <value value="IF HD.2 NOT VALUED AND (HD-3 NOT IN (&quot;ISO&quot;, &quot;UUID&quot;, &quot;DNS&quot;, &quot;URI&quot;))"/>
        </dependsOn>
      </target>
    </element>
    <element>
      <extension url="http://hl7.org/fhir/uv/v2mappings/StructureDefinition/TypeInfo">
        <extension url="type">
          <valueCode value="ST"/>
        </extension>
        <extension url="cardinalityMin">
          <valueInteger value="0"/>
        </extension>
        <extension url="cardinalityMax">
          <valueInteger value="1"/>
        </extension>
      </extension>
      <code value="HD.2"/>
      <display value="Universal ID"/>
      <target>
        <extension url="http://hl7.org/fhir/uv/v2mappings/StructureDefinition/TypeInfo">
          <extension url="type">
            <valueCode value="uri"/>
          </extension>
          <extension url="cardinalityMin">
            <valueInteger value="1"/>
          </extension>
          <extension url="cardinalityMax">
            <valueInteger value="1"/>
          </extension>
          <extension url="assignment">
            <valueString value="&quot;urn:oid:&quot;+HD.2"/>
          </extension>
        </extension>
        <code value="endpoint"/>
        <display value="endpoint"/>
        <equivalence value="equivalent"/>
        <dependsOn>
          <property value="Computable-ANTLR"/>
          <value value="IF HD-3 = &quot;ISO&quot;"/>
        </dependsOn>
      </target>
    </element>
    <element>
      <extension url="http://hl7.org/fhir/uv/v2mappings/StructureDefinition/TypeInfo">
        <extension url="type">
          <valueCode value="ST"/>
        </extension>
        <extension url="cardinalityMin">
          <valueInteger value="0"/>
        </extension>
        <extension url="cardinalityMax">
          <valueInteger value="1"/>
        </extension>
      </extension>
      <code value="HD.2"/>
      <display value="Universal ID"/>
      <target>
        <extension url="http://hl7.org/fhir/uv/v2mappings/StructureDefinition/TypeInfo">
          <extension url="type">
            <valueCode value="uri"/>
          </extension>
          <extension url="cardinalityMin">
            <valueInteger value="1"/>
          </extension>
          <extension url="cardinalityMax">
            <valueInteger value="1"/>
          </extension>
          <extension url="assignment">
            <valueString value="&quot;urn:uuid:&quot;+HD.2"/>
          </extension>
        </extension>
        <code value="endpoint"/>
        <display value="endpoint"/>
        <equivalence value="equivalent"/>
        <dependsOn>
          <property value="Computable-ANTLR"/>
          <value value="IF HD-3 = &quot;UUID&quot;"/>
        </dependsOn>
      </target>
    </element>
    <element>
      <extension url="http://hl7.org/fhir/uv/v2mappings/StructureDefinition/TypeInfo">
        <extension url="type">
          <valueCode value="ST"/>
        </extension>
        <extension url="cardinalityMin">
          <valueInteger value="0"/>
        </extension>
        <extension url="cardinalityMax">
          <valueInteger value="1"/>
        </extension>
      </extension>
      <code value="HD.2"/>
      <display value="Universal ID"/>
      <target>
        <extension url="http://hl7.org/fhir/uv/v2mappings/StructureDefinition/TypeInfo">
          <extension url="type">
            <valueCode value="uri"/>
          </extension>
          <extension url="cardinalityMin">
            <valueInteger value="1"/>
          </extension>
          <extension url="cardinalityMax">
            <valueInteger value="1"/>
          </extension>
          <extension url="assignment">
            <valueString value="&quot;urn:dns:&quot;+HD.2"/>
          </extension>
        </extension>
        <code value="endpoint"/>
        <display value="endpoint"/>
        <equivalence value="equivalent"/>
        <dependsOn>
          <property value="Computable-ANTLR"/>
          <value value="IF HD-3 = &quot;DNS&quot;"/>
        </dependsOn>
      </target>
    </element>
    <element>
      <extension url="http://hl7.org/fhir/uv/v2mappings/StructureDefinition/TypeInfo">
        <extension url="type">
          <valueCode value="ST"/>
        </extension>
        <extension url="cardinalityMin">
          <valueInteger value="0"/>
        </extension>
        <extension url="cardinalityMax">
          <valueInteger value="1"/>
        </extension>
      </extension>
      <code value="HD.2"/>
      <display value="Universal ID"/>
      <target>
        <extension url="http://hl7.org/fhir/uv/v2mappings/StructureDefinition/TypeInfo">
          <extension url="type">
            <valueCode value="uri"/>
          </extension>
          <extension url="cardinalityMin">
            <valueInteger value="1"/>
          </extension>
          <extension url="cardinalityMax">
            <valueInteger value="1"/>
          </extension>
          <extension url="assignment">
            <valueString value="&quot;urn:uri:&quot;+HD.2"/>
          </extension>
        </extension>
        <code value="endpoint"/>
        <display value="endpoint"/>
        <equivalence value="equivalent"/>
        <dependsOn>
          <property value="Computable-ANTLR"/>
          <value value="IF HD-3 = &quot;URI&quot;"/>
        </dependsOn>
      </target>
    </element>
    <element>
      <extension url="http://hl7.org/fhir/uv/v2mappings/StructureDefinition/TypeInfo">
        <extension url="type">
          <valueCode value="ST"/>
        </extension>
        <extension url="cardinalityMin">
          <valueInteger value="0"/>
        </extension>
        <extension url="cardinalityMax">
          <valueInteger value="1"/>
        </extension>
      </extension>
      <code value="HD.2"/>
      <display value="Universal ID"/>
      <target>
        <extension url="http://hl7.org/fhir/uv/v2mappings/StructureDefinition/TypeInfo">
          <extension url="assignment">
            <valueString value="HD.1+&quot; - &quot;+HD.3+&quot;:&quot;+HD.2"/>
          </extension>
        </extension>
        <code value="name"/>
        <display value="name"/>
        <equivalence value="equivalent"/>
        <dependsOn>
          <property value="Computable-ANTLR"/>
          <value value="IF HD-3 NOT IN (&quot;ISO&quot;, &quot;UUID&quot;, &quot;DNS&quot;, &quot;URI&quot;)"/>
        </dependsOn>
      </target>
    </element>
    <element>
      <extension url="http://hl7.org/fhir/uv/v2mappings/StructureDefinition/TypeInfo">
        <extension url="type">
          <valueCode value="ST"/>
        </extension>
        <extension url="cardinalityMin">
          <valueInteger value="0"/>
        </extension>
        <extension url="cardinalityMax">
          <valueInteger value="1"/>
        </extension>
      </extension>
      <code value="HD.3"/>
      <display value="Univeral ID Type"/>
      <target>
        <extension url="http://hl7.org/fhir/uv/v2mappings/StructureDefinition/TypeInfo">
          <extension url="assignment">
            <valueString value="&quot;http://hl7.org/fhir/R4/extension-data-absent-reason.html&quot;"/>
          </extension>
        </extension>
        <code value="endpoint.extension[1].url"/>
        <display value="endpoint.extension[1].url"/>
        <equivalence value="equivalent"/>
        <dependsOn>
          <property value="Computable-ANTLR"/>
          <value value="IF NOT VALUED OR NOT IN (&quot;ISO&quot;, &quot;UUID&quot;, &quot;DNS&quot;, &quot;URI&quot;)"/>
        </dependsOn>
      </target>
    </element>
    <element>
      <extension url="http://hl7.org/fhir/uv/v2mappings/StructureDefinition/TypeInfo">
        <extension url="type">
          <valueCode value="ST"/>
        </extension>
        <extension url="cardinalityMin">
          <valueInteger value="0"/>
        </extension>
        <extension url="cardinalityMax">
          <valueInteger value="1"/>
        </extension>
      </extension>
      <code value="HD.3"/>
      <display value="Univeral ID Type"/>
      <target>
        <extension url="http://hl7.org/fhir/uv/v2mappings/StructureDefinition/TypeInfo">
          <extension url="assignment">
            <valueString value="&quot;unknown&quot;"/>
          </extension>
        </extension>
        <code value="endpoint.extension[1].valueCode"/>
        <display value="endpoint.extension[1].valueCode"/>
        <equivalence value="equivalent"/>
        <dependsOn>
          <property value="Computable-ANTLR"/>
          <value value="IF NOT VALUED OR NOT IN (&quot;ISO&quot;, &quot;UUID&quot;, &quot;DNS&quot;, &quot;URI&quot;)"/>
        </dependsOn>
      </target>
    </element>
  </group>
</ConceptMap>