<?xml version="1.0" encoding="UTF-8"?>

<ConceptMap xmlns="http://hl7.org/fhir">
  <id value="table-hl70123-queries-to-diagnostic-report-status"/>
  <text>
    <status value="generated"/><div xmlns="http://www.w3.org/1999/xhtml"><p class="res-header-id"><b>Generated Narrative: ConceptMap table-hl70123-queries-to-diagnostic-report-status</b></p><a name="table-hl70123-queries-to-diagnostic-report-status"> </a><a name="hctable-hl70123-queries-to-diagnostic-report-status"> </a><p>Mapping from <a href="http://terminology.hl7.org/6.5.0/ValueSet-v2-0123.html">hl7VS-resultStatus-Obr</a> to (not specified)</p><br/><p><b>Group 1 </b>Mapping from <a href="http://terminology.hl7.org/6.5.0/CodeSystem-v2-0123.html">resultStatus</a> to <a href="http://hl7.org/fhir/R4/codesystem-diagnostic-report-status.html">DiagnosticReportStatus</a></p><table class="grid"><tr><td><b>Source Code</b></td><td><b>Relationship</b></td><td><b>Target Code</b></td></tr><tr><td>O (Order received; specimen not yet received)</td><td><a href="http://hl7.org/fhir/R5/codesystem-concept-map-relationship.html#equivalent" title="equivalent">is equivalent to</a></td><td>registered</td></tr><tr><td>I (No results available; specimen received, procedure incomplete)</td><td><a href="http://hl7.org/fhir/R5/codesystem-concept-map-relationship.html#equivalent" title="equivalent">is equivalent to</a></td><td>registered</td></tr><tr><td>S (No results available; procedure scheduled, but not done)</td><td><a href="http://hl7.org/fhir/R5/codesystem-concept-map-relationship.html#equivalent" title="equivalent">is equivalent to</a></td><td>registered</td></tr><tr><td>P (Preliminary)</td><td><a href="http://hl7.org/fhir/R5/codesystem-concept-map-relationship.html#equivalent" title="equivalent">is equivalent to</a></td><td>preliminary</td></tr><tr><td>C (Corrected, final)</td><td><a href="http://hl7.org/fhir/R5/codesystem-concept-map-relationship.html#equivalent" title="equivalent">is equivalent to</a></td><td>corrected</td></tr><tr><td>R (Results stored; not yet verified)</td><td><a href="http://hl7.org/fhir/R5/codesystem-concept-map-relationship.html#equivalent" title="equivalent">is equivalent to</a></td><td>partial</td></tr><tr><td>F (Final results)</td><td><a href="http://hl7.org/fhir/R5/codesystem-concept-map-relationship.html#equivalent" title="equivalent">is equivalent to</a></td><td>final</td></tr><tr><td>X (No results available; Order canceled)</td><td><a href="http://hl7.org/fhir/R5/codesystem-concept-map-relationship.html#equivalent" title="equivalent">is equivalent to</a></td><td>cancelled</td></tr></table><hr/><p><b>Group 2 </b>Mapping from <a href="http://terminology.hl7.org/6.5.0/CodeSystem-v2-0123.html">resultStatus</a> to <code>unspecified code system</code></p><table class="grid"><tr><td><b>Source Code</b></td><td><b>Relationship</b></td><td><b>Target Code</b></td></tr><tr><td>A (Some, but not all, results available)</td><td colspan="2" style="background-color: #efefef">(not mapped)</td></tr><tr><td>Y (No order on record for this test)</td><td colspan="2" style="background-color: #efefef">(not mapped)</td></tr><tr><td>Z (No record of this patient)</td><td colspan="2" style="background-color: #efefef">(not mapped)</td></tr><tr><td>M (Corrected, not final)</td><td colspan="2" style="background-color: #efefef">(not mapped)</td></tr><tr><td>N (Procedure completed, results pending)</td><td colspan="2" style="background-color: #efefef">(not mapped)</td></tr></table></div>
  </text>
  <extension url="http://hl7.org/fhir/uv/v2mappings/StructureDefinition/RelatedArtifact">
    <extension url="type">
      <valueCode value="derived-from"/>
    </extension>
    <extension url="label">
      <valueString value="Table HL70123[Queries] to Diagnostic Report Status.fsh"/>
    </extension>
    <extension url="url">
      <valueUri value="https://docs.google.com/spreadsheets/d/1PZzztfsx_yRfvrl3i9on8Tc-yXZCzbK1wnVgts-SxSQ/edit#gid=0"/>
    </extension>
  </extension>
  <extension url="http://hl7.org/fhir/StructureDefinition/structuredefinition-wg">
    <valueCode value="oo"/>
  </extension>
  <extension url="http://hl7.org/fhir/StructureDefinition/structuredefinition-standards-status">
    <valueCode value="informative">
      <extension url="http://hl7.org/fhir/StructureDefinition/structuredefinition-conformance-derivedFrom">
        <valueCanonical value="http://hl7.org/fhir/uv/v2mappings/ImplementationGuide/hl7.fhir.uv.v2mappings"/>
      </extension>
    </valueCode>
  </extension>
  <url value="http://hl7.org/fhir/uv/v2mappings/ConceptMap/table-hl70123-queries-to-diagnostic-report-status"/>
  <version value="1.0.0"/>
  <name value="TableHL70123QueriesToDiagnosticReportStatus"/>
  <title value="Table HL70123 [Queries] to Diagnostic Report Status Map"/>
  <status value="active"/>
  <experimental value="true"/>
  <date value="2025-08-23"/>
  <publisher value="HL7 International / Orders and Observations"/>
  <contact>
    <name value="HL7 Orders and Observations Workgroup"/>
    <telecom>
      <system value="url"/>
      <value value="http://www.hl7.org/Special/committees/orders"/>
    </telecom>
  </contact>
  <description value="This ConceptMap represents a mapping from the HL7 V2 Table HL70123 to the FHIR Diagnostic Report Status Value Set."/>
  <jurisdiction>
    <coding>
      <system value="http://unstats.un.org/unsd/methods/m49/m49.htm"/>
      <code value="001"/>
    </coding>
  </jurisdiction>
  <copyright value="Copyright (c) 2025, HL7 International, Inc., All Rights Reserved."/>
  <sourceUri value="http://terminology.hl7.org/ValueSet/v2-0123"/>
  <group>
    <source value="http://terminology.hl7.org/CodeSystem/v2-0123"/>
    <target value="http://hl7.org/fhir/diagnostic-report-status"/>
    <element>
      <code value="O"/>
      <display value="Order received; specimen not yet received"/>
      <target>
        <code value="registered"/>
        <display value="Registered"/>
        <equivalence value="equivalent"/>
      </target>
    </element>
    <element>
      <code value="I"/>
      <display value="No results available; specimen received, procedure incomplete"/>
      <target>
        <code value="registered"/>
        <display value="Registered"/>
        <equivalence value="equivalent"/>
      </target>
    </element>
    <element>
      <code value="S"/>
      <display value="No results available; procedure scheduled, but not done"/>
      <target>
        <code value="registered"/>
        <display value="Registered"/>
        <equivalence value="equivalent"/>
      </target>
    </element>
    <element>
      <code value="P"/>
      <display value="Preliminary"/>
      <target>
        <code value="preliminary"/>
        <display value="Preliminary"/>
        <equivalence value="equivalent"/>
      </target>
    </element>
    <element>
      <code value="C"/>
      <display value="Corrected, final"/>
      <target>
        <code value="corrected"/>
        <display value="Corrected"/>
        <equivalence value="equivalent"/>
      </target>
    </element>
    <element>
      <code value="R"/>
      <display value="Results stored; not yet verified"/>
      <target>
        <code value="partial"/>
        <display value="Partial"/>
        <equivalence value="equivalent"/>
      </target>
    </element>
    <element>
      <code value="F"/>
      <display value="Final results"/>
      <target>
        <code value="final"/>
        <display value="Final"/>
        <equivalence value="equivalent"/>
      </target>
    </element>
    <element>
      <code value="X"/>
      <display value="No results available; Order canceled"/>
      <target>
        <code value="cancelled"/>
        <display value="Cancelled"/>
        <equivalence value="equivalent"/>
      </target>
    </element>
  </group>
  <group>
    <source value="http://terminology.hl7.org/CodeSystem/v2-0123"/>
    <element>
      <code value="A"/>
      <display value="Some, but not all, results available"/>
      <target>
        <equivalence value="unmatched"/>
      </target>
    </element>
    <element>
      <code value="Y"/>
      <display value="No order on record for this test"/>
      <target>
        <equivalence value="unmatched"/>
      </target>
    </element>
    <element>
      <code value="Z"/>
      <display value="No record of this patient"/>
      <target>
        <equivalence value="unmatched"/>
      </target>
    </element>
    <element>
      <code value="M"/>
      <display value="Corrected, not final"/>
      <target>
        <equivalence value="unmatched"/>
      </target>
    </element>
    <element>
      <code value="N"/>
      <display value="Procedure completed, results pending"/>
      <target>
        <equivalence value="unmatched"/>
      </target>
    </element>
  </group>
</ConceptMap>