<?xml version="1.0" encoding="UTF-8"?>

<ConceptMap xmlns="http://hl7.org/fhir">
  <id value="table-hl70162-to-v2-0162"/>
  <text>
    <status value="generated"/><div xmlns="http://www.w3.org/1999/xhtml"><p class="res-header-id"><b>Generated Narrative: ConceptMap table-hl70162-to-v2-0162</b></p><a name="table-hl70162-to-v2-0162"> </a><a name="hctable-hl70162-to-v2-0162"> </a><p>Mapping from <a href="http://terminology.hl7.org/6.5.0/ValueSet-v2-0162.html">hl7VS-routeOfAdministration</a> to (not specified)</p><br/><p><b>Group 1 </b>Mapping from <a href="http://terminology.hl7.org/6.5.0/CodeSystem-v2-0162.html">routeOfAdministration</a> to <a href="http://terminology.hl7.org/6.5.0/CodeSystem-v2-0162.html">routeOfAdministration</a></p><table class="grid"><tr><td><b>Source Code</b></td><td><b>Relationship</b></td><td><b>Target Code</b></td></tr><tr><td>AP (Apply Externally)</td><td><a href="http://hl7.org/fhir/R5/codesystem-concept-map-relationship.html#equivalent" title="equivalent">is equivalent to</a></td><td>AP (Apply Externally)</td></tr><tr><td>B (Buccal)</td><td><a href="http://hl7.org/fhir/R5/codesystem-concept-map-relationship.html#equivalent" title="equivalent">is equivalent to</a></td><td>B (Buccal)</td></tr><tr><td>DT (Dental)</td><td><a href="http://hl7.org/fhir/R5/codesystem-concept-map-relationship.html#equivalent" title="equivalent">is equivalent to</a></td><td>DT (Dental)</td></tr><tr><td>EP (Epidural)</td><td><a href="http://hl7.org/fhir/R5/codesystem-concept-map-relationship.html#equivalent" title="equivalent">is equivalent to</a></td><td>EP (Epidural)</td></tr><tr><td>ET (Endotrachial Tube)</td><td><a href="http://hl7.org/fhir/R5/codesystem-concept-map-relationship.html#equivalent" title="equivalent">is equivalent to</a></td><td>ET (Endotrachial Tube)</td></tr><tr><td>GTT (Gastrostomy Tube)</td><td><a href="http://hl7.org/fhir/R5/codesystem-concept-map-relationship.html#equivalent" title="equivalent">is equivalent to</a></td><td>GTT (Gastrostomy Tube)</td></tr><tr><td>GU (GU Irrigant)</td><td><a href="http://hl7.org/fhir/R5/codesystem-concept-map-relationship.html#equivalent" title="equivalent">is equivalent to</a></td><td>GU (GU Irrigant)</td></tr><tr><td>IMR (Immerse (Soak) Body Part)</td><td><a href="http://hl7.org/fhir/R5/codesystem-concept-map-relationship.html#equivalent" title="equivalent">is equivalent to</a></td><td>IMR (Immerse (Soak) Body Part)</td></tr><tr><td>IA (Intra-arterial)</td><td><a href="http://hl7.org/fhir/R5/codesystem-concept-map-relationship.html#equivalent" title="equivalent">is equivalent to</a></td><td>IA (Intra-arterial)</td></tr><tr><td>IB (Intrabursal)</td><td><a href="http://hl7.org/fhir/R5/codesystem-concept-map-relationship.html#equivalent" title="equivalent">is equivalent to</a></td><td>IB (Intrabursal)</td></tr><tr><td>IC (Intracardiac)</td><td><a href="http://hl7.org/fhir/R5/codesystem-concept-map-relationship.html#equivalent" title="equivalent">is equivalent to</a></td><td>IC (Intracardiac)</td></tr><tr><td>ICV (Intracervical (uterus))</td><td><a href="http://hl7.org/fhir/R5/codesystem-concept-map-relationship.html#equivalent" title="equivalent">is equivalent to</a></td><td>ICV (Intracervical (uterus))</td></tr><tr><td>IH (Inhalation)</td><td><a href="http://hl7.org/fhir/R5/codesystem-concept-map-relationship.html#equivalent" title="equivalent">is equivalent to</a></td><td>IH (Inhalation)</td></tr><tr><td>IHA (Intrahepatic Artery)</td><td><a href="http://hl7.org/fhir/R5/codesystem-concept-map-relationship.html#equivalent" title="equivalent">is equivalent to</a></td><td>IHA (Intrahepatic Artery)</td></tr><tr><td>IN (Intranasal)</td><td><a href="http://hl7.org/fhir/R5/codesystem-concept-map-relationship.html#equivalent" title="equivalent">is equivalent to</a></td><td>IN (Intranasal)</td></tr><tr><td>IO (Intraocular)</td><td><a href="http://hl7.org/fhir/R5/codesystem-concept-map-relationship.html#equivalent" title="equivalent">is equivalent to</a></td><td>IO (Intraocular)</td></tr><tr><td>IP (Intraperitoneal)</td><td><a href="http://hl7.org/fhir/R5/codesystem-concept-map-relationship.html#equivalent" title="equivalent">is equivalent to</a></td><td>IP (Intraperitoneal)</td></tr><tr><td>IS (Intrasynovial)</td><td><a href="http://hl7.org/fhir/R5/codesystem-concept-map-relationship.html#equivalent" title="equivalent">is equivalent to</a></td><td>IS (Intrasynovial)</td></tr><tr><td>IT (Intrathecal)</td><td><a href="http://hl7.org/fhir/R5/codesystem-concept-map-relationship.html#equivalent" title="equivalent">is equivalent to</a></td><td>IT (Intrathecal)</td></tr><tr><td>IU (Intrauterine)</td><td><a href="http://hl7.org/fhir/R5/codesystem-concept-map-relationship.html#equivalent" title="equivalent">is equivalent to</a></td><td>IU (Intrauterine)</td></tr><tr><td>MTH (Mouth/Throat)</td><td><a href="http://hl7.org/fhir/R5/codesystem-concept-map-relationship.html#equivalent" title="equivalent">is equivalent to</a></td><td>MTH (Mouth/Throat)</td></tr><tr><td>MM (Mucous Membrane)</td><td><a href="http://hl7.org/fhir/R5/codesystem-concept-map-relationship.html#equivalent" title="equivalent">is equivalent to</a></td><td>MM (Mucous Membrane)</td></tr><tr><td>NS (Nasal)</td><td><a href="http://hl7.org/fhir/R5/codesystem-concept-map-relationship.html#equivalent" title="equivalent">is equivalent to</a></td><td>NS (Nasal)</td></tr><tr><td>NG (Nasogastric)</td><td><a href="http://hl7.org/fhir/R5/codesystem-concept-map-relationship.html#equivalent" title="equivalent">is equivalent to</a></td><td>NG (Nasogastric)</td></tr><tr><td>NP (Nasal Prongs)</td><td><a href="http://hl7.org/fhir/R5/codesystem-concept-map-relationship.html#equivalent" title="equivalent">is equivalent to</a></td><td>NP (Nasal Prongs)</td></tr><tr><td>NT (Nasotrachial Tube)</td><td><a href="http://hl7.org/fhir/R5/codesystem-concept-map-relationship.html#equivalent" title="equivalent">is equivalent to</a></td><td>NT (Nasotrachial Tube)</td></tr><tr><td>OP (Ophthalmic)</td><td><a href="http://hl7.org/fhir/R5/codesystem-concept-map-relationship.html#equivalent" title="equivalent">is equivalent to</a></td><td>OP (Ophthalmic)</td></tr><tr><td>OT (Otic)</td><td><a href="http://hl7.org/fhir/R5/codesystem-concept-map-relationship.html#equivalent" title="equivalent">is equivalent to</a></td><td>OT (Otic)</td></tr><tr><td>OTH (Other/Miscellaneous)</td><td><a href="http://hl7.org/fhir/R5/codesystem-concept-map-relationship.html#equivalent" title="equivalent">is equivalent to</a></td><td>OTH (Other/Miscellaneous)</td></tr><tr><td>PF (Perfusion)</td><td><a href="http://hl7.org/fhir/R5/codesystem-concept-map-relationship.html#equivalent" title="equivalent">is equivalent to</a></td><td>PF (Perfusion)</td></tr><tr><td>PR (Rectal)</td><td><a href="http://hl7.org/fhir/R5/codesystem-concept-map-relationship.html#equivalent" title="equivalent">is equivalent to</a></td><td>PR (Rectal)</td></tr><tr><td>RM (Rebreather Mask)</td><td><a href="http://hl7.org/fhir/R5/codesystem-concept-map-relationship.html#equivalent" title="equivalent">is equivalent to</a></td><td>RM (Rebreather Mask)</td></tr><tr><td>SD (Soaked Dressing)</td><td><a href="http://hl7.org/fhir/R5/codesystem-concept-map-relationship.html#equivalent" title="equivalent">is equivalent to</a></td><td>SD (Soaked Dressing)</td></tr><tr><td>SL (Sublingual)</td><td><a href="http://hl7.org/fhir/R5/codesystem-concept-map-relationship.html#equivalent" title="equivalent">is equivalent to</a></td><td>SL (Sublingual)</td></tr><tr><td>TP (Topical)</td><td><a href="http://hl7.org/fhir/R5/codesystem-concept-map-relationship.html#equivalent" title="equivalent">is equivalent to</a></td><td>TP (Topical)</td></tr><tr><td>TRA (Tracheostomy)</td><td><a href="http://hl7.org/fhir/R5/codesystem-concept-map-relationship.html#equivalent" title="equivalent">is equivalent to</a></td><td>TRA (Tracheostomy)</td></tr><tr><td>TL (Translingual)</td><td><a href="http://hl7.org/fhir/R5/codesystem-concept-map-relationship.html#equivalent" title="equivalent">is equivalent to</a></td><td>TL (Translingual)</td></tr><tr><td>UR (Urethral)</td><td><a href="http://hl7.org/fhir/R5/codesystem-concept-map-relationship.html#equivalent" title="equivalent">is equivalent to</a></td><td>UR (Urethral)</td></tr><tr><td>VG (Vaginal)</td><td><a href="http://hl7.org/fhir/R5/codesystem-concept-map-relationship.html#equivalent" title="equivalent">is equivalent to</a></td><td>VG (Vaginal)</td></tr><tr><td>VM (Ventimask)</td><td><a href="http://hl7.org/fhir/R5/codesystem-concept-map-relationship.html#equivalent" title="equivalent">is equivalent to</a></td><td>VM (Ventimask)</td></tr><tr><td>WND (Wound)</td><td><a href="http://hl7.org/fhir/R5/codesystem-concept-map-relationship.html#equivalent" title="equivalent">is equivalent to</a></td><td>WND (Wound)</td></tr></table><hr/><p><b>Group 2 </b>Mapping from <a href="http://terminology.hl7.org/6.5.0/CodeSystem-v2-0162.html">routeOfAdministration</a> to <a href="http://terminology.hl7.org/6.5.0/CodeSystem-v3-RouteOfAdministration.html">RouteOfAdministration</a></p><table class="grid"><tr><td><b>Source Code</b></td><td><b>Relationship</b></td><td><b>Target Code</b></td></tr><tr><td>ID (Intradermal)</td><td><a href="http://hl7.org/fhir/R5/codesystem-concept-map-relationship.html#equivalent" title="equivalent">is equivalent to</a></td><td>IDINJ (Injection, intradermal)</td></tr><tr><td>IM (Intramuscular)</td><td><a href="http://hl7.org/fhir/R5/codesystem-concept-map-relationship.html#equivalent" title="equivalent">is equivalent to</a></td><td>IM (Injection, intramuscular)</td></tr><tr><td>IV (Intravenous)</td><td><a href="http://hl7.org/fhir/R5/codesystem-concept-map-relationship.html#equivalent" title="equivalent">is equivalent to</a></td><td>IVINJ (Injection, intravenous)</td></tr><tr><td>PO (Oral)</td><td><a href="http://hl7.org/fhir/R5/codesystem-concept-map-relationship.html#equivalent" title="equivalent">is equivalent to</a></td><td>PO (Swallow, oral)</td></tr><tr><td>SC (Subcutaneous)</td><td><a href="http://hl7.org/fhir/R5/codesystem-concept-map-relationship.html#equivalent" title="equivalent">is equivalent to</a></td><td>SQ (Injection, subcutaneous)</td></tr><tr><td>TD (Transdermal)</td><td><a href="http://hl7.org/fhir/R5/codesystem-concept-map-relationship.html#equivalent" title="equivalent">is equivalent to</a></td><td>TRNSDERM (Transdermal)</td></tr></table></div>
  </text>
  <extension url="http://hl7.org/fhir/uv/v2mappings/StructureDefinition/RelatedArtifact">
    <extension url="type">
      <valueCode value="derived-from"/>
    </extension>
    <extension url="label">
      <valueString value="Table HL70162 to V2 0162.fsh"/>
    </extension>
    <extension url="url">
      <valueUri value="https://docs.google.com/spreadsheets/d/1JlVL70OZfA5iSB-i4oLScSBH31scFuyI0Abs_88nmzc/edit#gid=0"/>
    </extension>
  </extension>
  <extension url="http://hl7.org/fhir/StructureDefinition/structuredefinition-wg">
    <valueCode value="oo"/>
  </extension>
  <extension url="http://hl7.org/fhir/StructureDefinition/structuredefinition-standards-status">
    <valueCode value="informative">
      <extension url="http://hl7.org/fhir/StructureDefinition/structuredefinition-conformance-derivedFrom">
        <valueCanonical value="http://hl7.org/fhir/uv/v2mappings/ImplementationGuide/hl7.fhir.uv.v2mappings"/>
      </extension>
    </valueCode>
  </extension>
  <url value="http://hl7.org/fhir/uv/v2mappings/ConceptMap/table-hl70162-to-v2-0162"/>
  <version value="1.0.0"/>
  <name value="TableHL70162ToV20162"/>
  <title value="Table HL70162 to V2 0162 Map"/>
  <status value="active"/>
  <experimental value="true"/>
  <date value="2025-08-23"/>
  <publisher value="HL7 International / Orders and Observations"/>
  <contact>
    <name value="HL7 Orders and Observations Workgroup"/>
    <telecom>
      <system value="url"/>
      <value value="http://www.hl7.org/Special/committees/orders"/>
    </telecom>
  </contact>
  <description value="This ConceptMap represents a mapping from the HL7 V2 Table HL70162 to the FHIR V2 0162 Value Set."/>
  <jurisdiction>
    <coding>
      <system value="http://unstats.un.org/unsd/methods/m49/m49.htm"/>
      <code value="001"/>
    </coding>
  </jurisdiction>
  <copyright value="Copyright (c) 2025, HL7 International, Inc., All Rights Reserved."/>
  <sourceUri value="http://terminology.hl7.org/ValueSet/v2-0162"/>
  <group>
    <source value="http://terminology.hl7.org/CodeSystem/v2-0162"/>
    <target value="http://terminology.hl7.org/CodeSystem/v2-0162"/>
    <element>
      <code value="AP"/>
      <display value="Apply Externally"/>
      <target>
        <code value="AP"/>
        <display value="Apply Externally"/>
        <equivalence value="equivalent"/>
      </target>
    </element>
    <element>
      <code value="B"/>
      <display value="Buccal"/>
      <target>
        <code value="B"/>
        <display value="Buccal"/>
        <equivalence value="equivalent"/>
      </target>
    </element>
    <element>
      <code value="DT"/>
      <display value="Dental"/>
      <target>
        <code value="DT"/>
        <display value="Dental"/>
        <equivalence value="equivalent"/>
      </target>
    </element>
    <element>
      <code value="EP"/>
      <display value="Epidural"/>
      <target>
        <code value="EP"/>
        <display value="Epidural"/>
        <equivalence value="equivalent"/>
      </target>
    </element>
    <element>
      <code value="ET"/>
      <display value="Endotrachial Tube"/>
      <target>
        <code value="ET"/>
        <display value="Endotrachial Tube"/>
        <equivalence value="equivalent"/>
      </target>
    </element>
    <element>
      <code value="GTT"/>
      <display value="Gastrostomy Tube"/>
      <target>
        <code value="GTT"/>
        <display value="Gastrostomy Tube"/>
        <equivalence value="equivalent"/>
      </target>
    </element>
    <element>
      <code value="GU"/>
      <display value="GU Irrigant"/>
      <target>
        <code value="GU"/>
        <display value="GU Irrigant"/>
        <equivalence value="equivalent"/>
      </target>
    </element>
    <element>
      <code value="IMR"/>
      <display value="Immerse (Soak) Body Part"/>
      <target>
        <code value="IMR"/>
        <display value="Immerse (Soak) Body Part"/>
        <equivalence value="equivalent"/>
      </target>
    </element>
    <element>
      <code value="IA"/>
      <display value="Intra-arterial"/>
      <target>
        <code value="IA"/>
        <display value="Intra-arterial"/>
        <equivalence value="equivalent"/>
      </target>
    </element>
    <element>
      <code value="IB"/>
      <display value="Intrabursal"/>
      <target>
        <code value="IB"/>
        <display value="Intrabursal"/>
        <equivalence value="equivalent"/>
      </target>
    </element>
    <element>
      <code value="IC"/>
      <display value="Intracardiac"/>
      <target>
        <code value="IC"/>
        <display value="Intracardiac"/>
        <equivalence value="equivalent"/>
      </target>
    </element>
    <element>
      <code value="ICV"/>
      <display value="Intracervical (uterus)"/>
      <target>
        <code value="ICV"/>
        <display value="Intracervical (uterus)"/>
        <equivalence value="equivalent"/>
      </target>
    </element>
    <element>
      <code value="IH"/>
      <display value="Inhalation"/>
      <target>
        <code value="IH"/>
        <display value="Inhalation"/>
        <equivalence value="equivalent"/>
      </target>
    </element>
    <element>
      <code value="IHA"/>
      <display value="Intrahepatic Artery"/>
      <target>
        <code value="IHA"/>
        <display value="Intrahepatic Artery"/>
        <equivalence value="equivalent"/>
      </target>
    </element>
    <element>
      <code value="IN"/>
      <display value="Intranasal"/>
      <target>
        <code value="IN"/>
        <display value="Intranasal"/>
        <equivalence value="equivalent"/>
      </target>
    </element>
    <element>
      <code value="IO"/>
      <display value="Intraocular"/>
      <target>
        <code value="IO"/>
        <display value="Intraocular"/>
        <equivalence value="equivalent"/>
      </target>
    </element>
    <element>
      <code value="IP"/>
      <display value="Intraperitoneal"/>
      <target>
        <code value="IP"/>
        <display value="Intraperitoneal"/>
        <equivalence value="equivalent"/>
      </target>
    </element>
    <element>
      <code value="IS"/>
      <display value="Intrasynovial"/>
      <target>
        <code value="IS"/>
        <display value="Intrasynovial"/>
        <equivalence value="equivalent"/>
      </target>
    </element>
    <element>
      <code value="IT"/>
      <display value="Intrathecal"/>
      <target>
        <code value="IT"/>
        <display value="Intrathecal"/>
        <equivalence value="equivalent"/>
      </target>
    </element>
    <element>
      <code value="IU"/>
      <display value="Intrauterine"/>
      <target>
        <code value="IU"/>
        <display value="Intrauterine"/>
        <equivalence value="equivalent"/>
      </target>
    </element>
    <element>
      <code value="MTH"/>
      <display value="Mouth/Throat"/>
      <target>
        <code value="MTH"/>
        <display value="Mouth/Throat"/>
        <equivalence value="equivalent"/>
      </target>
    </element>
    <element>
      <code value="MM"/>
      <display value="Mucous Membrane"/>
      <target>
        <code value="MM"/>
        <display value="Mucous Membrane"/>
        <equivalence value="equivalent"/>
      </target>
    </element>
    <element>
      <code value="NS"/>
      <display value="Nasal"/>
      <target>
        <code value="NS"/>
        <display value="Nasal"/>
        <equivalence value="equivalent"/>
      </target>
    </element>
    <element>
      <code value="NG"/>
      <display value="Nasogastric"/>
      <target>
        <code value="NG"/>
        <display value="Nasogastric"/>
        <equivalence value="equivalent"/>
      </target>
    </element>
    <element>
      <code value="NP"/>
      <display value="Nasal Prongs"/>
      <target>
        <code value="NP"/>
        <display value="Nasal Prongs"/>
        <equivalence value="equivalent"/>
      </target>
    </element>
    <element>
      <code value="NT"/>
      <display value="Nasotrachial Tube"/>
      <target>
        <code value="NT"/>
        <display value="Nasotrachial Tube"/>
        <equivalence value="equivalent"/>
      </target>
    </element>
    <element>
      <code value="OP"/>
      <display value="Ophthalmic"/>
      <target>
        <code value="OP"/>
        <display value="Ophthalmic"/>
        <equivalence value="equivalent"/>
      </target>
    </element>
    <element>
      <code value="OT"/>
      <display value="Otic"/>
      <target>
        <code value="OT"/>
        <display value="Otic"/>
        <equivalence value="equivalent"/>
      </target>
    </element>
    <element>
      <code value="OTH"/>
      <display value="Other/Miscellaneous"/>
      <target>
        <code value="OTH"/>
        <display value="Other/Miscellaneous"/>
        <equivalence value="equivalent"/>
      </target>
    </element>
    <element>
      <code value="PF"/>
      <display value="Perfusion"/>
      <target>
        <code value="PF"/>
        <display value="Perfusion"/>
        <equivalence value="equivalent"/>
      </target>
    </element>
    <element>
      <code value="PR"/>
      <display value="Rectal"/>
      <target>
        <code value="PR"/>
        <display value="Rectal"/>
        <equivalence value="equivalent"/>
      </target>
    </element>
    <element>
      <code value="RM"/>
      <display value="Rebreather Mask"/>
      <target>
        <code value="RM"/>
        <display value="Rebreather Mask"/>
        <equivalence value="equivalent"/>
      </target>
    </element>
    <element>
      <code value="SD"/>
      <display value="Soaked Dressing"/>
      <target>
        <code value="SD"/>
        <display value="Soaked Dressing"/>
        <equivalence value="equivalent"/>
      </target>
    </element>
    <element>
      <code value="SL"/>
      <display value="Sublingual"/>
      <target>
        <code value="SL"/>
        <display value="Sublingual"/>
        <equivalence value="equivalent"/>
      </target>
    </element>
    <element>
      <code value="TP"/>
      <display value="Topical"/>
      <target>
        <code value="TP"/>
        <display value="Topical"/>
        <equivalence value="equivalent"/>
      </target>
    </element>
    <element>
      <code value="TRA"/>
      <display value="Tracheostomy"/>
      <target>
        <code value="TRA"/>
        <display value="Tracheostomy"/>
        <equivalence value="equivalent"/>
      </target>
    </element>
    <element>
      <code value="TL"/>
      <display value="Translingual"/>
      <target>
        <code value="TL"/>
        <display value="Translingual"/>
        <equivalence value="equivalent"/>
      </target>
    </element>
    <element>
      <code value="UR"/>
      <display value="Urethral"/>
      <target>
        <code value="UR"/>
        <display value="Urethral"/>
        <equivalence value="equivalent"/>
      </target>
    </element>
    <element>
      <code value="VG"/>
      <display value="Vaginal"/>
      <target>
        <code value="VG"/>
        <display value="Vaginal"/>
        <equivalence value="equivalent"/>
      </target>
    </element>
    <element>
      <code value="VM"/>
      <display value="Ventimask"/>
      <target>
        <code value="VM"/>
        <display value="Ventimask"/>
        <equivalence value="equivalent"/>
      </target>
    </element>
    <element>
      <code value="WND"/>
      <display value="Wound"/>
      <target>
        <code value="WND"/>
        <display value="Wound"/>
        <equivalence value="equivalent"/>
      </target>
    </element>
  </group>
  <group>
    <source value="http://terminology.hl7.org/CodeSystem/v2-0162"/>
    <target value="http://terminology.hl7.org/CodeSystem/v3-RouteOfAdministration"/>
    <element>
      <code value="ID"/>
      <display value="Intradermal"/>
      <target>
        <code value="IDINJ"/>
        <display value="Injection, intradermal"/>
        <equivalence value="equivalent"/>
      </target>
    </element>
    <element>
      <code value="IM"/>
      <display value="Intramuscular"/>
      <target>
        <code value="IM"/>
        <display value="Injection, intramuscular"/>
        <equivalence value="equivalent"/>
      </target>
    </element>
    <element>
      <code value="IV"/>
      <display value="Intravenous"/>
      <target>
        <code value="IVINJ"/>
        <display value="Injection, intravenous"/>
        <equivalence value="equivalent"/>
      </target>
    </element>
    <element>
      <code value="PO"/>
      <display value="Oral"/>
      <target>
        <code value="PO"/>
        <display value="Swallow, oral"/>
        <equivalence value="equivalent"/>
      </target>
    </element>
    <element>
      <code value="SC"/>
      <display value="Subcutaneous"/>
      <target>
        <code value="SQ"/>
        <display value="Injection, subcutaneous"/>
        <equivalence value="equivalent"/>
      </target>
    </element>
    <element>
      <code value="TD"/>
      <display value="Transdermal"/>
      <target>
        <code value="TRNSDERM"/>
        <display value="Transdermal"/>
        <equivalence value="equivalent"/>
      </target>
    </element>
  </group>
</ConceptMap>