{
  "resourceType" : "ConceptMap",
  "id" : "table-hl70136-to-specimen-status",
  "text" : {
    "status" : "generated",
    "div" : "<div xmlns=\"http://www.w3.org/1999/xhtml\"><p class=\"res-header-id\"><b>Generated Narrative: ConceptMap table-hl70136-to-specimen-status</b></p><a name=\"table-hl70136-to-specimen-status\"> </a><a name=\"hctable-hl70136-to-specimen-status\"> </a><p>Mapping from <a href=\"http://terminology.hl7.org/6.5.0/ValueSet-v2-0136.html\">hl7VS-yes-no-Indicator</a> to <a href=\"http://hl7.org/fhir/R4/valueset-specimen-status.html\">SpecimenStatus</a></p><br/><p><b>Group 1 </b>Mapping from <a href=\"http://terminology.hl7.org/6.5.0/CodeSystem-v2-0532.html\">expandedYes-NoIndicator</a> to <a href=\"http://hl7.org/fhir/R4/codesystem-specimen-status.html\">SpecimenStatus</a></p><table class=\"grid\"><tr><td><b>Source Code</b></td><td><b>Relationship</b></td><td><b>Target Code</b></td></tr><tr><td>Y (Yes)</td><td><a href=\"http://hl7.org/fhir/R5/codesystem-concept-map-relationship.html#equivalent\" title=\"equivalent\">is equivalent to</a></td><td>available</td></tr><tr><td>N (No)</td><td><a href=\"http://hl7.org/fhir/R5/codesystem-concept-map-relationship.html#equivalent\" title=\"equivalent\">is equivalent to</a></td><td>unavailable</td></tr></table></div>"
  },
  "extension" : [{
    "extension" : [{
      "url" : "type",
      "valueCode" : "derived-from"
    },
    {
      "url" : "label",
      "valueString" : "Table HL70136 to Specimen Status.fsh"
    },
    {
      "url" : "url",
      "valueUri" : "https://docs.google.com/spreadsheets/d/1A0BO7VVM63LqFDBt0sD_4jqI_tZJcFsng3O-fcCnHz8/edit?gid=0#gid=0"
    }],
    "url" : "http://hl7.org/fhir/uv/v2mappings/StructureDefinition/RelatedArtifact"
  },
  {
    "url" : "http://hl7.org/fhir/StructureDefinition/structuredefinition-wg",
    "valueCode" : "oo"
  },
  {
    "url" : "http://hl7.org/fhir/StructureDefinition/structuredefinition-standards-status",
    "valueCode" : "informative",
    "_valueCode" : {
      "extension" : [{
        "url" : "http://hl7.org/fhir/StructureDefinition/structuredefinition-conformance-derivedFrom",
        "valueCanonical" : "http://hl7.org/fhir/uv/v2mappings/ImplementationGuide/hl7.fhir.uv.v2mappings"
      }]
    }
  }],
  "url" : "http://hl7.org/fhir/uv/v2mappings/ConceptMap/table-hl70136-to-specimen-status",
  "version" : "1.0.0",
  "name" : "TableHL70136ToSpecimenStatus",
  "title" : "Table HL70136 to Specimen Status Map",
  "status" : "active",
  "experimental" : true,
  "date" : "2025-08-23",
  "publisher" : "HL7 International / Orders and Observations",
  "contact" : [{
    "name" : "HL7 Orders and Observations Workgroup",
    "telecom" : [{
      "system" : "url",
      "value" : "http://www.hl7.org/Special/committees/orders"
    }]
  }],
  "description" : "This ConceptMap represents a mapping from the HL7 V2 Table HL70136 to the FHIR Specimen Status Value Set.",
  "jurisdiction" : [{
    "coding" : [{
      "system" : "http://unstats.un.org/unsd/methods/m49/m49.htm",
      "code" : "001"
    }]
  }],
  "copyright" : "Copyright (c) 2025, HL7 International, Inc., All Rights Reserved.",
  "sourceUri" : "http://terminology.hl7.org/ValueSet/v2-0136",
  "targetUri" : "http://hl7.org/fhir/ValueSet/specimen-status",
  "group" : [{
    "source" : "http://terminology.hl7.org/CodeSystem/v2-0532",
    "target" : "http://hl7.org/fhir/specimen-status",
    "element" : [{
      "code" : "Y",
      "display" : "Yes",
      "target" : [{
        "code" : "available",
        "display" : "Available",
        "equivalence" : "equivalent"
      }]
    },
    {
      "code" : "N",
      "display" : "No",
      "target" : [{
        "code" : "unavailable",
        "display" : "Unavailable",
        "equivalence" : "equivalent"
      }]
    }]
  }]
}